prop1;prop2;prop3;allprop
2.3416665;80.72228;-0.2470387;[ 2.2848473  82.88147    -0.23211281]
2.664971;81.19714;-0.24177586;[ 2.3190486 83.25858   -0.2316469]
2.3702347;74.34144;-0.24615778;[ 2.4180832  76.199066   -0.23469223]
1.859561;79.800606;-0.24370348;[ 2.2008364 81.472755  -0.2326182]
1.8306326;79.892395;-0.24525236;[ 2.1945481 81.801994  -0.2324028]
2.2388797;77.045395;-0.23358029;[ 2.3542895  78.54891    -0.23392586]
2.1096978;72.931595;-0.24058767;[ 2.2976367  74.66432    -0.23541188]
1.8572023;83.88675;-0.23112945;[ 2.2641883  85.725395   -0.23100142]
1.6965946;79.855225;-0.24192749;[ 2.2917268  81.83059    -0.23215882]
1.3952994;86.2692;-0.25350714;[ 2.0975554  88.38421    -0.22971639]
2.3920481;76.4581;-0.232898;[ 2.3544142  78.229385   -0.23413487]
1.4775465;86.17854;-0.25351343;[ 2.1033943  88.63481    -0.22966126]
1.0173429;90.47259;-0.22278188;[ 2.1538866  93.2336     -0.22796658]
1.6028216;83.642784;-0.22323832;[ 2.2620275 86.05724   -0.2309841]
1.9256799;83.27977;-0.23061019;[ 2.2649844  85.40425    -0.23120293]
1.7084732;79.11521;-0.24356386;[ 2.273592   81.28608    -0.23276678]
2.1116323;76.82112;-0.22504845;[ 2.351458  78.88277   -0.2339158]
1.1752067;84.10046;-0.22227225;[ 2.292664  86.417305  -0.2305921]
1.7841766;79.27816;-0.24410953;[ 2.2598665  80.92029    -0.23298785]
2.0118506;72.461235;-0.24529675;[ 2.3569145  74.128      -0.23577422]
1.260381;86.10387;-0.24315858;[ 2.1669185  88.28326    -0.22991355]
1.2420465;86.34082;-0.25627244;[ 2.1193209  88.6587     -0.22976983]
1.6287632;79.28255;-0.24344075;[ 2.267022   81.28454    -0.23286341]
1.5877287;88.49876;-0.24328065;[ 1.9326925  93.544334   -0.22891714]
3.0391555;73.87413;-0.24284951;[ 2.423533  75.385315  -0.2352538]
3.6917877;78.060684;-0.24059546;[ 2.470959   79.58662    -0.23379543]
2.2442045;73.70865;-0.2550276;[ 2.4702713  75.179665   -0.23532721]
3.6270704;75.386055;-0.23608343;[ 2.647037   76.36044    -0.23544115]
3.426874;84.758255;-0.24005197;[ 2.4046574  86.30993    -0.23113255]
3.7108746;82.1779;-0.23427887;[ 2.5520132  83.81303    -0.23230949]
6.627607;77.557144;-0.23825599;[ 2.4909625  79.31858    -0.23392141]
23.144207;78.53487;-0.23178494;[ 2.596067   78.99351    -0.23424031]
2.8929472;81.153305;-0.23861901;[ 2.36295    82.976364   -0.23190603]
1.8714451;83.037636;-0.25360918;[ 2.133435   85.66529    -0.23068325]
1.352459;86.30871;-0.25612476;[ 2.1017427  88.39422    -0.22997592]
1.7940207;83.28204;-0.22578534;[ 2.2500525  85.50283    -0.23143134]
1.7864164;79.10364;-0.24313807;[ 2.262653   81.30274    -0.23282954]
1.834933;79.482864;-0.25007156;[ 2.2050433  81.520355   -0.23273596]
1.2363149;85.89928;-0.24216735;[ 2.172755   88.56017    -0.22981358]
1.247003;86.30062;-0.25567997;[ 2.1161637  88.70345    -0.22978991]
1.7847934;79.21022;-0.24204901;[ 2.2677023  81.32873    -0.23283881]
0.6770477;86.76337;-0.24076621;[ 2.1451015  89.08274    -0.22941242]
1.58793;79.67749;-0.2399522;[ 2.296837   81.69797    -0.23246326]
2.3605406;79.420586;-0.2418708;[ 2.408296   81.8517     -0.23218341]
3.9321575;74.21667;-0.2643538;[ 2.5917664  75.86678    -0.23517376]
1.9372911;79.36348;-0.24831776;[ 2.37936    81.42323    -0.23233879]
0.5260956;93.01257;-0.25688082;[ 2.1803455  95.74286    -0.22644556]
4.0096717;87.73779;-0.27889863;[ 2.343825  90.14281   -0.2294149]
1.0060196;86.18408;-0.2448454;[ 2.3483486  88.71941    -0.22912735]
0.8479655;86.64436;-0.24256125;[ 2.3187768  89.00803    -0.22899748]
4.099152;81.36958;-0.25934514;[ 2.4820366  83.40333    -0.23197237]
3.778467;71.65414;-0.24302569;[ 2.5571918  72.84319    -0.23666455]
3.938021;67.56876;-0.26492718;[ 2.5299425  68.41868    -0.23818249]
2.7274184;80.402084;-0.24743721;[ 2.177276   83.24044    -0.23345959]
2.45035;80.10562;-0.2477797;[ 2.2604685  84.590355   -0.23249193]
2.6524777;71.763596;-0.24692354;[ 2.5715945  72.98406    -0.23646784]
2.514365;78.57866;-0.24432994;[ 2.4765933  80.42219    -0.23335448]
3.0257971;75.729706;-0.24396577;[ 2.6579442  76.909386   -0.23525634]
2.7862444;68.77219;-0.24748059;[ 2.7693748  69.51104    -0.23829153]
2.759254;69.146835;-0.24701211;[ 2.7896976  70.166145   -0.23770729]
2.4303029;74.44745;-0.24787869;[ 2.4158554  76.402596   -0.23445666]
2.797165;77.44357;-0.24336886;[ 2.3657947  78.918686   -0.23393661]
2.5770211;84.26287;-0.24289179;[ 2.2708836  86.32804    -0.23083898]
2.311407;77.137314;-0.24361941;[ 2.4271686  78.78655    -0.23398338]
1.9623313;70.30985;-0.24860972;[ 2.5242596  71.74506    -0.23695908]
2.3674393;74.82752;-0.23736534;[ 2.5626736 76.245995  -0.2350368]
3.6690369;77.49921;-0.27515614;[ 2.6742823  78.83881    -0.23386207]
4.595696;72.16955;-0.3003773;[ 2.8392017  73.348656   -0.23677686]
3.5592208;84.31885;-0.27805826;[ 2.5753605  86.36321    -0.23073836]
4.7712283;78.98918;-0.30319837;[ 2.7403212  80.88433    -0.23364711]
3.4560397;81.58132;-0.25567967;[ 2.7654939  83.1208     -0.23221962]
4.472869;76.97082;-0.26419526;[ 2.903622   78.22034    -0.23469174]
3.4112167;77.86159;-0.26683402;[ 2.7341192  79.32584    -0.23321804]
4.5556097;72.53217;-0.28779227;[ 2.8966722 73.81231   -0.2361421]
3.5108557;74.77271;-0.25797614;[ 2.8636923  75.61086    -0.23534688]
4.3648863;69.43918;-0.27636054;[ 3.0266352  70.10732    -0.23826942]
4.6424446;73.852806;-0.2558972;[ 3.10837    74.118965   -0.23699683]
3.6522715;75.05785;-0.2521535;[ 2.8895788  75.294914   -0.23554821]
1.9498568;76.1779;-0.25215325;[ 2.6363583 77.33912   -0.233539 ]
3.5857792;70.64052;-0.27490404;[ 2.8003714  71.626396   -0.23659101]
2.168446;77.74123;-0.25009304;[ 2.5746458  79.369026   -0.23308304]
0.9433845;89.62364;-0.24014127;[ 2.023694  94.756935  -0.2278175]
1.5320691;89.12478;-0.24255887;[ 2.005845   94.24164    -0.22822692]
6.0374637;70.92123;-0.23809706;[ 2.5867686  71.900444   -0.23717071]
3.3542619;78.17377;-0.24056262;[ 2.5393226  79.60082    -0.23363878]
3.167245;77.79225;-0.24234678;[ 2.5128596  79.10272    -0.23412803]
3.1697807;70.956535;-0.24333474;[ 2.6027617  71.901375   -0.23708361]
4.949348;71.328865;-0.23694128;[ 2.5612009 72.84195   -0.2364142]
3.2911117;71.36396;-0.2423475;[ 2.6301944  72.34231    -0.23663925]
2.1463664;76.25379;-0.24742635;[ 2.2155757 78.29943   -0.2335712]
0.3090098;96.72032;-0.26461965;[  1.920986  100.0378     -0.2246286]
1.2358034;89.92029;-0.2558212;[ 2.0327003 92.67104   -0.2277306]
1.7918395;83.05352;-0.2509982;[ 2.1295345  85.67686    -0.23066536]
2.17127;76.220276;-0.24726668;[ 2.22068   78.50563   -0.2335756]
2.1246965;76.63523;-0.24466178;[ 2.2520156  78.79523    -0.23323289]
1.9926783;79.61861;-0.2504367;[ 2.200493   81.324135   -0.23269849]
2.1380384;76.6259;-0.22808526;[ 2.3358288  78.455605   -0.23413503]
1.5989655;86.12292;-0.24340607;[ 2.1667852  88.52975    -0.22972754]
0.7445487;86.79947;-0.24103479;[ 2.151605   89.09197    -0.22927526]
1.6458789;79.69466;-0.24179043;[ 2.3010194  81.6814     -0.23238084]
1.7803799;79.60232;-0.2473032;[ 2.2117558  81.5503     -0.23260777]
2.2055624;76.627335;-0.2310784;[ 2.3682501  78.29084    -0.23421723]
1.6151581;79.9884;-0.24116789;[ 2.2418368  81.85875    -0.23225003]
2.1044035;77.02218;-0.2311281;[ 2.3992355  78.60879    -0.23384634]
2.3205047;69.79409;-0.23347458;[ 2.4610937 71.13348   -0.2370876]
2.0044396;79.511246;-0.25072446;[ 2.3680544 81.0936    -0.2324138]
0.9138585;86.74502;-0.24416544;[ 2.320624   88.98538    -0.22888722]
1.5147525;86.3363;-0.25369835;[ 2.2733586  88.43683    -0.22938351]
1.3149714;86.36603;-0.25196338;[ 2.290904   88.601105   -0.22928855]
3.9366832;81.02513;-0.27591106;[ 2.4520123  83.05143    -0.23223546]
2.8105793;74.12264;-0.2467436;[ 2.3761153 75.57084   -0.2352052]
3.5351906;71.74099;-0.24445432;[ 2.536326   72.72106    -0.23664242]
3.7722733;85.34188;-0.24096258;[ 2.3474612  87.538055   -0.23044503]
4.0626736;80.96812;-0.26736665;[ 2.34156   82.90296   -0.2321146]
2.8118925;80.947586;-0.24457666;[ 2.2820241  82.927315   -0.23215513]
3.6740599;78.541435;-0.24227165;[ 2.4424803  80.07918    -0.23357528]
2.7497027;80.97468;-0.24411927;[ 2.2946393  83.087364   -0.23207398]
2.737039;74.141594;-0.24622475;[ 2.3841658  75.878395   -0.23504096]
2.7777128;74.55286;-0.24434067;[ 2.4163015 76.18899   -0.2346898]
2.743865;67.3085;-0.24872017;[ 2.4757736 68.7133    -0.2379392]
3.9425437;74.087814;-0.24717887;[ 2.936235   74.35821    -0.23674493]
3.7232542;74.63254;-0.25402588;[ 2.9091964  75.153435   -0.23607805]
4.3641267;69.68254;-0.263357;[ 2.9364347  69.68993    -0.23836657]
2.570416;84.61705;-0.24587356;[ 2.4157908 86.711296  -0.2304456]
3.6032019;77.025024;-0.28051573;[ 2.7285388  78.68444    -0.23419833]
2.7098184;77.6068;-0.24756107;[ 2.5506387  79.11602    -0.23334953]
2.3459466;71.95663;-0.2493913;[ 2.541597   73.19619    -0.23642167]
2.8710895;69.555855;-0.24943392;[ 2.6958346  70.38343    -0.23785466]
3.0243745;70.109985;-0.2569893;[ 2.6542478 71.4774    -0.2370818]
3.1541243;65.23122;-0.26452717;[ 2.681255   66.045425   -0.23934616]
2.461749;78.775734;-0.24673444;[ 2.447223   80.62726    -0.23330301]
0.9085566;86.00545;-0.24056461;[ 2.2538967  87.579796   -0.22957897]
2.4078796;79.239;-0.2333308;[ 2.7087097  81.15502    -0.23269169]
0.9973186;82.56337;-0.24325272;[ 2.5262172 83.420265  -0.231077 ]
2.4644113;77.0812;-0.2414792;[ 2.5320377  77.693794   -0.23399416]
2.6645374;74.14154;-0.23292245;[ 2.7626605  75.45313    -0.23547782]
1.1294096;82.27291;-0.23761106;[ 2.354549   83.55542    -0.23152724]
2.1366146;72.187416;-0.22745168;[ 2.704772   73.48025    -0.23637444]
2.4947333;72.1279;-0.23155843;[ 2.7104666  73.35429    -0.23648892]
1.0526056;84.873856;-0.23925196;[ 2.2009985 88.72723   -0.2305673]
2.8000734;73.55507;-0.23365493;[ 2.7696195  75.10546    -0.23587854]
3.1244469;74.17015;-0.23896687;[ 2.760404   73.907646   -0.23611234]
2.2953887;73.91376;-0.22972177;[ 2.8149774  75.08588    -0.23580614]
4.5971394;66.66093;-0.2393303;[ 2.9011114  67.89383    -0.23882334]
1.6576159;92.9912;-0.24236204;[  2.9878213 187.1023     -0.1927134]
27.111147;75.443924;-0.22981131;[ 2.8080487  73.18488    -0.23569539]
3.8843513;79.34975;-0.24528947;[ 2.3634183  77.97106    -0.23727743]
3.7996378;79.0733;-0.24456927;[ 2.349775  75.23055   -0.2383642]
5.078911;71.99952;-0.24968617;[ 2.403339   69.2212     -0.24041773]
1.9647596;82.324196;-0.24561056;[ 2.0513918  87.08224    -0.23142374]
0.53503907;92.62397;-0.24328957;[ 1.864306   94.33282    -0.22882327]
1.9341398;78.618935;-0.24491382;[ 2.2022493  82.96293    -0.23336828]
1.5886986;83.630066;-0.23122449;[ 2.2091057  87.44839    -0.23148367]
1.7071936;79.480865;-0.24359459;[ 2.2233708  83.37061    -0.23301211]
2.0877976;71.929665;-0.24732503;[ 2.2938402  75.705246   -0.23641141]
0.7231592;92.13457;-0.24487236;[ 1.9962991  87.49915    -0.23362905]
2.0297189;78.46818;-0.24888974;[ 2.20206    76.465096   -0.23787813]
3.9503248;73.16293;-0.26725626;[ 2.366707   71.6357     -0.23846878]
2.5793672;80.06965;-0.24745314;[ 2.1246903  79.64695    -0.23498254]
2.6901784;73.11211;-0.24953318;[ 2.2605135  75.40189    -0.23668416]
3.3973246;81.11516;-0.24638437;[ 2.1271408  77.823395   -0.23588964]
3.3825607;74.2794;-0.25228605;[ 2.2374847  72.24382    -0.23826888]
2.4664683;73.59828;-0.23513876;[ 2.7549012  75.192726   -0.23551288]
1.8167448;76.53407;-0.2358046;[ 2.6596985 77.73147   -0.2348672]
2.200949;78.73862;-0.2271593;[ 2.8015537  80.079735   -0.23376022]
2.657939;66.897224;-0.23805895;[ 2.84079    68.11338    -0.23838988]
2.5280461;73.55988;-0.2443028;[ 2.4107082  75.01729    -0.23547772]
2.9368687;73.48587;-0.24260776;[ 2.4201932  74.90703    -0.23553182]
2.40555;80.26121;-0.24216653;[ 2.3253021  82.08753    -0.23260757]
3.0819798;78.63013;-0.23536369;[ 2.4846823  80.23727    -0.23366964]
2.7284427;85.31941;-0.23303063;[ 2.3669162 87.141975  -0.2307502]
3.4636621;78.405716;-0.23574093;[ 2.4748135  80.11801    -0.23367009]
2.6840816;74.07179;-0.24372354;[ 2.4636402  75.4038     -0.23518026]
2.5198247;83.53034;-0.23612748;[ 2.3180625  85.23221    -0.23149021]
2.4729388;76.69116;-0.2401879;[ 2.4175608  78.15815    -0.23451866]
2.1450734;69.61677;-0.2447345;[ 2.562845   70.77183    -0.23763616]
2.9644747;81.731865;-0.23174378;[ 2.4591203  83.222725   -0.23266503]
3.0593672;74.689674;-0.23443452;[ 2.6061764  75.87999    -0.23575026]
2.129891;70.33185;-0.24303448;[ 2.5964196  71.12759    -0.23727545]
2.9009364;74.66413;-0.23855823;[ 2.590801   76.09405    -0.23553364]
4.185158;71.41607;-0.26110968;[ 2.7396219 72.225975  -0.2371221]
2.2415376;76.57634;-0.24741922;[ 2.5863428  78.05099    -0.23409921]
3.8843694;71.28522;-0.26468575;[ 2.7496076  72.42077    -0.23710403]
2.4258332;69.69957;-0.2616253;[ 2.7029233  70.18342    -0.23791271]
3.7145448;80.59094;-0.24086194;[ 2.6081042  82.67789    -0.23252673]
3.1413658;79.9427;-0.23920844;[ 2.6319509  81.53225    -0.23315243]
2.6911674;71.28115;-0.24744828;[ 2.5885074  72.50167    -0.23694724]
3.3727772;73.09201;-0.24455516;[ 2.7338197  74.41497    -0.23618498]
3.7115908;74.4646;-0.24288319;[ 2.7489007 75.8042    -0.2352324]
3.135153;73.84791;-0.24149121;[ 2.7670114 74.777054  -0.2358169]
2.4531755;62.963783;-0.26882696;[ 2.7965784  63.29472    -0.24073562]
3.771389;77.39253;-0.27595973;[ 2.6762762  79.00007    -0.23385164]
1.0638525;83.64165;-0.24709637;[ 2.5234766  85.133026   -0.23056105]
3.851071;78.05944;-0.2654261;[ 2.7179615 79.22799   -0.2335312]
3.8951616;74.86388;-0.25264424;[ 2.845845   75.48664    -0.23559596]
3.723342;70.6881;-0.27511176;[ 2.768851  71.84853   -0.2367099]
1.9918344;79.78756;-0.2489689;[ 2.3510072  81.56068    -0.23218991]
1.4928986;86.69678;-0.25081456;[ 2.2468424  88.761696   -0.22919026]
1.9270076;79.70794;-0.24811395;[ 2.379897 81.420944 -0.231986]
3.7935486;74.18759;-0.27541664;[ 2.5446575  75.60371    -0.23511568]
3.7238204;67.266914;-0.2725937;[ 2.64033  68.63657  -0.237991]
3.8693542;87.795105;-0.28038383;[ 2.324758  90.22546   -0.2292232]
3.820796;80.86593;-0.27710843;[ 2.4340196  82.803894   -0.23241097]
3.6904027;78.780205;-0.25059688;[ 2.6561935 79.90421   -0.2335853]
1.526559;80.05496;-0.24513108;[ 2.431168   81.65066    -0.23180495]
3.7331185;74.52557;-0.263763;[ 2.5941818  75.85328    -0.23493259]
2.6516747;80.93785;-0.24488482;[ 2.274348   82.764694   -0.23206037]
2.353528;74.06355;-0.24951066;[ 2.3787777  75.73874    -0.23496795]
2.4909842;81.32979;-0.24377593;[ 2.32635    82.95374    -0.23189071]
1.9001061;83.096664;-0.25411272;[ 2.1222274  85.4143     -0.23073001]
1.5152311;83.469376;-0.2435225;[ 2.1702898  85.675      -0.23055907]
1.4215147;89.8591;-0.25980625;[ 2.017362   92.38361    -0.22786096]
1.2907729;89.83528;-0.25900134;[ 2.031709   92.63       -0.22775343]
1.8719133;83.01361;-0.25348228;[ 2.1209319  85.440445   -0.23069984]
2.0374696;82.91663;-0.25411078;[ 2.1184878  85.14004    -0.23095472]
1.6448052;83.36526;-0.24306864;[ 2.1595247  85.80982    -0.23046145]
2.0948117;76.64683;-0.24443203;[ 2.2485273  78.72858    -0.23331183]
1.090102;83.95617;-0.24128748;[ 2.2034223 85.99551   -0.2301873]
2.4109392;74.9225;-0.24625033;[ 2.198996   79.55652    -0.23439635]
0.8483681;89.277565;-0.24088188;[ 2.0014536  93.979454   -0.22845982]
1.7414786;82.32086;-0.24205069;[ 2.1528602  86.8538     -0.23126438]
3.5518804;70.86796;-0.24181175;[ 2.5974922  71.69683    -0.23720929]
2.797574;80.487976;-0.2409642;[ 2.31894    82.234535   -0.23238195]
3.2042425;77.567856;-0.24328007;[ 2.50828    78.823326   -0.23437506]
3.797627;85.26436;-0.23405816;[ 2.3727133  87.44106    -0.23048075]
6.4502416;77.176926;-0.23671009;[ 2.4996989  78.85215    -0.23419568]
3.3181882;70.70088;-0.24413571;[ 2.6004796  71.76342    -0.23740645]
5.724041;78.02845;-0.22746953;[ 2.458895   79.935844   -0.23360449]
4.8886976;71.01503;-0.23947537;[ 2.6403012  71.832466   -0.23705103]
3.275672;71.36073;-0.24167085;[ 2.646183   71.92747    -0.23714611]
1.9479109;82.86943;-0.25456333;[ 2.1134744  85.31405    -0.23078366]
2.2431114;75.955734;-0.25027552;[ 2.2103555  78.24729    -0.23377223]
2.0164526;82.91228;-0.2555108;[ 2.1195233  85.28721    -0.23080671]
1.4055485;89.63315;-0.26044118;[ 2.0285587  92.5412     -0.22778247]
2.0976732;82.75244;-0.2548874;[ 2.1282759  85.35731    -0.23085354]
1.9731675;82.65923;-0.25400156;[ 2.1187038  85.29227    -0.23100777]
1.8941658;79.36908;-0.25167426;[ 2.2002995  81.36439    -0.23275363]
1.7273666;83.21626;-0.22529489;[ 2.2467463  85.58922    -0.23120531]
0.2328943;92.94176;-0.26207584;[ 2.0111723  95.66823    -0.22679515]
1.5566299;85.80356;-0.24266285;[ 2.1647253  88.21148    -0.22990827]
1.8493851;78.90367;-0.24384686;[ 2.2580078  81.1058     -0.23300187]
1.9181571;79.13396;-0.25088388;[ 2.2046344 81.36013   -0.2329638]
2.357246;76.17359;-0.23196836;[ 2.3613865  78.13615    -0.23454775]
1.6303873;79.54945;-0.24072915;[ 2.3076143  81.234505   -0.23270714]
1.4687276;86.039825;-0.25416902;[ 2.2721653  88.31235    -0.22943643]
4.0002384;87.48232;-0.2807297;[ 2.342792   90.02974    -0.22933486]
3.9645488;73.7312;-0.27436852;[ 2.541181   75.70077    -0.23548028]
0.8775097;86.515305;-0.24457917;[ 2.3253865  88.57879    -0.22921257]
3.921206;74.38603;-0.26323348;[ 2.5869203  75.88237    -0.23520333]
3.9943953;67.027695;-0.27239203;[ 2.6320512  68.65491    -0.23825774]
4.094959;74.260895;-0.26598385;[ 2.4325502  75.3984     -0.23529539]
2.6743548;78.73143;-0.22715655;[ 2.4259102  80.37124    -0.23338333]
2.629943;80.56339;-0.2447;[ 2.2874436  82.7808     -0.23233242]
3.6726599;78.28595;-0.24054489;[ 2.457005   79.912735   -0.23373711]
2.8351214;81.20003;-0.24267474;[ 2.331323   82.99842    -0.23202257]
2.794345;66.99653;-0.24933815;[ 2.4706767  68.67864    -0.23813319]
2.64622;84.08044;-0.24692759;[ 2.4343295  86.2559     -0.23040733]
2.5760064;77.22615;-0.2491675;[ 2.5407436  78.98557    -0.23351409]
3.5296817;71.68739;-0.26636344;[ 2.7057223  73.28054    -0.23652886]
2.5904393;77.89363;-0.24706167;[ 2.5825078  79.19341    -0.23323035]
3.454254;64.98377;-0.26918417;[ 2.7948914  66.168724   -0.23939931]
2.7829244;71.69006;-0.24983223;[ 2.539339   73.109184   -0.23632552]
4.0202317;80.99541;-0.24028781;[ 2.5661447  82.63969    -0.23248298]
2.8187003;71.55565;-0.24939516;[ 2.5461235  73.214455   -0.23638585]
3.9912086;74.11806;-0.27641636;[ 2.5298407  75.57279    -0.23527192]
1.479696;86.38533;-0.25429076;[ 2.270426   88.537636   -0.22924978]
2.0021212;79.51884;-0.25064084;[ 2.3729937  81.45369    -0.23217575]
3.6625872;85.475494;-0.23573394;[ 2.4923458 87.718254  -0.2303934]
0.5252899;93.10621;-0.2586364;[ 2.1776304  95.83178    -0.22620289]
3.9546556;80.83893;-0.27871352;[ 2.4378328  82.85023    -0.23223774]
1.5061302;86.224266;-0.25359225;[ 2.2835484  88.57154    -0.22930272]
3.6556952;78.52495;-0.24292342;[ 2.6076374  80.31277    -0.23347643]
1.6975703;79.74069;-0.24661943;[ 2.4349859  81.585625   -0.23196612]
3.7906942;83.17282;-0.22700876;[ 2.6721454  84.25837    -0.23222123]
2.1111112;73.041336;-0.24898088;[ 2.523775   74.501015   -0.23481847]
3.6657424;74.43195;-0.26634088;[ 2.5819237  75.79865    -0.23500493]
4.00792;71.407745;-0.25108114;[ 2.7173529  72.05416    -0.23709314]
2.548511;81.25801;-0.24116534;[ 2.3349035  83.038925   -0.23188683]
2.664662;73.92329;-0.24548166;[ 2.380378  75.715164  -0.2350609]
2.5445197;74.25102;-0.24635516;[ 2.42476    76.00102    -0.23493768]
1.9743516;83.09703;-0.25635442;[ 2.1167517  85.289085   -0.23079114]
1.5899559;83.36148;-0.24381469;[ 2.1658785  85.51699    -0.23060864]
0.75362384;90.338234;-0.24404809;[ 2.0768266 92.77645   -0.2276018]
2.2913275;76.254;-0.25125536;[ 2.214434   78.23185    -0.23374757]
2.1483226;76.51392;-0.24486193;[ 2.2595217  78.48426    -0.23359449]
2.1879914;76.84357;-0.24341357;[ 2.257178   78.38224    -0.23353812]
2.441482;69.50643;-0.24944115;[ 2.3036578 71.108116  -0.2366447]
2.048942;79.70932;-0.24758404;[ 2.1927457  81.514084   -0.23255163]
1.813184;84.03412;-0.22423922;[ 2.2419858  86.14458    -0.23079929]
1.8435932;79.30885;-0.24264598;[ 2.2593658 81.319016  -0.232557 ]
1.8200364;79.68809;-0.24418278;[ 2.2013104  81.461205   -0.23253322]
2.0593736;72.397675;-0.24506561;[ 2.3524573  74.38744    -0.23543069]
0.27798212;93.373886;-0.25784126;[ 1.9996562  96.01089    -0.22643669]
1.0547357;90.77229;-0.2228021;[ 2.1501777  93.39756    -0.22779128]
1.4897156;86.04746;-0.24203624;[ 2.169323   88.53191    -0.22957654]
1.7579685;83.84017;-0.22393265;[ 2.2521353  86.099106   -0.23093398]
2.0237255;83.403694;-0.23250829;[ 2.254389   85.58137    -0.23104768]
2.1691816;72.60034;-0.24115373;[ 2.3009415  74.49312    -0.23563524]
1.2075748;84.42064;-0.22302176;[ 2.2946703  86.31898    -0.23064616]
1.8840575;79.754196;-0.25020155;[ 2.1989114 81.629845  -0.2326482]
2.0622566;72.66344;-0.2436567;[ 2.3445506  74.423      -0.23554367]
1.729064;86.22746;-0.24522609;[ 2.1638894 88.237076  -0.2298246]
1.2394352;86.515366;-0.25213104;[ 2.1141078  88.74199    -0.22972636]
2.118829;72.87227;-0.24458812;[ 2.2995825  74.570366   -0.23557574]
2.1084442;65.81268;-0.24625933;[ 2.4495215  67.0836     -0.23853388]
2.0361586;72.69755;-0.24457687;[ 2.3477325  74.22942    -0.23547326]
0.23725486;93.58202;-0.25901914;[ 1.9975507  96.423874   -0.22641268]
1.421165;86.75263;-0.25399166;[ 2.0942323  89.016335   -0.22948797]
1.8891381;79.43616;-0.24272498;[ 2.2577095  81.42958    -0.23250473]
1.4116273;86.63774;-0.25337836;[ 2.100397   89.14252    -0.22953579]
2.0153887;79.79315;-0.24775296;[ 2.1940749  81.83521    -0.23253617]
2.1615353;76.8608;-0.23560496;[ 2.3596084  78.40945    -0.23413566]
0.79701704;87.173874;-0.24004649;[ 2.1422446  89.3451     -0.22926646]
1.8988588;79.919304;-0.24838425;[ 2.1922057  82.02922    -0.23238987]
1.6999425;79.87552;-0.24169114;[ 2.3063626  81.664215   -0.23237255]
1.6983372;80.33455;-0.23947498;[ 2.2374444 81.99046   -0.2322991]
1.9396429;73.05235;-0.2434978;[ 2.3973203  74.51077    -0.23527057]
1.6993766;80.281235;-0.23983191;[ 2.2383335  81.99015    -0.23215075]
2.1761723;73.07473;-0.2451832;[ 2.2861867 74.73376   -0.2353762]
3.8939018;77.969826;-0.27239564;[ 2.4879274 79.9765    -0.2337092]
3.6444275;75.08652;-0.25300252;[ 2.6671596  76.39164    -0.23516415]
3.906063;84.70508;-0.2754159;[ 2.39365    87.283195   -0.23066801]
1.4350321;87.51171;-0.23385921;[ 2.4058075  89.52026    -0.22908536]
3.6401618;81.82491;-0.25105092;[ 2.5745137  83.65145    -0.23215836]
3.7821677;78.986435;-0.24084146;[ 2.7581506  80.14628    -0.23399024]
1.9753574;80.55871;-0.23683797;[ 2.511638   82.180275   -0.23222587]
3.692391;74.89573;-0.2533924;[ 2.679309   76.327      -0.23528887]
3.5266712;70.4483;-0.2672619;[ 2.677418  72.08751   -0.2367474]
3.8420515;79.756775;-0.23551778;[ 2.735468   81.15139    -0.23330304]
3.778768;75.312775;-0.24071437;[ 2.7420034  76.70115    -0.23485011]
3.5371382;67.860954;-0.25212348;[ 2.858232   68.41103    -0.23855586]
2.027284;69.32385;-0.24922472;[ 2.607813   70.74157    -0.23653504]
2.340012;70.479294;-0.24832006;[ 2.5121865  71.81899    -0.23670654]
2.8058548;84.57922;-0.24239723;[ 2.2601771  86.73868    -0.23060602]
2.4667382;77.2179;-0.24563903;[ 2.4218142  79.03541    -0.23372376]
2.8234344;77.63844;-0.24224028;[ 2.361898   79.472824   -0.23372075]
2.668913;78.209335;-0.24013126;[ 2.4048939  79.652855   -0.23346299]
2.499578;68.0204;-0.2434242;[ 2.6124005  69.036095   -0.23812209]
2.4695435;63.64536;-0.25175703;[ 2.606791  64.88732   -0.2395722]
1.3049247;83.32497;-0.25073874;[ 2.1698854 85.102684  -0.2313226]
1.3743248;83.10992;-0.24943839;[ 2.179751   85.103615   -0.23140594]
1.8929524;79.70949;-0.22651339;[ 2.333262   81.97869    -0.23305883]
1.6694667;80.30391;-0.22587742;[ 2.3750682 82.186165  -0.2327854]
2.0228705;72.99106;-0.22887038;[ 2.4249792  74.863655   -0.23591594]
1.8780403;75.99184;-0.23876965;[ 2.3359382  77.50434    -0.23438492]
1.3705528;83.19294;-0.2468552;[ 2.1790614  85.212074   -0.23129532]
1.8236727;75.70561;-0.241088;[ 2.3466892  77.483925   -0.23461291]
0.786992;83.77315;-0.23655859;[ 2.2219455  85.390465   -0.23104924]
1.6028736;80.59645;-0.23072897;[ 2.3835378  81.91181    -0.23269841]
1.6149007;76.24791;-0.23944904;[ 2.3923876  77.64443    -0.23434877]
1.407609;80.5248;-0.2267328;[ 2.373948  82.08725   -0.2327232]
1.8788989;78.42443;-0.23284653;[ 2.366775   80.73431    -0.23326543]
1.4868555;81.19249;-0.235881;[ 2.466877   83.00222    -0.23227225]
2.0364435;74.325645;-0.24081987;[ 2.5689118  75.98368    -0.23522073]
0.7567872;85.682175;-0.2286949;[ 2.2667968  88.25953    -0.23006341]
1.7030618;75.08893;-0.23931828;[ 2.602818  76.30665   -0.2348755]
1.9095479;78.19289;-0.23294294;[ 2.3248515  80.80074    -0.23332013]
2.3202066;72.42246;-0.23124894;[ 2.5720544  73.382195   -0.23607251]
1.3532007;86.163;-0.254238;[ 2.0977278  88.3908     -0.22958669]
1.9226826;79.271355;-0.24857442;[ 2.1976488 81.35254   -0.2324892]
0.28502798;92.88373;-0.25840974;[ 2.0068529  95.63787    -0.22657585]
0.94483435;90.21675;-0.22239077;[ 2.1526198  93.12622    -0.22791581]
0.76175785;86.5996;-0.2381621;[ 2.1509523  88.64237    -0.22936861]
1.0972023;84.05953;-0.22205779;[ 2.2956789  86.145134   -0.23071328]
0.21726012;89.48036;-0.25537604;[ 2.0952659  91.71033    -0.22856608]
0.70772004;83.20948;-0.23655297;[ 2.2392511  84.72463    -0.23134923]
1.8813053;75.87541;-0.24577507;[ 2.2857404  77.43755    -0.23446923]
2.059513;72.48744;-0.22889757;[ 2.4254813  74.41714    -0.23609012]
1.2908381;82.84302;-0.25136036;[ 2.1895547  84.43667    -0.23153274]
0.7037351;83.29488;-0.23677346;[ 2.2428281  84.70225    -0.23130451]
3.8304467;69.536446;-0.25932938;[ 2.578903   70.326454   -0.23782891]
2.8505862;83.635124;-0.23702498;[ 2.3177102  85.30123    -0.23144303]
3.6107154;80.488815;-0.23816894;[ 2.4825113  82.37499    -0.23297168]
3.5317051;73.63631;-0.23985809;[ 2.5839646  75.12284    -0.23609588]
2.6763368;75.29704;-0.2482618;[ 2.5196924 76.1023    -0.2350745]
3.9289327;70.13216;-0.2540822;[ 2.6298869  70.6097     -0.23763694]
2.069096;79.31431;-0.25136584;[ 2.2012835  81.334      -0.23283115]
2.0992336;76.39755;-0.22775625;[ 2.3515913  78.37741    -0.23430313]
1.4535086;86.03493;-0.25639436;[ 2.1104424  88.583595   -0.22981155]
1.7644815;79.780235;-0.23989095;[ 2.2536948  81.60546    -0.23260576]
1.3445029;86.47731;-0.25369442;[ 2.0946481  88.5197     -0.22961466]
1.7907722;83.40446;-0.22676328;[ 2.2274876  85.709206   -0.23104851]
1.9123541;79.593155;-0.24802409;[ 2.194721   81.49205    -0.23250608]
1.3010961;86.27295;-0.2523164;[ 2.1102731  88.687996   -0.22954725]
1.4358013;86.29858;-0.25306672;[ 2.1044955  88.58938    -0.22965361]
2.137883;83.274796;-0.23259442;[ 2.2474253  85.52155    -0.23114431]
1.7320964;79.625046;-0.22993198;[ 2.5000558  81.61016    -0.23250972]
3.9856877;74.17294;-0.24437502;[ 2.6601276  75.85767    -0.23560138]
4.0930963;84.043976;-0.27743092;[ 2.423417   86.141266   -0.23107404]
1.6281664;82.04292;-0.24610324;[ 2.4464128  84.171974   -0.23121548]
3.9950132;80.866325;-0.24095629;[ 2.5688913  83.093025   -0.23259196]
4.26114;69.76111;-0.26760712;[ 2.6936255  71.40684    -0.23738071]
4.1202574;77.757225;-0.25892323;[ 2.5679238  79.15481    -0.23385918]
1.6442698;75.88683;-0.2450003;[ 2.5849066  77.29561    -0.23397115]
2.340818;72.59554;-0.23881243;[ 2.6094728 74.30419   -0.2354944]
2.9659264;69.83317;-0.24808796;[ 2.5249796  71.35001    -0.23720199]
3.7641785;81.24372;-0.2393944;[ 2.4160066 83.339455  -0.2324476]
2.5459764;80.83141;-0.22997187;[ 2.409019   83.114235   -0.23246892]
3.6625743;74.393684;-0.24121074;[ 2.517012   76.11816    -0.23554468]
2.895555;73.80164;-0.23807266;[ 2.5175936 75.63578   -0.2356694]
2.8643136;69.70339;-0.24768916;[ 2.5291913  71.49243    -0.23725009]
3.1024318;70.36165;-0.24336006;[ 2.4618907  71.72088    -0.23688969]
2.1175606;76.40298;-0.22818896;[ 2.338603  78.31434   -0.2342057]
0.22552681;93.01422;-0.2615047;[ 2.0145206  95.72503    -0.22669375]
1.3587165;86.26083;-0.2570839;[ 2.1058574  88.485085   -0.22968845]
1.7454478;83.09636;-0.22608137;[ 2.24705  85.56137  -0.231188]
1.4344282;86.106155;-0.2564562;[ 2.1148324  88.550125   -0.22974667]
1.720256;79.57551;-0.24035034;[ 2.2548046  81.48516    -0.23262991]
1.8755041;78.640144;-0.24379912;[ 2.2760818  81.08418    -0.23301554]
1.622387;83.447014;-0.22993416;[ 2.310063   85.45629    -0.23113108]
2.1044962;71.9388;-0.24576655;[ 2.36587    74.05358    -0.23578243]
1.1247516;83.826065;-0.22314548;[ 2.2917204  85.95334    -0.23093504]
2.1418226;76.42936;-0.22612448;[ 2.3373792  78.63822    -0.23408863]
1.3434379;80.22306;-0.23790741;[ 2.2989478  81.6645     -0.23236535]
2.2240362;76.75287;-0.2328318;[ 2.401031   78.213135   -0.23414806]
2.6471107;69.36154;-0.23662424;[ 2.446019   70.91678    -0.23729064]
1.7540071;79.053825;-0.22737601;[ 2.3231776  81.44874    -0.23318861]
2.2497382;79.30328;-0.23018019;[ 2.339624   81.15496    -0.23323265]
1.5636971;81.901855;-0.24031769;[ 2.2623293  84.15169    -0.23184843]
1.7239414;78.921814;-0.22674581;[ 2.3315363  81.52685    -0.23323987]
1.9350332;75.015724;-0.24057752;[ 2.3593166  77.0386     -0.23488672]
1.8901438;75.003586;-0.24057752;[ 2.358479   77.03503    -0.23488404]
1.3172444;79.61629;-0.22597636;[ 2.3751187 81.72636   -0.2329683]
2.6782222;72.431725;-0.23166068;[ 2.437494   74.14112    -0.23613971]
2.0876017;68.3103;-0.24251005;[ 2.449009   69.94389    -0.23774241]
2.0773623;72.50707;-0.22822502;[ 2.4290662 74.4187    -0.2360551]
0.21881628;90.95621;-0.23451622;[ 2.1528394  93.76302    -0.22764091]
1.3585364;84.07331;-0.23595628;[ 2.2549517  86.50691    -0.23075905]
1.7069693;75.34983;-0.2412369;[ 2.5775268 76.11681   -0.2350591]
1.8542906;77.36789;-0.23705141;[ 2.3439236 79.40138   -0.2336389]
3.695249;69.86727;-0.25915632;[ 2.5693803  70.45954    -0.23763448]
3.3782573;74.24847;-0.23814058;[ 2.548538   75.565605   -0.23586363]
3.2824728;80.81937;-0.2367676;[ 2.4840236  82.4984     -0.23286328]
2.1669877;80.55053;-0.23281306;[ 2.4590135 82.25973   -0.2329188]
2.4383857;73.696266;-0.2348117;[ 2.5566397 75.101616  -0.2360049]
2.4064891;79.59236;-0.22809786;[ 2.5174289  80.55626    -0.23346077]
3.3419623;74.56302;-0.23640953;[ 2.6287055  75.451904   -0.23570083]
3.8497806;70.33424;-0.25392768;[ 2.6187537  70.76594    -0.23741907]
2.3649642;68.196945;-0.25474012;[ 2.5600393  68.79252    -0.23806757]
3.4976866;63.108654;-0.26068366;[ 2.6642947  63.495754   -0.24053708]
2.422701;66.994255;-0.23806477;[ 2.6448734 68.00394   -0.2388811]
2.052779;79.31404;-0.25182924;[ 2.2019196  81.24868    -0.23286644]
1.9138596;79.30482;-0.24230826;[ 2.2623572  80.99007    -0.23285216]
0.23517704;92.965576;-0.2622475;[ 2.0113587  95.66917    -0.22679515]
1.4537913;86.03529;-0.25681442;[ 2.1111403  88.49102    -0.22985661]
1.5588758;86.02606;-0.24185827;[ 2.1715798  88.23063    -0.22984546]
2.284316;72.43521;-0.24783687;[ 2.2985418  74.26842    -0.23575556]
1.2929468;84.24187;-0.23608911;[ 2.243345   86.41309    -0.23066103]
0.2308873;90.96274;-0.23398224;[ 2.1519222  93.692696   -0.22761829]
1.364155;84.06189;-0.23836404;[ 2.307691   86.49874    -0.23059776]
0.68242955;84.70817;-0.2326903;[ 2.2967756  86.654495   -0.23045714]
2.0113914;67.90427;-0.24700086;[ 2.614275   68.47978    -0.23830715]
1.754125;72.40778;-0.24605596;[ 2.410657   73.47123    -0.23617262]
0.19082332;93.06875;-0.26385045;[ 2.0197592  95.68824    -0.22695844]
1.2489552;85.911575;-0.24266338;[ 2.1767554  88.1934     -0.23005413]
1.3359102;79.129105;-0.24405731;[ 2.3223248 80.64442   -0.2332204]
1.3834386;86.17048;-0.25852364;[ 2.1204448  88.49335    -0.23002973]
1.4161358;79.75676;-0.24138059;[ 2.3155582 81.30212   -0.2328206]
1.5995028;72.910965;-0.2438722;[ 2.455637   73.85798    -0.23588438]
2.1029563;72.65565;-0.24385296;[ 2.350385   74.00631    -0.23586985]
2.0237236;65.62867;-0.24790385;[ 2.5070662 66.58844   -0.2389059]
3.749744;81.65816;-0.24822667;[ 2.7538507  83.44305    -0.23226471]
2.595838;81.34327;-0.23468408;[ 2.613293   82.982124   -0.23233943]
3.3608112;70.24272;-0.25542617;[ 2.673976   70.166115   -0.23764758]
3.6798053;76.93078;-0.25349998;[ 2.579881   77.44255    -0.23461173]
1.5395106;89.257065;-0.24615435;[  2.7311506  144.31555     -0.21032386]
5.098501;82.714714;-0.266114;[  2.536475  104.30529    -0.2266182]
0.98002136;89.9525;-0.24410011;[  2.7643278  143.7699      -0.21028477]
1.9803342;82.55412;-0.24861011;[  2.8268795 139.7017     -0.2119995]
4.8835716;76.011765;-0.26859945;[ 2.6322036  99.69143    -0.22829387]
3.7505534;81.4114;-0.25260788;[ 2.091902  78.50327   -0.2355817]
3.7931724;88.13257;-0.24992481;[ 1.9866743 84.70205   -0.2329893]
3.7114697;75.4671;-0.24702787;[ 2.6708403  77.14126    -0.23470064]
2.0861578;71.18681;-0.26516336;[ 2.676637   72.6592     -0.23617296]
3.7928102;82.15745;-0.24413957;[ 2.5768843  84.450554   -0.23164144]
2.2010999;81.81744;-0.25550872;[ 2.5566642  83.67664    -0.23124899]
3.744144;77.09105;-0.23732466;[ 2.776403  78.2652    -0.2346657]
2.080773;72.10279;-0.24837351;[ 2.5737176  72.81147    -0.23666936]
2.531712;69.44258;-0.24639535;[ 2.7323716 69.957436  -0.2381214]
3.3972812;81.17618;-0.23773485;[ 2.6071734  82.85563    -0.23231895]
2.5726683;76.13293;-0.24391213;[ 2.63855    77.27494    -0.23505569]
2.753253;76.42964;-0.25254926;[ 2.5462518  77.72285    -0.23442972]
1.7424266;76.81796;-0.2277509;[ 2.6253085 77.764336  -0.2348062]
2.1535306;65.266235;-0.2510414;[ 2.6708279  65.809074   -0.23956792]
2.5392294;71.25875;-0.24388336;[ 2.6659727  71.26669    -0.23748836]
3.3255339;66.90272;-0.26507965;[ 2.578924   67.70691    -0.23857811]
2.3541946;78.694534;-0.2524602;[ 2.3887885  80.07972    -0.23316655]
2.711657;81.07512;-0.23810542;[ 2.3769135  82.468956   -0.23235148]
2.4612188;73.614365;-0.26021048;[ 2.489305   74.78357    -0.23567906]
3.1257892;80.517204;-0.24200791;[ 2.3288076 82.31687   -0.2325221]
1.6286755;80.864426;-0.2560081;[ 2.3785808  82.23608    -0.23247015]
2.6925936;78.677895;-0.2524602;[ 2.389793   80.014465   -0.23321512]
2.0595367;80.28234;-0.26121718;[ 2.4016707  81.94222    -0.23272385]
2.3332536;79.16365;-0.25098568;[ 2.3751738  80.467415   -0.23296084]
2.9928992;78.51402;-0.22454794;[ 2.4711065  79.98823    -0.23371011]
3.3967032;79.02004;-0.2323712;[ 2.545966  80.08238   -0.2335187]
3.5712752;76.00055;-0.22979207;[ 2.6555593  77.07163    -0.23505358]
2.3511562;67.29328;-0.257336;[ 2.5646377  67.97206    -0.23842883]
2.5107305;71.57214;-0.2454106;[ 2.6318421 72.388435  -0.2367858]
2.328339;76.17178;-0.24943414;[ 2.2205322  78.45309    -0.23364574]
1.3671732;89.86711;-0.2592084;[ 2.0047822 92.50223   -0.2279271]
1.6431229;83.06293;-0.24391249;[ 2.1643724 85.66877   -0.2305762]
0.32290184;96.587975;-0.26384404;[ 1.9141088  99.74741    -0.22491267]
0.8749951;89.73491;-0.24381189;[ 2.077679  92.75679   -0.2276949]
2.0034518;82.87662;-0.2537608;[ 2.1320148  85.539986   -0.23078401]
4.0437164;80.77468;-0.27749535;[ 2.4360697 82.69398   -0.2324726]
3.7946343;78.18;-0.25073376;[ 2.6175735  79.38879    -0.23411763]
3.8723235;74.123985;-0.26480293;[ 2.5988834  75.70515    -0.23524174]
0.5170121;92.99738;-0.25784367;[ 2.179864   95.68648    -0.22639436]
4.277279;84.98085;-0.24537368;[ 2.492645   87.00425    -0.23073387]
1.5371357;86.120255;-0.25258058;[ 2.2811651  88.53766    -0.22941428]
4.116831;73.70556;-0.27495116;[ 2.5594525  75.629524   -0.23539239]
3.786354;78.69873;-0.24600092;[ 2.6670468  79.73621    -0.23382461]
2.8191993;73.899185;-0.24636324;[ 2.378034   75.737724   -0.23515144]
2.741346;80.75787;-0.24449944;[ 2.2803793 82.737206  -0.232274 ]
2.5965946;73.85491;-0.2472925;[ 2.382252   75.70654    -0.23523633]
2.653611;87.47928;-0.24372448;[ 2.189913   89.98913    -0.22924544]
2.4251986;80.74617;-0.24448475;[ 2.348221   82.915215   -0.23216277]
2.689865;67.00237;-0.24955553;[ 2.4788198  68.74829    -0.23809141]
2.0832422;76.28145;-0.24545081;[ 2.2733147  78.26766    -0.23370913]
1.9356015;82.93365;-0.25532588;[ 2.1210735  85.48617    -0.23081483]
2.0514903;82.91518;-0.25532588;[ 2.1239042  85.33371    -0.23095848]
1.6155217;83.56991;-0.24253668;[ 2.1631737  85.58611    -0.23066886]
0.9943101;84.08824;-0.23975994;[ 2.211365   85.95219    -0.23036654]
2.47459;69.35347;-0.24931368;[ 2.3095655  71.286285   -0.23667744]
1.2959636;86.61359;-0.25584093;[ 2.096581   88.75272    -0.22975256]
1.875257;79.75184;-0.2503585;[ 2.1949844  81.76978    -0.23261061]
1.5748676;86.12265;-0.24271476;[ 2.1620553  88.558586   -0.22975084]
1.230551;86.478905;-0.25351414;[ 2.1109614  88.81544    -0.22972217]
1.1121243;86.18935;-0.2406509;[ 2.1697977  88.75737    -0.22966889]
1.3676361;86.45668;-0.25536177;[ 2.106599   88.86047    -0.22974549]
2.1748056;72.8972;-0.2456923;[ 2.2995446  74.61625    -0.23557705]
2.0503736;79.281624;-0.25121787;[ 2.2004824 81.295616  -0.2328959]
1.8145444;79.01358;-0.24295813;[ 2.2702668  81.01195    -0.23300892]
1.8953906;79.34717;-0.25136584;[ 2.199256   81.4616     -0.23270698]
0.9021256;90.38388;-0.22230124;[ 2.165814   93.180824   -0.22810283]
1.3901577;86.05011;-0.25639436;[ 2.1115136  88.55604    -0.22982822]
1.8622247;78.86445;-0.24251616;[ 2.2782345  81.15321    -0.23299435]
0.6167629;86.703415;-0.24015516;[ 2.1508546 88.808975  -0.2295375]
1.7098116;79.781494;-0.23978066;[ 2.2494595  81.65636    -0.23258957]
1.4687059;79.52985;-0.24029848;[ 2.317813   81.39219    -0.23270848]
1.7580897;79.21843;-0.24237446;[ 2.2634094  81.04709    -0.23306714]
0.18243515;93.02938;-0.26308188;[ 2.0192409  95.70443    -0.22700208]
0.586691;86.80728;-0.24140419;[ 2.158869  88.81219   -0.2297248]
1.6815722;79.9725;-0.24033438;[ 2.3026564  81.344955   -0.23274255]
2.12858;81.572754;-0.24392678;[ 2.0395432  86.47604    -0.23191887]
0.45911276;95.14456;-0.24166793;[  1.8504167  100.74787     -0.22599527]
0.98207784;88.43839;-0.24099454;[ 2.033087   93.929634   -0.22869313]
1.649923;88.275696;-0.2422015;[ 1.9520586  93.57848    -0.22902958]
0.7834028;88.942245;-0.23996451;[ 1.9908712  93.84251    -0.22873583]
2.5167377;72.08813;-0.2530892;[ 2.4675844  73.11812    -0.23600659]
3.75078;71.176155;-0.24180886;[ 2.59316    72.4708     -0.23687223]
3.5686297;77.962234;-0.24092442;[ 2.5105119  78.85998    -0.23441628]
2.602223;78.91515;-0.25158143;[ 2.3735385  79.95563    -0.23325475]
2.7051907;87.43346;-0.23988385;[ 2.239784   89.56645    -0.22956392]
3.4745214;84.68365;-0.23960017;[ 2.4199986  86.1226     -0.23137547]
3.725214;84.73759;-0.23842807;[ 2.401439   86.81251    -0.23090686]
1.9064529;80.55538;-0.25497952;[ 2.390861   82.0628     -0.23263156]
3.3941321;77.925186;-0.2410746;[ 2.5697074  78.95589    -0.23435044]
6.357184;78.21615;-0.2252406;[ 2.4752426  80.02018    -0.23373511]
3.5906644;78.47191;-0.2370963;[ 2.5593302  79.215294   -0.23411721]
2.387661;79.48831;-0.24746358;[ 2.4192405  80.374825   -0.23293997]
2.0371768;74.40442;-0.25035012;[ 2.5270398  75.22168    -0.23534657]
2.5589736;71.61242;-0.24630055;[ 2.712874   71.80548    -0.23722734]
6.6463466;70.76088;-0.23845962;[ 2.6038868  71.59745    -0.23740295]
2.136824;76.366516;-0.24559404;[ 2.2639718  78.45849    -0.23362081]
2.3325524;76.18848;-0.251329;[ 2.2246115  78.37924    -0.23381783]
0.25458634;96.594696;-0.26488248;[ 1.9322174  99.68074    -0.22500376]
1.6010733;82.934845;-0.2440155;[ 2.1879044  85.35456    -0.23089309]
2.0442696;82.89142;-0.2553924;[ 2.136977   85.47933    -0.23092933]
1.5777849;83.55443;-0.24304903;[ 2.176079   85.73861    -0.23063676]
1.2829094;86.31135;-0.25788546;[ 2.109293   88.42919    -0.23005518]
1.7128206;83.38835;-0.22485812;[ 2.259496   85.6273     -0.23139249]
1.8248959;79.17522;-0.24383694;[ 2.2671123  80.96133    -0.23308466]
1.8031614;79.50195;-0.2434108;[ 2.2625718  81.21072    -0.23292752]
1.3490086;86.15634;-0.25740626;[ 2.1190057  88.53556    -0.23003511]
1.8850158;79.06928;-0.24333984;[ 2.2712684  81.14654    -0.23308009]
1.8643107;79.4534;-0.2525917;[ 2.2065077  81.436226   -0.23292397]
2.3333411;72.64228;-0.24385981;[ 2.5126235  74.45439    -0.23533182]
2.383307;80.04262;-0.23957074;[ 2.4664638 81.713264  -0.2322401]
4.0451164;80.91856;-0.27801856;[ 2.4472969  82.76058    -0.23258114]
1.8075573;79.49003;-0.24745598;[ 2.4422762  81.08058    -0.23244654]
3.933622;74.31088;-0.26535565;[ 2.5961022  75.489845   -0.23547749]
0.45959353;92.91647;-0.2585358;[ 2.1935592  95.61389    -0.22658081]
3.7369583;80.8105;-0.26053664;[ 2.5136077 82.7082    -0.2324975]
4.1273355;80.763115;-0.27740595;[ 2.4570966  82.86094    -0.23256567]
4.1752005;78.25399;-0.24602503;[ 2.6049519  79.95656    -0.23389734]
0.8257048;86.703705;-0.24359173;[ 2.332903   88.71449    -0.22931242]
4.1223145;81.42719;-0.26080117;[ 2.4960763  83.12321    -0.23227331]
1.3050245;80.063774;-0.24454178;[ 2.4883113  81.48678    -0.23214427]
4.199739;74.06017;-0.27508867;[ 2.5446646  75.759926   -0.23545441]
4.204184;71.55419;-0.2492136;[ 2.692574  72.84681   -0.2367991]
4.029545;67.483795;-0.26719567;[ 2.6898258  68.63766    -0.23824914]
2.7782323;80.89127;-0.24539715;[ 2.2890916  82.7696     -0.23241287]
3.6957808;78.61133;-0.24006876;[ 2.4585152  79.94329    -0.23381874]
2.4848344;74.112885;-0.24576771;[ 2.4389563  75.61664    -0.23525295]
2.509985;81.023834;-0.24497305;[ 2.3377125  82.8231     -0.23228887]
2.3956046;80.78487;-0.24342991;[ 2.3513994  82.7373     -0.23233958]
4.3667145;75.07579;-0.2554061;[ 2.4773848  75.82859    -0.23507415]
2.5572078;74.87625;-0.24492504;[ 2.472925   76.01774    -0.23496974]
2.8800564;74.03289;-0.24739568;[ 2.3864179  75.769844   -0.23528521]
2.6959095;77.1326;-0.2389751;[ 2.4090772  78.37405    -0.23426749]
2.603058;69.9726;-0.24149962;[ 2.560732   70.941086   -0.23737839]
2.6756346;83.877014;-0.23744306;[ 2.317371   85.641655   -0.23124336]
3.5803442;78.07286;-0.22938879;[ 2.654293   78.99337    -0.23464091]
3.290328;73.936035;-0.23795404;[ 2.651685   74.67887    -0.23624936]
3.393246;71.67015;-0.2322711;[ 2.792065   71.9027     -0.23756824]
3.2185407;67.54426;-0.24153383;[ 2.783121   67.74166    -0.23911661]
3.5773137;71.33149;-0.23168132;[ 2.747197   71.69957    -0.23768106]
3.2733939;67.19468;-0.24029365;[ 2.7419496  67.45808    -0.23925142]
1.5300189;82.424576;-0.23997515;[ 2.2556808 84.25703   -0.2318648]
1.5244509;79.17923;-0.22493759;[ 2.3948302  81.3888     -0.23333575]
1.9443997;77.086716;-0.22324194;[ 2.5601754  78.14593    -0.23481262]
1.3123691;82.851;-0.25412357;[ 2.1949296  84.47083    -0.23173769]
2.230126;81.78382;-0.25271744;[ 2.4080799  84.609985   -0.23210889]
2.2397285;79.78479;-0.24067737;[ 2.7686584 80.8204    -0.2331066]
3.6133661;68.393524;-0.2747556;[ 3.1518574  68.78445    -0.23906505]
3.0902581;69.32226;-0.27401212;[ 2.963938   70.76191    -0.23695165]
3.8278432;63.72621;-0.297691;[ 3.139945   64.91145    -0.23997962]
2.3088455;74.9792;-0.25598228;[ 2.524521   77.52733    -0.23517856]
2.3337684;69.128525;-0.25815627;[ 2.8221576  70.77262    -0.23662724]
2.8371575;63.395954;-0.2768803;[ 2.9173973  64.832054   -0.24037448]
2.574421;68.06774;-0.24553014;[ 2.862286   68.839966   -0.23830304]
2.23491;78.18893;-0.23230918;[ 2.7035081  79.40512    -0.23406869]
2.2195277;78.51167;-0.23653342;[ 2.8551748  79.99593    -0.23334152]
2.642004;73.233475;-0.23655207;[ 2.8616595  74.30212    -0.23620456]
3.6579006;81.20795;-0.26527348;[  2.687799  103.80625    -0.2266784]
2.4761515;81.032845;-0.2511166;[  2.968639  139.24983    -0.2121681]
2.8995223;75.847565;-0.25124994;[ 2.6682575  77.90775    -0.23424974]
3.3363853;79.44194;-0.24257666;[ 2.7091336 81.6399    -0.2330386]
2.8434706;73.78088;-0.23870519;[ 2.821172   75.40914    -0.23543122]
2.0863974;63.52721;-0.2566014;[ 2.8681169  63.712444   -0.24042778]
2.6413455;78.22887;-0.24290536;[ 2.4926057  79.835976   -0.23367064]
2.4101582;80.592285;-0.23715626;[ 2.5951288 82.33726   -0.2328494]
3.468379;74.46316;-0.24196696;[ 2.6759996  76.24791    -0.23522183]
3.444888;76.3952;-0.24500026;[ 2.6081548  77.90144    -0.23496127]
3.2118342;74.022995;-0.2365304;[ 2.782995   74.459755   -0.23672494]
4.08391;69.665764;-0.24888937;[ 2.7031188  70.80378    -0.23789798]
2.3399122;74.88509;-0.23611163;[ 2.694899   75.268196   -0.23541367]
2.2581503;69.72466;-0.24077673;[ 2.7851908 70.18845   -0.237833 ]
2.454602;65.08177;-0.2588639;[ 2.7221766  65.512085   -0.23959832]
2.3369906;70.66488;-0.25360006;[ 2.6756608  70.86131    -0.23700896]
2.208841;65.523834;-0.26017553;[ 2.7646904  65.864174   -0.23933685]
3.1772144;64.773;-0.24990802;[ 2.6720874  65.54772    -0.23963077]
2.430572;87.64842;-0.24242964;[ 2.1773033  90.085625   -0.22898212]
2.3425338;81.199066;-0.2448131;[ 2.3192456 83.02956   -0.2318403]
3.0231862;82.09775;-0.23538357;[ 2.560706  84.78995   -0.2316196]
2.6017418;77.26577;-0.24755822;[ 2.5324354  78.752716   -0.23352729]
3.404886;71.759094;-0.26428816;[ 2.695445   73.063095   -0.23655406]
2.5691586;77.0112;-0.24676356;[ 2.561046   78.69415    -0.23348705]
3.460126;76.37106;-0.24307069;[ 2.7586296 77.8655    -0.2346993]
2.7420893;70.28052;-0.24949296;[ 2.650828   71.49186    -0.23647088]
3.2744613;64.842445;-0.26649767;[ 2.8055403  65.83765    -0.23956373]
2.3644257;71.71928;-0.24797298;[ 2.5408356  73.01302    -0.23642923]
2.3210254;72.10553;-0.2483928;[ 2.5884645  73.32176    -0.23621105]
2.559864;75.02945;-0.23847699;[ 2.5643325  76.17597    -0.23512864]
2.4499664;70.72831;-0.24607243;[ 2.5587015  71.96383    -0.23669794]
2.773758;70.79902;-0.24204661;[ 2.4625401  71.940346   -0.23683216]
3.039799;74.136505;-0.23563346;[ 2.516115  75.5821    -0.2355251]
2.4859576;76.7201;-0.24230197;[ 2.4409401  78.53541    -0.23417601]
3.7195306;81.56618;-0.23678851;[ 2.4078043  83.50861    -0.23236337]
2.656923;74.60771;-0.22845902;[ 2.513473   76.247475   -0.23530546]
2.5010579;76.92536;-0.24183843;[ 2.4340756  78.54721    -0.23424779]
2.743782;70.19454;-0.24434091;[ 2.5215483  71.36966    -0.23723815]
2.6453335;70.4908;-0.24339277;[ 2.514747  71.30406   -0.2371773]
2.5638556;78.92003;-0.22630723;[ 2.7594478 80.7176    -0.2336324]
1.8450184;67.03463;-0.20684892;[ 2.9657507  68.33352    -0.23918182]
4.0257707;86.67125;-0.26223117;[ 2.2619667  91.31341    -0.23021632]
4.352562;84.48833;-0.2400038;[ 2.4480443  89.049095   -0.23114774]
4.0531025;80.22173;-0.26158068;[ 2.4584296 84.61523   -0.2326427]
4.6506104;73.587746;-0.24531834;[ 2.9452806  74.5726     -0.23670645]
5.046361;74.14719;-0.23737213;[ 2.7327192  75.746315   -0.23516649]
3.3293023;74.16556;-0.24355389;[ 2.759602   74.76754    -0.23579654]
6.374672;74.038734;-0.23837203;[ 2.7576647  74.84133    -0.23576571]
4.235144;74.068275;-0.27432352;[ 2.5435905  75.66674    -0.23531774]
4.025456;87.63864;-0.279273;[ 2.3447435  90.0658     -0.22931959]
1.0006971;86.38779;-0.24474934;[ 2.3322577  88.45972    -0.22926468]
0.47905862;89.41426;-0.2544413;[ 2.2708788  91.63287    -0.22836511]
3.992035;84.12823;-0.27704623;[ 2.4330382  86.077385   -0.23130985]
4.333712;81.118355;-0.2435403;[ 2.591167   82.86118    -0.23285948]
3.8913522;80.88013;-0.2381452;[ 2.5763538 83.22935   -0.2327206]
4.1057024;74.737854;-0.24045706;[ 2.746416   76.043846   -0.23566018]
1.0735765;82.8598;-0.24258019;[ 2.4190776 84.496796  -0.2312551]
1.5831071;75.79176;-0.24500608;[ 2.568304   77.12472    -0.23433699]
1.8643087;75.52171;-0.24592187;[ 2.5176926  76.92449    -0.23446724]
1.7132554;79.46709;-0.22829571;[ 2.5075214  81.50852    -0.23280051]
3.9546494;77.45914;-0.26539946;[ 2.7534165  78.84591    -0.23377839]
4.8822913;72.17269;-0.28424597;[ 2.9154167  73.2579     -0.23673867]
1.1751354;85.28658;-0.24384946;[ 2.254196   89.874535   -0.22997072]
3.6860802;79.863304;-0.26153296;[ 2.4121683  84.183914   -0.23305303]
3.0275657;78.34199;-0.22850211;[ 2.8139307  80.50161    -0.23375008]
3.315876;74.258156;-0.24105956;[ 2.7364686  76.59394    -0.23503287]
3.3294926;71.58316;-0.23362812;[ 2.9138427  73.34739    -0.23667993]
3.0041487;71.79752;-0.2294936;[ 2.9567814  73.56667    -0.23641108]
3.4505806;74.21696;-0.25106514;[ 2.8915553  74.10815    -0.23644769]
2.1735148;75.25955;-0.25650197;[ 2.645849   76.149025   -0.23443443]
4.0247545;71.70604;-0.26163128;[ 2.7450857  72.645294   -0.23694773]
4.395627;73.30336;-0.24335885;[ 2.9890478  73.69466    -0.23706648]
4.3130817;68.92332;-0.2616516;[ 2.9067574  69.76447    -0.23832609]
3.657025;69.17676;-0.2537607;[ 2.9946973 68.942764  -0.2388307]
4.607519;75.69011;-0.25578934;[ 2.828093   76.59655    -0.23566973]
4.23596;75.604034;-0.25879264;[ 2.8098512 77.14268   -0.235248 ]
2.1612399;81.93053;-0.2550444;[ 2.5547552  83.319435   -0.23148847]
3.234785;76.509705;-0.27996936;[ 2.7113595  77.59594    -0.23459728]
3.9943147;68.65343;-0.2691869;[ 2.9984305  69.082436   -0.23882581]
3.8205035;76.35425;-0.23906682;[ 2.8102238  77.448685   -0.23500392]
3.3017478;74.79525;-0.24121782;[ 2.8198583  75.21226    -0.23534703]
4.7062807;68.955956;-0.25847033;[ 2.9243238  69.204315   -0.23876481]
3.412234;71.69922;-0.24021919;[ 2.919414   72.32407    -0.23686108]
2.6691365;67.39022;-0.25318342;[ 2.9340687  67.6276     -0.23866233]
4.3948517;66.36595;-0.24974805;[ 3.1788259  65.59539    -0.24067435]
2.835921;78.37188;-0.24205178;[ 2.4967952  79.91947    -0.23371932]
2.6892743;68.608215;-0.24892308;[ 2.8350184  69.13524    -0.23871595]
3.7119339;76.35251;-0.2389311;[ 2.62865    77.560265   -0.23502725]
4.213167;73.6164;-0.23859753;[ 2.8083313  74.08287    -0.23686871]
6.8626657;73.27654;-0.23774326;[ 2.702826   74.753944   -0.23595548]
3.063263;69.3216;-0.24262138;[ 2.8132365 69.55702   -0.2383157]
4.2681103;78.29076;-0.24651949;[ 2.5862565 79.77541   -0.2337166]
3.8447533;87.60855;-0.27961785;[ 2.344763   90.08738    -0.22936869]
1.403111;86.30911;-0.2530041;[ 2.2852046  88.69895    -0.22928466]
4.112646;84.97583;-0.24531798;[ 2.4918377  87.07397    -0.23067981]
3.742659;80.786964;-0.2657992;[ 2.5087967  82.91604    -0.23222236]
3.7046402;81.27402;-0.26446992;[ 2.4920247  83.040184   -0.23211591]
3.7665582;79.63353;-0.23250003;[ 2.6518385  80.998405   -0.23314396]
3.0327623;73.988716;-0.24483481;[ 2.3851626  75.72396    -0.23515278]
0.7613745;90.74602;-0.24939065;[ 2.1859803  94.34258    -0.22763202]
3.5561132;84.98517;-0.277325;[ 2.467601  88.30389   -0.2303693]
3.6764798;78.188324;-0.27440998;[ 2.570797   80.73023    -0.23355952]
4.2068615;72.51512;-0.30262262;[ 2.773042   74.74215    -0.23644052]
0.9645559;83.9554;-0.24717897;[ 2.5262372 86.19954   -0.2297157]
3.5627284;80.557625;-0.23673505;[ 2.8928533  80.94113    -0.23353553]
3.5950336;76.141495;-0.24955566;[ 2.812119   76.9056     -0.23480397]
3.9672458;70.483284;-0.26920518;[ 2.9941025  71.03672    -0.23779339]
3.4847803;75.92082;-0.25025472;[ 2.8942966  76.68155    -0.23464514]
4.299821;70.32084;-0.26608732;[ 3.0677052  70.86252    -0.23769732]
3.5843425;71.50629;-0.26986974;[ 2.8104696  72.78859    -0.23585156]
4.1538324;65.9063;-0.2938091;[ 2.98357    66.99297    -0.23886068]
1.9585205;77.12013;-0.2516718;[ 2.4295082  79.438896   -0.23399946]
3.0620756;79.14795;-0.26940462;[ 2.5737035  81.65299    -0.23314315]
2.1742597;78.139275;-0.2496905;[ 2.57072    80.1694     -0.23254085]
2.84583;72.546486;-0.26753193;[ 2.7367027  74.387825   -0.23558336]
2.3711855;75.98007;-0.23873939;[ 2.680633   76.9918     -0.23432025]
2.3726249;78.990234;-0.24891059;[ 2.4450474  81.1338     -0.23295698]
2.5379918;72.18469;-0.25157982;[ 2.5398817  73.72108    -0.23604648]
3.587535;88.1024;-0.28149116;[ 2.3215432  91.155174   -0.22895855]
1.5493991;86.978424;-0.25131637;[ 2.2428277  89.39779    -0.22911474]
0.8705591;87.14444;-0.24399403;[ 2.3179045  89.66043    -0.22837293]
3.3721871;81.55592;-0.26643306;[ 2.4837425  83.873375   -0.23142909]
3.4145167;79.15712;-0.24546076;[ 2.6651585  80.32891    -0.23331195]
2.0317533;80.153465;-0.2490783;[ 2.3397675  81.95911    -0.23221156]
3.6171327;79.2436;-0.2443425;[ 2.594529 80.72687  -0.23317 ]
1.682681;80.325836;-0.24568756;[ 2.4126825  82.2857     -0.23142873]
3.5936644;74.73732;-0.26490816;[ 2.5778084  76.5363     -0.23444265]
3.717111;76.83825;-0.23517376;[ 2.7754188  77.210625   -0.23503667]
3.6385105;67.918724;-0.26690185;[ 2.6693554  69.34826    -0.23737592]
2.1422544;73.34135;-0.25062764;[ 2.4368362  74.598595   -0.23521759]
3.4893231;67.671005;-0.27253976;[ 2.6142092 68.82943   -0.2381773]
2.1719632;81.39963;-0.24542527;[ 2.3288035  83.711716   -0.23136345]
2.704813;74.32023;-0.2466647;[ 2.3762445  75.99134    -0.23489398]
2.4271164;67.76986;-0.25029007;[ 2.5097537  69.3326     -0.23724231]
2.2262504;69.94612;-0.24648406;[ 2.3493567  71.72401    -0.23596244]
2.3535738;69.63311;-0.24908903;[ 2.3050077  71.14962    -0.23653455]
3.684339;74.84072;-0.24214755;[ 2.9210489  76.33991    -0.23521325]
5.053861;83.515;-0.2669441;[  2.5171793  104.23275     -0.22664502]
5.224763;81.39676;-0.24428228;[ 2.6172864  98.49191    -0.22878794]
1.9914104;83.32137;-0.24912931;[  2.8077424 139.60901    -0.212097 ]
4.713589;76.779015;-0.2694243;[ 2.6135974  99.6387     -0.22839093]
3.871023;88.80708;-0.24997997;[ 1.9860606  84.91584    -0.23281755]
3.7269783;79.14343;-0.2692518;[ 2.631568   80.737335   -0.23327304]
3.7110977;72.405365;-0.2694987;[ 2.7247114  73.42684    -0.23633082]
3.6465836;72.697556;-0.26825178;[ 2.7708626  73.786      -0.23604414]
4.92596;77.04037;-0.25678286;[ 2.7587316 78.27877   -0.2346874]
3.7367342;70.2176;-0.24853407;[ 2.8799584  70.94451    -0.23748356]
3.527812;66.012985;-0.27127334;[ 2.8590045  66.67058    -0.23896423]
3.0263743;71.41142;-0.251684;[ 2.598691   72.97914    -0.23610026]
3.7021015;65.6673;-0.271678;[ 2.8155951  66.2253     -0.23929393]
1.8306245;72.39007;-0.24757926;[ 2.62037    73.15339    -0.23630632]
2.664598;81.98041;-0.23364343;[ 2.5736153  83.545586   -0.23203379]
1.9757946;65.70549;-0.25062022;[ 2.7065701  66.05541    -0.23922178]
2.7301264;73.807816;-0.24179646;[ 2.4181774  74.9784     -0.23550789]
2.4168043;87.283905;-0.23818181;[ 2.238192   89.4605     -0.22946675]
2.8575091;85.19415;-0.23351711;[ 2.4066067  87.081154   -0.23065862]
2.0824094;74.093544;-0.25557896;[ 2.470717   75.05025    -0.23543029]
1.5831676;78.63649;-0.23626792;[ 2.5363302  79.71381    -0.23363164]
2.20307;80.83831;-0.24063402;[ 2.3733876  82.49725    -0.23228475]
2.906109;74.081154;-0.2443298;[ 2.464382   75.40353    -0.23522104]
1.5900164;74.4366;-0.25508016;[ 2.5169187  75.28582    -0.23523667]
2.8131452;83.38348;-0.22409925;[ 2.5250192 85.074066  -0.2317388]
2.3124108;72.59047;-0.25385663;[ 2.461334   73.16297    -0.23582253]
3.2108157;67.05198;-0.24575341;[ 2.50863   67.92652   -0.2384268]
1.9883547;83.118904;-0.2547523;[ 2.1054523  85.28397    -0.23072375]
2.2964697;76.29216;-0.2502546;[ 2.2180474  78.274895   -0.23359527]
0.7916847;90.16034;-0.24558377;[ 2.0639408  92.61277    -0.22764787]
2.050598;76.582886;-0.24510819;[ 2.262373   78.54579    -0.23341845]
1.5838981;79.62691;-0.24547438;[ 2.446722   81.38973    -0.23204425]
3.824209;74.18232;-0.26328123;[ 2.5998015  75.73207    -0.23514605]
1.6490607;79.906296;-0.24624741;[ 2.4191654  81.44805    -0.23204038]
4.0045986;74.39814;-0.26383406;[ 2.5836864  75.71403    -0.23509061]
3.7616026;71.804375;-0.25079283;[ 2.7642875  72.358116   -0.23679563]
2.0742965;72.940155;-0.24776247;[ 2.5344691  74.319374   -0.23490128]
3.7820861;71.44149;-0.25154448;[ 2.7123733  72.17642    -0.23696144]
3.817406;67.17328;-0.2735974;[ 2.6400304  68.38293    -0.23820098]
2.7257824;80.78631;-0.24300501;[ 2.2837012 82.73243   -0.2321584]
2.6313262;74.356094;-0.24453093;[ 2.423802   75.75362    -0.23493916]
2.4097052;67.474686;-0.24871923;[ 2.519392   68.85067    -0.23785806]
0.79627097;86.90422;-0.24160892;[ 2.1530528  88.93047    -0.22945307]
1.5727663;80.20055;-0.24071088;[ 2.2432506  81.80193    -0.23234904]
1.9341767;79.5426;-0.25206876;[ 2.1965833  81.299065   -0.23264267]
2.5612617;76.45611;-0.2319917;[ 2.3507519  78.102806   -0.23419484]
2.107592;72.306274;-0.2442895;[ 2.3622675 73.919266  -0.2357944]
0.22400331;93.0407;-0.2615047;[ 2.014047   95.75744    -0.22667354]
1.4846761;86.11451;-0.2564562;[ 2.1136544  88.598274   -0.22972575]
1.4334826;85.80078;-0.24226718;[ 2.183262   88.26313    -0.22989519]
1.1556282;83.95501;-0.2220802;[ 2.3097835  86.06849    -0.23092099]
1.5576333;83.476364;-0.22856504;[ 2.3121667  85.413734   -0.23114568]
2.1614583;76.92085;-0.22482406;[ 2.3482854  78.7559     -0.23398146]
1.5723143;79.792404;-0.24072668;[ 2.2458282  81.51678    -0.23246413]
2.3217883;72.61642;-0.24701925;[ 2.2957733  74.151436   -0.23569249]
1.7753192;79.25954;-0.24206156;[ 2.2667334  81.05277    -0.23296326]
1.8429949;72.85465;-0.24325949;[ 2.402046   74.201935   -0.23569122]
2.0921478;72.51227;-0.24389087;[ 2.3552425  73.92039    -0.23588152]
0.45182872;95.186356;-0.24211138;[  1.8490834  100.91854     -0.22587223]
1.7639765;82.05725;-0.24261704;[ 2.0880501  86.64179    -0.23167025]
2.3917844;72.03521;-0.25290814;[ 2.4714222  73.089226   -0.23594768]
3.0474005;73.98485;-0.24291956;[ 2.4205232  75.129585   -0.23547478]
3.671472;71.131485;-0.24253298;[ 2.5848873  72.26377    -0.23689905]
6.604876;77.98072;-0.23138303;[ 2.485317   79.89364    -0.23361345]
2.4757962;78.72075;-0.2508899;[ 2.3837461  80.10771    -0.23314935]
2.2784102;73.60469;-0.2550438;[ 2.490165  74.90623   -0.2355941]
2.7633853;70.79921;-0.24971336;[ 2.6747816  71.526375   -0.23745504]
3.573402;71.568756;-0.23927493;[ 2.6488776  71.96989    -0.23704454]
2.8677251;64.26124;-0.2516294;[ 2.7613525  64.4878     -0.24029048]
1.5655205;83.34045;-0.24221717;[ 2.1791205  85.64052    -0.23067153]
0.26438427;96.642494;-0.26486653;[ 1.9325242  99.745056   -0.22492565]
1.3793086;89.89868;-0.26028845;[ 2.0239453  92.46407    -0.22796631]
1.9869583;83.07098;-0.25592354;[ 2.1284144  85.42699    -0.23086573]
0.17851841;93.07491;-0.2627639;[ 2.0189638  95.750496   -0.22693628]
1.7507704;78.980606;-0.24320647;[ 2.2790892  81.08056    -0.23300423]
2.3499744;76.66148;-0.23160465;[ 2.359526   78.12759    -0.23440951]
2.3547423;85.971436;-0.24242532;[ 2.3412356  88.60846    -0.22949085]
2.2487774;72.597824;-0.24373423;[ 2.5160203 74.45236   -0.2352551]
0.48025465;92.96367;-0.25821322;[ 2.1931036  95.67237    -0.22650725]
3.8433862;80.806076;-0.26496187;[ 2.5191486  82.76539    -0.23245132]
3.9077265;74.12053;-0.26463434;[ 2.606823   75.641426   -0.23537153]
1.6218404;79.80386;-0.24541506;[ 2.4240906  81.477394   -0.23225307]
4.131026;74.52769;-0.2625494;[ 2.5873508  75.87238    -0.23522758]
2.8083553;81.18724;-0.2428152;[ 2.3409424  83.00268    -0.23214515]
3.6891084;78.9126;-0.238435;[ 2.5120647  80.12232    -0.23358424]
3.7095382;72.22706;-0.24042149;[ 2.6002727 72.9856    -0.2365198]
4.0083065;68.1805;-0.2598064;[ 2.569451  68.59846   -0.2380214]
1.8017678;82.06299;-0.23995495;[ 2.3970466  84.011536   -0.23151967]
1.5924674;82.99618;-0.23931077;[ 2.3653998  84.69337    -0.23104692]
1.5415255;80.03496;-0.22284064;[ 2.5178094  81.78782    -0.23245771]
0.47356212;89.57303;-0.25475967;[ 2.266159   91.743095   -0.22839096]
3.9767096;81.115166;-0.24315394;[ 2.5914135  82.93539    -0.23285702]
1.0720576;86.650925;-0.22558676;[ 2.4147334  88.92477    -0.22976428]
1.5361327;76.0565;-0.24333484;[ 2.5732274  77.40269    -0.23405522]
3.576696;70.63;-0.26102936;[ 2.7304955  71.67293    -0.23716258]
1.3095311;80.19435;-0.22562699;[ 2.570145   81.94541    -0.23240091]
4.0906143;78.621185;-0.23543659;[ 2.7672079  79.46539    -0.23462492]
3.8437285;74.47682;-0.24407542;[ 2.7868822  75.0576     -0.23632897]
1.8206253;75.74599;-0.24599712;[ 2.5131109  77.046104   -0.23447555]
1.780183;79.91511;-0.22763802;[ 2.508632   81.58325    -0.23283389]
2.7591453;70.162415;-0.24385546;[ 2.5195503  71.38344    -0.23730503]
2.644217;74.29345;-0.2300811;[ 2.5177507  75.90069    -0.23566437]
3.18526;78.00156;-0.2521195;[ 2.3871474  82.1246     -0.23374467]
3.7089167;84.114876;-0.23996884;[ 2.2938693  88.5828     -0.23135749]
4.2425947;79.99975;-0.2575878;[ 2.3198056  84.19735    -0.23279193]
2.7673707;80.19315;-0.24329416;[ 2.304543   84.59968    -0.23252216]
3.099662;69.69733;-0.25284365;[ 2.705202   70.69966    -0.23760554]
3.2463903;65.02863;-0.25920147;[ 2.7284098  65.42414    -0.23978636]
3.6155696;75.58547;-0.24089499;[ 2.6735477  76.5131     -0.23554495]
3.3071346;71.37019;-0.24337411;[ 2.8110063  71.440346   -0.23793486]
3.6536016;73.64928;-0.24821663;[ 2.800071   74.26441    -0.23658583]
3.376576;71.692444;-0.2559905;[ 2.6430745  72.55193    -0.23682648]
3.8647058;68.96723;-0.25411075;[ 2.823178   69.015305   -0.23874184]
3.5654173;76.18683;-0.23928927;[ 2.6136692  77.767006   -0.23492584]
4.2617693;66.33598;-0.24388307;[ 2.9279406  66.231804   -0.24015838]
24.966831;66.983864;-0.23797368;[ 3.0567753  65.83901    -0.24051704]
1.8450184;67.03463;-0.20684892;[ 2.9657507  68.33352    -0.23918182]
3.6653771;78.27046;-0.2417049;[ 2.4513578  79.76575    -0.23375653]
3.212243;72.057274;-0.25401962;[ 2.5122387 73.61346   -0.236071 ]
2.91403;80.780106;-0.24319305;[ 2.2945747  82.90777    -0.23217368]
3.7367196;78.151474;-0.2413512;[ 2.4636629 79.940254  -0.2336958]
2.7770762;81.07635;-0.2428242;[ 2.3339176  82.87279    -0.23210493]
2.521214;80.85586;-0.22889589;[ 2.4205253  83.19196    -0.23259567]
3.258957;74.95619;-0.24986777;[ 2.5607743  76.371895   -0.23532245]
4.1154375;77.287506;-0.26475835;[ 2.4372268  78.49182    -0.23437336]
3.833964;70.24055;-0.25837532;[ 2.5856616  71.1163     -0.23748726]
3.6317625;74.74191;-0.24064755;[ 2.5383754  75.804085   -0.23574343]
3.8324134;71.79989;-0.23441997;[ 2.6964211  72.60463    -0.23728038]
3.1963959;75.34843;-0.2510461;[ 2.4999804  76.61814    -0.23513713]
3.8564532;67.69392;-0.24688384;[ 2.680546   68.14767    -0.23889028]
3.522856;81.346085;-0.24221024;[ 2.6160445  83.08131    -0.23223029]
3.894776;77.18816;-0.26660818;[ 2.6089015  78.47641    -0.23389964]
4.383313;76.06037;-0.25554037;[ 2.7775466 77.54046   -0.2351652]
4.5476074;76.62169;-0.27458063;[ 2.7476969  78.08512    -0.23474309]
3.5802212;70.5192;-0.26740858;[ 2.697399   71.297325   -0.23687424]
3.1043043;71.89581;-0.26543605;[ 2.7024734  73.07725    -0.23679969]
2.4793634;78.605064;-0.246227;[ 2.4538171  80.38332    -0.23359656]
2.6740127;76.23415;-0.22993028;[ 2.5764816 77.84644   -0.2348113]
2.9753602;65.196236;-0.26291013;[ 2.6979482  65.727295   -0.23972315]
1.6316142;79.96871;-0.2180405;[ 2.7217712  83.037056   -0.23183589]
2.2635787;82.50132;-0.24364322;[ 2.5977685  84.731575   -0.23074187]
3.7183976;77.07581;-0.26454484;[ 2.753966   79.03423    -0.23384126]
3.9320126;74.78307;-0.24323113;[ 2.9341822  75.551605   -0.23568827]
3.9161725;70.40727;-0.26369426;[ 2.8447375 71.86438   -0.2368117]
1.7134398;80.05112;-0.22825627;[ 2.7467458  82.69692    -0.23181793]
4.264755;78.65288;-0.30224848;[ 2.767794   80.40769    -0.23392758]
1.2796416;82.50869;-0.24865323;[ 2.6237247  84.43145    -0.23069723]
3.7680316;77.33022;-0.26887947;[ 2.7775397 78.84861   -0.2337128]
3.4487352;77.6044;-0.26615012;[ 2.7530901  78.9622     -0.23369214]
4.454052;69.616745;-0.26324534;[ 3.1146226  69.64647    -0.23866136]
4.2440987;71.91894;-0.30007613;[ 2.8628166  73.053474   -0.23700185]
3.9851751;74.55843;-0.25503355;[ 2.8471198  75.852715   -0.23520522]
4.380876;69.30092;-0.2744494;[ 3.0069256  70.185295   -0.23823313]
4.1568165;65.240944;-0.29268137;[ 3.0253823  65.95938    -0.23977229]
3.157235;72.28139;-0.26351833;[ 2.7521687  73.4461     -0.23651756]
2.6688476;77.13513;-0.2475096;[ 2.542042   78.67161    -0.23383835]
3.1383204;71.85895;-0.26402593;[ 2.7052922  73.0756     -0.23680362]
3.3094134;69.26388;-0.25271878;[ 2.841877   70.264015   -0.23811242]
2.3832948;70.37216;-0.25146118;[ 2.7044415  71.70174    -0.23654823]
3.696787;76.90117;-0.27639922;[ 2.737712   78.08854    -0.23471017]
2.7489781;76.53415;-0.24344897;[ 2.770577   77.87433    -0.23487563]
2.851947;72.29981;-0.26341438;[ 2.7573488  73.38612    -0.23648459]
3.400585;75.4467;-0.24231912;[ 2.7690556  76.24409    -0.23482893]
3.1776536;76.03281;-0.25335154;[ 2.723909   76.85528    -0.23431778]
3.869079;71.3947;-0.2624777;[ 2.7467077  71.72141    -0.23639238]
3.7252016;65.98156;-0.28169936;[ 2.9029155  66.014435   -0.23948427]
2.644755;77.41354;-0.2495642;[ 2.5387456 78.75173   -0.2338178]
2.8669946;71.88885;-0.2666112;[ 2.7053702 73.081375  -0.2368193]
3.4976301;75.1407;-0.24442667;[ 2.707718  75.88633   -0.2352606]
3.8727303;69.60035;-0.25837222;[ 2.8739905  70.21186    -0.23826295]
3.566545;65.53063;-0.28979245;[ 2.8528204 65.68638   -0.2398038]
2.2370572;78.555084;-0.24638781;[ 2.4568648  80.35427    -0.23358683]
3.0034432;76.24331;-0.24211802;[ 2.6260436  77.50581    -0.23501888]
2.3648477;72.25297;-0.24894515;[ 2.5929859  73.4694     -0.23634073]
3.1679988;70.57169;-0.25286415;[ 2.7118714  71.2881     -0.23725471]
2.5036461;69.226585;-0.2399384;[ 2.6843193  70.19807    -0.23800653]
1.8210368;80.88773;-0.22728269;[ 2.4891582  82.53297    -0.23186696]
0.5933517;90.3958;-0.24620211;[ 2.2138298 93.19254   -0.2273644]
1.0491567;87.73125;-0.2251054;[ 2.390855   90.00712    -0.22877128]
1.9516205;76.57571;-0.2390746;[ 2.4303842  78.531555   -0.23366214]
3.7833424;77.727875;-0.26489606;[ 2.4987886  80.00206    -0.23351784]
3.7940483;82.04712;-0.23947081;[ 2.56036    84.16175    -0.23182425]
3.6792812;74.881195;-0.24388899;[ 2.6840215  76.39251    -0.23542368]
2.0359752;69.87917;-0.2409961;[ 2.5932872  71.39077    -0.23606701]
3.564537;71.108864;-0.259259;[ 2.658335   72.66578    -0.23611726]
3.6491866;72.365906;-0.23787136;[ 2.9280338  72.64685    -0.23685172]
3.4087458;64.25425;-0.26101455;[ 2.7541182  65.66627    -0.23907928]
3.9190512;72.14719;-0.237323;[ 2.8555164  72.77091    -0.23720244]
2.131316;69.76146;-0.24062757;[ 2.5269425  71.21478    -0.23665081]
3.509757;64.03591;-0.26146385;[ 2.7013407  65.48113    -0.23955616]
3.726209;77.79817;-0.24449606;[ 2.6334128  80.13788    -0.23391223]
3.9898102;75.61862;-0.23586452;[ 2.8260176  76.29002    -0.23589079]
1.5557966;80.07718;-0.24188496;[ 2.3986049  81.79706    -0.23246408]
3.98735;74.31465;-0.26686457;[ 2.5736203  76.043365   -0.23538287]
4.094966;71.19966;-0.24720393;[ 2.7433321 72.36693   -0.2370923]
1.6786904;79.8097;-0.23687088;[ 2.4726434  81.53115    -0.23249644]
3.9555311;81.22129;-0.26706263;[ 2.4785848  83.49535    -0.23226872]
3.877242;77.854805;-0.24595298;[ 2.6381338  79.75184    -0.23404576]
3.6826825;76.20451;-0.23440485;[ 2.8178504  77.07625    -0.23511139]
1.2205703;80.21447;-0.23686959;[ 2.483465   81.75568    -0.23188737]
1.761774;73.09302;-0.24000455;[ 2.6411586 74.236435  -0.2350005]
4.037496;74.40704;-0.26313692;[ 2.577153   76.02461    -0.23536474]
4.100799;71.40028;-0.24340872;[ 2.7370608 72.72176   -0.2369453]
2.2397377;66.10843;-0.2350875;[ 2.3992865  67.54247    -0.23814735]
0.33521962;93.645454;-0.24854667;[ 1.9934298 96.22636   -0.2261459]
1.2955632;86.744995;-0.24184148;[ 2.1034594  89.00144    -0.22919223]
1.8109819;79.85774;-0.23791689;[ 2.2038903  81.80287    -0.23231056]
1.2687972;86.673935;-0.24075484;[ 2.1098282  88.74494    -0.22932291]
1.6610748;79.776054;-0.23699202;[ 2.2093747  81.76788    -0.23227234]
1.7456893;79.79374;-0.2372343;[ 2.2087815  81.56455    -0.23245114]
2.0473478;72.932335;-0.23477079;[ 2.3049445  74.69285    -0.23532912]
1.792665;84.21965;-0.2245173;[ 2.2268295  86.211655   -0.23055823]
1.6200069;80.28963;-0.2350564;[ 2.2417803  81.84597    -0.23205951]
1.9323316;73.44149;-0.2347201;[ 2.3356535  74.981346   -0.23496623]
4.2375093;74.6996;-0.24540488;[ 2.6911235  75.70846    -0.23548208]
1.8713347;76.27181;-0.24056062;[ 2.4547813  77.749626   -0.23360208]
4.224574;77.639305;-0.26814133;[ 2.5068502 79.29818   -0.2335737]
0.58619666;90.06728;-0.24940588;[ 2.2466702  92.327034   -0.22756459]
4.326555;84.47543;-0.27200073;[ 2.410063   86.71551    -0.23049505]
1.5344841;83.15639;-0.24264453;[ 2.3557289  84.96433    -0.23073931]
3.980275;77.56639;-0.26569274;[ 2.518451   79.336205   -0.23368198]
1.1655077;83.48575;-0.23931316;[ 2.3922853  85.27009    -0.23029917]
2.8686066;70.65222;-0.2400879;[ 2.4605215  71.77163    -0.23670666]
3.1559129;77.56156;-0.2394452;[ 2.360147  78.97367   -0.2335957]
2.8933566;70.62271;-0.23909706;[ 2.4665282  71.833305   -0.23658553]
3.6970234;74.85387;-0.24235584;[ 2.4915383  76.24712    -0.23517226]
2.928374;77.49468;-0.23867999;[ 2.3682508  79.06269    -0.23370376]
2.6587067;70.54787;-0.23834932;[ 2.4685147  71.921326   -0.23676983]
2.8796422;70.164246;-0.23950472;[ 2.4931521 71.135056  -0.2372592]
2.3961644;70.19195;-0.24028635;[ 2.5014627 71.15326   -0.2371172]
2.3658738;74.99586;-0.2519921;[ 2.4733188  75.9083     -0.23498787]
2.16612;72.311356;-0.24383968;[ 2.6554563  72.46087    -0.23677632]
3.890576;69.739075;-0.2583477;[ 2.5696518  70.752495   -0.23740862]
3.1218677;62.91053;-0.26321307;[ 2.6720695  63.646      -0.24031986]
3.5218117;80.87665;-0.23712869;[ 2.4618897 82.91988   -0.2325487]
3.9403324;76.558426;-0.25849837;[ 2.4774275  78.070786   -0.23437004]
2.388707;81.45355;-0.22643588;[ 2.446434  83.10507   -0.2323775]
3.2444754;69.62096;-0.26199326;[ 2.5797691  70.79371    -0.23746626]
2.4115195;74.63489;-0.22849166;[ 2.5398076 75.70753   -0.2354679]
3.8051605;74.52545;-0.24014068;[ 2.6344218  75.42948    -0.23555285]
3.441346;74.341934;-0.24027683;[ 2.6038702  75.92069    -0.23517781]
2.2823362;75.356766;-0.25086194;[ 2.5145435  76.321976   -0.23467222]
2.591447;70.46855;-0.2409187;[ 2.5307622  71.69466    -0.23680104]
1.7947913;79.51786;-0.24402446;[ 2.2036338  81.449684   -0.23253009]
1.5564259;86.04205;-0.24159624;[ 2.174675   88.47193    -0.22964786]
2.0900135;79.37257;-0.24694636;[ 2.199534   81.58369    -0.23266014]
2.1116552;77.054504;-0.2252595;[ 2.3453507  78.80596    -0.23394799]
1.6557901;79.83363;-0.24016805;[ 2.237574   81.84939    -0.23227538]
2.2287712;72.91817;-0.2422645;[ 2.331371   74.799904   -0.23530403]
2.3132079;65.74563;-0.24218924;[ 2.3951535  67.35783    -0.23846675]
0.27240157;86.410774;-0.2417462;[ 2.1735148  88.06931    -0.22991483]
1.6766406;78.90454;-0.23296571;[ 2.346426   80.389824   -0.23322286]
1.4031949;82.391365;-0.22496995;[ 2.2957637  84.94376    -0.23167856]
1.7002174;75.69589;-0.22464596;[ 2.4129364  77.622154   -0.23478626]
0.8648088;79.83714;-0.23124069;[ 2.315444   81.05079    -0.23264284]
0.2659576;86.42949;-0.2418626;[ 2.1730704  88.07592    -0.22991872]
1.3944111;82.42535;-0.22396624;[ 2.2979908  84.96372    -0.23165667]
1.5605009;82.71521;-0.22445968;[ 2.3045192  84.83404    -0.23172632]
1.2237266;79.47341;-0.2359488;[ 2.2835522 80.76965   -0.2330021]
1.3906631;79.60239;-0.23913169;[ 2.268125   80.705605   -0.23296203]
0.27138853;86.43593;-0.2418626;[ 2.1739697  88.06428    -0.22992525]
1.5021635;82.67757;-0.22265032;[ 2.3059924  84.92983    -0.23165691]
1.6673797;78.785446;-0.2318996;[ 2.3424416  80.49752    -0.23321626]
1.2047989;79.48042;-0.2359488;[ 2.2834668  80.79037    -0.23299275]
1.7364495;72.22152;-0.2318267;[ 2.4791193  73.55183    -0.23594028]
3.0671506;73.67938;-0.23494947;[ 2.4842992  74.38694    -0.23575318]
3.0484948;80.51138;-0.2331905;[ 2.3893933  81.77979    -0.23269302]
2.960873;78.39055;-0.24735633;[ 2.462626   79.25982    -0.23371564]
3.6836977;70.70307;-0.23794425;[ 2.692553   71.71958    -0.23709965]
2.7666016;66.70702;-0.23580772;[ 2.591205   67.24285    -0.23874432]
3.6706693;60.17424;-0.25522536;[ 2.7602296  59.529613   -0.24217874]
2.042346;72.6581;-0.23216926;[ 2.4094503  74.43079    -0.23599158]
2.0451488;76.06362;-0.24019836;[ 2.2808735  77.55849    -0.23425752]
1.4092908;82.98405;-0.2438922;[ 2.1804574  84.69799    -0.23122358]
1.7681328;76.00375;-0.23834226;[ 2.2885306  77.57165    -0.23418336]
1.8012164;79.49333;-0.22703911;[ 2.3066854  81.67259    -0.23286745]
1.8763905;75.76978;-0.23587751;[ 2.3532689 77.1983    -0.2343881]
1.7242765;79.477234;-0.22934757;[ 2.3167868  81.755745   -0.23295672]
1.8650341;75.93344;-0.23788236;[ 2.2941978  77.67678    -0.23428935]
2.1797056;69.08996;-0.23663841;[ 2.3863444  70.49376    -0.23720013]
1.4137192;83.43301;-0.24542907;[ 2.1705916  85.11443    -0.23106684]
1.8567393;80.05208;-0.22743835;[ 2.3139963  81.911545   -0.23277241]
1.262368;83.27209;-0.2416778;[ 2.1871862  85.15948    -0.23110001]
1.6648417;75.95405;-0.23564169;[ 2.3475442  77.686226   -0.23432516]
0.89611334;83.77791;-0.2362984;[ 2.2207294 85.38865   -0.2307714]
2.5872736;70.46167;-0.23383489;[ 2.6321244  71.30763    -0.23753196]
2.8759358;73.83345;-0.23439893;[ 2.5282311  74.764946   -0.23543373]
2.6801577;66.628105;-0.23586659;[ 2.5876303 67.28183   -0.2387282]
1.7788457;75.97165;-0.23940934;[ 2.2888665  77.54312    -0.23419319]
2.2841744;72.85379;-0.22972988;[ 2.4384062  74.12478    -0.23599797]
1.8334093;75.87324;-0.23897776;[ 2.292745   77.65151    -0.23432723]
1.5203098;79.93913;-0.22190525;[ 2.3371992  82.0982     -0.23276684]
2.328023;72.76898;-0.22975777;[ 2.438571   74.21157    -0.23619065]
1.6628071;76.27055;-0.23584737;[ 2.3251681  77.91247    -0.23398435]
1.362869;80.30698;-0.22252199;[ 2.3690238  82.42324    -0.23236084]
2.135108;69.02935;-0.23765075;[ 2.3846283  70.46949    -0.23723808]
1.3938339;81.12298;-0.22869176;[ 2.3166742  82.613625   -0.23204741]
1.847878;73.52113;-0.23617719;[ 2.490513   75.1439     -0.23525593]
0.29594946;87.95646;-0.22661145;[ 2.2207174  90.04404    -0.22895849]
1.7155952;77.60219;-0.22545454;[ 2.4774477  79.52048    -0.23375732]
1.7114948;73.86681;-0.23814204;[ 2.5302033 75.623276  -0.2349292]
1.8387058;75.525894;-0.24075279;[ 2.3564289  77.084946   -0.23469782]
0.21791303;89.873955;-0.2555541;[ 2.0905898  92.097176   -0.22838745]
1.5599053;82.35243;-0.24067575;[ 2.2654126  84.35577    -0.23169714]
1.7535403;76.07793;-0.24237233;[ 2.293275   77.55523    -0.23443727]
1.9161912;68.70376;-0.24027896;[ 2.4539936  70.083595   -0.23765758]
2.88491;73.643105;-0.23461053;[ 2.4758847 74.450676  -0.2358177]
3.5186598;70.36122;-0.23940937;[ 2.608511   71.819115   -0.23743269]
2.747641;66.205;-0.24135916;[ 2.6407864  66.90795    -0.23911992]
2.461462;70.27399;-0.23529637;[ 2.6361222 71.205574  -0.2375625]
2.462913;66.70183;-0.2379954;[ 2.583289   67.291725   -0.23875894]
2.9980755;63.47301;-0.24369568;[ 2.7185726  64.65151    -0.24035724]
2.037934;72.582184;-0.22910002;[ 2.4125383  74.41854    -0.23601185]
2.0021687;76.08794;-0.24117428;[ 2.2827246  77.47675    -0.23433062]
2.2926226;79.61499;-0.22828223;[ 2.3352413  81.27975    -0.23296522]
1.9667225;68.64212;-0.23756507;[ 2.4495254 70.05927   -0.2374756]
1.865711;79.42505;-0.22627129;[ 2.3178856  81.58955    -0.23290709]
1.4401459;82.925835;-0.24439488;[ 2.1902063  84.76719    -0.23132989]
1.4570801;86.25089;-0.22457975;[ 2.222117   88.988655   -0.22983187]
1.6640538;82.344795;-0.23825432;[ 2.257471   84.37321    -0.23152247]
2.3388782;72.70907;-0.22811916;[ 2.4412255 74.21354   -0.2361765]
1.7398291;75.47447;-0.23646826;[ 2.3579643  77.22114    -0.23458649]
0.87933785;83.28572;-0.23554555;[ 2.2296987  85.02716    -0.23090145]
2.266724;73.08146;-0.23010872;[ 2.4741266  74.51531    -0.23578738]
1.6768601;75.85051;-0.23860729;[ 2.391603  77.49445   -0.2342201]
2.085301;69.150116;-0.23730585;[ 2.3873153  70.4103     -0.23727284]
0.8990525;81.35819;-0.22814381;[ 2.3704543 82.991806  -0.2317462]
1.9287144;64.21234;-0.2424415;[ 2.7051644 64.46922   -0.2400471]
1.852595;76.48851;-0.23639314;[ 2.282068   77.87687    -0.23407273]
1.7308915;76.18377;-0.2342765;[ 2.346124   77.577      -0.23427157]
1.2420126;83.373505;-0.23703726;[ 2.1901562  85.1397     -0.23108119]
1.7935287;76.17299;-0.2342765;[ 2.34963    77.51353    -0.23429953]
1.8016968;76.65258;-0.2355979;[ 2.3829503  77.78723    -0.23391244]
1.7724218;69.74249;-0.23542292;[ 2.4780266 70.70945   -0.2369751]
1.3850386;83.09304;-0.24685442;[ 2.188371 84.7071   -0.231397]
1.6312599;75.93759;-0.23568451;[ 2.353139   77.37523    -0.23455209]
0.8758601;83.36624;-0.23624265;[ 2.236621   85.04705    -0.23108451]
1.5871731;76.32813;-0.23708853;[ 2.3859339  77.654366   -0.23418075]
1.7437147;76.454796;-0.2350078;[ 2.3798811  77.61992    -0.23408031]
1.9231449;62.322544;-0.24260643;[ 2.5963473  62.68128    -0.24062441]
1.373794;81.02182;-0.22817427;[ 2.313783   82.62673    -0.23212934]
2.1468406;77.78178;-0.22516657;[ 2.4643247  79.40102    -0.23375681]
1.855213;73.65555;-0.23508315;[ 2.4868023  75.06571    -0.23538873]
1.890491;74.66167;-0.22848746;[ 2.5617137  76.40271    -0.23508099]
2.8032525;69.24474;-0.24203943;[ 2.7941008  70.3975     -0.23779897]
2.749509;75.48087;-0.23660061;[ 2.5631514 77.15801   -0.234357 ]
3.0621428;65.826675;-0.23253049;[ 2.7851686  66.93199    -0.23919009]
1.9047277;74.61057;-0.24501607;[ 2.5142243  75.86132    -0.23502219]
0.27467585;91.32709;-0.2306823;[ 2.138464   94.11794    -0.22724965]
1.2912496;84.464294;-0.23580989;[ 2.2559168  86.67211    -0.23035623]
1.6455718;77.917755;-0.23657502;[ 2.377884   79.910835   -0.23307341]
2.084062;70.71818;-0.23911098;[ 2.441069  72.34028   -0.2363919]
2.8362613;70.20189;-0.23914628;[ 2.5053737  71.053      -0.23715752]
3.7544768;69.676125;-0.2596055;[ 2.566304  70.62176   -0.2373913]
2.6518366;76.962135;-0.2399227;[ 2.4076219  78.35897    -0.23422125]
2.1486368;74.9469;-0.2506532;[ 2.4654706  76.21535    -0.23498732]
3.2721457;69.56322;-0.26477015;[ 2.5689578 70.76437   -0.2374833]
2.8804913;77.03574;-0.23714052;[ 2.4147046  78.259605   -0.23420104]
2.5879421;70.12831;-0.24076627;[ 2.5057244  71.229294   -0.23728666]
2.8737788;77.40621;-0.23654914;[ 2.446283   78.58652    -0.23381689]
2.5936937;70.490036;-0.24070656;[ 2.540241   71.495445   -0.23692639]
2.5736175;63.39259;-0.24363759;[ 2.5963905  64.06006    -0.24019982]
4.8190746;75.42996;-0.24612758;[ 2.5745952  77.24003    -0.23436567]
3.6319647;74.823425;-0.23883119;[ 2.6890035  76.79211    -0.23428221]
1.3192332;86.563126;-0.2514963;[ 2.1093438  88.93896    -0.22952096]
0.8495958;86.96911;-0.23878066;[ 2.1418643  89.088      -0.22926548]
1.5504445;80.05676;-0.23855633;[ 2.2465525  82.07288    -0.23214996]
2.6785312;76.99486;-0.23671089;[ 2.3915915 78.28074   -0.2342487]
1.9542916;69.927376;-0.24456753;[ 2.5403528  71.35937    -0.23702051]
2.033907;80.99412;-0.23290837;[ 2.4420087 82.58136   -0.2325634]
1.8102871;76.73676;-0.24215487;[ 2.4524112  78.55083    -0.23405963]
2.140235;70.11771;-0.24311176;[ 2.5055206 71.30256   -0.2372149]
3.0017815;74.61169;-0.2372012;[ 2.561961   76.054535   -0.23554948]
3.2889109;74.64288;-0.23586504;[ 2.5408134  76.02085    -0.23560607]
2.2199044;72.59091;-0.24386217;[ 2.291449   74.329765   -0.23566966]
1.8113527;79.52907;-0.24576448;[ 2.2006462  81.5041     -0.23248732]
2.0661829;77.02604;-0.2243707;[ 2.3557248  78.892494   -0.23387542]
1.3714871;86.04909;-0.24069643;[ 2.1712604  88.561      -0.22955395]
1.2438853;86.363174;-0.25072894;[ 2.1099293  88.701614   -0.22954926]
1.6277807;79.85504;-0.23909134;[ 2.2391446  81.827065   -0.23231307]
2.0007691;77.55879;-0.23554982;[ 2.3397064  79.42321    -0.23348849]
1.3800765;84.452736;-0.23350747;[ 2.2280498 86.5536    -0.2305111]
1.8122839;77.54965;-0.23872726;[ 2.3819337  79.639046   -0.23325726]
0.26739502;91.272095;-0.23159756;[ 2.1331077  94.012764   -0.22736654]
1.974682;77.54405;-0.23824055;[ 2.3579016  79.56928    -0.23334353]
0.8457137;84.830154;-0.23398419;[ 2.2721364  87.12173    -0.22999743]
1.3713709;77.80654;-0.23820277;[ 2.4407692 79.65687   -0.2331043]
0.5593134;89.825455;-0.25335187;[ 2.2546093  92.02578    -0.22809945]
4.094297;77.81354;-0.25881398;[ 2.5607536  79.46589    -0.23374161]
4.24422;70.633194;-0.26859382;[ 2.6183972  71.95056    -0.23703238]
3.0754714;77.39865;-0.24220377;[ 2.3600163 78.91082   -0.2340329]
3.0191593;84.23548;-0.24093173;[ 2.2656462  86.30871    -0.23094143]
2.9094472;77.003555;-0.24334493;[ 2.4264596  79.06615    -0.23392738]
3.0150187;77.757805;-0.23926215;[ 2.4048634  79.41669    -0.23358487]
3.9012527;68.079994;-0.24365067;[ 2.6166327  69.10754    -0.23844348]
3.9431381;70.979675;-0.26236424;[ 2.609462   72.41494    -0.23661923]
4.092601;77.97584;-0.268496;[ 2.4955611 79.62696   -0.2336574]
1.9195374;76.60259;-0.24166937;[ 2.45841    77.91952    -0.23349285]
3.6931968;70.63487;-0.26782766;[ 2.6650848  72.26383    -0.23639145]
3.8192415;82.145706;-0.24995846;[ 2.5886388 83.68024   -0.232138 ]
1.3557416;83.446655;-0.24223725;[ 2.3638725 85.23391   -0.2305001]
1.708742;76.50479;-0.2395526;[ 2.4730968  78.055      -0.23349217]
1.2415154;84.050385;-0.24001601;[ 2.374185   85.78182    -0.23029116]
3.7822092;68.33044;-0.24928406;[ 2.7971191  69.05273    -0.23818053]
2.8853695;70.85818;-0.24095355;[ 2.4634948  72.11558    -0.23648764]
3.020351;77.855835;-0.24102029;[ 2.3547122  79.264275   -0.23354584]
2.5578809;70.854614;-0.24495341;[ 2.4624918  72.095634   -0.23652259]
2.6058283;74.864456;-0.24109562;[ 2.4962761  76.237526   -0.23493259]
2.4847915;70.48855;-0.24911067;[ 2.5041018  72.24572    -0.23633407]
3.0103629;84.69053;-0.24130276;[ 2.2589307 86.66854   -0.2304728]
2.5634716;77.69298;-0.24364996;[ 2.370154  79.38677   -0.2335243]
2.9340382;77.71095;-0.23928337;[ 2.3716607  79.30247    -0.23357148]
2.489397;71.24281;-0.244331;[ 2.5042968 72.53451   -0.2361909]
0.2743647;93.68413;-0.25456062;[ 1.9972644  96.41628    -0.22624688]
1.4358202;86.848854;-0.25042635;[ 2.0928907 89.022026  -0.2293119]
1.2340682;86.70886;-0.24565738;[ 2.1111376  89.04185    -0.22934374]
1.8230665;79.58255;-0.24352346;[ 2.2508738 81.8319    -0.2321568]
1.4353776;80.260735;-0.23668957;[ 2.247248  82.18009   -0.2319933]
2.0527797;72.91091;-0.23809336;[ 2.3096058  74.70272    -0.23525514]
1.3794552;80.74951;-0.23825283;[ 2.278975  82.48536   -0.2316114]
1.385508;83.653015;-0.24553192;[ 2.1674056  85.421715   -0.23115654]
1.7950443;76.22863;-0.24067302;[ 2.3327816  77.92753    -0.23412094]
1.402781;83.275894;-0.23659495;[ 2.241056   85.01111    -0.23122069]
1.7461953;83.231155;-0.23748073;[ 2.2317889  85.02048    -0.23123348]
1.5533066;83.05069;-0.23988329;[ 2.2438235 85.09179   -0.2311992]
1.2088596;83.52826;-0.24195541;[ 2.185646  85.46174   -0.2311594]
1.8163358;76.254036;-0.23579314;[ 2.3416862  77.78413    -0.23424861]
1.7981161;76.677216;-0.23582762;[ 2.3728092 78.0442    -0.2339128]
1.9587379;69.40208;-0.23643313;[ 2.4345062  70.61291    -0.23714352]
2.0537136;78.19997;-0.24381426;[ 2.2479138  82.83987    -0.23299766]
1.5381756;89.21873;-0.23125911;[ 2.1148708  94.37972    -0.22851948]
1.7866656;85.01159;-0.24196759;[ 2.1570873  90.062584   -0.23003295]
2.7700849;77.27203;-0.23826379;[ 2.39952    78.598045   -0.23396322]
26.540024;75.19528;-0.23415637;[ 2.7081478  74.7819     -0.23619592]
23.859467;72.148476;-0.23295158;[ 2.8520637  71.57896    -0.23779312]
3.345951;71.76339;-0.23589325;[ 2.7035232  72.752754   -0.23714489]
2.9122994;81.03931;-0.2347979;[ 2.4496686 82.84443   -0.232426 ]
2.4828804;76.815216;-0.24287891;[ 2.465302   78.54621    -0.23407857]
21.766338;74.61369;-0.23582514;[ 2.7066655  74.83754    -0.23615481]
3.5234482;67.58606;-0.23891473;[ 2.6849468  68.06465    -0.23874459]
1.8411531;79.18683;-0.24407133;[ 2.2588933  81.2799     -0.23260131]
2.0597606;72.37265;-0.24552655;[ 2.3559408 74.346054  -0.2355063]
0.28588414;93.33031;-0.2573538;[ 2.0045536  95.986015   -0.22647725]
2.0834603;83.36527;-0.23361008;[ 2.2561893  85.70017    -0.23098327]
1.2346764;86.42195;-0.24866554;[ 2.1135457  88.72239    -0.22951886]
1.8414658;79.58866;-0.24484602;[ 2.2149692  81.71685    -0.23243934]
1.364527;83.0038;-0.24998331;[ 2.185883   84.64619    -0.23151037]
1.7649311;79.64819;-0.2254128;[ 2.3253598  81.72653    -0.23300833]
1.5460199;82.665245;-0.23803264;[ 2.245262   84.57939    -0.23154631]
1.0059606;86.4769;-0.22373244;[ 2.231044   89.10719    -0.22993599]
2.0210516;83.67929;-0.22322214;[ 2.3989613  85.57789    -0.23156127]
1.7631408;79.49592;-0.22866414;[ 2.4134624  81.308876   -0.23319486]
1.1755711;82.93305;-0.24653032;[ 2.2001805  84.78144    -0.23147696]
1.7593989;75.76022;-0.2372878;[ 2.3506916  77.39245    -0.23456496]
3.999022;77.54147;-0.27175656;[ 2.5180748  78.97057    -0.23409522]
2.119345;79.65054;-0.23733887;[ 2.5061548 81.3823    -0.2326312]
1.3581597;86.53146;-0.23035872;[ 2.3927255 89.17234   -0.2294415]
1.5544786;82.24925;-0.24530819;[ 2.432398   84.423584   -0.23119059]
1.8696634;75.92769;-0.2446323;[ 2.461795   77.47982    -0.23402946]
2.8020623;77.50433;-0.24197473;[ 2.3618336  78.95861    -0.23395287]
3.72071;74.717445;-0.24048047;[ 2.5303025  75.942406   -0.23553023]
2.6338398;81.24573;-0.23163922;[ 2.395831  83.45814   -0.2323491]
2.6746569;76.93604;-0.24369171;[ 2.4316556 78.85569   -0.2340524]
4.1130857;70.53953;-0.26009318;[ 2.5286608  71.593155   -0.23716578]
2.7951458;77.81146;-0.23986273;[ 2.4074373  79.38571    -0.23356771]
3.3503318;75.85991;-0.24765325;[ 2.535714   77.18352    -0.23459795]
2.3044167;73.38934;-0.23097631;[ 2.4304953  74.60418    -0.23570538]
1.9621314;69.16883;-0.24084415;[ 2.4438412  70.4343     -0.23726185]
1.7881902;76.413994;-0.24005112;[ 2.2833738  77.85381    -0.23408233]
1.8549097;79.87201;-0.2275011;[ 2.3046079  81.871864   -0.23283312]
1.6238487;82.88341;-0.23975396;[ 2.252554   84.710304   -0.23134364]
1.2523026;83.22267;-0.24266842;[ 2.1922202  85.0774     -0.23115256]
1.4957538;82.73195;-0.2363814;[ 2.2427542  84.99182    -0.23109539]
1.9017553;80.22356;-0.22897153;[ 2.3393896  81.78669    -0.23279028]
1.3519611;83.544754;-0.24855143;[ 2.1728349  85.16237    -0.23138584]
1.3626418;82.95239;-0.238309;[ 2.244376   85.12562    -0.23125036]
1.6749624;76.52577;-0.23680148;[ 2.3794298  78.02201    -0.23404187]
1.7831806;76.66695;-0.24339305;[ 2.276872   78.1742     -0.23420483]
2.0421057;75.98552;-0.24241446;[ 2.2812378  77.4575     -0.23436922]
2.0783167;68.51386;-0.2385339;[ 2.435105   70.24348    -0.23741058]
1.391318;82.933716;-0.24701552;[ 2.1812243  84.6278     -0.23128553]
1.7864661;76.01988;-0.24076943;[ 2.2869244  77.552246   -0.23418933]
1.5606542;82.27096;-0.23663615;[ 2.2569711  84.4383     -0.23141468]
1.5517155;79.96382;-0.22274299;[ 2.335886   82.13141    -0.23274125]
1.6197808;79.47366;-0.22642533;[ 2.331644   81.62372    -0.23300269]
0.83786523;83.23584;-0.23510103;[ 2.2273502  85.03323    -0.23091695]
1.7029532;76.28969;-0.2356873;[ 2.3247287 77.90974   -0.2339958]
1.7799832;76.47461;-0.23953414;[ 2.2797673  77.95489    -0.23400752]
1.9798027;73.1926;-0.22887038;[ 2.424801 74.69053  -0.235783]
1.855463;76.031906;-0.23890804;[ 2.3398511  77.533226   -0.23425876]
1.6305325;82.86717;-0.2387001;[ 2.2471342  84.8356     -0.23124948]
1.6567781;75.936005;-0.23564169;[ 2.3497996  77.68683    -0.23430614]
1.5788168;76.290085;-0.2373372;[ 2.2942722  77.908516   -0.23419628]
1.8696042;80.192055;-0.22794393;[ 2.3408642 81.82218   -0.2327356]
1.7295353;75.95003;-0.23722465;[ 2.3496258  77.67219    -0.23430084]
1.6863549;80.03462;-0.22629304;[ 2.3331234  81.8834     -0.23285921]
0.90980434;83.778366;-0.23546879;[ 2.2187748  85.45733    -0.23072267]
1.7580336;80.68132;-0.22894947;[ 2.3725502  82.144714   -0.23233935]
2.0023153;69.43542;-0.236333;[ 2.3870308  70.735535   -0.23708199]
1.464746;82.27969;-0.23979206;[ 2.2609246  84.43603    -0.23172474]
1.3954694;82.33404;-0.23902479;[ 2.257406   84.57827    -0.23157565]
1.6508653;75.4702;-0.23903245;[ 2.3594396  77.33466    -0.23476106]
0.80420834;83.22413;-0.23818924;[ 2.228974   85.08407    -0.23117891]
1.5499251;75.81688;-0.23860377;[ 2.392381   77.6232     -0.23439452]
1.8590924;79.49219;-0.22713123;[ 2.3289928  81.57308    -0.23320812]
2.236868;79.547516;-0.23005985;[ 2.3375108  81.33588    -0.23324044]
1.8439759;68.01669;-0.2451126;[ 2.5181315  69.74225    -0.23778826]
1.4092865;82.310875;-0.2390723;[ 2.256026  84.555565  -0.2316206]
1.1908487;82.92918;-0.25044256;[ 2.1954658  84.808174   -0.23150957]
1.4306715;79.899536;-0.22554967;[ 2.373928   82.09618    -0.23273619]
1.5760832;75.774506;-0.2382633;[ 2.3923237  77.62275    -0.23442599]
1.9994856;72.69631;-0.2287547;[ 2.4324448  74.55769    -0.23605694]
2.0001018;68.58798;-0.24218589;[ 2.4512906  70.12855    -0.23770249]
1.8746326;75.85803;-0.24006282;[ 2.3423116  77.12118    -0.23464414]
2.1136854;72.73578;-0.23501348;[ 2.485637   74.03637    -0.23617074]
0.81280947;83.32137;-0.23733619;[ 2.2320418  85.06492    -0.23113571]
1.9889592;69.02562;-0.24037454;[ 2.442204  70.13826   -0.2375416]
0.23922467;91.96996;-0.22779483;[ 2.1317306  95.11201    -0.22717932]
1.3044131;81.77186;-0.24101184;[ 2.3866963  83.21974    -0.23182862]
1.2279464;85.170715;-0.22925097;[ 2.2428324  87.78997    -0.23025347]
1.2436912;75.133194;-0.24282654;[ 2.5384698  75.84081    -0.23478428]
1.6005213;72.3616;-0.2344658;[ 2.7130125  72.70031    -0.23644039]
2.9807239;75.8016;-0.23484778;[ 2.5049632 77.40258   -0.234376 ]
4.3025413;73.293205;-0.22460291;[ 2.6611218  74.60801    -0.23576993]
3.0666726;82.62027;-0.23213302;[ 2.4095945  84.864105   -0.23124693]
4.447357;80.09592;-0.22200938;[ 2.5666893  82.060265   -0.23264354]
1.3845031;84.34835;-0.2345321;[ 2.2345197  86.56316    -0.23041892]
1.4845533;84.29178;-0.23716184;[ 2.250434   86.75977    -0.23039591]
1.6819928;81.70722;-0.24238713;[ 2.4208498  83.2313     -0.23193406]
1.8206865;77.478714;-0.23688798;[ 2.3528323  79.557945   -0.23347515]
1.6826607;77.855675;-0.23724067;[ 2.3864708  79.859795   -0.23308206]
1.6462893;75.02979;-0.24445534;[ 2.5750458  75.74033    -0.23499997]
2.445772;70.15571;-0.24316013;[ 2.5551126  71.14545    -0.23731562]
3.0246677;77.12049;-0.23916623;[ 2.4092906  78.1675     -0.23450525]
4.3745394;67.10167;-0.25032032;[ 2.7366874 68.09409   -0.2389214]
3.622271;67.80817;-0.25068486;[ 2.6161711  68.51194    -0.23833951]
4.738757;67.252426;-0.25126055;[ 2.7306566 67.80516   -0.2390526]
2.4709442;76.96375;-0.24084857;[ 2.4661176 78.38384   -0.2343166]
3.043767;81.91509;-0.25138062;[ 2.3712206  83.51391    -0.23200019]
4.1656275;76.61866;-0.25877458;[ 2.480905   78.01374    -0.23456606]
3.8152857;81.048615;-0.23821616;[ 2.4796517  82.76328    -0.23283918]
4.13831;78.38735;-0.23471916;[ 2.6335223  80.06423    -0.23412783]
4.600454;73.88283;-0.24763805;[ 2.646741   75.37646    -0.23589636]
4.683522;76.79232;-0.26066595;[ 2.4786763  77.87049    -0.23459832]
4.9958215;74.05288;-0.24879771;[ 2.6366653  75.20454    -0.23594797]
5.0242004;69.235825;-0.26777488;[ 2.6506188  70.13766    -0.23789015]
2.6265774;74.68507;-0.25463593;[ 2.5366237  75.676056   -0.23526356]
3.4070234;69.543945;-0.26015487;[ 2.6393735  70.49926    -0.23767655]
2.9263828;75.18543;-0.25246584;[ 2.4698696  76.15531    -0.23511228]
3.7318132;74.63385;-0.23780842;[ 2.6206462  75.79125    -0.23552327]
4.553139;67.33364;-0.24832219;[ 2.795405   68.01638    -0.23886156]
3.124451;75.57305;-0.24831016;[ 2.5032723 76.451546  -0.2347629]
3.9503999;67.99127;-0.25072026;[ 2.6742163  68.41526    -0.23831306]
2.9183998;70.29403;-0.24086192;[ 2.510958  71.13504   -0.2373921]
3.8184948;63.27078;-0.26115033;[ 2.6676507  63.54199    -0.24057989]
1.8601147;78.28818;-0.23480669;[ 2.3759053  80.57321    -0.23316067]
1.8584085;74.72319;-0.2421253;[ 2.471113  75.57699   -0.2349585]
1.3110679;85.39081;-0.22967519;[ 2.2440662  87.7531     -0.23024085]
0.8640958;85.7619;-0.227586;[ 2.2667906  88.20614    -0.22985695]
2.0616245;72.506836;-0.24382095;[ 2.3443644  74.376564   -0.23565222]
1.3775048;86.43501;-0.2557505;[ 2.1015925  88.58512    -0.22984812]
1.8095164;79.616974;-0.24856803;[ 2.2034457  81.57566    -0.23269047]
1.8508167;72.48961;-0.24635328;[ 2.4098244  73.91188    -0.23576596]
1.3926591;86.186485;-0.24161251;[ 2.1644719  88.57255    -0.22971389]
1.8008395;79.31488;-0.24213754;[ 2.2560794  81.58207    -0.23267514]
1.5237634;86.19769;-0.24286294;[ 2.1691878  88.493324   -0.22980374]
1.567293;79.29814;-0.24450381;[ 2.3216395  81.08151    -0.23282011]
0.81166327;86.79438;-0.24030745;[ 2.1459587  89.096664   -0.22938535]
1.8737916;79.40381;-0.2413529;[ 2.2521925  81.34498    -0.23253323]
1.9209383;79.847;-0.24525236;[ 2.196699   81.68453    -0.23248912]
1.7677405;79.53285;-0.24233057;[ 2.2575414  81.574425   -0.23249057]
1.7352402;79.413315;-0.23974818;[ 2.2593467 81.53439   -0.2325352]
0.90277976;87.107666;-0.23993592;[ 2.139478   89.14265    -0.22916418]
1.6962271;79.85016;-0.24192749;[ 2.2928617  81.83349    -0.23214146]
1.9280856;80.70328;-0.22941333;[ 2.3336706 81.98467   -0.2327581]
1.8457289;76.25608;-0.23875977;[ 2.3329582  77.64049    -0.23431155]
1.8334652;76.21602;-0.23875977;[ 2.3371315  77.58495    -0.23431784]
1.9456098;73.46545;-0.23529108;[ 2.4939456  74.47283    -0.23578495]
0.23561883;90.44357;-0.25064468;[ 2.065894   92.893364   -0.22808312]
1.6684234;83.11204;-0.23838343;[ 2.2351756  85.157845   -0.23121135]
1.7468362;80.28783;-0.23244858;[ 2.4035344  81.67863    -0.23283382]
1.8010871;75.88846;-0.24232237;[ 2.3938134  77.54185    -0.23431297]
1.7206147;80.58507;-0.22818592;[ 2.3500462  81.99792    -0.23281854]
1.6966994;76.17456;-0.2370927;[ 2.3422523  77.78431    -0.23433577]
0.8504684;83.91063;-0.23640302;[ 2.210567   85.82112    -0.23081368]
2.0351152;68.65443;-0.24358535;[ 2.5756488  69.96581    -0.23701201]
1.8533363;75.76807;-0.24776739;[ 2.5278466  77.06486    -0.23405601]
4.1990395;70.29664;-0.26836511;[ 2.6828222  71.35783    -0.23716268]
3.9121256;74.75247;-0.24970996;[ 2.6669745  76.10748    -0.23535034]
3.2495189;70.45801;-0.26466492;[ 2.6730459  71.763336   -0.23689324]
4.561262;74.449844;-0.25232813;[ 2.7691343  75.35248    -0.23583092]
3.960164;70.30661;-0.26663378;[ 2.6873147 71.607475  -0.23716  ]
4.18744;79.31134;-0.2354387;[ 2.734703   80.66726    -0.23362994]
1.0615097;83.473694;-0.2421853;[ 2.395182   85.219086   -0.23061517]
3.9057822;70.70229;-0.26739478;[ 2.620355   72.052864   -0.23688698]
1.9176316;68.94478;-0.24870694;[ 2.6261988  70.137985   -0.23690803]
3.7971947;63.47335;-0.26834667;[ 2.7800317  64.45006    -0.24002892]
2.8913844;77.53772;-0.24175376;[ 2.3635864  78.9456     -0.23391236]
2.8926413;70.21345;-0.24716567;[ 2.5230029  71.433495   -0.23704053]
2.248809;70.42499;-0.24436107;[ 2.5141354  71.65031    -0.23684332]
4.121975;81.87733;-0.23857212;[ 2.4069753  83.75051    -0.23223117]
2.8346593;74.8164;-0.23711632;[ 2.5609858  76.19358    -0.23513064]
2.7363472;70.64743;-0.24263798;[ 2.4663947  71.88554    -0.23682962]
2.5927613;63.465004;-0.24871051;[ 2.617719   64.55022    -0.23989321]
1.8006666;79.555084;-0.22747086;[ 2.3182416  81.66441    -0.23309807]
1.8543239;75.513374;-0.24138768;[ 2.3521113 77.10099   -0.2347878]
0.22231424;89.822205;-0.2549708;[ 2.0903635  92.05667    -0.22844273]
1.6480806;82.411095;-0.23902649;[ 2.255415   84.36547    -0.23164493]
1.7152741;75.53559;-0.24023326;[ 2.3589997  77.299065   -0.23478583]
1.7460299;75.59053;-0.23787655;[ 2.354454   77.27949    -0.23464695]
1.8028197;79.99407;-0.22905162;[ 2.3828099  81.74026    -0.23283292]
2.0907578;72.73732;-0.23343128;[ 2.5476966  73.86715    -0.23619856]
2.3845432;72.81555;-0.23172562;[ 2.4411397  74.24909    -0.23613922]
1.8455131;78.41175;-0.23472065;[ 2.377098   80.71818    -0.23298225]
1.3250906;85.22156;-0.2317626;[ 2.284675  88.05037   -0.2299366]
1.2612435;85.26746;-0.2306613;[ 2.2446325  87.81802    -0.23018274]
0.8373913;85.608795;-0.22931464;[ 2.269561   88.29986    -0.22972688]
1.4563901;78.52998;-0.23393048;[ 2.4355867  80.67151    -0.23291136]
1.3446548;84.43965;-0.23698184;[ 2.2448263 86.63087   -0.2306894]
1.9126025;74.99086;-0.24105036;[ 2.5292833  75.879585   -0.23534687]
0.76898885;84.82316;-0.23362905;[ 2.289852   87.129845   -0.23023781]
2.07882;68.318054;-0.24544929;[ 2.6399493  68.33082    -0.23855777]
3.506959;74.25807;-0.23666462;[ 2.56928    75.47161    -0.23591018]
2.7477465;75.24396;-0.2519598;[ 2.4652936  75.92858    -0.23512775]
2.22632;70.24951;-0.24225038;[ 2.5489523  70.957634   -0.23744096]
2.6362498;83.9615;-0.23628482;[ 2.3086433 85.72599   -0.2313382]
3.4041896;81.07674;-0.23512678;[ 2.4739113  82.9242     -0.23278372]
3.0545833;69.693306;-0.26203692;[ 2.6217942  70.69545    -0.23754953]
3.2221088;74.22085;-0.238232;[ 2.586138  75.535706  -0.2358349]
2.1920724;75.25126;-0.25037974;[ 2.4730623  76.10964    -0.23511036]
3.3141394;69.93355;-0.26010782;[ 2.5729961  70.894005   -0.23752731]
1.9695504;70.206406;-0.24420553;[ 2.5576513  71.09017    -0.23739393]
2.2080977;70.3059;-0.24243324;[ 2.606813  71.06272   -0.2372141]
2.376148;68.417114;-0.2529179;[ 2.5641544  68.9525     -0.23801452]
3.1982403;63.19887;-0.26157972;[ 2.663033   63.74853    -0.24041736]
1.8081226;79.42641;-0.24215864;[ 2.2525704  81.36277    -0.23262921]
1.8441834;79.45796;-0.24157165;[ 2.2591608  81.20376    -0.23279278]
1.9638488;72.62125;-0.24208382;[ 2.358451  74.24837   -0.2356714]
0.23188567;93.32173;-0.2614845;[ 2.0075133  96.00857    -0.22667396]
1.4330313;86.36798;-0.25577995;[ 2.1083713 88.73094   -0.2298053]
1.8798751;79.378815;-0.24297604;[ 2.2538555  81.23504    -0.23283069]
1.2201438;86.45397;-0.2526754;[ 2.1164365  88.71395    -0.22974302]
1.7789164;79.492386;-0.24126592;[ 2.2613692  81.226715   -0.23278055]
1.967973;72.57529;-0.24354118;[ 2.3483963 74.29584   -0.2357311]
1.465992;79.84227;-0.24029489;[ 2.3006918  81.69416    -0.23239705]
1.7112393;79.88072;-0.240852;[ 2.2941678  81.50252    -0.23242451]
2.1521268;75.22734;-0.24020065;[ 2.5211468  75.63552    -0.23535055]
1.8077329;82.02548;-0.23914976;[ 2.428337   82.99801    -0.23227173]
1.7735434;77.79831;-0.23897281;[ 2.4033294  79.49876    -0.23347232]
0.83722806;84.931366;-0.23441114;[ 2.2843485  87.20482    -0.23014359]
1.8039675;77.71564;-0.23804492;[ 2.3508697  79.52154    -0.23350869]
1.7777685;79.5436;-0.24230158;[ 2.257428   81.447014   -0.23278612]
1.8303787;72.65996;-0.24420764;[ 2.4008539  73.96477    -0.23585078]
1.8734695;72.57672;-0.2473336;[ 2.4052253  73.46363    -0.23612255]
1.7831658;72.37173;-0.24569073;[ 2.422105   73.875824   -0.23580351]
1.4643223;79.50682;-0.24212508;[ 2.3062823  81.31139    -0.23277588]
1.7862085;72.63226;-0.24669051;[ 2.4097285  73.79565    -0.23599735]
1.7267281;73.04114;-0.24437958;[ 2.443116   74.08659    -0.23565444]
1.992482;72.94603;-0.2423147;[ 2.3497698  74.28895    -0.23575568]
3.0318487;77.65915;-0.24091943;[ 2.3533254  79.35163    -0.23339203]
2.84356;84.47827;-0.2415496;[ 2.2581468  86.73698    -0.23034142]
2.585199;77.848114;-0.24125794;[ 2.4051378  79.53582    -0.23308969]
2.469758;70.96274;-0.24274601;[ 2.5003269  72.39368    -0.23622116]
2.4234343;64.15948;-0.24480544;[ 2.5927937 65.400826  -0.2392131]
2.7290003;80.98746;-0.2413522;[ 2.3437724  82.83999    -0.23230666]
2.4797258;74.37356;-0.24135682;[ 2.4908106  75.62626    -0.23506786]
2.9193726;74.16756;-0.24143052;[ 2.4393141  75.46442    -0.23535065]
2.880714;81.07892;-0.23931114;[ 2.3474674  82.809814   -0.23228653]
2.528116;73.9021;-0.23946944;[ 2.5097508  75.169975   -0.23546211]
2.6391544;74.436646;-0.24008386;[ 2.4934015  75.5973     -0.23505512]
2.4605138;67.30027;-0.2438413;[ 2.6439528  68.15549    -0.23820886]
2.7789855;70.877174;-0.23886484;[ 2.5786173  72.1832     -0.23705113]
2.0009592;80.07638;-0.237283;[ 2.5083117  81.52165    -0.23245354]
1.7946255;75.73436;-0.24696143;[ 2.520795   77.35943    -0.23397759]
4.1222486;81.97588;-0.23867187;[ 2.5691092  83.91532    -0.23223178]
4.2506685;81.567894;-0.2493141;[ 2.5732455  83.36677    -0.23233984]
4.0200424;75.1468;-0.24188247;[ 2.66562    76.48914    -0.23531027]
4.0129576;78.0301;-0.25864965;[ 2.563038   79.454475   -0.23360127]
0.5173011;89.99472;-0.25421697;[ 2.2540064 92.2382    -0.2281233]
1.742567;82.787025;-0.24504964;[ 2.4140394  84.41657    -0.23129219]
4.0684223;77.516106;-0.26075932;[ 2.5807853  79.092064   -0.23408325]
0.42942262;92.18912;-0.23893528;[ 1.9133055  97.534676   -0.22750966]
1.1121416;85.65204;-0.23834215;[ 2.06679    90.37035    -0.23026341]
2.5180564;73.1349;-0.27948633;[ 2.7828236  74.25385    -0.23602554]
2.6677215;81.02376;-0.24064869;[ 2.5295126 82.59259   -0.2324124]
3.4085584;77.88059;-0.24311596;[ 2.711416   79.27369    -0.23388952]
3.9584243;73.33234;-0.26212245;[ 2.7304294 74.44521   -0.2354648]
3.6227775;67.76419;-0.28649426;[ 2.893342   68.599556   -0.23859052]
2.2438786;71.912506;-0.2561941;[ 2.7115707 72.76726   -0.2359446]
2.5265412;74.19553;-0.24343938;[ 2.6273127  75.05336    -0.23556778]
3.292551;71.05957;-0.24589896;[ 2.8087752  71.77427    -0.23701705]
2.0450902;75.12544;-0.24247298;[ 2.5673327  76.362625   -0.23525015]
2.5739808;65.26088;-0.24956352;[ 2.8228648  65.852394   -0.23992233]
2.8681726;74.592926;-0.23529333;[ 2.5628464 75.51567   -0.2356465]
3.5367959;74.554535;-0.24022216;[ 2.56184    75.81227    -0.23562971]
2.7218015;84.4088;-0.23769273;[ 2.3017995 86.31283   -0.2310211]
3.4090765;81.63957;-0.23796219;[ 2.481273   82.87701    -0.23282968]
3.5321534;78.65786;-0.23213801;[ 2.6482742  79.474556   -0.23437656]
3.3402774;74.344185;-0.23895207;[ 2.6472745 75.11549   -0.235963 ]
2.4317458;74.15387;-0.24679849;[ 2.6544142  75.158745   -0.23606819]
6.226649;75.02981;-0.23207963;[ 2.5548422  76.30612    -0.23525177]
3.3864715;75.10084;-0.23620988;[ 2.6287127 75.69984   -0.2355665]
3.5663927;71.883415;-0.23594117;[ 2.7377336  72.57932    -0.23727974]
1.9679983;83.77704;-0.23258553;[ 2.2583249  85.58765    -0.23117585]
1.8751837;79.4731;-0.2428799;[ 2.252565   81.46941    -0.23259822]
1.9710251;79.931274;-0.2498529;[ 2.1975136  81.9546     -0.23251307]
2.2056332;76.94559;-0.23430754;[ 2.3625674 78.564125  -0.2340664]
0.24002624;93.59108;-0.25957802;[ 1.9978099 96.36555   -0.2265574]
1.6325576;86.29392;-0.24272579;[ 2.163056   88.641426   -0.22966817]
1.2638146;86.76365;-0.2554546;[ 2.1023297  89.34457    -0.22944675]
0.9877893;86.580185;-0.2407435;[ 2.1615877  89.09475    -0.22939849]
4.0872326;70.529205;-0.2643734;[ 2.6775293  72.14472    -0.23670667]
1.2880061;82.95155;-0.24283713;[ 2.421078   85.2168     -0.23065627]
4.0515356;77.689644;-0.27338386;[ 2.5029604  79.945335   -0.23387928]
3.5412467;82.04414;-0.2371203;[ 2.55301    84.52243    -0.23225102]
3.4181538;75.55084;-0.23809205;[ 2.7178898  77.19591    -0.23478265]
2.0065422;76.62598;-0.24592611;[ 2.4233456  78.2813     -0.23399782]
2.2311494;75.38895;-0.23046947;[ 2.5632827  77.01573    -0.23474889]
3.1529624;70.71463;-0.24474105;[ 2.4570572  72.23258    -0.23674637]
2.2069793;72.89192;-0.24073434;[ 2.2884126  74.57627    -0.23525429]
2.099792;77.16319;-0.2264087;[ 2.3385284 78.90869   -0.2336423]
0.28220928;93.454926;-0.2536465;[ 1.9931238  96.481544   -0.22614434]
1.4510745;86.61932;-0.24962594;[ 2.0901172  89.0575     -0.22920993]
2.0301342;79.71806;-0.24299456;[ 2.1940856 81.814415  -0.2323165]
1.7927545;83.993126;-0.22447807;[ 2.2447033  86.2087     -0.23064847]
2.212782;72.82685;-0.23942289;[ 2.293739   74.74947    -0.23531514]
0.96139413;86.90689;-0.23763701;[ 2.1486     89.1191     -0.22896461]
2.359644;66.04463;-0.23967977;[ 2.389496   67.521      -0.23821113]
0.2081554;89.9941;-0.25266778;[ 2.0796359  92.58178    -0.22810712]
1.6676768;76.587875;-0.23756382;[ 2.3265412  77.9891     -0.23388158]
1.9937503;73.2175;-0.2299777;[ 2.422999   74.56446    -0.23582184]
1.4040549;83.248;-0.24450648;[ 2.1795583  85.15481    -0.23113282]
0.9505218;83.48068;-0.23560935;[ 2.238148   85.17748    -0.23091893]
1.7456888;76.34686;-0.23673613;[ 2.3878784  77.72858    -0.23407187]
2.8274424;77.5837;-0.23748367;[ 2.4532404  78.85287    -0.23378783]
2.7295775;82.02928;-0.25179127;[ 2.3726761  83.67399    -0.23179993]
3.6650352;81.01542;-0.23904498;[ 2.4723957  82.93113    -0.23260036]
2.4411726;75.208466;-0.25151858;[ 2.4620607  76.47192    -0.23476222]
2.8729339;77.277275;-0.23878969;[ 2.401484  78.614296  -0.2341243]
3.520157;74.19513;-0.24092953;[ 2.5669668  75.502205   -0.23570397]
3.3639202;67.37517;-0.24353181;[ 2.659749  68.17202   -0.2387459]
3.2972217;63.137344;-0.2614801;[ 2.6600745  63.63971    -0.24033561]
2.0410664;72.60196;-0.24360764;[ 2.3537848  74.50338    -0.23536411]
1.7750145;79.42278;-0.24192886;[ 2.2632675 81.65393   -0.2324631]
2.2579591;72.85586;-0.24612546;[ 2.2909422  74.60174    -0.23551561]
2.1970325;77.0407;-0.23579088;[ 2.3323188  78.67301    -0.23365435]
2.0047896;72.65564;-0.24510124;[ 2.3440945  74.71049    -0.23500124]
2.1864753;73.15331;-0.24096197;[ 2.288702   74.82435    -0.23513041]
0.29245985;93.737114;-0.2537691;[ 1.9901634 96.55191   -0.2262162]
1.926834;79.992455;-0.24269745;[ 2.1944804 82.06489   -0.232191 ]
2.0082643;83.87468;-0.2333618;[ 2.2396135  85.9313     -0.23068698]
1.8202039;79.479576;-0.24330786;[ 2.251784  81.8359    -0.2321431]
1.7157873;80.33228;-0.2390667;[ 2.2395175  81.96695    -0.23194037]
2.0472302;73.44712;-0.2396487;[ 2.3379083  75.05709    -0.23484167]
0.55400956;90.199356;-0.252089;[ 2.2438612  92.612465   -0.22766036]
4.441484;77.13167;-0.26790005;[ 2.592671  79.05601   -0.2338587]
1.2211598;83.61353;-0.24151653;[ 2.3984003  85.387215   -0.23039459]
4.2281957;78.030075;-0.25944442;[ 2.5625105  79.72053    -0.23337528]
1.5570201;83.35488;-0.24673286;[ 2.3416092  85.18308    -0.23073828]
4.1415086;74.579346;-0.25461495;[ 2.6703873  76.04181    -0.23527355]
1.956516;76.51055;-0.2457155;[ 2.4380631  77.857735   -0.23371762]
1.9722509;68.9588;-0.24992003;[ 2.622418   70.424866   -0.23653711]
3.7380447;63.48737;-0.26925617;[ 2.7755163  64.71207    -0.23968014]
3.073829;84.55823;-0.2398624;[ 2.260676   86.77745    -0.23054194]
3.9364076;81.88603;-0.2403691;[ 2.4072835 83.87162   -0.2321254]
2.9641716;81.32622;-0.2378861;[ 2.4157476  83.428085   -0.23213318]
2.9642444;77.97123;-0.23944601;[ 2.4096513  79.54978    -0.23331419]
3.084167;77.71375;-0.240729;[ 2.3570907  79.35756    -0.23361999]
2.7679741;74.49524;-0.24026035;[ 2.510155  76.05579   -0.2351954]
3.030365;70.86962;-0.24253303;[ 2.4518476  72.05254    -0.23660107]
2.574175;63.470284;-0.24991935;[ 2.6140106  64.782616   -0.23957944]
1.6164159;82.50424;-0.2394763;[ 2.2549112  84.81757    -0.23147196]
1.5205736;86.485306;-0.22515273;[ 2.225568   89.37511    -0.22982292]
1.5072796;82.44806;-0.23802906;[ 2.2611232  84.68431    -0.23140852]
1.3950877;83.16265;-0.24874254;[ 2.1794467  85.049706   -0.23125193]
1.7879988;79.70372;-0.22749488;[ 2.3222923  81.83342    -0.23290592]
2.2503657;79.79217;-0.22944191;[ 2.3337252  81.70646    -0.23293288]
1.8332194;75.626495;-0.23847196;[ 2.3514087  77.46662    -0.23436706]
1.6624023;76.598656;-0.23689358;[ 2.3245494  78.022514   -0.23387681]
2.2683702;73.30089;-0.23116557;[ 2.4763052  74.68766    -0.23559013]
1.8999808;69.18059;-0.24126072;[ 2.4858406  70.578186   -0.23714449]
1.8670961;73.1386;-0.22941859;[ 2.4675922  74.91259    -0.23556133]
1.9811153;76.31818;-0.24400249;[ 2.2733264  77.76623    -0.23422739]
0.22454214;91.4473;-0.234152;[ 2.141807   94.50493    -0.22725494]
0.7966155;84.926056;-0.23357362;[ 2.2919183  87.272575   -0.23000863]
1.6199057;78.10506;-0.23621765;[ 2.3833761  79.999565   -0.23299995]
1.9687684;77.791595;-0.23669662;[ 2.3342857  79.65408    -0.23342603]
1.984585;68.29846;-0.24762055;[ 2.6107063  69.18023    -0.23780063]
2.1798003;81.335625;-0.23358715;[ 2.4536996  82.94639    -0.23244074]
3.1480992;74.56496;-0.23969021;[ 2.6164534 76.14274   -0.2352018]
2.6084213;77.33569;-0.23730947;[ 2.392948   78.8535     -0.23412576]
2.418925;70.73251;-0.24029213;[ 2.5358992 71.85101   -0.2366636]
3.2325292;67.517166;-0.24114509;[ 2.6560042  68.541504   -0.23873134]
3.4774954;63.300156;-0.2602942;[ 2.6563957  63.897903   -0.24029645]
2.42788;67.67783;-0.23919986;[ 2.6370492  68.339745   -0.23848635]
2.0013502;79.79895;-0.24873121;[ 2.1912076  81.67219    -0.23250923]
2.0252845;72.672195;-0.24401942;[ 2.3499336  74.263306   -0.23540626]
1.4175127;86.63969;-0.25433034;[ 2.0954485 88.99934   -0.2295156]
2.0363193;79.68295;-0.24824867;[ 2.1947773  81.80834    -0.23258075]
2.082721;73.182594;-0.24255319;[ 2.3345044 74.88845   -0.2351887]
1.9315209;72.95478;-0.2434978;[ 2.3981905  74.595146   -0.23516603]
2.1508837;65.7763;-0.24687065;[ 2.4389927  67.375824   -0.23828338]
1.8443768;77.791824;-0.23886783;[ 2.3916352  79.84505    -0.23314549]
1.8843685;71.17854;-0.24085897;[ 2.543372   72.52122    -0.23609005]
0.18949497;93.55176;-0.26255783;[ 2.0072405  96.42353    -0.22662818]
1.5423645;86.54492;-0.24255402;[ 2.1562865  88.84512    -0.22968394]
1.7847226;79.61689;-0.24223553;[ 2.2600658  81.57629    -0.23260684]
1.9028648;79.7227;-0.2418599;[ 2.2524552 81.46811   -0.2327363]
1.8207928;72.85293;-0.24408412;[ 2.4129822  74.14593    -0.23561409]
1.9847075;79.858826;-0.25172237;[ 2.19819    81.68552    -0.23272252]
2.056444;72.90161;-0.24342161;[ 2.3461573  74.20103    -0.23569927]
2.0043094;65.5852;-0.247863;[ 2.51667    66.79052    -0.23852676]
1.5876248;83.82764;-0.24245338;[ 2.309498   85.71939    -0.23058204]
3.8700588;79.442566;-0.23945236;[ 2.7337053  80.471535   -0.23364133]
3.9885564;75.02141;-0.25422996;[ 2.650887   76.57481    -0.23481813]
3.7489395;74.99801;-0.24714395;[ 2.7538238  76.1565     -0.23517244]
3.7955217;70.579285;-0.26743466;[ 2.6641648  72.504684   -0.23621583]
0.618714;90.64306;-0.24604613;[ 2.210489  93.22717   -0.2274601]
1.4271054;87.57008;-0.23523404;[ 2.3837779  89.84768    -0.22872104]
3.678162;82.897;-0.24216618;[ 2.5674376  84.38538    -0.23161486]
1.2253574;83.88683;-0.24016196;[ 2.3919077  85.75321    -0.22999576]
1.556415;76.99074;-0.24121559;[ 2.4961689 78.72143   -0.2329146]
3.855554;71.35289;-0.26086816;[ 2.6588547  72.950645   -0.23596148]
2.7002442;70.43476;-0.24917082;[ 2.5063121  72.288795   -0.23628306]
2.832996;84.73868;-0.24190332;[ 2.2551441  86.82285    -0.23040205]
2.919764;77.816696;-0.24086814;[ 2.36314   79.66866   -0.2333961]
2.5323782;81.7122;-0.23938505;[ 2.4022253  83.66044    -0.23181225]
5.3392577;87.62273;-0.26271546;[  2.4998608  109.42904     -0.22481427]
5.3531003;84.6332;-0.25289458;[  2.58343    100.81423     -0.22812505]
1.7618302;86.703316;-0.24529374;[  2.7685053  135.10074     -0.21398495]
3.4592402;78.70862;-0.2518209;[ 2.2591114  78.73757    -0.23531489]
3.7589426;79.412895;-0.24829827;[ 2.2355123 79.38589   -0.2349112]
3.9522426;76.14401;-0.26666534;[ 2.6830797  77.71662    -0.23473835]
3.9880724;73.23199;-0.258136;[ 2.8562799  74.237404   -0.23622152]
3.773131;68.78559;-0.27069646;[ 2.8554103  69.8869     -0.23778884]
2.8074958;75.33684;-0.24811623;[ 2.6230361  77.28297    -0.23412424]
2.908671;75.11714;-0.24685733;[ 2.559041   77.10465    -0.23463821]
2.6937418;67.77126;-0.25508368;[ 2.7347736  69.4564     -0.23748416]
1.9177117;79.886215;-0.24545701;[ 2.1902294  82.01656    -0.23229371]
1.5437688;80.171745;-0.24009958;[ 2.2415173  82.19063    -0.23201975]
3.6165383;81.795;-0.2499814;[ 2.5894492  83.313736   -0.23260184]
1.4424539;83.08263;-0.24804074;[ 2.3665257 84.9761    -0.2308639]
3.8513036;74.720375;-0.25186658;[ 2.690708   75.96242    -0.23545364]
1.6030492;82.73795;-0.24511321;[ 2.4180274  84.574295   -0.23097968]
3.6465814;70.35656;-0.2650259;[ 2.6851254  71.72404    -0.23700373]
3.709342;79.74656;-0.23408994;[ 2.7577763  80.54052    -0.23382074]
1.6573538;76.5464;-0.24262847;[ 2.5157118  77.90621    -0.23352489]
3.656802;71.09834;-0.26108035;[ 2.667024   72.300316   -0.23661149]
3.6737983;72.027176;-0.2437093;[ 2.8566775  72.48448    -0.23720865]
3.6879125;70.79347;-0.26926598;[ 2.6173     72.036354   -0.23691621]
2.6174066;74.71892;-0.23841745;[ 2.5188398  75.86868    -0.23532738]
2.4587798;74.65973;-0.23985898;[ 2.5261796  76.11286    -0.23532721]
2.4833367;77.17484;-0.24271236;[ 2.424189   78.86867    -0.23386225]
2.2524154;70.29693;-0.24734835;[ 2.5186472  71.901085   -0.23686977]
2.5258365;77.92791;-0.23947427;[ 2.4047506  79.46667    -0.23346204]
2.4478776;67.82935;-0.24235629;[ 2.6188595 68.7934    -0.2383675]
1.39301;83.60333;-0.24619302;[ 2.1630995  85.501274   -0.23112991]
2.1075006;77.84244;-0.22791123;[ 2.4949949 78.73769   -0.2342575]
1.9676068;73.48158;-0.23529108;[ 2.4926136  74.4498     -0.23581918]
0.23385167;90.42568;-0.25064468;[ 2.0658317  92.89605    -0.22808574]
1.7096869;80.59396;-0.22818592;[ 2.3490696  82.02997    -0.23280016]
1.6445596;83.102264;-0.23880866;[ 2.2412384  84.94232    -0.23129146]
1.824205;80.248314;-0.23199123;[ 2.3999605  81.696846   -0.23282197]
1.7656783;76.168365;-0.2370927;[ 2.3430152 77.78295   -0.2343391]
1.0670174;83.86925;-0.23659909;[ 2.2212238  85.54439    -0.23089173]
1.6126152;81.00342;-0.22861245;[ 2.3806543  82.295166   -0.23241562]
1.7016214;76.64382;-0.23873119;[ 2.3749306  78.10218    -0.23393866]
1.3931653;83.16765;-0.24849546;[ 2.1736138  85.042      -0.23132008]
2.2168627;77.21882;-0.22632499;[ 2.4974353  78.33906    -0.23450336]
1.8256631;75.96044;-0.23921178;[ 2.3434048  77.57979    -0.23448527]
1.8811371;68.70039;-0.24396902;[ 2.5002856  70.10929    -0.23748991]
0.96301997;87.3654;-0.2214647;[ 2.2294407  89.83835    -0.22963814]
1.1477927;86.8737;-0.22492373;[ 2.2254028  89.229774   -0.22985882]
1.6816803;79.888466;-0.23256895;[ 2.4163315 81.46848   -0.2330626]
1.74007;75.522026;-0.24205756;[ 2.4091983  77.24932    -0.23461616]
1.9301128;73.22458;-0.2246415;[ 2.48815    74.8657     -0.23572679]
1.3902057;80.7867;-0.22196873;[ 2.3786337  82.62538    -0.23240392]
2.1916397;73.30918;-0.23130146;[ 2.4403644  74.47121    -0.23595215]
0.19626307;90.11563;-0.25686833;[ 2.086049   92.4381     -0.22844824]
1.6271571;80.04457;-0.23268066;[ 2.4089756  81.490974   -0.23314044]
1.7977853;75.87687;-0.24051665;[ 2.3970459  77.20486    -0.23460753]
1.4993701;76.42262;-0.23856406;[ 2.3847852 77.840836  -0.2342948]
1.6923672;76.64526;-0.23731424;[ 2.3786492  77.77917    -0.23421362]
1.3679836;83.28778;-0.2515429;[ 2.182067   85.0405     -0.23150823]
1.7762592;76.10954;-0.23939009;[ 2.3360496  77.58866    -0.23458229]
1.9364104;73.21359;-0.2356048;[ 2.5012734  74.17269    -0.23618284]
1.9748588;73.44489;-0.23406565;[ 2.4948387  74.14129    -0.23610081]
1.8491966;75.95991;-0.24183655;[ 2.345365   77.447365   -0.23453613]
3.331036;73.763084;-0.27301824;[ 2.849976  75.35621   -0.2348726]
4.2616377;68.29166;-0.29830915;[ 3.0050807  69.63317    -0.23800007]
3.6484325;75.69869;-0.2447189;[ 3.0053804  76.25353    -0.23520063]
3.6892428;74.50997;-0.27032033;[ 2.7379818  75.91996    -0.23505007]
4.27658;68.925995;-0.29666418;[ 2.9054925  70.32094    -0.23797469]
1.9160223;76.92914;-0.24244067;[ 2.7529001 78.177635  -0.2333583]
4.0125055;71.45111;-0.2609548;[ 2.9140465  72.45095    -0.23640905]
4.1009407;61.55509;-0.29870692;[ 3.0975876  62.410675   -0.24094218]
3.3606472;72.46738;-0.25810724;[ 2.8316712  73.79174    -0.23639122]
3.1147137;73.60352;-0.2470065;[ 2.8347101  74.55667    -0.23601621]
2.2199879;74.55135;-0.24823658;[ 2.654998  75.79872   -0.2345227]
2.4343326;71.11947;-0.24674791;[ 2.7657955 72.21274   -0.2363295]
2.2213016;79.22925;-0.24094395;[ 2.0987008  83.17135    -0.23345892]
1.999087;78.66084;-0.24314256;[ 2.2484446  83.12673    -0.23282988]
1.6359087;85.487625;-0.24128541;[ 2.1550531 90.47985   -0.2297629]
2.8083062;70.48601;-0.2394786;[ 2.4803758 72.00592   -0.2367999]
5.9062805;74.42938;-0.23449357;[ 2.5609303  75.806404   -0.23559318]
3.2726111;74.56647;-0.23827751;[ 2.5602236 75.67478   -0.2356557]
3.0151548;67.1883;-0.24304192;[ 2.7335675 68.04244   -0.238733 ]
3.3940587;81.36699;-0.23703669;[ 2.4640598  83.11004    -0.23256607]
2.411762;76.85591;-0.24163607;[ 2.4619164  78.7949     -0.23384352]
3.2652016;67.864006;-0.24054526;[ 2.7129214  68.63299    -0.23840658]
2.2842236;72.80249;-0.2428714;[ 2.2888594  74.8187     -0.23527406]
2.0411873;72.43101;-0.2446561;[ 2.3581927  74.45811    -0.23533845]
1.4999142;86.11493;-0.24228674;[ 2.1698508  88.60198    -0.22950274]
1.001276;86.92866;-0.23959886;[ 2.1440725  89.05573    -0.22909255]
2.0975258;73.13666;-0.24164814;[ 2.3360243  74.9773     -0.23508465]
2.016923;80.17335;-0.22737676;[ 2.3327177  81.80308    -0.23285937]
1.9238131;80.2462;-0.23158659;[ 2.3380103  81.680305   -0.23282787]
2.2030225;77.20481;-0.22607525;[ 2.4963057 78.415245  -0.2344225]
0.22712326;90.04919;-0.25287434;[ 2.0780835  92.45914    -0.22822204]
0.9938482;87.00006;-0.22425917;[ 2.2299304  89.231514   -0.22979559]
1.6750653;80.08059;-0.22568755;[ 2.329018   82.01458    -0.23290399]
1.890941;73.49367;-0.22646007;[ 2.488261  74.71025   -0.2358509]
1.033807;83.47157;-0.23775299;[ 2.2330408  85.10249    -0.23105083]
1.5995015;76.56081;-0.23830293;[ 2.326242   78.01669    -0.23411328]
2.0468922;73.54108;-0.22933817;[ 2.4826496  74.771385   -0.23571792]
1.907475;69.40169;-0.2406033;[ 2.4734979  70.6795     -0.23719046]
2.0666027;73.242226;-0.22789276;[ 2.420196   74.76046    -0.23588909]
2.8381212;81.467964;-0.24225904;[ 2.483145   83.387184   -0.23183961]
2.8880005;78.20715;-0.24208131;[ 2.6583548  79.90099    -0.23325115]
2.9759989;73.64435;-0.243948;[ 2.8358858  74.58169    -0.23600475]
2.824726;74.679535;-0.24382117;[ 2.6575873  76.00784    -0.23435427]
4.2226586;70.72097;-0.2485076;[ 2.9983914  70.82347    -0.23836212]
2.4576938;66.98636;-0.25254515;[ 2.7746854  68.24328    -0.23780105]
2.4150586;61.481262;-0.25641564;[ 2.7772639  62.349747   -0.24086036]
0.5478337;86.90461;-0.24475868;[ 2.3047714  89.06571    -0.22950724]
1.3443213;83.422485;-0.22843456;[ 2.472051   85.51524    -0.23111138]
3.945566;77.7068;-0.24409576;[ 2.6409938  79.64971    -0.23420067]
4.1929727;77.79265;-0.2459124;[ 2.6366177  79.93531    -0.23410706]
3.604116;73.6626;-0.26137936;[ 2.6581032  75.57174    -0.23575993]
3.1704795;77.67307;-0.24307358;[ 2.622644   80.21302    -0.23408642]
4.01529;77.935394;-0.24734776;[ 2.6520112  79.68768    -0.23397015]
3.9337277;75.79013;-0.23609272;[ 2.8140872  76.89662    -0.23532055]
3.3386543;71.666855;-0.24300228;[ 2.8309152  72.600655   -0.23695487]
1.21883;80.129616;-0.23759472;[ 2.4797738  81.70811    -0.23198383]
1.626209;72.71578;-0.24263714;[ 2.6479933  74.13633    -0.23525968]
1.5473415;80.08423;-0.24205108;[ 2.401752   81.59982    -0.23262203]
1.7898326;76.57426;-0.2313369;[ 2.5678244 78.09249   -0.2341903]
2.1633103;76.72308;-0.23264672;[ 2.5591984  78.2438     -0.23424646]
3.2640464;70.870056;-0.24693711;[ 2.7219677 72.70867   -0.2371947]
2.4893644;73.52214;-0.24177977;[ 2.516567  75.12855   -0.2356753]
2.6347353;73.39993;-0.24246338;[ 2.5154805  75.078674   -0.23558101]
2.9282024;71.07198;-0.2378517;[ 2.6400583  72.33833    -0.23676604]
1.9869165;70.95334;-0.23747075;[ 2.630944   72.58721    -0.23671784]
2.751474;70.72287;-0.23747984;[ 2.5783365  72.19647    -0.23710899]
3.3084989;70.828766;-0.23666158;[ 2.5939813  72.05222    -0.23711093]
2.2168972;70.70581;-0.23613234;[ 2.5826619  72.28753    -0.23709401]
1.355333;82.56655;-0.23991092;[ 2.2598677 84.706184  -0.2316693]
1.538763;76.392746;-0.23752208;[ 2.382401   77.8708     -0.23431264]
1.815092;76.101494;-0.23939362;[ 2.3320422  77.61106    -0.23466264]
3.0591564;75.72194;-0.24909112;[ 2.4861066  77.07914    -0.23460199]
2.760457;74.674706;-0.23873153;[ 2.5129774  75.99537    -0.23525526]
3.9831848;77.46548;-0.26298726;[ 2.4214785  78.83961    -0.23394985]
3.2364345;75.63621;-0.24964625;[ 2.4896734  77.19316    -0.23472475]
2.7715316;84.54577;-0.24037658;[ 2.25616    86.73037    -0.23066929]
2.87214;77.58306;-0.24151462;[ 2.3586574  79.476295   -0.23377074]
3.5222788;68.19185;-0.24426794;[ 2.619871   69.03986    -0.23836887]
2.8645673;70.73923;-0.2434201;[ 2.4526317 72.16473   -0.2367751]
2.6469092;77.45826;-0.24165446;[ 2.4234505 79.123405  -0.2339277]
3.5655255;81.95128;-0.23990674;[ 2.4339185  83.62408    -0.23242262]
3.5484078;70.55644;-0.2597535;[ 2.5698924  71.3833     -0.23722586]
2.5467973;70.589096;-0.24536555;[ 2.5159032  71.617325   -0.23706509]
3.0750837;75.80332;-0.24990605;[ 2.4884017  77.16964    -0.23478366]
0.55956197;88.37999;-0.23643361;[ 2.3643062  91.008286   -0.22862785]
3.3344612;77.244644;-0.24965025;[ 2.818962   78.480644   -0.23447752]
1.1260004;81.65718;-0.23681131;[ 2.5377276  83.65091    -0.23114978]
3.6927924;76.055214;-0.25408095;[ 2.7029302  77.85319    -0.23421526]
3.071712;66.30969;-0.26678583;[ 3.0025814  66.42937    -0.23922426]
3.4556005;70.667305;-0.24939927;[ 3.0191488  70.67415    -0.23798256]
4.0197887;75.8238;-0.25650972;[ 2.6399748  77.65592    -0.23477852]
2.1521175;76.06128;-0.2366268;[ 2.746587  76.860954  -0.2345095]
3.3611217;66.247505;-0.26822516;[ 2.9308474  66.900986   -0.23910639]
2.7000115;82.47741;-0.23643668;[ 2.4040458  84.80039    -0.23147914]
2.0987108;72.90425;-0.24867846;[ 2.6831872  74.01542    -0.23606263]
2.4030676;75.898926;-0.2397649;[ 2.54781    77.685295   -0.23416023]
3.7741013;77.68138;-0.2616195;[ 2.588226   79.286385   -0.23400553]
0.48304057;89.89697;-0.25253412;[ 2.2570553  92.29652    -0.22814858]
4.04896;75.0749;-0.2495344;[ 2.6633086  76.26327    -0.23550415]
1.7838734;76.032394;-0.24443486;[ 2.5246887  77.68142    -0.23393081]
1.855417;75.7795;-0.24574661;[ 2.513382   77.404495   -0.23417972]
4.051202;77.78987;-0.27116475;[ 2.5161839 79.29519   -0.2342   ]
4.0510116;74.807236;-0.25033656;[ 2.6819794  75.92362    -0.23573014]
1.3582561;85.73076;-0.23980805;[ 2.1330848  90.581184   -0.22994651]
2.3882627;70.33417;-0.24138477;[ 2.5454469  71.395256   -0.23714164]
3.3429148;81.43204;-0.23736879;[ 2.4725177  83.079185   -0.23281625]
5.4803705;74.19191;-0.23856452;[ 2.5526097  75.90378    -0.23544239]
5.132348;74.92737;-0.23461927;[ 2.5547874  76.40097    -0.23522143]
3.1543727;74.837135;-0.23869212;[ 2.622638   75.812195   -0.23550841]
5.065327;67.54205;-0.23939702;[ 2.703542   68.749016   -0.23825207]
3.070218;67.43973;-0.24191657;[ 2.7269444  68.102066   -0.23882878]
2.9596205;67.49569;-0.24062702;[ 2.7279062  67.8574     -0.23905613]
5.9538493;74.49797;-0.23490389;[ 2.567643   75.813965   -0.23583767]
1.7759216;79.585724;-0.24228007;[ 2.2531044 81.47402   -0.2325374]
1.8890346;79.529175;-0.2429325;[ 2.2530909  81.218796   -0.23268464]
1.9761949;79.81778;-0.2492195;[ 2.1964736  81.88245    -0.23252569]
2.042694;72.72017;-0.24360682;[ 2.3499029  74.51371    -0.23544773]
0.24882495;93.5438;-0.25959736;[ 1.9971739  96.37429    -0.22650695]
1.7011027;79.54174;-0.24188462;[ 2.2591753  81.68777    -0.23252556]
1.7631845;86.347946;-0.24433617;[ 2.1570194  88.55377    -0.22967653]
1.9377884;79.5056;-0.24255827;[ 2.2596924  81.46582    -0.23263493]
0.9186113;86.99129;-0.24047415;[ 2.147647  89.14878   -0.2292575]
0.19212282;90.1233;-0.25686833;[ 2.0862532 92.44001   -0.2284503]
1.6062388;75.806114;-0.24058501;[ 2.3978212  77.38247    -0.23462889]
1.8040229;75.76526;-0.24081707;[ 2.399064   77.17166    -0.23470643]
0.94711053;83.5511;-0.23849563;[ 2.2362008  85.19959    -0.23121397]
1.6235791;76.38666;-0.23900315;[ 2.3835766  77.82757    -0.23431298]
1.9795566;73.12431;-0.23105435;[ 2.4970472  74.3088     -0.23607738]
1.8549868;68.98455;-0.24253634;[ 2.4875169 70.22351   -0.2375455]
2.125297;78.9317;-0.25568622;[ 2.6061327  79.89707    -0.23328592]
3.502777;73.33954;-0.24274392;[ 2.8734708  74.004814   -0.23657134]
3.673136;71.68803;-0.24577759;[ 2.8773663  72.083954   -0.23674561]
2.4531744;74.31182;-0.24285196;[ 2.6856403 75.71598   -0.2347498]
4.283471;71.03483;-0.25570968;[ 2.9248853 71.647026  -0.2368572]
2.1029704;72.31694;-0.25611746;[ 2.7684557  72.752235   -0.23571515]
3.5228264;67.027245;-0.26425993;[ 2.856583   67.978676   -0.23796754]
4.4123306;76.369286;-0.25002995;[ 2.9446533  76.72906    -0.23568512]
4.517688;65.611755;-0.26155055;[ 3.0331197  66.1769     -0.24032752]
3.674606;68.56004;-0.25989187;[ 2.7688825 70.1101    -0.2383143]
2.0938993;72.125114;-0.25755358;[ 2.7026095  72.48421    -0.23636514]
3.2950122;66.45466;-0.27932477;[ 2.8783498  66.72626    -0.23930725]
3.5775967;65.746155;-0.2569071;[ 2.9568448  66.17284    -0.23982333]
1.8839401;66.95956;-0.2507578;[ 2.7884834 68.10992   -0.2380566]
2.7050138;75.19232;-0.24244407;[ 2.5521     76.7787     -0.23517646]
3.3075314;72.160645;-0.2437426;[ 2.718117   73.90203    -0.23668869]
3.4638538;67.8638;-0.26104948;[ 2.7266731  68.98908    -0.23842488]
2.737801;72.408;-0.24137668;[ 2.7105908 73.36911   -0.2366113]
3.3644614;70.18251;-0.23631783;[ 2.8939185  70.876      -0.23793544]
3.4844859;61.611813;-0.26578653;[ 2.864916   61.979633   -0.24096775]
2.7832303;68.39086;-0.24560693;[ 2.6468484  69.37734    -0.23826936]
2.5344582;66.30068;-0.25616887;[ 2.7297022  66.495995   -0.23912728]
3.2999873;61.345177;-0.26464644;[ 2.8206804  61.65684    -0.24145778]
2.7512903;65.585014;-0.24484333;[ 2.8014412  66.05916    -0.23965068]
4.0171423;77.820206;-0.27262932;[ 2.4948056  79.76371    -0.23381372]
3.815326;79.45334;-0.23767139;[ 2.754696   80.18102    -0.23400787]
3.8571243;75.02823;-0.2457337;[ 2.7592964  75.7381     -0.23556711]
3.6834726;74.95178;-0.2481884;[ 2.6554816  76.55448    -0.23532517]
3.8176434;81.85902;-0.24912342;[ 2.5739117  83.70435    -0.23213382]
3.6998577;79.03007;-0.2398656;[ 2.7579284  80.18717    -0.23397188]
3.7094808;74.930275;-0.25174868;[ 2.678324   76.38044    -0.23527236]
3.8680692;77.42851;-0.26492396;[ 2.577295   79.29684    -0.23367816]
3.7396092;74.6469;-0.24877255;[ 2.7623181  75.731544   -0.23555997]
3.6487494;79.77289;-0.23438877;[ 2.7589347  80.70104    -0.23373507]
2.5916378;75.47519;-0.24410544;[ 2.7438421 76.54101   -0.2350382]
3.6929948;75.21173;-0.24653731;[ 2.746149   76.29583    -0.23515514]
3.419639;75.186356;-0.24755487;[ 2.7215352  76.64718    -0.23481457]
3.9486063;67.82767;-0.25161812;[ 2.8562853 68.43714   -0.238545 ]
3.7985268;68.12209;-0.24929424;[ 2.8506174  68.67675    -0.23857684]
3.8841248;70.89962;-0.26959038;[ 2.5997338  72.47457    -0.23693094]
3.805625;68.10452;-0.25464368;[ 2.7734742  69.03308    -0.23830095]
2.6842592;84.49593;-0.2426523;[ 2.2619662 86.71913   -0.2306345]
1.9893026;77.35005;-0.24320488;[ 2.4290557  79.06191    -0.23378614]
2.4600513;74.77642;-0.23985901;[ 2.5217159  76.19936    -0.23523489]
2.4736786;70.36471;-0.24858561;[ 2.5097632  72.081215   -0.23670301]
2.4321153;70.95457;-0.24642324;[ 2.498503   72.5153     -0.23639177]
2.7026727;84.59027;-0.24121262;[ 2.2619104 86.73206   -0.2309367]
3.6987717;79.18826;-0.23385626;[ 2.600345   80.4075     -0.23396507]
2.794619;77.75796;-0.24226342;[ 2.3577075  79.32861    -0.23401733]
3.7167704;75.264145;-0.23975247;[ 2.5294602 76.367714  -0.2355331]
3.8023477;68.255424;-0.25042936;[ 2.6727962  68.4565     -0.23861603]
3.9493525;82.77939;-0.25319052;[ 2.5246353  85.494514   -0.23157051]
3.6469984;80.78644;-0.23591478;[ 2.709814   82.37265    -0.23275988]
1.1505334;81.75572;-0.23734818;[ 2.5267615  83.93202    -0.23103149]
3.8278363;70.28818;-0.2509195;[ 3.0177438 70.23533   -0.2381445]
4.035648;73.35518;-0.24260303;[ 2.8873334 74.29258   -0.2362383]
1.5410738;81.72798;-0.23738964;[ 2.4436924  83.82098    -0.23172131]
4.063989;75.97353;-0.255867;[ 2.6239216  77.97182    -0.23470171]
1.8809013;71.465866;-0.25113583;[ 2.763512   72.15903    -0.23629808]
4.1924167;68.940544;-0.2611124;[ 2.8007414 70.45794   -0.2374101]
2.5077114;75.97562;-0.24026178;[ 2.5400844  77.89677    -0.23400867]
2.9710875;68.78338;-0.24551705;[ 2.6422467  70.3913     -0.23724072]
1.5351763;83.44353;-0.24325146;[ 2.3852987  85.21397    -0.23113874]
3.6527886;82.64076;-0.24286984;[ 2.5831833  84.13685    -0.23217769]
1.4397728;76.325836;-0.24439402;[ 2.5826542  77.51028    -0.23379317]
3.9712224;79.523544;-0.23628418;[ 2.7617435  80.12998    -0.23425761]
4.0339327;75.14521;-0.24523894;[ 2.7629151  75.80577    -0.23575252]
1.5331435;83.63396;-0.24780247;[ 2.327056   85.38967    -0.23118585]
1.8283527;69.31671;-0.24997601;[ 2.661698   70.16256    -0.23695613]
1.722552;69.0375;-0.24835894;[ 2.6835306 70.020775  -0.2369275]
2.1319904;77.581665;-0.2423148;[ 2.4184306  79.16663    -0.23390241]
2.7114491;70.27614;-0.2494755;[ 2.5881243  71.50222    -0.23700777]
2.4345543;77.94915;-0.24352895;[ 2.4104683  79.68876    -0.23347746]
2.3689823;70.763954;-0.24483718;[ 2.5127935 71.809975  -0.2369512]
2.944389;63.608284;-0.2521279;[ 2.677677   64.39805    -0.23986918]
1.4157207;79.77918;-0.2371844;[ 2.253931   81.20404    -0.23269278]
1.8264709;76.02069;-0.22473924;[ 2.386444   77.99763    -0.23447226]
0.2691673;86.58873;-0.23974809;[ 2.1582189  88.54934    -0.22969271]
1.781722;76.231445;-0.2246619;[ 2.4076238 77.876305  -0.2346098]
1.932089;72.11735;-0.23203686;[ 2.4317493  73.7042     -0.23607819]
1.8614427;69.55383;-0.22669694;[ 2.5697699  70.64258    -0.23760386]
1.0978179;79.992424;-0.23099843;[ 2.3180442  81.06243    -0.23257916]
1.7845883;76.65814;-0.22495687;[ 2.4669955  77.70516    -0.23432752]
2.3081622;69.736664;-0.22619252;[ 2.5608165 70.61327   -0.2374146]
2.649624;69.40877;-0.2257044;[ 2.5097039  70.65084    -0.23747785]
2.7863708;73.9089;-0.23475337;[ 2.4647264  75.019005   -0.23549934]
3.7540936;66.160774;-0.2551027;[ 2.6479225  67.16378    -0.23889323]
2.9093816;80.71756;-0.23306143;[ 2.3695352  82.39439    -0.23244774]
2.592451;78.46447;-0.24737449;[ 2.4547248 79.63905   -0.2334913]
2.3298779;77.411644;-0.2324057;[ 2.514099   78.93247    -0.23421371]
2.3851223;71.54822;-0.24593993;[ 2.5520904  72.51487    -0.23656258]
2.1578357;69.66191;-0.23453166;[ 2.7126794  69.660034   -0.23795184]
2.8281488;76.20863;-0.23147848;[ 2.581525   76.85462    -0.23450255]
2.577048;71.956024;-0.24709721;[ 2.597543   72.32715    -0.23642083]
4.1918125;63.540535;-0.24377184;[ 2.8833025  63.494076   -0.24075788]
3.5505533;63.846928;-0.24052426;[ 2.7796183  64.79417    -0.24009654]
3.5934913;60.437332;-0.2563894;[ 2.7901807  60.091778   -0.24184182]
2.4772239;64.741646;-0.2478835;[ 2.644682   65.30374    -0.23949051]
1.8516437;75.88281;-0.23589851;[ 2.3427815  77.561      -0.23417884]
1.8065872;80.43599;-0.2243625;[ 2.3225467 82.16212   -0.2325444]
2.033897;72.99175;-0.23134933;[ 2.4140441  74.59609    -0.23581429]
0.27209103;90.01987;-0.24642266;[ 2.0706694 92.52859   -0.2279588]
1.7277229;79.82294;-0.22852558;[ 2.3215072  81.877266   -0.23282486]
1.6998534;80.332954;-0.22409567;[ 2.325728  82.29325   -0.2326262]
1.4210279;83.110245;-0.24098244;[ 2.1766698  85.23203    -0.23110163]
1.0850865;83.440414;-0.23475108;[ 2.2310226  85.04572    -0.23084411]
1.6709652;76.53544;-0.23524415;[ 2.3245776  77.925606   -0.23392256]
1.6198866;76.53132;-0.23471235;[ 2.3262322  77.91359    -0.23394695]
1.4138668;79.74948;-0.23715106;[ 2.2540624  81.20139    -0.23268871]
1.7993094;76.27384;-0.22627565;[ 2.3997107  77.748405   -0.23451011]
2.0183737;73.649;-0.2210216;[ 2.5599716  74.782394   -0.23603223]
0.30060208;83.19284;-0.23252612;[ 2.2464004 84.556816  -0.2314451]
1.5850306;78.983475;-0.2217469;[ 2.3695118 81.31211   -0.233291 ]
1.5422418;79.35684;-0.224075;[ 2.383816   80.99358    -0.23337245]
1.1564074;76.57292;-0.22733437;[ 2.4039714  77.121704   -0.23430239]
1.8180742;72.860374;-0.2234188;[ 2.4856553  73.78869    -0.23623699]
1.8038267;65.042206;-0.23459688;[ 2.6370554  66.15808    -0.23971096]
1.515035;79.34856;-0.2220939;[ 2.3853161  81.080696   -0.23330693]
1.7005736;75.499596;-0.22711316;[ 2.421004   76.951866   -0.23468569]
1.8271561;72.57004;-0.22269356;[ 2.4731114  74.00594    -0.23621021]
1.798211;72.53958;-0.22571078;[ 2.476383   73.701      -0.23637335]
1.8016422;73.08903;-0.22375304;[ 2.4663568  74.013054   -0.23600157]
1.6350757;72.9836;-0.22263707;[ 2.4806223  73.98484    -0.23617563]
1.285335;77.19418;-0.22156127;[ 2.3949687 77.55787   -0.2338479]
1.7985518;73.11819;-0.22292414;[ 2.4560423  74.22716    -0.23593856]
1.7931379;73.07917;-0.22288835;[ 2.464887   74.08485    -0.23596573]
1.5841717;79.80793;-0.22021332;[ 2.3570955  81.682045   -0.23288566]
1.564662;80.15204;-0.22217804;[ 2.3755352  81.32984    -0.23296344]
1.8162706;69.97527;-0.22449261;[ 2.4427054 70.42603   -0.2370542]
1.5570264;72.46686;-0.22567792;[ 2.5208569  73.904755   -0.23620555]
1.1089776;76.55081;-0.22742411;[ 2.4043627  77.114716   -0.23429628]
1.4115707;76.34389;-0.2322537;[ 2.3412127  77.23437    -0.23441775]
3.9052334;73.94251;-0.23398007;[ 2.5822868  75.84538    -0.23575696]
3.0517683;70.66931;-0.23319447;[ 2.6070175  71.01881    -0.23701729]
3.2086966;67.32134;-0.23320588;[ 2.7487473  67.76076    -0.23873986]
2.8186014;70.47091;-0.23299116;[ 2.5466504  71.105934   -0.23719683]
1.7781047;75.97708;-0.22751294;[ 2.3920023  77.69193    -0.23461312]
1.6833972;79.0829;-0.23186229;[ 2.334505   80.8331     -0.23299095]
1.1254966;80.00302;-0.23099843;[ 2.3175879  81.080635   -0.23257345]
1.6732557;73.09689;-0.23135795;[ 2.412655   73.947395   -0.23568399]
1.7437751;72.549774;-0.23240861;[ 2.4790154  73.536934   -0.23589513]
1.948484;69.0769;-0.2295382;[ 2.4887514  70.5361     -0.23773086]
2.0541701;65.32793;-0.2332435;[ 2.5248544  66.47391    -0.23901089]
1.8363845;72.70195;-0.23334634;[ 2.4147708  74.06783    -0.23567227]
1.8261577;76.664055;-0.22717202;[ 2.3918724  78.057335   -0.23444942]
0.28622174;86.9964;-0.23922166;[ 2.1455486 89.00468   -0.2295389]
1.653778;79.52486;-0.23246065;[ 2.3218029  81.30817    -0.23272829]
1.8572843;73.18584;-0.23394823;[ 2.3535864 74.4074    -0.2355429]
1.9067733;69.7191;-0.22859769;[ 2.4994564  70.81793    -0.23750855]
3.6234946;74.58707;-0.23464835;[ 2.5638115  75.1038     -0.23543844]
2.3430939;72.42658;-0.22697291;[ 2.6809168  72.71313    -0.23629263]
3.2576504;68.09026;-0.23708312;[ 2.7040958 67.94891   -0.2382514]
1.4747636;78.561676;-0.22170597;[ 2.2990181  79.904884   -0.23288399]
1.7881807;75.13653;-0.22211276;[ 2.4374797  76.52113    -0.23473807]
1.798889;75.07789;-0.22211276;[ 2.4379456  76.502846   -0.23473528]
3.350771;77.20552;-0.23082168;[ 2.4578724  78.34792    -0.23412149]
2.657775;73.91424;-0.23099366;[ 2.6011117  74.82815    -0.23603864]
3.602326;73.95836;-0.22906162;[ 2.6041603  75.011894   -0.23584944]
3.726654;69.81746;-0.23495346;[ 2.6319506  70.555885   -0.23751488]
3.2772083;72.062584;-0.22380415;[ 2.7737505  72.11406    -0.23718779]
3.897174;67.92685;-0.22856295;[ 2.7955985  67.693726   -0.23888284]
3.150758;70.5961;-0.2327219;[ 2.6151667  70.84212    -0.23707859]
3.1340425;67.44843;-0.23415312;[ 2.7556376 67.5755    -0.2388255]
3.6001058;67.156944;-0.24130096;[ 2.687052   67.90702    -0.23899604]
3.9152107;67.48826;-0.23839228;[ 2.6958745  68.049324   -0.23882337]
1.8009778;76.23188;-0.22636563;[ 2.3926299  77.79998    -0.23451589]
1.8149611;76.35628;-0.22691798;[ 2.3983545  77.70966    -0.23454683]
1.8130875;76.24533;-0.2267628;[ 2.4025197  77.86744    -0.23464489]
0.269099;86.504486;-0.23893204;[ 2.1584609  88.55224    -0.22969003]
1.9171183;72.156204;-0.23315127;[ 2.4276412  73.73168    -0.23603864]
1.992089;72.73263;-0.23513372;[ 2.3551319 74.06118   -0.2357369]
2.0505693;65.33163;-0.23430684;[ 2.5203865  66.49522    -0.23899181]
1.6685818;77.209595;-0.22743785;[ 2.472993  78.808105  -0.2337578]
1.6214418;74.75971;-0.22449481;[ 2.5979133  75.77958    -0.23506993]
1.7317214;70.64004;-0.23229557;[ 2.6168842  71.51951    -0.23669615]
1.8289226;71.34796;-0.23074831;[ 2.6426923  72.26565    -0.23694383]
1.4324714;80.21767;-0.23571238;[ 2.2412603  81.7265     -0.23248328]
0.28407001;87.02405;-0.23777129;[ 2.1445105  89.0747     -0.22948992]
1.4372256;83.90862;-0.22578618;[ 2.296685  85.45878   -0.2313367]
1.93999;70.81187;-0.22322194;[ 2.595163   71.13921    -0.23728454]
1.465463;73.46043;-0.23000579;[ 2.4128954  74.28077    -0.23547854]
1.8689506;70.34356;-0.22573255;[ 2.5589437 70.88625   -0.2372934]
1.763875;66.2121;-0.23259242;[ 2.5742128  66.69533    -0.23884211]
1.6002172;78.97183;-0.23549539;[ 2.3364818  80.863106   -0.23321582]
1.8176692;76.64381;-0.22672775;[ 2.4112515 77.853455  -0.2346512]
1.8040047;69.124146;-0.23124103;[ 2.5780127 70.268166  -0.2379393]
2.1349502;70.13285;-0.22695759;[ 2.647812   70.622856   -0.23768072]
1.6928107;72.640785;-0.23524804;[ 2.4802446  73.600105   -0.23609751]
1.9304214;69.69127;-0.2325031;[ 2.6155782 70.32911   -0.2377211]
1.8112782;69.20312;-0.23289472;[ 2.5587592  70.28219    -0.23787674]
1.4841776;79.30091;-0.22324225;[ 2.3834906  81.061066   -0.23333162]
1.5732846;79.02418;-0.22275983;[ 2.368359   81.27058    -0.23333034]
1.6899115;75.6281;-0.22802438;[ 2.4220335  76.88269    -0.23469786]
1.1358486;76.573105;-0.22733437;[ 2.4038363  77.11918    -0.23430336]
1.7753209;69.082985;-0.22912854;[ 2.5672996  69.56837    -0.23761106]
1.7941786;72.48212;-0.22584622;[ 2.4763556  73.699      -0.23636825]
1.8294512;72.95376;-0.22425155;[ 2.485594  73.735085  -0.2362746]
1.8081958;72.200424;-0.22453971;[ 2.464219   73.94056    -0.23631532]
1.5550871;81.272766;-0.22178099;[ 2.4380877  83.28985    -0.23217751]
1.818814;74.427086;-0.22374909;[ 2.532026   75.914955   -0.23524189]
0.3134358;84.73149;-0.22257702;[ 2.2965493  86.531105   -0.23048672]
1.4748088;80.98282;-0.22286482;[ 2.4283013  83.21841    -0.23230927]
1.799536;74.14768;-0.22526415;[ 2.522389  75.854774  -0.2353608]
1.4150887;81.22879;-0.22780657;[ 2.321515   83.20644    -0.23193115]
1.8598818;71.052246;-0.24202138;[ 2.6048548 71.98012   -0.2368622]
1.6406317;74.58378;-0.23107363;[ 2.464888   76.029305   -0.23470965]
2.2875557;68.19481;-0.23040095;[ 2.6749527  69.16705    -0.23806424]
2.5700922;71.66213;-0.24618709;[ 2.547193   72.297165   -0.23640047]
3.5584822;70.79869;-0.23871548;[ 2.6423104  71.5538     -0.23720264]
4.009142;77.5655;-0.2382296;[ 2.5112517  79.26286    -0.23418148]
3.864253;77.63425;-0.23697409;[ 2.5474043 78.95092   -0.23413  ]
3.5594752;70.72659;-0.23801161;[ 2.6507556 71.62791   -0.2373242]
2.8802786;78.49549;-0.24559481;[ 2.457034   79.47712    -0.23348026]
3.773598;66.18029;-0.25369072;[ 2.6537914 66.85621   -0.2391466]
2.5687559;71.15387;-0.22977205;[ 2.6215568  71.807816   -0.23714955]
3.0353873;74.08934;-0.2344079;[ 2.5297303  74.78477    -0.23537911]
2.7270396;67.17957;-0.2365755;[ 2.6245198  67.62812    -0.23852672]
3.2918062;63.90063;-0.24093015;[ 2.7418108  64.34498    -0.24032778]
3.3637955;60.261276;-0.25633416;[ 2.7421563  59.692898   -0.24207371]
2.5896912;74.31914;-0.23511633;[ 2.4528856 75.22139   -0.2356002]
2.4369886;71.25965;-0.23627187;[ 2.607644   71.84676    -0.23700973]
1.4166939;83.63189;-0.24479981;[ 2.1721604  85.19488    -0.23103268]
1.8945373;76.682144;-0.23963054;[ 2.2804248  78.015114   -0.23402081]
1.2780137;83.520615;-0.2419997;[ 2.18583   85.36108   -0.2310099]
1.7624946;76.62732;-0.2382849;[ 2.2878664 78.10988   -0.2341432]
1.0785627;83.87058;-0.23517998;[ 2.227096 85.35471  -0.230752]
1.501297;76.904;-0.23467578;[ 2.3327746 78.19883   -0.2337715]
1.3934047;81.75157;-0.22846633;[ 2.303598   83.25365    -0.23190975]
1.793983;74.17997;-0.23539373;[ 2.461934   75.98665    -0.23471875]
0.29666007;88.58899;-0.2264204;[ 2.2084534  90.675964   -0.22881721]
1.0405021;81.887405;-0.22887075;[ 2.3562088  83.498665   -0.23152432]
1.6045983;74.9549;-0.23273377;[ 2.4671888  76.266785   -0.23448089]
1.7822168;76.103264;-0.23876901;[ 2.3337114  77.94286    -0.23418757]
0.24673462;90.32956;-0.25405106;[ 2.079585   92.52398    -0.22833261]
1.3665673;82.92596;-0.238309;[ 2.2443585  85.131935   -0.23124592]
0.8912188;83.79374;-0.23730956;[ 2.2259278 85.412346  -0.2310319]
1.6527216;76.51924;-0.23680148;[ 2.379637   78.04296    -0.23401526]
1.4934801;76.90986;-0.23708639;[ 2.3293977  78.28599    -0.23400135]
1.8998809;76.61209;-0.24339305;[ 2.2793374  78.040215   -0.23430915]
1.9513226;69.33703;-0.24053198;[ 2.4381442  70.54853    -0.23730578]
1.8105413;79.85271;-0.22695799;[ 2.310026   81.83881    -0.23270246]
0.26999092;90.00009;-0.24642499;[ 2.0738835 92.44306   -0.2280061]
1.4284813;83.09416;-0.24102159;[ 2.1788514  85.15372    -0.23113601]
1.4652452;83.07816;-0.24262163;[ 2.1753964  85.30221    -0.23102522]
2.0956926;76.17131;-0.23843224;[ 2.2783477  78.08266    -0.23412238]
1.7291728;80.37675;-0.22433797;[ 2.3248734  82.33578    -0.23260076]
2.0412755;73.53203;-0.22623242;[ 2.4181926 75.0168    -0.2356188]
1.0738986;83.41856;-0.23457623;[ 2.2289743  85.06617    -0.23084214]
1.6355693;76.50972;-0.23455194;[ 2.3239927  77.961494   -0.23393415]
1.7036108;76.497215;-0.23487423;[ 2.3260071  77.99366    -0.23387113]
1.8505708;73.855064;-0.22262433;[ 2.4699984  75.34065    -0.23540854]
4.4526367;81.66675;-0.26905242;[ 2.475235  83.418396  -0.2325469]
1.2849424;80.904205;-0.2370705;[ 2.4498875  82.20179    -0.23219989]
4.0670576;75.16097;-0.25539124;[ 2.6249912  76.392235   -0.23519981]
4.2571106;74.825485;-0.26510766;[ 2.5683386  76.10746    -0.23555899]
3.0563521;80.566055;-0.23550509;[ 2.3840442 81.98972   -0.2329274]
2.9847546;74.05403;-0.23542634;[ 2.5313084 74.835045  -0.2356691]
3.0963945;73.73519;-0.23731795;[ 2.479203   74.59307    -0.23599564]
1.3859248;83.105835;-0.25165117;[ 2.1735327  84.96928    -0.23140013]
1.8060938;75.571945;-0.24042161;[ 2.3459618  77.62592    -0.23455505]
1.6217687;79.00191;-0.23775688;[ 2.334122   80.76191    -0.23335804]
1.474662;82.85339;-0.22469665;[ 2.3006754  85.37063    -0.23166873]
0.9717014;79.9813;-0.23500237;[ 2.314134   81.202614   -0.23278289]
1.6724732;72.48668;-0.23640816;[ 2.474825  73.69894   -0.2360986]
1.6065859;76.33365;-0.22517064;[ 2.4571261  78.12955    -0.23445056]
2.2103045;76.27151;-0.22884429;[ 2.4126172  77.66346    -0.23478782]
1.8611298;72.15583;-0.23833404;[ 2.4265363  73.47456    -0.23635262]
1.8384818;76.00893;-0.2263638;[ 2.3957283  77.99894    -0.23471047]
1.7917964;72.15473;-0.23662488;[ 2.431446   73.45158    -0.23620713]
2.261318;68.86001;-0.23275371;[ 2.5794032  70.1073     -0.23797275]
1.9759891;69.14078;-0.23818979;[ 2.43829   70.56811   -0.2371615]
0.28142643;90.23369;-0.249146;[ 2.069947   92.58642    -0.22799213]
1.538424;76.777725;-0.23522681;[ 2.3251696  78.23077    -0.23376882]
1.5260864;80.348495;-0.22817744;[ 2.362228   82.26915    -0.23236854]
1.6204045;83.79386;-0.2253358;[ 2.2945402  85.862526   -0.23140848]
1.0711114;80.56106;-0.23363563;[ 2.294216   81.984276   -0.23241954]
1.8845338;77.457794;-0.22810547;[ 2.4091988  78.41689    -0.23426498]
1.8865166;69.99348;-0.23240578;[ 2.5827045  70.66303    -0.23751278]
4.2600694;75.521545;-0.23581637;[ 2.8062093  76.877014   -0.23542325]
4.1079283;74.61018;-0.25560477;[ 2.6413245  75.79552    -0.23512796]
4.249339;71.04877;-0.24778505;[ 2.7900057 72.434456  -0.2369529]
1.5423591;79.95317;-0.24367101;[ 2.4207344  81.28721    -0.23247239]
2.9513216;81.09819;-0.23844634;[ 2.3430965  82.7281     -0.23238039]
2.828978;77.48071;-0.23291984;[ 2.4806845  79.673164   -0.23408459]
2.826601;74.547554;-0.23774658;[ 2.4918113  75.506584   -0.23515506]
2.7398963;70.66194;-0.23632115;[ 2.5773401  72.25454    -0.23716098]
1.8272166;74.6391;-0.23209278;[ 2.4654875  76.71476    -0.23474357]
1.5599103;81.47072;-0.22928901;[ 2.3737853 84.00472   -0.2317402]
0.23954177;87.948975;-0.23141788;[ 2.21858    90.34046    -0.22918573]
1.7910312;73.77576;-0.23654206;[ 2.481621   75.56092    -0.23526706]
2.5706344;73.1254;-0.23836756;[ 2.5494163  74.47625    -0.23605287]
3.5881531;71.05287;-0.23921219;[ 2.7219572  71.653915   -0.23743099]
3.5755343;70.57374;-0.23717535;[ 2.6376412  71.925545   -0.23748524]
2.4917393;66.3053;-0.24124768;[ 2.6388571  67.272255   -0.23901339]
1.4200093;83.02029;-0.24980615;[ 2.179247   85.11787    -0.23144351]
1.5000739;82.62941;-0.23847093;[ 2.2525485  84.85732    -0.23147145]
1.4229693;82.48261;-0.23876952;[ 2.2551453  84.65632    -0.23150365]
1.7641736;75.564224;-0.23978892;[ 2.3464592  77.56514    -0.23459393]
1.5452769;76.05559;-0.23796134;[ 2.3936973  77.77616    -0.23423286]
2.029478;68.74265;-0.24164096;[ 2.4364748  70.41172    -0.23750368]
1.5909824;78.4375;-0.22223514;[ 2.5068078  80.44638    -0.23329271]
1.3596585;81.231514;-0.23214123;[ 2.314581   83.03448    -0.23224008]
1.7887899;73.72131;-0.23607199;[ 2.4838452  75.4934     -0.23528384]
1.4346699;76.40376;-0.23702943;[ 2.38416    77.859375   -0.23430558]
1.3635697;83.1974;-0.25271624;[ 2.1809633  84.97937    -0.23160447]
1.7839442;76.08441;-0.24004829;[ 2.3372412  77.57348    -0.23449513]
1.870141;68.831795;-0.24271451;[ 2.488494   70.15865    -0.23760882]
2.6909277;73.86605;-0.23485652;[ 2.462768   74.94175    -0.23557657]
2.8065135;80.68036;-0.23326105;[ 2.3676445  82.332436   -0.23251007]
2.7295442;73.74683;-0.23408245;[ 2.472395   75.004845   -0.23570184]
2.5458796;71.06951;-0.22973959;[ 2.6165323  71.90535    -0.23711441]
2.5426428;67.17418;-0.23717472;[ 2.6163173  67.857864   -0.23840913]
2.7510338;66.93297;-0.23631376;[ 2.564049   67.72283    -0.23869446]
2.474422;63.821213;-0.23991728;[ 2.7124548  64.39565    -0.24027407]
1.4379628;83.11676;-0.243601;[ 2.1790874  85.13334    -0.23114777]
1.9995708;76.19367;-0.2392794;[ 2.2793875  77.95418    -0.23423049]
2.015348;73.49315;-0.2246478;[ 2.4204123 74.99451   -0.2356477]
2.6575594;78.797424;-0.23072512;[ 2.4878302  80.70289    -0.23323059]
2.3481092;64.47825;-0.24246329;[ 2.7518764  65.75614    -0.23930492]
1.6765864;74.566055;-0.23069462;[ 2.45988    75.96769    -0.23471376]
1.9745153;74.384384;-0.22930428;[ 2.4123762  75.69597    -0.23505633]
1.9723604;66.88023;-0.23747274;[ 2.5700216  68.403755   -0.23808315]
0.34277868;86.156586;-0.22329365;[ 2.3328006 88.72259   -0.2295439]
1.8330319;72.04081;-0.23418075;[ 2.5913935  73.97129    -0.23557588]
0.97284216;84.00023;-0.23644668;[ 2.2241304  85.75981    -0.23076269]
1.3850633;83.69501;-0.2472477;[ 2.1712506  85.46809    -0.23113279]
2.42887;73.15106;-0.24081641;[ 2.542196   74.57609    -0.23599753]
2.5550885;73.85442;-0.23613782;[ 2.4683285  74.886986   -0.23591834]
1.3891776;83.20048;-0.24987432;[ 2.1758194  84.99257    -0.23133987]
1.8628472;75.79999;-0.23905075;[ 2.3409433  77.368286   -0.23447587]
1.8341787;75.90744;-0.2376856;[ 2.342146   77.50501    -0.23451154]
1.874306;75.71758;-0.23811516;[ 2.3431406  77.54899    -0.23457575]
1.631607;76.56311;-0.23687886;[ 2.3255     78.01221    -0.23416625]
1.6927503;76.13539;-0.23742573;[ 2.3861623  77.643265   -0.23419487]
2.0254648;68.89282;-0.23915847;[ 2.4366693  70.28649    -0.23754954]
1.9866909;68.79733;-0.24055856;[ 2.4375296  70.38297    -0.23752788]
3.4621556;71.04643;-0.23892424;[ 2.6335526  71.93       -0.23713657]
3.627359;66.45948;-0.2555882;[ 2.6444466 67.17666   -0.2388152]
2.4873614;66.81869;-0.24219908;[ 2.6246853  67.630295   -0.23849481]
2.1732247;76.14468;-0.23899537;[ 2.638253   76.23387    -0.23519748]
3.3261833;70.67501;-0.24584608;[ 2.7374165  70.989006   -0.23758273]
2.448709;67.49805;-0.2371559;[ 2.6265056  67.91815    -0.23835996]
3.0880704;68.37838;-0.23825689;[ 2.8191407  68.56165    -0.23878703]
2.077963;69.31197;-0.24114233;[ 2.728877   69.06289    -0.23811102]
2.696432;69.49885;-0.23233819;[ 2.6327336  69.84353    -0.23756106]
2.0775638;65.02116;-0.24742396;[ 2.6465213  65.416985   -0.23937136]
2.5870323;67.2362;-0.23761311;[ 2.576315   67.82961    -0.23848973]
3.1915402;64.04711;-0.24153745;[ 2.7435336  64.596725   -0.24020195]
3.0011933;60.381077;-0.25910315;[ 2.7486882  59.918537   -0.24192537]
1.9974736;76.65196;-0.23953058;[ 2.2643635 78.23151   -0.2339488]
1.9352956;80.5627;-0.23120312;[ 2.3213139  82.00939    -0.23245405]
1.8048321;76.18644;-0.23991288;[ 2.3315053  77.819725   -0.23395014]
1.8246136;76.19974;-0.23647079;[ 2.3417647 77.762665  -0.2339998]
1.5856205;83.01869;-0.23906368;[ 2.2411625  84.97982    -0.23104289]
1.8438848;76.11501;-0.2405828;[ 2.3333266  77.93355    -0.23409092]
1.6039823;83.0352;-0.23590262;[ 2.250711   84.94546    -0.23108712]
1.2679584;83.40826;-0.23935252;[ 2.1821654  85.38253    -0.23100612]
1.6468498;76.05179;-0.23478833;[ 2.352466   77.776306   -0.23419276]
1.1442921;83.85903;-0.23487234;[ 2.2216105  85.44681    -0.23067471]
1.4595526;76.84402;-0.23404363;[ 2.3284175  78.2055     -0.23378028]
1.8798125;69.93115;-0.23458767;[ 2.4232643  71.14091    -0.23680638]
2.0740669;69.66567;-0.23653252;[ 2.372882   71.04723    -0.23697123]
1.8237828;76.72207;-0.22529721;[ 2.3822353  78.36683    -0.23427624]
1.8538529;72.786064;-0.23333667;[ 2.4183283  73.90913    -0.23582566]
1.8046618;76.754654;-0.2260022;[ 2.3923206  78.10476    -0.23437814]
1.5156833;83.60509;-0.22433506;[ 2.2982724  85.43372    -0.23137231]
1.5602989;83.70769;-0.22354616;[ 2.3043103 85.47686   -0.2313066]
1.2732608;79.94892;-0.23386374;[ 2.2659798  81.553276   -0.23264505]
1.3694717;84.02518;-0.22621523;[ 2.3145108  85.4049     -0.23113129]
2.0823145;76.37755;-0.2296758;[ 2.4756434  77.61414    -0.23457254]
1.8106688;72.28991;-0.23964904;[ 2.4850812 73.52499   -0.236087 ]
1.4698889;73.375084;-0.2307517;[ 2.416649   74.24995    -0.23547728]
1.9120798;70.195786;-0.2267131;[ 2.5633626  70.84643    -0.23729724]
2.3172617;69.91145;-0.22605619;[ 2.5107865  70.85318    -0.23739275]
1.3086969;85.497086;-0.22568692;[ 2.360965   87.54586    -0.23014224]
1.5196049;74.958984;-0.23237795;[ 2.4719882  76.22167    -0.23453213]
1.8702414;74.69635;-0.23269673;[ 2.4193084  76.1108     -0.23473768]
2.907329;71.32261;-0.23736642;[ 2.6165335  71.87282    -0.23690239]
3.7214766;77.836975;-0.23649113;[ 2.520277   79.785835   -0.23390187]
2.5633621;78.84314;-0.2465739;[ 2.4432862  80.120285   -0.23321964]
3.8093815;71.30182;-0.24021743;[ 2.7094276  71.894356   -0.23702426]
3.8335223;71.33479;-0.23952681;[ 2.6767159  72.35395    -0.23669896]
2.569055;72.34686;-0.24768148;[ 2.5883236 72.84826   -0.2360899]
2.8583567;67.28712;-0.23620825;[ 2.5664365  68.06757    -0.23845036]
2.0171118;69.271164;-0.24174985;[ 2.4257596  70.790886   -0.23696242]
1.9976383;76.6577;-0.2395192;[ 2.2628942 78.29429   -0.2339192]
1.8322659;76.229485;-0.23599102;[ 2.332539   77.98678    -0.23396423]
0.27987123;90.41171;-0.24640343;[ 2.0639215  92.830666   -0.22788364]
1.8412625;76.486786;-0.23755608;[ 2.2790291  78.33208    -0.23398596]
1.5230942;80.965195;-0.2221746;[ 2.3415546  82.491615   -0.23248255]
1.5829585;83.01599;-0.23871176;[ 2.2418249 84.98882   -0.2310368]
1.165195;83.84842;-0.23544116;[ 2.2243812  85.381935   -0.23071048]
1.4697443;76.847244;-0.23468952;[ 2.3296745  78.19198    -0.23376083]
1.8588965;71.5689;-0.24284294;[ 2.5918732  72.34442    -0.23644362]
1.2794843;81.586914;-0.22782378;[ 2.322494   83.4729     -0.23177409]
1.8726131;74.76161;-0.22962552;[ 2.4165788  76.13193    -0.23478821]
1.820221;76.51755;-0.23681474;[ 2.32595    78.0084     -0.23408473]
1.8521082;76.42562;-0.23730639;[ 2.3271482  77.68662    -0.23423311]
1.9342171;80.64343;-0.23175603;[ 2.3260577  82.05579    -0.23264308]
1.9819696;73.50499;-0.2359658;[ 2.4776492  74.40373    -0.23575343]
0.23523724;90.468994;-0.24978802;[ 2.0721703 92.80462   -0.2281067]
1.6034327;76.120514;-0.24076436;[ 2.3989868  77.48048    -0.23432294]
1.5708562;76.33099;-0.23569824;[ 2.3455496  77.85229    -0.23424344]
1.5556487;83.076035;-0.23988329;[ 2.2440093  85.097824   -0.23119397]
1.8509486;76.65324;-0.23972179;[ 2.2786958  78.184074   -0.23414323]
1.0933435;84.00267;-0.23552814;[ 2.219306   85.87336    -0.23065421]
2.0594323;73.89804;-0.23384051;[ 2.4194145  74.94264    -0.23547544]
0.6263962;87.567024;-0.24074188;[ 2.281874   89.90007    -0.22912464]
4.103077;78.845245;-0.24470912;[ 2.631431   80.65489    -0.23360662]
1.7784531;79.94516;-0.23870629;[ 2.4879074  81.76553    -0.23205559]
1.6034687;79.84749;-0.24178682;[ 2.4948063  81.71024    -0.23203163]
1.3328456;80.934204;-0.23617154;[ 2.4442396  82.503944   -0.23192355]
4.0528164;75.16408;-0.25447878;[ 2.61888    76.72064    -0.23487698]
4.1808567;74.9797;-0.26240474;[ 2.5550957  76.73365    -0.23510636]
4.015039;72.03287;-0.24849045;[ 2.7368567  73.09083    -0.23659481]
1.8226165;73.1073;-0.24030095;[ 2.5827978 74.49671   -0.234997 ]
3.9512444;71.905396;-0.25457188;[ 2.7356775 72.946884  -0.2365733]
1.7863594;73.01202;-0.24396983;[ 2.5864024  74.54248    -0.23492883]
4.1186004;67.37134;-0.26491237;[ 2.748144   68.732834   -0.23802279]
2.953123;74.08612;-0.24415267;[ 2.5006113  75.61193    -0.23523213]
2.5687985;72.179;-0.23846154;[ 2.6419413  72.81684    -0.23642176]
3.1024501;67.660675;-0.24512726;[ 2.6379948  68.56677    -0.23796153]
3.015008;73.83564;-0.23480861;[ 2.4720998  74.71857    -0.23558694]
3.5069208;70.75758;-0.24066529;[ 2.612361   71.78564    -0.23731183]
3.1001205;80.65705;-0.23303178;[ 2.3752139  82.1171     -0.23253939]
2.758174;73.71781;-0.23631932;[ 2.4774241  74.920265   -0.23565455]
2.692344;75.695625;-0.23303744;[ 2.5254314  76.83339    -0.23495212]
3.9216504;77.58692;-0.23808415;[ 2.5161743  79.212746   -0.23423208]
3.1930134;73.25935;-0.2388264;[ 2.5503855  74.177216   -0.23596263]
3.4120781;71.4429;-0.23587185;[ 2.6229362  72.22558    -0.23700623]
2.889518;63.813927;-0.24569528;[ 2.7116141  64.68667    -0.24037516]
3.7904053;76.423325;-0.23149383;[ 2.6392431  77.910805   -0.23426774]
3.9841347;72.0307;-0.23844673;[ 2.6613717  73.44476    -0.23596123]
3.5407;72.839195;-0.23385994;[ 2.6372952  73.98667    -0.23545381]
4.1310205;69.745094;-0.24030702;[ 2.7145321  71.01931    -0.23743981]
3.3632002;78.62542;-0.24996088;[ 2.4490232 79.58764   -0.2337041]
2.3531039;73.556625;-0.23810424;[ 2.54773    74.54481    -0.23591259]
3.1769893;73.2925;-0.23987153;[ 2.5558257  74.30391    -0.23617934]
4.356226;74.99058;-0.23531508;[ 2.6853228  76.56621    -0.23577607]
4.9758644;70.61685;-0.24912755;[ 2.684744  71.77547   -0.2375696]
4.365223;70.38997;-0.24134606;[ 2.7242339  71.41679    -0.23765877]
2.3131523;66.72187;-0.24091394;[ 2.6382084  67.33268    -0.23886397]
2.7979417;70.785034;-0.23690565;[ 2.633496   71.321495   -0.23754647]
4.1342826;68.16617;-0.23900728;[ 2.7812228  69.132996   -0.23886842]
4.603255;63.79141;-0.2528378;[ 2.779009   64.40946    -0.24063183]
3.728023;67.84966;-0.23948492;[ 2.8042424  68.38699    -0.23905155]
3.958635;63.568157;-0.2439904;[ 2.81403    64.202545   -0.24063103]
2.7628348;68.71023;-0.24524452;[ 2.6968825  68.79836    -0.23841925]
1.9933424;69.21156;-0.24254367;[ 2.4417815  70.47459    -0.23723543]
1.6081494;82.94028;-0.24019623;[ 2.2543857  84.54487    -0.23141074]
1.8884263;80.31587;-0.23073433;[ 2.340259   81.86734    -0.23272178]
1.7805262;76.03589;-0.24059904;[ 2.3514242 77.646355  -0.2343165]
1.2888873;83.311554;-0.24397701;[ 2.182238   85.383644   -0.23102212]
0.25645137;88.89919;-0.22445147;[ 2.2030025  91.586174   -0.22862577]
1.352773;85.69339;-0.22389308;[ 2.363743  88.15386   -0.2302089]
1.7612009;75.60184;-0.2315282;[ 2.6523023  75.94033    -0.23527585]
1.0431126;82.28581;-0.2251191;[ 2.3561344  84.29824    -0.23141383]
1.9440724;68.78021;-0.23480785;[ 2.7420685  68.743355   -0.23823133]
2.7086647;70.71982;-0.23692107;[ 2.6226854 71.38241   -0.2372286]
2.5209022;73.711525;-0.23667908;[ 2.4690714  75.19022    -0.23561291]
3.4558206;77.96393;-0.23257853;[ 2.5109231  80.02003    -0.23394284]
2.2665799;77.35518;-0.23199941;[ 2.5160327  78.79258    -0.23433538]
2.2140293;66.28803;-0.2438707;[ 2.6377811  67.26663    -0.23897363]
3.370315;71.166725;-0.23488843;[ 2.6073623  72.61625    -0.23701547]
2.0163455;76.21117;-0.2408711;[ 2.2711694  77.87413    -0.23410115]
1.9922274;76.26254;-0.23993504;[ 2.272309   77.84693    -0.23411897]
0.26926327;89.9657;-0.24868505;[ 2.074309   92.42683    -0.22799599]
1.4612429;83.030495;-0.2441991;[ 2.1756124  85.22707    -0.23109195]
1.9152828;76.134125;-0.2395463;[ 2.275119   78.04415    -0.23417735]
1.8513042;75.689674;-0.2384559;[ 2.3461275  77.38203    -0.23447657]
1.8661714;75.635254;-0.23985153;[ 2.3437307  77.43986    -0.23441827]
1.6865354;76.51254;-0.2352158;[ 2.3247583  77.911415   -0.23395999]
1.7156843;76.44968;-0.23585299;[ 2.3243423  77.96755    -0.23390494]
1.3079526;80.6241;-0.22193386;[ 2.3709555  82.55662    -0.23219363]
2.160367;69.31271;-0.23819266;[ 2.3689435  70.77941    -0.23713867]
1.41241;81.23788;-0.22876823;[ 2.3058643 83.021935  -0.2319309]
2.1030304;78.04169;-0.22897042;[ 2.4757776  79.91162    -0.23346026]
1.3939369;83.17772;-0.24847785;[ 2.1750023  85.01932    -0.23131266]
1.8323499;79.87582;-0.22764142;[ 2.3201227  81.79977    -0.23296098]
1.6309161;82.85621;-0.23784728;[ 2.2469053 84.81754   -0.2313713]
1.0242927;83.440926;-0.23720954;[ 2.2297218  85.17051    -0.23103404]
2.2328744;72.10686;-0.23784748;[ 2.5521975  73.47922    -0.23562409]
0.5753728;86.65586;-0.24590634;[ 2.3272283 88.509155  -0.2295661]
4.2916017;81.083595;-0.26974607;[ 2.4923685 82.83041   -0.2325599]
1.670087;79.08391;-0.23998626;[ 2.5201225  80.769966   -0.23259154]
4.298773;77.55225;-0.24669129;[ 2.6429179  79.39483    -0.23430288]
1.304746;80.105034;-0.23762606;[ 2.478219   81.31924    -0.23229629]
4.0694532;71.12697;-0.25293556;[ 2.746978   72.05723    -0.23718971]
1.5323422;79.83093;-0.24299906;[ 2.421999   81.153564   -0.23258853]
4.115034;71.112206;-0.24986002;[ 2.7490554  72.057014   -0.23712793]
2.9434795;77.901985;-0.23486339;[ 2.500357   79.252174   -0.23407078]
2.947463;73.59156;-0.24072415;[ 2.5133727  75.09203    -0.23561521]
2.746438;66.80223;-0.24359477;[ 2.6023684 67.784035  -0.2386471]
2.858908;66.7564;-0.24326375;[ 2.6030605  67.91103    -0.23854594]
4.0167646;71.3538;-0.23963287;[ 2.5795703  72.56579    -0.23706473]
1.8200729;76.68361;-0.2263065;[ 2.3898234  78.07937    -0.23439407]
1.8131667;76.66094;-0.2263065;[ 2.3894782  78.10189    -0.23438239]
2.1688457;77.10733;-0.22641401;[ 2.400661   78.201324   -0.23418407]
1.867488;65.55414;-0.24280572;[ 2.5829687  66.26535    -0.23906194]
0.29234123;87.02428;-0.23907003;[ 2.1539981  88.84955    -0.22957182]
1.4363773;83.96795;-0.22527826;[ 2.3167958 85.26635   -0.2312709]
1.9416902;80.9183;-0.22466049;[ 2.468056   81.94212    -0.23292416]
1.89867;76.68862;-0.2311566;[ 2.4810421  77.671394   -0.23455955]
1.736221;77.01618;-0.22610481;[ 2.4243457  78.03805    -0.23435801]
1.6586539;79.643654;-0.23370844;[ 2.3347225 80.84557   -0.232937 ]
2.0290866;76.604866;-0.23048703;[ 2.4804518  77.57571    -0.23461422]
1.7265755;73.080826;-0.23331974;[ 2.4690232  74.017494   -0.23562984]
1.893652;65.84616;-0.23425801;[ 2.527438   66.5633     -0.23890029]
1.5657392;79.6268;-0.23474744;[ 2.3284853  81.22418    -0.23289382]
1.6214345;79.81926;-0.2368985;[ 2.3296242  81.19465    -0.23303498]
1.7450953;76.88748;-0.22980708;[ 2.4950213  77.75743    -0.23465973]
1.8595816;76.765335;-0.22982919;[ 2.4748516  77.82376    -0.23457456]
1.1253269;80.598;-0.23363811;[ 2.30068    81.87385    -0.23249169]
1.6543453;77.62425;-0.22638117;[ 2.4689167  78.40383    -0.23409843]
1.7305152;73.204704;-0.23367779;[ 2.4636462  74.16503    -0.23564652]
1.3712071;80.33393;-0.24137709;[ 2.2459939  81.70329    -0.23278266]
1.8934169;77.38026;-0.22730608;[ 2.4149475  78.2589     -0.23435628]
2.026159;74.33539;-0.22709213;[ 2.571806   74.78411    -0.23604052]
1.8928949;70.06316;-0.2327937;[ 2.5849125  70.5883     -0.23758075]
1.8509693;65.664825;-0.241295;[ 2.578151   66.412346   -0.23910056]
1.800423;76.82272;-0.22806245;[ 2.392702   78.17715    -0.23460415]
1.8223078;76.06273;-0.2263307;[ 2.3982058  77.66181    -0.23460329]
1.7873756;76.12588;-0.22626951;[ 2.391525   77.79774    -0.23452437]
1.8229127;75.92938;-0.22582406;[ 2.3826609  77.95801    -0.23450594]
0.27276492;86.52481;-0.2402978;[ 2.161271   88.4484     -0.22973745]
1.1169015;83.49278;-0.21936178;[ 2.3008752 85.82041   -0.2311915]
2.1748965;76.46909;-0.22659884;[ 2.4218142  77.775444   -0.23448996]
1.5682397;80.42948;-0.21855038;[ 2.4628983  82.26556    -0.23291129]
1.7575266;72.97601;-0.23208937;[ 2.4118593  74.01049    -0.23562457]
1.4786665;76.94258;-0.22095333;[ 2.4512217  78.52363    -0.23403247]
1.4088783;76.27152;-0.22657755;[ 2.4371376  78.03483    -0.23432732]
2.0128272;69.120285;-0.22871627;[ 2.4942677  70.55054    -0.23768838]
0.2351296;86.53003;-0.24957111;[ 2.1645591  88.41378    -0.23003334]
1.5519378;78.98219;-0.2359878;[ 2.3428924 80.635025  -0.2332562]
1.5835092;79.11462;-0.23755766;[ 2.3384373  80.6408     -0.23329896]
2.2544248;79.9905;-0.22435588;[ 2.477169   81.63413    -0.23334692]
2.1182754;75.70407;-0.22913006;[ 2.4888625  77.354744   -0.23498419]
1.8237174;75.87424;-0.2316263;[ 2.4892144  77.418175   -0.23497087]
1.0168018;79.97594;-0.23500237;[ 2.3139331 81.21134   -0.2327806]
1.8850338;76.53427;-0.22672343;[ 2.4664242 77.91497   -0.2344491]
1.3700118;79.70509;-0.24498677;[ 2.259366   81.05361    -0.23305847]
1.8054268;72.14703;-0.23662488;[ 2.432658   73.44646    -0.23619498]
1.8496172;72.136765;-0.23681726;[ 2.427821   73.5231     -0.23631293]
1.949859;76.561935;-0.22955778;[ 2.4167523  77.621635   -0.23470527]
1.8144044;72.293045;-0.23812363;[ 2.4280028  73.47446    -0.23622143]
2.326892;68.8825;-0.2321917;[ 2.5783648  70.18836    -0.23790808]
2.0060132;69.04184;-0.23456377;[ 2.5809178 70.10876   -0.2380057]
1.8651345;64.766205;-0.24220446;[ 2.5883062  66.054245   -0.23947582]
1.4145446;80.18024;-0.2367563;[ 2.2437277  81.62674    -0.23252122]
1.9524164;77.10021;-0.2271945;[ 2.4074564  78.040245   -0.23423678]
1.8275218;72.758644;-0.23424505;[ 2.4230187 73.751305  -0.2357956]
1.8242639;76.62625;-0.226557;[ 2.3902645  78.07748    -0.23442686]
2.1792011;77.01199;-0.22636758;[ 2.398915   78.25658    -0.23416007]
1.2549953;79.95802;-0.23430553;[ 2.2622557 81.59416   -0.232638 ]
1.5339662;83.822075;-0.22458617;[ 2.302545   85.60317    -0.23116481]
1.5917876;83.467285;-0.22488986;[ 2.2946846  85.44041    -0.23139217]
1.6508363;76.51524;-0.22555405;[ 2.4057856  78.06752    -0.23455985]
1.4944057;83.93909;-0.22542988;[ 2.3126144  85.3873     -0.23120902]
1.6825743;76.905624;-0.22611178;[ 2.4241302  78.02422    -0.23436454]
2.0217214;80.831795;-0.22465622;[ 2.4664469  82.008354   -0.23289092]
1.1775092;80.43284;-0.23134752;[ 2.306727   81.538216   -0.23235548]
1.515177;73.41414;-0.230957;[ 2.4132712  74.298904   -0.23545069]
1.8368818;73.14504;-0.23371263;[ 2.356437   74.325836   -0.23559126]
0.23117447;86.51879;-0.24696848;[ 2.161429   88.522514   -0.22996862]
1.7603911;75.92883;-0.23163158;[ 2.4912467  77.3715     -0.23496667]
1.824015;76.16039;-0.22742431;[ 2.4039526  77.7904     -0.23477182]
1.813791;72.24596;-0.23789792;[ 2.4286377  73.43169    -0.23624943]
0.22961283;86.60216;-0.24496144;[ 2.1649616  88.49543    -0.22993639]
1.5622365;75.90394;-0.23038398;[ 2.464311   77.53784    -0.23493649]
1.7996454;72.05867;-0.23899597;[ 2.4906883  73.155014   -0.23645239]
1.4027959;76.3665;-0.2260719;[ 2.4473612  78.12575    -0.23443474]
1.3793409;79.78479;-0.24149878;[ 2.2600908  81.14956    -0.23294146]
1.858831;72.61507;-0.23543458;[ 2.4183378  73.601845   -0.23607752]
1.8204085;76.15262;-0.22791031;[ 2.4039676  77.7273     -0.23478311]
2.0225499;69.39432;-0.23203266;[ 2.5743923  70.14625    -0.23780286]
1.9336492;78.7785;-0.22546726;[ 2.4538264  80.77152    -0.23331545]
1.3655895;85.610214;-0.22278212;[ 2.3592327  88.143166   -0.23025203]
0.26866126;88.880615;-0.22378446;[ 2.2002778 91.47523   -0.2287019]
1.7212429;75.21668;-0.23121049;[ 2.6440246  75.92367    -0.23530269]
2.019525;68.39511;-0.23383358;[ 2.733115   68.78592    -0.23822238]
3.4457104;76.24484;-0.2316872;[ 2.6394324  77.90364    -0.23424594]
3.3207078;71.87019;-0.23800793;[ 2.6580298  73.53139    -0.23592104]
3.114909;72.6555;-0.23311095;[ 2.5714421  73.97088    -0.23576666]
0.29686022;88.02365;-0.2269384;[ 2.206334   90.39836    -0.22882766]
1.8548663;73.56691;-0.23827857;[ 2.4909136  75.48508    -0.23518209]
1.9567597;74.271515;-0.23222186;[ 2.4136333  75.82145    -0.23490573]
2.0884657;71.0654;-0.23222362;[ 2.568561   72.484634   -0.23653609]
2.0954928;78.28092;-0.2392558;[ 2.5292127  78.704155   -0.23428081]
1.3055669;84.851006;-0.2265529;[ 2.377653   87.069336   -0.23067397]
1.9012426;78.0193;-0.22901793;[ 2.4716454 79.71287   -0.2337314]
2.7541046;73.21593;-0.2387058;[ 2.5595055  74.23125    -0.23620419]
3.0180316;80.686844;-0.23533052;[ 2.3860323  82.030846   -0.23288505]
4.4825535;73.16127;-0.25668296;[ 2.564702   74.18865    -0.23625408]
4.738255;65.351944;-0.2645139;[ 2.7430832  66.08052    -0.23978466]
4.2399626;66.60541;-0.25326875;[ 2.703407   67.08422    -0.23907512]
2.6530194;66.394356;-0.2414083;[ 2.64865    67.0415     -0.23915932]
3.012246;73.86183;-0.23707125;[ 2.4817743  74.635025   -0.23594113]
3.8165984;66.33511;-0.25649446;[ 2.6534343  66.7787     -0.23924452]
2.9399776;69.01408;-0.24190542;[ 2.6940565 69.10615   -0.2383124]
4.3178988;60.159172;-0.26554015;[ 2.8313751  58.88349    -0.24275917]
2.0111763;79.03799;-0.22509967;[ 2.4546442 80.81011   -0.2333058]
1.8064573;70.98431;-0.24226317;[ 2.56245   71.69724   -0.2367197]
1.5056132;85.86457;-0.22249708;[ 2.3597245  88.1976     -0.23023117]
1.8433305;75.928154;-0.23902792;[ 2.3458548  77.62676    -0.23439726]
1.391221;83.1741;-0.25017267;[ 2.1754303  85.04662    -0.23131613]
1.7939714;75.92676;-0.23886564;[ 2.3455703  77.63222    -0.23428582]
1.8167605;75.7169;-0.24100962;[ 2.3437188  77.49271    -0.23445272]
1.5598034;82.53847;-0.24028671;[ 2.2542896 84.66062   -0.2315258]
1.3879795;83.09697;-0.25029743;[ 2.180239   85.31393    -0.23126698]
1.7996988;79.816154;-0.22810997;[ 2.3318257  81.98967    -0.23295756]
0.9910603;83.45192;-0.23775616;[ 2.2300637 85.19854   -0.2310411]
2.0300183;72.98552;-0.2308543;[ 2.4252708  74.631516   -0.23601273]
1.5704299;79.06926;-0.23605378;[ 2.3321307  80.88561    -0.23326468]
1.5519515;75.86083;-0.22927676;[ 2.483148   77.5141     -0.23502238]
1.576693;79.03876;-0.23628354;[ 2.339445   80.62403    -0.23330049]
2.0942254;75.74507;-0.22916558;[ 2.4899673  77.29407    -0.23501807]
1.0436337;79.93771;-0.23486604;[ 2.315421  81.17397   -0.2328009]
1.6425658;72.53395;-0.23601948;[ 2.4764657  73.6838     -0.23608914]
1.5516057;76.58666;-0.22496112;[ 2.4578867  78.1368     -0.23440346]
1.6498466;72.453926;-0.23491411;[ 2.47909    73.67456    -0.23606677]
1.7919118;76.30585;-0.22690584;[ 2.4033132  77.8507     -0.23470533]
1.938313;76.57983;-0.22872466;[ 2.4185996  77.67254    -0.23465079]
2.3760471;73.24365;-0.22705323;[ 2.571776   74.319374   -0.23635328]
1.8197454;68.832985;-0.22952497;[ 2.571676   70.42208    -0.23783359]
1.8499264;80.12079;-0.22889754;[ 2.3190289  81.77514    -0.23283255]
1.8402394;75.95253;-0.2367775;[ 2.3321023  77.89973    -0.23406275]
1.9227474;76.537674;-0.23997411;[ 2.2696755  78.19732    -0.23393619]
2.174349;73.46541;-0.23186034;[ 2.4303153  74.682655   -0.23564239]
1.6179132;82.77768;-0.23642366;[ 2.2385993  85.16447    -0.23110315]
1.5735079;86.95968;-0.22671136;[ 2.2222233  89.16948    -0.22977957]
1.6245396;82.84133;-0.23901331;[ 2.251688   84.61298    -0.23134154]
1.1231412;83.70872;-0.23649219;[ 2.225765   85.21087    -0.23083353]
1.3956902;84.07284;-0.22702838;[ 2.3043604  85.797806   -0.23127402]
1.6794143;76.80077;-0.22934614;[ 2.492007   77.812706   -0.23461068]
1.7887057;72.37174;-0.23888715;[ 2.484219   73.595955   -0.23616213]
1.1079867;80.56565;-0.23443638;[ 2.2981706  81.89306    -0.23246644]
1.7398546;73.237854;-0.23518276;[ 2.460157   74.15017    -0.23563874]
1.3861009;80.33673;-0.24034858;[ 2.234959   81.99006    -0.23262934]
1.8890108;77.434265;-0.22723326;[ 2.4069307  78.46548    -0.23423901]
1.8332909;76.94554;-0.22700295;[ 2.390012  78.48228   -0.2344581]
1.9209745;77.225266;-0.22866984;[ 2.3995345  78.44483    -0.23430586]
1.7978586;72.837715;-0.23609008;[ 2.4152446  74.1552     -0.23585851]
2.3175116;71.97255;-0.23884279;[ 2.559376   73.31385    -0.23578861]
2.0897584;76.84397;-0.22629562;[ 2.6299784 77.808846  -0.2340878]
1.9134423;76.65223;-0.22678643;[ 2.5843267 78.06478   -0.2337581]
2.1668718;72.29717;-0.23840825;[ 2.606082   73.502594   -0.23558572]
3.649168;77.896935;-0.24577133;[ 2.6410599 79.69491   -0.2341001]
1.4433651;83.609116;-0.23297168;[ 2.4881477  85.204765   -0.23105527]
4.34589;78.02392;-0.24954936;[ 2.6528783  79.54429    -0.23403095]
4.1663027;73.645424;-0.26134577;[ 2.6706364  75.098076   -0.23572649]
1.2892091;80.13905;-0.23838656;[ 2.4804864 81.33262   -0.2322614]
4.206999;74.55487;-0.25665006;[ 2.6445835  75.66379    -0.23524518]
4.400344;71.266556;-0.24873562;[ 2.7965868  72.26992    -0.23693497]
1.5626149;79.89417;-0.24249767;[ 2.4194956  81.31205    -0.23247403]
4.094075;74.31044;-0.2653432;[ 2.584577   75.66314    -0.23543894]
1.9062846;76.76824;-0.23559117;[ 2.5842175  77.83515    -0.23409943]
3.9855914;66.82366;-0.263818;[ 2.7618916  67.91434    -0.23864521]
2.9729033;77.968155;-0.23445418;[ 2.5019321  79.32705    -0.23398642]
2.853963;74.50049;-0.23782712;[ 2.4914277  75.493416   -0.23518308]
2.952777;67.0335;-0.24407083;[ 2.6512778  68.09527    -0.23844777]
2.9634895;74.27591;-0.23872375;[ 2.434815  75.45936   -0.2353638]
3.7996154;71.78989;-0.24053912;[ 2.5849953  72.48911    -0.23698124]
2.8663788;66.75592;-0.24300788;[ 2.6044748  67.94336    -0.23858269]
1.8162737;74.539406;-0.23286352;[ 2.4725032  76.571686   -0.23483607]
1.6105924;75.522064;-0.22928749;[ 2.6530895  76.00262    -0.23518516]
1.9485494;68.700165;-0.23249893;[ 2.7453318  68.82201    -0.23809631]
1.0101867;81.45477;-0.23172198;[ 2.3735409  83.20205    -0.23190135]
1.7849495;73.70119;-0.2370478;[ 2.488504  75.43711   -0.2353667]
3.6488183;77.76735;-0.2347726;[ 2.5431368 79.47334   -0.2342748]
2.3218217;77.53424;-0.23037079;[ 2.5351992  78.82163    -0.23450568]
2.86409;77.58876;-0.23414797;[ 2.5410028  78.75888    -0.23439617]
2.7483242;75.650955;-0.24225667;[ 2.604764   76.21308    -0.23529299]
2.8382318;73.20372;-0.23995169;[ 2.5537198  74.384575   -0.23609826]
2.909749;71.32333;-0.25195602;[ 2.6106594  71.999466   -0.23690367]
2.5046408;76.77513;-0.23310292;[ 2.61337   76.85548   -0.2349135]
3.851226;71.159966;-0.2369106;[ 2.696764   72.14505    -0.23699926]
2.882875;72.1871;-0.24750498;[ 2.5912743  72.45089    -0.23645598]
2.5810733;71.08723;-0.23283325;[ 2.671602   71.90635    -0.23705788]
2.1285377;67.028496;-0.24188983;[ 2.678294   67.72023    -0.23865876]
2.707061;73.91319;-0.23653907;[ 2.4717586  74.91924    -0.23586506]
3.9861462;66.6434;-0.25570953;[ 2.6359625  67.35206    -0.23900439]
2.1602597;66.8024;-0.24056542;[ 2.6290467  67.61351    -0.23889044]
2.3707993;70.7054;-0.23382948;[ 2.6280026  71.471245   -0.23755422]
2.9117618;64.50151;-0.2547145;[ 2.7013135  64.85152    -0.23979548]
1.9575297;80.08233;-0.23261173;[ 2.336417   81.593636   -0.23291011]
1.867415;76.1294;-0.23762065;[ 2.3352435  77.6135     -0.23430118]
1.624067;82.854355;-0.2375809;[ 2.2414846  84.83563    -0.23136179]
1.826523;75.919;-0.23790981;[ 2.3345912  77.74493    -0.23439436]
1.7914511;79.90291;-0.22789384;[ 2.331025   81.87602    -0.23301417]
1.5697051;82.559525;-0.24043357;[ 2.2563667  84.56162    -0.23154537]
1.700908;75.53176;-0.24153665;[ 2.4046824  77.29232    -0.23456176]
1.0457834;83.47365;-0.23775299;[ 2.232645  85.111     -0.2310483]
1.6735187;76.3869;-0.23746115;[ 2.3857207  77.74858    -0.23410375]
1.6722246;76.33711;-0.23803602;[ 2.3849998  77.6556     -0.23418401]
2.0300603;73.07121;-0.23071097;[ 2.4228437  74.58811    -0.23602083]
2.0185742;68.822296;-0.24419177;[ 2.4399433  70.32595    -0.23749667]
0.25500762;88.18606;-0.22981854;[ 2.221231 90.5402   -0.229021]
1.9219005;78.57123;-0.23913729;[ 2.523852   78.88431    -0.23403499]
1.5631602;80.64132;-0.23615927;[ 2.3965342  82.709526   -0.23226947]
1.0838345;81.522415;-0.23284908;[ 2.3713133  83.299675   -0.23176335]
0.19873965;90.12189;-0.25716278;[ 2.0878892  92.42109    -0.22843522]
1.5208273;83.10614;-0.23892951;[ 2.2366211 84.844124  -0.2314877]
1.4485729;75.91529;-0.23990649;[ 2.3972514 77.45812   -0.2345418]
0.98332953;83.56366;-0.2383731;[ 2.2380042  85.19459    -0.23119126]
1.5701945;76.719376;-0.23683049;[ 2.3776848  77.828476   -0.23417152]
1.7815382;76.14709;-0.23971732;[ 2.3432202  77.54565    -0.23442695]
1.862135;69.021576;-0.24253634;[ 2.486331  70.23321   -0.2375252]
1.8486234;73.08923;-0.23084863;[ 2.477766   74.31363    -0.23614034]
1.4143746;80.18793;-0.23620157;[ 2.2514539  81.48331    -0.23258053]
2.1546621;74.05304;-0.22675881;[ 2.5602968  74.614914   -0.23595124]
1.8666198;65.55617;-0.24280572;[ 2.5816767  66.291405   -0.23901995]
1.8225123;77.32961;-0.22653551;[ 2.4606755 77.979065  -0.2342506]
1.8239361;76.679504;-0.22816238;[ 2.3945816  77.87947    -0.23457673]
1.5703036;79.49237;-0.2321303;[ 2.328915   81.0532     -0.23277554]
1.1639491;80.40036;-0.231296;[ 2.3103266  81.40917    -0.23248202]
1.5397993;73.441734;-0.23125523;[ 2.415743   74.26638    -0.23549183]
1.8747642;73.25611;-0.23447213;[ 2.3615494  74.22849    -0.23564048]
1.9091898;69.8144;-0.22988045;[ 2.4999962  70.702736   -0.23760943]
2.7336326;72.462296;-0.22718123;[ 2.6304004  72.64338    -0.23639448]
1.4073448;80.183716;-0.23681094;[ 2.244996   81.584145   -0.23255001]
1.8354208;76.605034;-0.22670707;[ 2.3830113  78.25626    -0.23437937]
1.6582675;72.60189;-0.23197751;[ 2.4348226  73.73217    -0.23600195]
1.109648;80.458755;-0.23073702;[ 2.30439    81.6101     -0.23231728]
1.887703;65.769165;-0.23329923;[ 2.526056   66.573654   -0.23890425]
1.5123544;82.64241;-0.22551529;[ 2.2998092  85.27942    -0.23178288]
1.5310344;76.130936;-0.22668989;[ 2.446695   78.136086   -0.23449865]
1.8397341;75.7955;-0.22720098;[ 2.3947787 77.88201   -0.2348615]
1.8723713;64.389435;-0.24311885;[ 2.6077642  65.59312    -0.23963338]
2.5472534;73.42171;-0.23315814;[ 2.5903084  74.82723    -0.23615949]
3.0783997;70.67319;-0.23375753;[ 2.6057403  71.06527    -0.23696552]
2.524834;72.01298;-0.23202023;[ 2.6408713  73.11213    -0.23631953]
2.9784737;62.875603;-0.23830265;[ 2.7234786  63.210606   -0.24049082]
1.4061012;79.781715;-0.23840085;[ 2.2569022  81.08831    -0.23275416]
0.27614248;86.601166;-0.2411208;[ 2.1614568 88.444084  -0.2297415]
1.5102799;82.65619;-0.22452825;[ 2.2862315 85.30054   -0.231516 ]
1.6215531;82.62294;-0.22429956;[ 2.2920623 85.22735   -0.2315492]
1.0849684;80.01334;-0.23126632;[ 2.3159554  81.10034    -0.23256078]
1.69345;73.10897;-0.23157783;[ 2.4116096  73.97498    -0.23566332]
1.406364;76.112625;-0.22725943;[ 2.4382117  78.0209     -0.23432876]
1.982465;72.883026;-0.23575667;[ 2.3590834  73.91271    -0.23583075]
1.9463445;68.95719;-0.22953205;[ 2.4865708  70.54934    -0.23774132]
2.0390413;65.25831;-0.23393089;[ 2.528471   66.265434   -0.23906611]
1.6111315;74.3205;-0.22529073;[ 2.5765352  76.151115   -0.23502553]
1.4026642;77.917206;-0.22499263;[ 2.3939023 79.052315  -0.2336015]
1.8291184;74.05844;-0.22367722;[ 2.525152   75.91181    -0.23538855]
0.23222113;86.619484;-0.24730799;[ 2.1668954  88.4097     -0.23001578]
1.4108642;82.90172;-0.22451767;[ 2.298063   85.35914    -0.23167446]
1.5754107;79.02098;-0.23527311;[ 2.343919   80.61724    -0.23326904]
1.567892;82.68588;-0.22589248;[ 2.2988298  85.222305   -0.23179097]
1.8273008;71.64039;-0.23562163;[ 2.494038   73.158394   -0.23646219]
0.9633559;80.04666;-0.23402618;[ 2.3159783  81.190895   -0.23276821]
1.7598574;72.632805;-0.23398271;[ 2.4717095  73.679306   -0.23593359]
1.7746335;75.83859;-0.22817585;[ 2.3918824  77.77951    -0.23483798]
1.8579514;72.30762;-0.23609652;[ 2.4258068  73.42115    -0.23620461]
1.824511;72.186035;-0.23591255;[ 2.4337258  73.42532    -0.23621224]
1.835948;75.85911;-0.22764337;[ 2.3947854  77.83025    -0.23485713]
1.907662;64.81882;-0.23768198;[ 2.5838602  66.006424   -0.23937207]
1.5926231;79.05049;-0.23739694;[ 2.3371944  80.75886    -0.23330739]
1.5907965;76.428894;-0.22463363;[ 2.4577546 78.16033   -0.2344025]
1.4747213;76.18269;-0.22651994;[ 2.449353   78.12159    -0.23448054]
1.8539693;72.204414;-0.23796862;[ 2.4297132  73.46663    -0.23630396]
1.3722172;79.699814;-0.24498677;[ 2.259286   81.052635   -0.23306125]
1.8680192;76.15426;-0.22552511;[ 2.4038653 77.99652   -0.2346854]
1.8209376;72.12623;-0.23690794;[ 2.4308949  73.44198    -0.23622738]
3.136825;71.54508;-0.22561935;[ 2.7544146  72.17829    -0.23737383]
3.1355956;70.64268;-0.23352264;[ 2.6133082  70.87935    -0.23703854]
2.6410782;66.65296;-0.23529424;[ 2.684001   67.62813    -0.23912263]
1.7906812;76.129486;-0.2252658;[ 2.3923664  77.83057    -0.23450544]
1.3837725;82.97843;-0.2235656;[ 2.3008173  85.13169    -0.23149636]
1.4551469;79.5718;-0.23705721;[ 2.2636652  81.273506   -0.23280336]
1.1337773;83.51669;-0.22005042;[ 2.3002725  85.7657     -0.23123236]
1.6032506;80.38794;-0.21855038;[ 2.4629757  82.257256   -0.23291758]
1.560039;76.060234;-0.22275695;[ 2.4737346  77.95475    -0.23459236]
2.0219386;73.55674;-0.22086816;[ 2.5554078  74.958954   -0.23592891]
1.9992869;68.95765;-0.2288217;[ 2.4853797  70.63879    -0.23773196]
4.144117;73.904175;-0.23412384;[ 2.5896409  75.58036    -0.23583806]
3.3928971;69.66292;-0.23478206;[ 2.6376166  70.32294    -0.23759963]
3.0255;62.89696;-0.23816474;[ 2.727898 63.13369  -0.240525]
1.8765497;76.12277;-0.22378033;[ 2.39249    77.9852     -0.23444773]
1.8249899;76.19009;-0.22694057;[ 2.3907614  77.74673    -0.23457158]
1.7805235;75.93773;-0.22851638;[ 2.3886464  77.65618    -0.23466527]
1.409574;82.77581;-0.22639525;[ 2.2966392  84.94965    -0.23166153]
1.731527;75.86768;-0.22865696;[ 2.3922784  77.822044   -0.23476201]
1.4423723;79.60369;-0.23705721;[ 2.262151   81.292915   -0.23281474]
1.8611387;72.04091;-0.23310709;[ 2.433806   73.498085   -0.23612408]
1.5586896;76.449974;-0.22362635;[ 2.4478118  78.051445   -0.23425776]
1.997193;72.786545;-0.23602265;[ 2.3565793  73.972595   -0.23580354]
1.7915844;76.43677;-0.22767235;[ 2.3813424  78.02833    -0.23449336]
1.7188175;72.577835;-0.23203138;[ 2.4385133  73.72988    -0.23600596]
1.8604294;73.21807;-0.2345836;[ 2.364059   74.12493    -0.23572427]
1.6330298;80.76994;-0.22252284;[ 2.424939  83.411705  -0.2322298]
1.8296751;73.95706;-0.22456859;[ 2.5224998  76.00454    -0.23528162]
1.8410356;76.55998;-0.22585201;[ 2.380262  78.34291   -0.2343176]
1.8651186;65.44953;-0.24187388;[ 2.5780106  66.352      -0.23899592]
1.2847732;79.95802;-0.23430553;[ 2.2625883  81.59118    -0.23263645]
1.6040063;76.57425;-0.22555405;[ 2.4065819  78.04989    -0.23456128]
1.8684273;76.51108;-0.22987683;[ 2.477906   77.64703    -0.23455583]
1.5098367;73.41414;-0.230957;[ 2.4132667  74.29891    -0.23545074]
1.5066297;76.92337;-0.2275361;[ 2.4389348  78.34156    -0.23411602]
1.8847916;69.72381;-0.22768225;[ 2.497822   70.803505   -0.23753858]
2.0009358;70.1179;-0.2277975;[ 2.5146084  70.762      -0.23736046]
1.8198122;71.89161;-0.23718274;[ 2.4919813  73.1749     -0.23642841]
1.7503687;72.9077;-0.23438701;[ 2.4701576  73.6925     -0.23591676]
1.8607303;72.619415;-0.23543458;[ 2.4205832 73.582954  -0.2360727]
0.29999733;83.19878;-0.23382427;[ 2.249354   84.46087    -0.23148488]
1.5508522;79.22469;-0.22298315;[ 2.3842854  81.033134   -0.23334068]
1.6268343;75.58549;-0.22860606;[ 2.429915   76.5756     -0.23478423]
1.5533628;72.40116;-0.22447476;[ 2.5199387  73.96615    -0.23616563]
1.7860723;72.34063;-0.22576728;[ 2.4740539  73.7037     -0.23637882]
1.7962751;72.375755;-0.22476305;[ 2.4758673  73.73089    -0.23634894]
1.8109752;72.12048;-0.22625883;[ 2.4654827  73.78724    -0.23641577]
1.9680443;69.03877;-0.22849151;[ 2.6245718  70.33782    -0.23809798]
0.30293596;83.204056;-0.23382427;[ 2.249542   84.45086    -0.23149513]
1.5640581;79.28363;-0.22482014;[ 2.3825772  80.93095    -0.23341693]
1.6181068;79.12337;-0.22058524;[ 2.3802447  81.31914    -0.23324049]
1.8214632;72.286446;-0.22236514;[ 2.4755094  73.95695    -0.23626342]
0.30540264;84.64968;-0.22309424;[ 2.2963536  86.412254   -0.23054338]
1.4651918;80.826035;-0.22327141;[ 2.4285421  83.107185   -0.23238191]
1.6137894;77.14091;-0.22738871;[ 2.4787714  78.57109    -0.23382866]
1.1470392;78.05769;-0.2245234;[ 2.4506903  79.0151     -0.23340692]
1.6560717;71.59386;-0.22790045;[ 2.6971133  72.47571    -0.23674935]
1.4072883;77.83244;-0.2252925;[ 2.3915696  79.05139    -0.23356076]
1.8286945;71.4879;-0.22977473;[ 2.639661   72.358086   -0.23690651]
1.5558033;79.008606;-0.23496681;[ 2.3422046  80.63619    -0.23327832]
1.5135303;75.581665;-0.22773303;[ 2.4804623  77.56462    -0.23497255]
1.7767533;75.93821;-0.22686128;[ 2.3948538  77.86178    -0.23476712]
1.8114603;68.76004;-0.23076528;[ 2.5707371  70.35552    -0.23793414]
1.4207125;80.28943;-0.23578252;[ 2.2435114  81.61904    -0.23255587]
1.8231654;76.6641;-0.22361015;[ 2.3862336  78.370026   -0.23433751]
0.28128743;87.10036;-0.23787192;[ 2.1475823  88.962746   -0.22956477]
1.2591772;80.051414;-0.23334552;[ 2.2621565  81.58235    -0.23266682]
1.7175157;83.48717;-0.22183026;[ 2.289076   85.74164    -0.23131545]
1.1652541;80.52997;-0.23021656;[ 2.3066123  81.50909    -0.23239689]
1.9096607;69.69866;-0.22434027;[ 2.4976122 71.04833   -0.2374416]
1.8235805;77.01085;-0.22740543;[ 2.3925252  78.09937    -0.23434961]
1.2771665;79.99014;-0.23306663;[ 2.263314  81.59124   -0.2326552]
1.4786544;83.8613;-0.22578189;[ 2.2983909  85.41758    -0.23134986]
1.6869574;72.74064;-0.23137261;[ 2.43152    73.96053    -0.23595133]
1.1929073;80.45925;-0.23020293;[ 2.3064873  81.58798    -0.23232932]
1.4625381;73.439545;-0.22979058;[ 2.411958   74.300804   -0.23548514]
1.697708;66.202835;-0.23250653;[ 2.5730674 66.71543   -0.2388356]
1.8716431;65.74412;-0.23240516;[ 2.5284023  66.57838    -0.23889053]
1.485383;83.12052;-0.22635943;[ 2.3064804  85.09577    -0.23178318]
1.8460951;71.95006;-0.23783252;[ 2.502195  73.10429   -0.2365556]
1.8337754;72.28717;-0.2354653;[ 2.4301887  73.59278    -0.23618326]
1.8894453;65.11753;-0.23965959;[ 2.5947638  65.867836   -0.23951465]
1.7789967;72.19037;-0.23540026;[ 2.4338322  73.47802    -0.23615049]
1.8560617;65.10316;-0.23999679;[ 2.596761   65.74795    -0.23952523]
1.5857248;78.99057;-0.2352467;[ 2.3380625 80.83743   -0.2332302]
1.3794374;79.70441;-0.24305514;[ 2.2568662  81.16539    -0.23298433]
1.811713;76.28736;-0.22690584;[ 2.4035254  77.84748    -0.23470372]
1.8461503;72.20033;-0.23707587;[ 2.4289541 73.508095  -0.2362557]
2.023835;69.11414;-0.23382935;[ 2.5815687  70.14563    -0.23792857]
0.2324493;86.631744;-0.2430906;[ 2.1653845  88.48618    -0.22996266]
1.6584135;79.45235;-0.23382021;[ 2.3266928  80.86764    -0.23310956]
1.7523277;72.89968;-0.23354599;[ 2.4699547  73.67826    -0.23594216]
1.8117403;76.395996;-0.22731553;[ 2.4001815 77.78639   -0.2347368]
1.8681846;76.25526;-0.22456898;[ 2.4012275  78.05663    -0.23460178]
3.7104204;72.617195;-0.22549142;[ 2.7250354  72.322655   -0.23676011]
1.4501674;78.570114;-0.22128303;[ 2.3052742  79.68775    -0.23296227]
1.7882341;74.99415;-0.22256045;[ 2.4389403  76.337944   -0.23480067]
1.9993155;71.71303;-0.23249224;[ 2.6086743  72.50516    -0.23680758]
1.8526955;71.20257;-0.24204834;[ 2.5988567 71.808586  -0.2367629]
1.796951;78.37332;-0.22194591;[ 2.4607956 80.1919    -0.2333598]
1.615086;74.60699;-0.22998923;[ 2.46607    75.88647    -0.23479153]
1.6118177;80.87142;-0.23181553;[ 2.3814588  82.863884   -0.23222479]
1.779139;73.89519;-0.2394363;[ 2.5479493  75.128914   -0.23540448]
1.8303778;74.00163;-0.23521906;[ 2.4720037 75.41975   -0.2351869]
1.3627862;81.25695;-0.2308968;[ 2.311733   82.975555   -0.23223607]
1.8561841;74.03818;-0.23425291;[ 2.476258   75.47105    -0.23530096]
1.6987448;75.42878;-0.24291153;[ 2.4185886  76.76457    -0.23496057]
0.2031703;90.0176;-0.25784346;[ 2.084158  92.373314  -0.2285669]
1.5051653;82.84759;-0.24004546;[ 2.2494566  84.697174   -0.23161408]
1.6014218;75.18799;-0.24302444;[ 2.4248943  76.83575    -0.23501603]
1.6962594;75.590126;-0.24329302;[ 2.414455   76.97411    -0.23492838]
1.8216224;75.667;-0.24291228;[ 2.4091334  76.9325     -0.23494142]
1.6382718;76.20319;-0.23868728;[ 2.3876674  77.7473     -0.23437227]
1.791749;75.739716;-0.24076897;[ 2.3488104  77.49836    -0.23464115]
1.8839213;68.8459;-0.24463362;[ 2.503049   69.646835   -0.23792286]
1.9953182;69.458336;-0.2349256;[ 2.4364388  70.515114   -0.23705597]
1.4284551;83.72252;-0.24042523;[ 2.158717   85.59622    -0.23079778]
1.8413608;76.35132;-0.23510782;[ 2.3375883  77.64409    -0.23395443]
1.8448625;76.357925;-0.23495552;[ 2.3278058  77.887535   -0.23390467]
1.8558259;76.71817;-0.23616266;[ 2.2716663  78.25436    -0.23388773]
0.2697736;90.53646;-0.24301142;[ 2.0617714 92.96923   -0.227777 ]
1.7113696;76.64502;-0.23468898;[ 2.2810318  78.3366     -0.23401451]
1.7287612;83.18685;-0.23459873;[ 2.2340207  85.145454   -0.23095927]
1.8788409;76.290115;-0.23412082;[ 2.3349738  77.96691    -0.23405674]
1.855867;76.29166;-0.23427297;[ 2.3441794  77.664665   -0.23417139]
1.8010249;81.12009;-0.2246691;[ 2.315294   82.49561    -0.23235796]
2.1730585;67.01374;-0.22846837;[ 2.5383663  67.57088    -0.23867954]
1.8456079;76.22695;-0.23841614;[ 2.3297055  77.856575   -0.23419982]
1.6871636;83.06212;-0.23838343;[ 2.2351513  85.149086   -0.23122858]
1.4738997;76.90423;-0.23570336;[ 2.3246834  78.353615   -0.23394753]
3.4240072;78.25705;-0.23976031;[ 2.4755087  79.12484    -0.23379637]
2.915529;76.25651;-0.22751574;[ 2.6373777  76.41967    -0.23500507]
1.3941113;82.25343;-0.22701502;[ 2.2717369  84.80226    -0.23186526]
1.7998179;75.09732;-0.23173976;[ 2.4453835  77.32445    -0.23468709]
3.2891173;71.43699;-0.24143565;[ 2.5699744  71.80915    -0.23680118]
2.4772558;73.42868;-0.2370417;[ 2.5497801 74.327736  -0.2359558]
3.661205;77.55852;-0.23783736;[ 2.551632   78.96483    -0.23439679]
3.9599586;73.0476;-0.25742286;[ 2.561357   74.10483    -0.23620658]
2.6723418;75.45895;-0.23959242;[ 2.6160712  76.14294    -0.23543045]
2.8284173;71.29982;-0.25234887;[ 2.6080403  72.03329    -0.23692341]
3.9933128;70.34529;-0.24390581;[ 2.7132006 71.23795   -0.2376816]
2.7806363;74.078766;-0.23569708;[ 2.5325272 74.852455  -0.2355952]
2.8165793;71.09939;-0.23433015;[ 2.68419    71.6332     -0.23724756]
2.9499683;66.89408;-0.2421364;[ 2.6830382  67.33605    -0.23884061]
2.3609264;71.66721;-0.24948342;[ 2.547036   72.3864     -0.23661464]
3.449137;70.7313;-0.23988561;[ 2.6465502  71.55642    -0.23748446]
2.4296727;68.637314;-0.24225488;[ 2.7058873  68.94284    -0.23839328]
2.8940887;68.891914;-0.24124229;[ 2.6902068  69.179436   -0.23807287]
2.0317943;72.88156;-0.23324817;[ 2.5052476  74.16746    -0.23608106]
1.8761718;68.71701;-0.24396902;[ 2.498378   70.14144    -0.23746204]
0.22787261;90.009415;-0.25356397;[ 2.079348   92.41242    -0.22826822]
1.4308766;83.087975;-0.24839126;[ 2.1805496 85.25985   -0.2312999]
1.9607227;75.77603;-0.24049444;[ 2.3402328  77.60846    -0.23450059]
0.9695116;83.445885;-0.23720954;[ 2.229538   85.16494    -0.23103862]
2.054556;69.022865;-0.2396569;[ 2.4326243  70.401726   -0.23734528]
1.6549401;79.07358;-0.23549117;[ 2.3354907  80.840996   -0.23326279]
2.3553467;75.86241;-0.22779073;[ 2.4803605  77.39359    -0.23490836]
1.8567934;71.74842;-0.23704855;[ 2.4922264  73.253365   -0.23644575]
2.2226195;75.97165;-0.22793977;[ 2.4839454  77.294464   -0.23487195]
1.8229121;71.861015;-0.23718274;[ 2.4934173  73.15815    -0.23643926]
1.521498;75.68169;-0.22827925;[ 2.462954   77.56994    -0.23486717]
1.6970588;72.533554;-0.23541418;[ 2.4770374  73.66271    -0.23608759]
2.228237;76.35458;-0.22746606;[ 2.4121315  77.77175    -0.23467602]
1.8742399;72.237335;-0.23603961;[ 2.4285614 73.55181   -0.2362437]
1.8491867;72.41431;-0.23602569;[ 2.4230344  73.514534   -0.23611978]
2.4130042;69.04953;-0.23049049;[ 2.5734258  70.13001    -0.23787747]
1.9097946;64.93554;-0.23928611;[ 2.5862737  65.98673    -0.23941152]
1.8939096;76.580765;-0.23678638;[ 2.2729404  78.21377    -0.23390387]
1.997821;69.34594;-0.2345589;[ 2.4351177  70.57217    -0.23699105]
2.0147302;69.358116;-0.23520456;[ 2.4350045 70.60409   -0.2370711]
0.28031754;90.31737;-0.24307919;[ 2.0682886  92.69274    -0.22792742]
1.7819709;83.080284;-0.2359302;[ 2.2414503 84.800285  -0.2312007]
1.6607112;83.084946;-0.23390073;[ 2.2465718  84.703026   -0.23113184]
1.794374;76.17828;-0.23384464;[ 2.343718   77.727135   -0.23409408]
1.1334321;83.72238;-0.2334061;[ 2.2285404  85.21967    -0.23078369]
4.4104123;77.799126;-0.24463134;[ 2.6398416  79.51418    -0.23415649]
4.4704037;78.053635;-0.24226575;[ 2.6483545  79.77793    -0.23392741]
1.7853528;79.44747;-0.23829162;[ 2.4957495  80.98018    -0.23255675]
4.2501125;73.86137;-0.25751057;[ 2.658604   75.33541    -0.23550837]
1.7502398;72.96866;-0.24192478;[ 2.641739   73.84563    -0.23529035]
4.214931;74.4127;-0.2626102;[ 2.5839853  75.780426   -0.23530656]
4.233577;70.96068;-0.24807699;[ 2.7346056  72.1663     -0.23718117]
4.346337;71.224205;-0.24502958;[ 2.7455916  72.38652    -0.23696917]
4.275738;71.60484;-0.24620807;[ 2.7537608  72.36998    -0.23683904]
1.8222955;72.73303;-0.23999432;[ 2.5936234  73.67766    -0.23541728]
4.1478405;67.13939;-0.25916448;[ 2.7547069  68.03582    -0.23838401]
5.794472;72.47914;-0.22776736;[ 2.699148   72.822235   -0.23669696]
3.020022;74.55563;-0.23716526;[ 2.4938216 75.4797    -0.2351458]
3.6284657;71.5155;-0.24290895;[ 2.5758243 72.40853   -0.2370793]
2.854869;67.076965;-0.24061161;[ 2.6016655  67.76633    -0.23843564]
1.557009;80.87509;-0.23192494;[ 2.389017  82.61023   -0.2322191]
0.25943494;88.134514;-0.23041481;[ 2.2187972 90.44454   -0.2290519]
1.6858107;80.72753;-0.23468195;[ 2.3865108  82.772224   -0.23225044]
1.7264901;74.18109;-0.23719607;[ 2.5261798  75.72866    -0.23498334]
3.653922;77.32483;-0.23669206;[ 2.5372846  79.38044    -0.23436646]
2.4346423;78.410034;-0.2500601;[ 2.4582524  79.62327    -0.23374546]
2.335895;77.666435;-0.22991766;[ 2.5247216  78.986595   -0.23437643]
4.1121535;70.23771;-0.2466386;[ 2.7246141  71.00291    -0.23772976]
2.9485955;75.56799;-0.23642743;[ 2.5972877  76.4598     -0.23504923]
3.8492517;70.95958;-0.24054952;[ 2.7250357  71.55587    -0.23746046]
3.7447639;70.70418;-0.23981991;[ 2.6896405  72.04681    -0.23710695]
3.4668083;70.52763;-0.2385619;[ 2.633776   71.95175    -0.23744752]
2.4159122;71.590195;-0.25032508;[ 2.5515485  72.33407    -0.23673202]
3.658488;66.224976;-0.2573714;[ 2.6511645  67.16513    -0.23918928]
2.2996876;70.8145;-0.23291743;[ 2.6164865  71.6531     -0.23742017]
2.251385;66.548744;-0.23977341;[ 2.6347218  67.25631    -0.23902628]
3.8747265;63.411545;-0.25020686;[ 2.815141   63.751743   -0.24072939]
3.0778618;68.74617;-0.23883775;[ 2.6888313  69.26528    -0.23797934]
3.4811416;63.315563;-0.2444388;[ 2.796621   64.244255   -0.24049388]
1.8540478;75.820145;-0.23873325;[ 2.3389378  77.424805   -0.23442292]
1.9676679;73.03023;-0.23415299;[ 2.5097313  74.184135   -0.23602737]
1.8704824;68.67335;-0.24346738;[ 2.4973137  70.13615    -0.23746234]
1.5728644;82.638565;-0.23845029;[ 2.2527125  84.83129    -0.23145816]
1.5911937;82.795555;-0.23850316;[ 2.2482457  84.61857    -0.23140371]
1.8956114;75.87005;-0.23936534;[ 2.341611   77.49517    -0.23449148]
1.8883568;73.42033;-0.2258511;[ 2.495927  74.59371   -0.2358836]
1.607237;76.100845;-0.23944904;[ 2.3941367  77.71773    -0.23425736]
1.7216488;76.16177;-0.23858644;[ 2.384613  77.62708   -0.2342127]
2.0615337;68.892944;-0.23965383;[ 2.4351616  70.32277    -0.23746805]
1.7097174;74.24002;-0.23680866;[ 2.526504   75.71944    -0.23497075]
1.8639119;71.05971;-0.24510282;[ 2.6038876  71.92326    -0.23694596]
0.19341123;90.12244;-0.25686833;[ 2.0862634 92.43937   -0.2284497]
1.5794053;75.7325;-0.24252269;[ 2.4067492  77.17098    -0.23474619]
1.6537066;82.71977;-0.24139439;[ 2.2528162  84.68568    -0.23166643]
1.8038862;75.765205;-0.24081707;[ 2.3984458  77.18223    -0.23470154]
1.7966714;75.876884;-0.24051665;[ 2.3970654  77.20962    -0.23460495]
1.6882532;76.25211;-0.2403594;[ 2.3892708  77.71029    -0.23436747]
1.782729;76.120735;-0.23990269;[ 2.3416915  77.53513    -0.23446375]
1.8576504;75.89972;-0.24125871;[ 2.3462703  77.38496    -0.23466314]
1.8921299;68.946434;-0.24275027;[ 2.4914958  69.91616    -0.23767623]
1.8964577;69.05531;-0.24246734;[ 2.4870381  70.05034    -0.23751976]
1.4614699;82.825005;-0.22379418;[ 2.2949266  85.44114    -0.23161066]
1.704396;79.12991;-0.23446931;[ 2.330896   80.802185   -0.23314542]
1.808167;76.247025;-0.22695757;[ 2.4027867  77.80833    -0.23472036]
1.8221245;75.995384;-0.22546358;[ 2.3913126  78.07092    -0.23464426]
1.858381;72.29299;-0.23515369;[ 2.424903   73.51487    -0.23611397]
2.3174486;69.04827;-0.23067774;[ 2.5733173  70.09575    -0.23792548]
0.23654974;86.614494;-0.24307393;[ 2.1637814  88.515564   -0.22996143]
1.7966036;71.96265;-0.23483077;[ 2.4923468  73.19639    -0.23641095]
1.5469574;76.71652;-0.22364894;[ 2.456314   78.17509    -0.23435615]
1.3837705;79.797325;-0.24010909;[ 2.2588644  81.16653    -0.23297077]
1.828443;69.03305;-0.23332417;[ 2.5605662  70.17478    -0.23797138]
1.886924;65.132286;-0.23693077;[ 2.5828755  66.04026    -0.23931725]
1.8368875;76.1683;-0.23669705;[ 2.3347757  77.58932    -0.23429456]
1.8003086;80.003334;-0.2274685;[ 2.3215542  81.83796    -0.23287487]
0.22633624;90.1006;-0.24989145;[ 2.080187   92.48491    -0.22816852]
1.744513;76.0124;-0.23609948;[ 2.3448455  77.54308    -0.23441672]
1.998248;76.372986;-0.24054149;[ 2.2794495  77.90211    -0.23428725]
1.9763213;62.351757;-0.24389067;[ 2.5878484 62.901756  -0.2404685]
4.3988748;69.97239;-0.24303079;[ 2.5916681  73.32446    -0.23723042]
3.395364;83.97648;-0.22532754;[ 2.3223631  88.10842    -0.23103964]
4.8035808;76.76239;-0.23801585;[ 2.4890697  80.55013    -0.23420545]
5.026218;78.90573;-0.21702966;[ 2.7062004  81.757774   -0.23381189]
6.2319226;74.6816;-0.22617906;[ 2.716152  77.07151   -0.2354734]
2.0289595;79.093445;-0.2277351;[ 2.286645   82.410866   -0.23311853]
1.8864329;79.12052;-0.22917598;[ 2.33615    82.46575    -0.23296249]
1.5186881;85.895584;-0.2235164;[ 2.2346547  89.63845    -0.22998372]
2.2496045;79.18658;-0.2209156;[ 2.408628   82.55916    -0.23325846]
1.8733765;79.12273;-0.21857996;[ 2.3917542 82.82499   -0.2332303]
1.6119276;81.852425;-0.22168522;[ 2.33375    85.265236   -0.23201324]
2.0368845;79.137955;-0.22605106;[ 2.2818608 82.42693   -0.2331401]
1.4096484;86.023674;-0.22401372;[ 2.1731598  89.72946    -0.22998281]
1.8599564;79.113815;-0.21876635;[ 2.3930764 82.80098   -0.2332282]
2.1717708;79.21126;-0.22114716;[ 2.4097548  82.53054    -0.23326346]
0.2757429;89.388275;-0.21702802;[ 2.1532001  92.95943    -0.22871801]
3.0929208;77.190796;-0.22980207;[ 2.42669   80.85824   -0.2340799]
3.2861166;81.52989;-0.2346753;[ 2.4427838  84.57135    -0.23213297]
4.5780973;76.875694;-0.23822151;[ 2.4913476  80.54716    -0.23416406]
4.7686496;78.591125;-0.22202933;[ 2.653798 80.86465  -0.233616]
6.8220367;73.91223;-0.22805546;[ 2.7069037  76.77744    -0.23567834]
4.790678;74.17904;-0.22071584;[ 2.643484  77.11578   -0.2355723]
1.4391494;86.010544;-0.22362669;[ 2.1738055  89.639275   -0.23003311]
1.9209113;79.25012;-0.22951475;[ 2.3071384  83.07891    -0.23294352]
1.9790357;79.40901;-0.22758022;[ 2.254229   83.05253    -0.23302503]
4.3754606;85.14542;-0.24165928;[ 2.303698   89.73274    -0.23062398]
3.3284132;71.478195;-0.25439996;[ 2.580468   75.608086   -0.23659378]
3.6076818;84.65628;-0.2299677;[ 2.2839391  88.50434    -0.23091397]
5.0659504;81.81247;-0.22356275;[ 2.5070255  84.68081    -0.23240623]
4.9522905;82.55596;-0.22040758;[ 2.5135014  84.990005   -0.23225816]
4.162171;75.63839;-0.22479655;[ 2.6680067  77.77775    -0.23517902]
1.3941329;82.683914;-0.2236333;[ 2.2369475  86.19181    -0.23182403]
4.0747504;69.44359;-0.20722187;[ 2.890796   70.36663    -0.23537599]
5.8042064;64.716644;-0.23870675;[ 2.9438782  66.10948    -0.23970118]
3.2787616;76.51346;-0.23276724;[ 2.4756916  78.91191    -0.23410407]
3.4434938;76.438385;-0.23324534;[ 2.4816885  78.931915   -0.23419562]
4.1551127;76.52238;-0.2281822;[ 2.6043134  79.04338    -0.23430651]
4.1069026;72.42559;-0.23547378;[ 2.6305609  74.67269    -0.23598428]
4.862483;76.83088;-0.23204541;[ 2.5844898  79.65966    -0.23429759]
3.6649497;69.744995;-0.23297596;[ 2.7040045  71.90868    -0.23725128]
4.4073534;70.06308;-0.23779996;[ 2.6849537  72.519      -0.23723838]
2.4597538;76.646194;-0.23779966;[ 2.7545693  79.414276   -0.23411472]
2.5051143;74.48686;-0.23456538;[ 2.6175163 77.374886  -0.2351364]
2.537207;69.92258;-0.24108683;[ 2.8492224  72.220276   -0.23702818]
3.010696;65.59338;-0.2578404;[ 2.8557057  67.572876   -0.23875614]
2.466343;67.64846;-0.24058263;[ 2.718582   70.18363    -0.23814526]
3.3151996;73.944046;-0.24392809;[ 2.569725   75.88279    -0.23522426]
4.8632183;73.48111;-0.22787338;[ 2.742293   75.32213    -0.23624715]
5.579084;76.421196;-0.24116637;[ 2.5403183  78.67553    -0.23416948]
4.255109;74.329575;-0.22028978;[ 2.6904407  75.79659    -0.23539123]
5.698395;78.45381;-0.21841006;[ 2.7311244 80.2258    -0.2337416]
5.1170387;80.578255;-0.22021116;[ 2.588718   82.62357    -0.23279884]
3.1544027;76.63807;-0.23638503;[ 2.5356505  78.97195    -0.23429376]
5.4260826;76.56459;-0.2410565;[ 2.5462997 78.585976  -0.2344321]
4.681149;74.387985;-0.22105679;[ 2.7406907  75.89506    -0.23546179]
5.6040688;78.57611;-0.21551968;[ 2.7511117  80.20515    -0.23401362]
6.9221992;74.35721;-0.22490975;[ 2.7513094  75.490555   -0.23563056]
3.6385155;74.75778;-0.23826998;[ 2.6031148  76.50358    -0.23482132]
3.315782;76.7655;-0.23415583;[ 2.4899063  78.904945   -0.23437017]
5.0767546;69.7956;-0.24579482;[ 2.6472974  71.417854   -0.23739849]
2.3102193;74.68428;-0.24409232;[ 2.4697168  75.65006    -0.23487599]
2.0002277;78.559326;-0.23256223;[ 2.320377   81.035324   -0.23309031]
0.28293455;92.27376;-0.22643763;[ 2.0997362 95.367455  -0.2272295]
1.3839774;85.331184;-0.22927211;[ 2.2198493  88.1898     -0.23013574]
1.7787433;81.37607;-0.2421069;[ 2.3784237 82.69416   -0.2320624]
2.2670166;65.2139;-0.25749412;[ 2.7893672  64.65144    -0.24001765]
3.0205894;82.420616;-0.22894399;[ 2.4060102  84.82871    -0.23176512]
3.0156655;75.49758;-0.23362948;[ 2.5167046  77.74585    -0.23475951]
3.5034413;72.52585;-0.23119643;[ 2.6982396  74.53661    -0.23626044]
3.4151373;80.95851;-0.22250298;[ 2.5554464  82.818565   -0.23306541]
2.4071212;76.31828;-0.24138421;[ 2.6813848  77.044716   -0.23507726]
2.0414567;71.886055;-0.25594267;[ 2.7030318  71.646355   -0.23719688]
3.4973567;65.75868;-0.23752633;[ 2.798476   67.35153    -0.23921038]
2.0266569;78.10794;-0.23172031;[ 2.3135207 80.7076    -0.2333125]
1.3743293;84.97181;-0.23030868;[ 2.207165   88.02462    -0.23014125]
2.1909497;79.08689;-0.23098433;[ 2.4683833  80.09694    -0.23317206]
0.2728399;91.74366;-0.22641453;[ 2.1065278  95.18418    -0.22718382]
1.5435531;84.84831;-0.2301929;[ 2.2220845  87.99151    -0.23021191]
1.8364557;78.31318;-0.22081402;[ 2.4242144  81.17361    -0.23333359]
0.27943063;88.33871;-0.2228974;[ 2.1879957  91.27615    -0.22886105]
1.6341221;80.80591;-0.2286415;[ 2.3670597 83.56444   -0.2321896]
1.559624;81.44272;-0.22623828;[ 2.3039563 84.11184   -0.2318485]
2.2828758;77.999954;-0.22448009;[ 2.452951   80.86225    -0.23348024]
1.9907849;74.66538;-0.22924665;[ 2.4036748  76.97915    -0.23478854]
4.5665007;69.099396;-0.24771735;[ 2.624052   71.781166   -0.23727712]
3.4334629;82.909164;-0.22957537;[ 2.3591502  86.37101    -0.23121105]
4.1428347;80.16759;-0.2292021;[ 2.5136747 83.56252   -0.2326422]
4.7735662;75.937805;-0.2430967;[ 2.52356    78.9579     -0.23429094]
2.8480918;69.15558;-0.237279;[ 2.574817  72.0665    -0.2371928]
1.303791;85.01315;-0.2304246;[ 2.2725534  88.08451    -0.23011337]
2.0625699;79.81102;-0.22228967;[ 2.5134263  81.088264   -0.23269449]
2.1928918;71.10448;-0.23619272;[ 2.4290247  73.725815   -0.23612285]
1.7707192;78.44418;-0.23361921;[ 2.3732934  80.82866    -0.23328316]
1.4560013;85.027596;-0.23153834;[ 2.2693007  87.78617    -0.23042363]
1.507893;85.009415;-0.23061725;[ 2.2323093 88.037285  -0.2303838]
1.6781663;81.31554;-0.2377349;[ 2.4618447  82.92067    -0.23237014]
2.0241182;71.32693;-0.23808183;[ 2.4769933  73.610016   -0.23628923]
3.0969892;74.45798;-0.23011075;[ 2.5982792  76.14965    -0.23469114]
4.3457108;80.0776;-0.23782611;[ 2.6694987  82.61292    -0.23311144]
1.6622021;81.39169;-0.23530182;[ 2.5297623  84.13798    -0.23156852]
1.9002172;77.89215;-0.24723652;[ 2.6529472  78.49908    -0.23358777]
2.5804288;75.93468;-0.23008217;[ 2.8055844 76.36108   -0.2345006]
3.3338943;74.57794;-0.24315996;[ 2.981163   76.669754   -0.23551948]
1.8331006;74.621185;-0.23936655;[ 2.6304498  76.96241    -0.23452368]
4.4243855;69.19783;-0.25786573;[ 2.7904446  71.14135    -0.23767872]
2.1394398;75.5603;-0.23666938;[ 2.7319589  76.1409     -0.23468006]
4.059417;81.29067;-0.22508353;[ 2.5229428  83.18841    -0.23295051]
2.9553106;76.07223;-0.23675838;[ 2.476068   78.386406   -0.23451012]
2.994009;69.18611;-0.24219993;[ 2.6307333  71.295235   -0.23743376]
3.8192718;74.518814;-0.22939144;[ 2.6238906  76.03048    -0.23589496]
1.3787954;82.13037;-0.2264001;[ 2.2794845  84.493965   -0.23170736]
1.8433077;74.6416;-0.23236872;[ 2.4502225  77.057686   -0.23476495]
1.5934017;81.41557;-0.22852892;[ 2.3498492  84.22761    -0.23181073]
1.3509226;82.02523;-0.22659951;[ 2.29695    84.35847    -0.23171858]
2.156979;70.818375;-0.24318552;[ 2.564262   71.63454    -0.23674953]
0.2763784;88.962265;-0.22306344;[ 2.1832328  91.62472    -0.22875187]
1.5887505;85.73726;-0.22142914;[ 2.3315198  88.52837    -0.23020102]
1.5894912;81.47386;-0.22783552;[ 2.356186   84.07441    -0.23190135]
1.3064958;82.01638;-0.2271746;[ 2.3021033  84.301      -0.23175034]
1.8609328;77.51017;-0.2407775;[ 2.4745753  78.66624    -0.23392984]
1.9120972;75.24452;-0.23018613;[ 2.4026015  77.1425     -0.23470554]
1.6111801;81.80849;-0.22949992;[ 2.351621   84.472496   -0.23181225]
2.0859194;77.75627;-0.2409955;[ 2.4706292  78.8014     -0.23397171]
2.7543168;75.82725;-0.22634135;[ 2.6229637  76.66297    -0.23488082]
1.3391777;82.48041;-0.2277971;[ 2.2811668  84.82097    -0.23182687]
1.8503413;75.029015;-0.23220108;[ 2.4520047  77.05862    -0.23490274]
2.1106732;75.51677;-0.23222023;[ 2.553041   76.40987    -0.23505239]
2.3081837;74.82639;-0.23363107;[ 2.5530167  75.76164    -0.23524174]
0.27263117;88.36301;-0.22291757;[ 2.1937222  91.21894    -0.22886574]
2.0415921;77.17052;-0.24151555;[ 2.4889123 78.08094   -0.2342704]
2.734182;75.214386;-0.22612096;[ 2.6393795  76.00277    -0.23515342]
2.6640441;68.23513;-0.23620461;[ 2.6988757  68.9491     -0.23809153]
2.04236;74.64307;-0.22824338;[ 2.3974366  76.77337    -0.23497733]
2.387962;67.96227;-0.23679933;[ 2.6481054  68.61306    -0.23836555]
2.2337554;63.615566;-0.24717864;[ 2.6635408  64.12524    -0.24014537]
1.4592013;80.88515;-0.21962124;[ 2.4041128  84.219505   -0.23228861]
2.9607868;71.323654;-0.22878368;[ 2.6691105 72.38433   -0.2367068]
1.8234814;74.422066;-0.22070731;[ 2.5095675  77.15482    -0.23512946]
1.3653111;78.21573;-0.22343428;[ 2.376511   80.1675     -0.23347309]
0.2968731;85.00046;-0.22063753;[ 2.274794   87.35135    -0.23047893]
2.1354818;77.37523;-0.23870817;[ 2.490788   78.35197    -0.23432218]
1.3134975;81.50698;-0.22878122;[ 2.2965322  84.04972    -0.23217191]
1.3058517;81.812454;-0.22726843;[ 2.2943528  84.298805   -0.23179759]
0.28941202;88.34776;-0.2226178;[ 2.188677   91.28944    -0.22880521]
1.4496851;81.38475;-0.22482288;[ 2.2944367  83.96122    -0.23198399]
1.8636239;73.98825;-0.23285477;[ 2.4599855  76.62861    -0.23514628]
1.9936955;74.60741;-0.22794259;[ 2.394325   76.82737    -0.23492302]
2.3834214;71.330894;-0.22669755;[ 2.5406957  73.70754    -0.23648618]
1.9995404;67.21397;-0.23677686;[ 2.5603151  69.45835    -0.23810115]
0.28652024;86.24844;-0.21966621;[ 2.3142579  89.4481     -0.22956933]
1.6399066;79.21021;-0.2262992;[ 2.480646  82.197655  -0.2326321]
1.34604;79.47111;-0.22412015;[ 2.414317   82.3189     -0.23250662]
1.8480985;74.532425;-0.23268488;[ 2.4590788  76.96322    -0.23481062]
1.3370216;82.01691;-0.22752558;[ 2.286688   84.41395    -0.23167387]
1.5362471;85.52418;-0.22206134;[ 2.3340814 88.5018    -0.230184 ]
1.6060891;81.304276;-0.22825953;[ 2.3583994 84.12809   -0.2318525]
1.8920305;77.60512;-0.24128558;[ 2.4754426  78.66216    -0.23394412]
3.3275218;79.45287;-0.22729632;[ 2.4397068  82.44314    -0.23285693]
3.4938192;76.15109;-0.22650187;[ 2.5882528  79.325325   -0.23439617]
3.3293025;72.0487;-0.23479986;[ 2.614019   75.00018    -0.23604093]
3.8879495;69.561935;-0.23703484;[ 2.6769962  72.70059    -0.23738107]
1.3778155;81.48488;-0.22627077;[ 2.2891731  84.05627    -0.23182602]
2.2340682;78.184784;-0.22301963;[ 2.4406726  80.8791     -0.23339798]
1.9927062;75.32634;-0.2245391;[ 2.5497108  76.39944    -0.23500997]
1.5129603;81.098656;-0.22790329;[ 2.3652134  83.76786    -0.23225868]
1.5500398;81.0139;-0.22930627;[ 2.3734615 83.710625  -0.2323822]
2.1789677;78.35712;-0.22431713;[ 2.4533808  80.87469    -0.23367903]
1.8576216;74.24205;-0.23378585;[ 2.4740746  76.55256    -0.23533835]
2.6516728;70.6207;-0.24064967;[ 2.6542525  71.445625   -0.23731294]
1.4499711;80.94734;-0.21963812;[ 2.4030051 84.243805  -0.2322717]
2.6714387;71.048615;-0.22993398;[ 2.6606822  72.467415   -0.23671621]
1.3665967;78.20614;-0.22379121;[ 2.3746665  80.1924     -0.23346005]
1.857694;70.65261;-0.22751717;[ 2.5563996  72.588486   -0.23666699]
1.8380103;70.78467;-0.23104358;[ 2.6168003  71.98539    -0.23705229]
1.5633147;81.29046;-0.22670014;[ 2.3608575  83.82746    -0.23212583]
1.8607752;74.51312;-0.23075537;[ 2.460461  76.69839   -0.2350649]
1.3507695;81.57811;-0.22816607;[ 2.2962687  84.12651    -0.23204981]
1.5958753;81.2777;-0.22767644;[ 2.3617587  83.759155   -0.23220667]
1.8775396;77.361145;-0.24139488;[ 2.4933517  78.226845   -0.23438261]
1.3692427;82.97113;-0.221997;[ 2.3902495  86.32257    -0.23086253]
1.3084309;84.26637;-0.22592798;[ 2.3772442  86.96207    -0.23063259]
4.824172;74.104164;-0.23415303;[ 2.6348865  77.08122    -0.23525657]
4.244916;75.79616;-0.2018628;[ 2.8125222  77.6016     -0.23211999]
4.6350036;67.26419;-0.23998928;[ 2.7352693  69.93249    -0.23823342]
3.9492888;69.00824;-0.20705977;[ 2.949272   70.641495   -0.23435274]
3.0401306;75.66621;-0.23308377;[ 2.5080402  77.79052    -0.23467402]
3.492968;80.44656;-0.22540955;[ 2.5669248  82.580025   -0.23303147]
3.3349023;80.13385;-0.2230899;[ 2.569814   82.28919    -0.23315682]
2.7403655;70.2633;-0.23074552;[ 2.774565   70.524864   -0.23760861]
2.461401;75.44642;-0.2252352;[ 2.856875  77.10851   -0.2353966]
3.1678438;80.61153;-0.23954774;[ 2.487697   82.62382    -0.23280826]
3.7183208;79.699234;-0.22924483;[ 2.5771906  82.07913    -0.23350121]
4.258503;75.52727;-0.24419269;[ 2.5834475 77.39945   -0.2351996]
4.031877;73.35673;-0.2311264;[ 2.7451103  74.97215    -0.23646465]
1.9794469;72.07747;-0.2407082;[ 2.7610714  72.8975     -0.23699956]
2.4378293;75.56787;-0.23381577;[ 2.7482147  75.354996   -0.23545142]
2.276977;70.24304;-0.22857425;[ 2.9134574  70.97618    -0.23787245]
2.237258;69.9703;-0.2327438;[ 2.8896651  70.994316   -0.23774365]
3.0182145;73.840675;-0.24378318;[ 2.5882587  75.457985   -0.23575667]
2.9899588;75.8219;-0.23369734;[ 2.5257628  77.63689    -0.23507363]
4.02168;66.58352;-0.2373222;[ 2.844986   67.8399     -0.23939556]
2.7568188;69.74049;-0.23631613;[ 2.8416722  71.04791    -0.23782612]
2.187364;79.31369;-0.23408674;[ 2.4572728  80.4675     -0.23305821]
0.25546014;92.01332;-0.22733471;[ 2.1082106  95.40497    -0.22712198]
1.2745473;85.16254;-0.22875966;[ 2.2204945  88.21407    -0.23013428]
2.5056417;79.55844;-0.2330097;[ 2.5043778  80.87475    -0.23276258]
2.8187013;75.92718;-0.23321643;[ 2.4682252 79.22784   -0.2342591]
3.5390835;80.78842;-0.22694734;[ 2.5020964  84.249306   -0.23245804]
2.0201926;78.01192;-0.23127142;[ 2.3167224  80.753624   -0.23325095]
1.3938031;84.87065;-0.22993797;[ 2.2103946  88.07577    -0.23007995]
1.9830325;77.92841;-0.2345171;[ 2.3214362  80.79878    -0.23319957]
0.2741686;91.64798;-0.22606313;[ 2.1103196  95.21223    -0.22714111]
1.9656073;77.83306;-0.232451;[ 2.3178277  80.86135    -0.23331495]
2.1556475;71.05719;-0.23616405;[ 2.4181952  73.6976     -0.23625991]
1.8620267;78.09433;-0.2352975;[ 2.385352   80.8093     -0.23333637]
2.6061316;74.501274;-0.24308257;[ 2.5649905  75.86256    -0.23529576]
0.20996404;91.8333;-0.22818878;[ 2.1242363  95.20775    -0.22742023]
2.0574608;82.11519;-0.22433901;[ 2.6503682  84.30663    -0.23163497]
2.264087;75.355896;-0.22948611;[ 2.7514458  77.16126    -0.23455141]
3.37935;72.481575;-0.26256126;[ 2.8220258  73.13167    -0.23655474]
4.0070167;75.06391;-0.23730242;[ 2.9513268  75.425156   -0.23575103]
3.6286387;70.50954;-0.24306661;[ 2.9722738  71.062706   -0.23744948]
3.7224097;70.3915;-0.2509431;[ 2.9367962  71.04406    -0.23730296]
1.4806341;81.60138;-0.2341386;[ 2.4656794  84.13824    -0.23168766]
4.094778;76.068016;-0.25196773;[ 2.6300435 78.50663   -0.2346735]
2.328104;72.43447;-0.24486177;[ 2.6600432  73.1567     -0.23643625]
2.8811846;76.00331;-0.23557459;[ 2.4801269  78.41595    -0.23451641]
2.037215;78.741196;-0.22611926;[ 2.4372187  81.37501    -0.23310982]
1.8374459;74.50815;-0.23358501;[ 2.4614575  76.94094    -0.23481058]
1.4655366;85.51854;-0.22284651;[ 2.337486   88.516754   -0.23016977]
1.607034;81.285484;-0.22932239;[ 2.3609447  84.110344   -0.23185879]
1.9738148;75.98857;-0.22567062;[ 2.6268609  76.77564    -0.23473153]
0.23991144;88.90314;-0.22607963;[ 2.1844354  91.95341    -0.22884627]
1.6036599;81.5896;-0.22818537;[ 2.3538039  84.180504   -0.23198146]
2.6630034;76.21032;-0.2327623;[ 2.596593  77.041664  -0.2346278]
1.8351315;74.81775;-0.2324918;[ 2.4543962  77.02091    -0.23493518]
2.7707765;75.28726;-0.22806306;[ 2.5784218  76.87556    -0.23462234]
1.8329339;78.86662;-0.2218943;[ 2.4179752  81.63297    -0.23313741]
2.0560942;78.84549;-0.22597475;[ 2.435912   81.436195   -0.23309803]
1.8230053;74.51005;-0.23332216;[ 2.4577377  76.982155   -0.23480377]
0.26034284;88.87792;-0.223794;[ 2.1787298  91.86587    -0.22866088]
0.21442747;88.293205;-0.2251536;[ 2.1993756  91.31038    -0.22914565]
1.442605;80.8332;-0.22876632;[ 2.3756142  83.71987    -0.23234227]
1.465505;80.82329;-0.22832866;[ 2.3748283  83.61977    -0.23250331]
1.3034531;81.53031;-0.22899483;[ 2.303309   84.08584    -0.23214836]
0.22338963;88.39073;-0.22502965;[ 2.200532   91.34739    -0.22904673]
1.6107978;81.15639;-0.22870027;[ 2.3637855  83.74563    -0.23221126]
1.8634436;74.3821;-0.23274276;[ 2.4640832  76.58078    -0.23516269]
1.5977609;79.695465;-0.23087381;[ 2.58628   81.57832   -0.2330207]
2.0632038;74.10655;-0.23232195;[ 2.6368828 75.46543   -0.2358854]
2.465557;72.97098;-0.2366057;[ 2.6802642  74.5437     -0.23589979]
3.4135907;79.54872;-0.22639543;[ 2.60912    81.66753    -0.23347571]
3.6379333;79.85217;-0.2271403;[ 2.5759535  82.18398    -0.23336789]
3.716323;70.38369;-0.22308874;[ 2.8564346  71.97365    -0.23759784]
2.9405694;74.14558;-0.24229278;[ 2.5831866  75.637314   -0.23561779]
4.318856;68.96286;-0.24850383;[ 2.680813   70.46071    -0.23794122]
2.7940695;69.78267;-0.24174316;[ 2.836924   71.30021    -0.23773861]
0.21259427;91.8378;-0.2282987;[ 2.1225374  95.23606    -0.22738475]
2.0270667;78.18357;-0.23348829;[ 2.325817   80.875435   -0.23341328]
1.4031081;85.33502;-0.22956446;[ 2.2013748  88.34001    -0.23008618]
1.8208628;78.440704;-0.23493625;[ 2.356803   81.29163    -0.23282915]
1.8925068;79.35828;-0.22624302;[ 2.446198   81.68838    -0.23316905]
1.8298618;74.83585;-0.23327819;[ 2.452603   77.17411    -0.23482068]
2.3624465;81.81768;-0.22263576;[ 2.488257   85.60023    -0.23130395]
2.6147387;74.403786;-0.2348339;[ 2.5813     76.846596   -0.23451452]
4.3447657;80.15605;-0.23620266;[ 2.6724179 82.711395  -0.2330104]
4.460322;76.08813;-0.2531205;[ 2.6881385  78.51462    -0.23452505]
4.1924353;73.38147;-0.240805;[ 2.7735264 75.56385   -0.2359396]
2.9368122;82.854996;-0.23224555;[ 2.3782408 85.70939   -0.2314091]
4.0518003;80.70602;-0.22842354;[ 2.531466   83.075424   -0.23280182]
3.0679965;76.05045;-0.23781537;[ 2.5312307  78.57446    -0.23435038]
3.5282872;77.50478;-0.23845863;[ 2.6658936  79.67785    -0.23418263]
1.9647223;75.08949;-0.22544602;[ 2.8030016  76.81559    -0.23493198]
2.833283;69.2739;-0.24175213;[ 2.6312876  71.424      -0.23729397]
3.5813692;70.733734;-0.24216548;[ 2.766799   72.539406   -0.23709002]
2.242608;75.48886;-0.22815824;[ 2.6529217  77.50646    -0.23487025]
1.3469555;81.619415;-0.22857545;[ 2.3019426  84.20052    -0.23201507]
0.23133206;89.77955;-0.22343074;[ 2.256064   93.34472    -0.22820377]
4.795837;80.67277;-0.21560632;[ 2.5530531  83.49224    -0.23280078]
2.6906242;75.40624;-0.23365112;[ 2.8120842 76.588486  -0.2350099]
3.5026317;71.00828;-0.23833309;[ 2.8938656  71.94441    -0.23717502]
3.5534325;73.26707;-0.23278531;[ 2.6402297  76.36912    -0.23585075]
4.6355433;73.8329;-0.21961796;[ 2.6539304  76.313      -0.23578952]
1.7984966;78.23386;-0.23495203;[ 2.3777394  80.75918    -0.23328288]
1.4505279;84.85161;-0.23178995;[ 2.2313495  88.00849    -0.23040847]
1.1762426;85.00768;-0.23046622;[ 2.2776093  87.90366    -0.23034269]
1.3571426;85.17469;-0.22829048;[ 2.268828   87.930824   -0.23027612]
1.9960811;78.07624;-0.23534699;[ 2.3315272  80.85165    -0.23335063]
0.25515318;90.69438;-0.2229067;[ 2.2068162  94.619      -0.22765908]
1.3339204;83.88803;-0.2273395;[ 2.30972    87.44382    -0.23063184]
1.0949935;85.38707;-0.22958933;[ 2.2760313  88.06051    -0.23042145]
1.5826582;78.40128;-0.23533934;[ 2.4241514  80.7017     -0.23344271]
1.8649698;71.63043;-0.23884572;[ 2.5246844  73.53698    -0.23638877]
3.184012;70.694855;-0.23564331;[ 2.6231449  71.38851    -0.23722237]
2.907778;66.40386;-0.24169274;[ 2.6398845  67.03397    -0.23891282]
2.9714446;73.54612;-0.23366867;[ 2.496248   74.4826     -0.23577027]
2.927742;67.169495;-0.23662718;[ 2.6287618  67.50541    -0.23866947]
3.7165613;70.96679;-0.2414313;[ 2.6558323  72.09256    -0.23712324]
3.0340567;66.796455;-0.23597091;[ 2.5853596  67.318275   -0.23872341]
3.7342563;71.5091;-0.24300644;[ 2.7865415 73.472786  -0.2366027]
2.6731806;71.48532;-0.2260484;[ 2.8461573  72.63302    -0.23649777]
2.6654305;67.2478;-0.2415261;[ 2.8267088  68.350746   -0.23797975]
2.4587774;75.035446;-0.25068954;[ 2.4620032  76.2184     -0.23477992]
2.9790344;76.91641;-0.23809783;[ 2.4145937  78.31907    -0.23413852]
3.8932958;76.50086;-0.26018336;[ 2.4731395  78.002525   -0.23431912]
3.5955698;81.33438;-0.23466367;[ 2.423948   83.26012    -0.23241487]
2.333548;79.597404;-0.23345284;[ 2.5268314  80.72729    -0.23317309]
3.715838;74.3833;-0.23994505;[ 2.6262784  75.41833    -0.23560946]
3.7360404;70.14975;-0.25935683;[ 2.6103768  70.912346   -0.23723991]
2.5615535;73.36889;-0.23731406;[ 2.5502226 74.26612   -0.2359985]
3.7439919;78.17285;-0.23429392;[ 2.5116637  79.51667    -0.23426059]
3.7093096;70.96082;-0.23862877;[ 2.7121935  71.53617    -0.23749968]
2.7801313;76.60167;-0.23534822;[ 2.579857   76.95605    -0.23476386]
2.507572;72.13774;-0.24860777;[ 2.5910778  72.50985    -0.23661913]
2.6247413;66.97952;-0.2421364;[ 2.6819367  67.290436   -0.23890524]
3.6370764;71.2195;-0.2406877;[ 2.690882   71.863045   -0.23729646]
2.4671354;71.79896;-0.24914506;[ 2.5456216  72.42852    -0.23660055]
2.7790232;71.05782;-0.23424603;[ 2.6416218  71.444695   -0.23734003]
2.5575569;66.61922;-0.24026775;[ 2.6389296  67.09518    -0.23896192]
3.4900024;70.897316;-0.23925872;[ 2.643434   71.71966    -0.23737895]
2.9661748;82.479004;-0.22924778;[ 2.4296632  84.67276    -0.23171589]
2.030766;82.12371;-0.2291221;[ 2.6111555  83.894875   -0.23200552]
2.6271172;77.05402;-0.23668171;[ 2.6761172  79.41274    -0.23434792]
2.6281855;74.44742;-0.229582;[ 2.8444364  76.6267     -0.23569015]
3.0042892;76.05355;-0.23409364;[ 2.5708828  77.63294    -0.23451765]
3.4605935;73.7651;-0.22681062;[ 2.7330487  74.99241    -0.23592742]
2.0985072;74.2782;-0.23840523;[ 2.6217499 75.07824   -0.2360121]
2.6048024;71.450836;-0.23924282;[ 2.774484   72.36938    -0.23740324]
2.5725965;75.201584;-0.2371122;[ 2.696854   75.42004    -0.23553036]
2.5178707;70.29758;-0.25051045;[ 2.8008277  70.702614   -0.23787132]
2.9290636;71.99748;-0.24338947;[ 2.7256308  73.32639    -0.23730059]
2.6586232;69.326866;-0.22999953;[ 2.9306314  69.74526    -0.23866825]
2.624619;70.284874;-0.23889892;[ 2.8013558  70.264366   -0.23783211]
2.734656;64.72102;-0.24245442;[ 2.8652995  65.106964   -0.24043727]
2.835843;61.033386;-0.25850093;[ 2.8619266  60.604725   -0.24209777]
1.5182874;83.23169;-0.24451381;[ 2.3453777  84.8415     -0.23065275]
4.1997337;77.638084;-0.26873425;[ 2.5088947  79.22628    -0.23358478]
4.1284013;70.718956;-0.26351634;[ 2.6170478  72.117096   -0.23655462]
4.3031073;84.39903;-0.2719133;[ 2.413398   86.492836   -0.23060912]
4.1426964;77.4803;-0.2653992;[ 2.5238543  79.30883    -0.23362184]
4.104624;81.344986;-0.2406016;[ 2.5424652  83.42283    -0.23222348]
4.263702;77.92707;-0.25883836;[ 2.5637994  79.21413    -0.23356095]
5.318226;75.276955;-0.298678;[ 2.8317654  76.88025    -0.23506808]
1.3233688;82.89195;-0.22969496;[ 2.6538324  85.01568    -0.23065223]
4.1532807;78.44848;-0.24297814;[ 2.8290045  79.86138    -0.23336428]
4.097677;74.22055;-0.26496258;[ 2.8203142 75.25253   -0.2350545]
0.34382272;93.47993;-0.24841309;[ 1.9978192  95.988655   -0.22626403]
2.4493341;72.51161;-0.22960593;[ 2.5443473  73.65479    -0.23612013]
3.1734757;67.39352;-0.24059531;[ 2.6484742  68.56987    -0.23869549]
2.2134821;63.035225;-0.24615158;[ 2.5970368  63.764545   -0.24039078]
3.4384928;74.5294;-0.23524565;[ 2.548825   75.84104    -0.23547418]
2.532309;69.87015;-0.24118505;[ 2.5005426  70.8693     -0.23732077]
2.7893467;76.56088;-0.23736806;[ 2.411796   77.96453    -0.23438492]
2.5311275;69.69333;-0.24149103;[ 2.501563   71.01873    -0.23739998]
2.452246;67.45172;-0.23192176;[ 2.6500907  68.542885   -0.23864639]
2.0399554;79.189606;-0.2505482;[ 2.1975918  81.22169    -0.23265903]
0.2834468;92.8636;-0.26076013;[ 2.0059774  95.65655    -0.22655973]
2.1170707;79.0157;-0.24975938;[ 2.2028403  81.26945    -0.23279724]
0.9216936;86.33851;-0.24117331;[ 2.1507287  88.48602    -0.22949539]
2.246231;72.53123;-0.24324462;[ 2.3343778 74.339424  -0.2356511]
2.424341;65.40857;-0.24761222;[ 2.3839564  67.16963    -0.23864792]
4.1068935;77.72818;-0.2686811;[ 2.5003643 79.50195   -0.2336002]
4.100835;84.4884;-0.27185255;[ 2.4047942  86.77342    -0.23062031]
3.7855682;81.871414;-0.24980035;[ 2.5947866  83.38032    -0.23219562]
3.938457;77.57391;-0.26553917;[ 2.5150244  79.35603    -0.23381995]
3.7188346;74.95277;-0.24750547;[ 2.7023015 75.99487   -0.2353865]
1.84906;76.27628;-0.2397041;[ 2.4719079  77.7974     -0.23362388]
3.965116;75.010704;-0.2427618;[ 2.6536603 76.51599   -0.2350667]
3.7670724;79.6182;-0.23443973;[ 2.755746   80.70905    -0.23347647]
3.7528644;76.73684;-0.23057632;[ 2.9403033  77.09712    -0.23540539]
3.7265534;68.51123;-0.24052784;[ 2.7863803  69.47156    -0.23798218]
3.8291187;75.193474;-0.24600144;[ 2.7413297  75.86761    -0.23548764]
1.9752117;69.89711;-0.24187028;[ 2.6076474  70.82869    -0.23644802]
3.6943712;68.19223;-0.24985828;[ 2.7948456  68.82544    -0.23830245]
2.1569712;69.51533;-0.24146348;[ 2.5628111 70.68116   -0.236507 ]
3.0223484;77.611115;-0.24066179;[ 2.3603222 79.08784   -0.2335073]
3.0326502;84.37165;-0.24080986;[ 2.2661972  86.34683    -0.23052892]
2.399854;70.52837;-0.24356088;[ 2.4696264  71.97054    -0.23671809]
2.9059339;77.880844;-0.23978238;[ 2.412538   79.12696    -0.23346885]
2.3777947;71.02116;-0.24420752;[ 2.5100348  72.05352    -0.23651254]
2.0221725;79.79206;-0.24601816;[ 2.1941144  81.46303    -0.23233654]
1.4517293;80.04461;-0.23651357;[ 2.2529569  81.706566   -0.23231117]
1.2260557;86.45007;-0.2451625;[ 2.1177316  88.733284   -0.22941631]
1.4511185;86.469986;-0.2476971;[ 2.110521  88.76642   -0.2294756]
2.136033;72.703445;-0.23863347;[ 2.3066156  74.44225    -0.23539518]
2.092455;77.01689;-0.22650969;[ 2.3330836  78.830986   -0.23375253]
1.3571855;82.98842;-0.23599324;[ 2.2476203 84.685875  -0.2313042]
1.3908298;83.252426;-0.24331185;[ 2.1836944 85.207756  -0.2312877]
1.7917303;69.68649;-0.23797184;[ 2.4736292 70.62447   -0.2372588]
1.9645125;69.56129;-0.23611778;[ 2.4783592  70.48744    -0.23723827]
1.976351;76.49347;-0.2405755;[ 2.2757626  78.04858    -0.23420118]
1.064685;89.19777;-0.2214262;[ 2.111833   94.63195    -0.22853228]
3.674702;74.24382;-0.23848541;[ 2.5837495  74.94915    -0.23581938]
3.3996854;74.06993;-0.24038446;[ 2.530205   75.83167    -0.23549576]
3.2727742;71.43063;-0.23547664;[ 2.7067263  72.60836    -0.23713887]
3.177187;78.12039;-0.233203;[ 2.6143692 79.87137   -0.2341247]
3.4930303;74.46322;-0.23619822;[ 2.636256 75.01218  -0.235772]
1.720537;83.35809;-0.22454359;[ 2.2442677  85.83926    -0.23097047]
1.7622669;83.21116;-0.22584291;[ 2.2283678 85.59673   -0.231033 ]
2.062003;79.40836;-0.24897438;[ 2.2073298  81.337      -0.23248395]
1.654907;83.2493;-0.22382866;[ 2.255292   86.004005   -0.23093794]
1.7086871;79.60835;-0.23900107;[ 2.2567658  81.45316    -0.23242068]
2.2513614;72.703636;-0.24027209;[ 2.3461673  74.45156    -0.23546904]
1.335681;82.760956;-0.25137275;[ 2.1903772  84.44689    -0.23151001]
1.8899555;75.57807;-0.2382459;[ 2.343519  77.001396  -0.2346153]
1.7618688;79.15239;-0.22750644;[ 2.3213117  81.47148    -0.23313598]
0.20771337;89.51895;-0.25541124;[ 2.0981634  91.68861    -0.22852658]
0.9619273;86.13133;-0.22330153;[ 2.2365918  88.78805    -0.23001875]
0.94352657;86.52485;-0.22235483;[ 2.2393625  89.11225    -0.22994986]
1.4088591;82.56622;-0.25029448;[ 2.1987107  84.47329    -0.23163852]
1.9086492;72.75865;-0.2255738;[ 2.4828691  74.44694    -0.23605758]
0.92026174;82.95621;-0.23763976;[ 2.2422915  84.52858    -0.23144838]
1.6678542;75.78015;-0.23672348;[ 2.3923974  77.12339    -0.23455472]
2.0265095;68.87543;-0.23899758;[ 2.4815307 70.12885   -0.2376012]
2.141659;68.617645;-0.23936613;[ 2.4388127  69.92689    -0.23766628]
1.4893949;82.57435;-0.24894163;[ 2.3597877  84.36407    -0.23111922]
1.7841239;79.432556;-0.23081702;[ 2.487813 81.692314 -0.232507]
4.0591497;84.045586;-0.2760787;[ 2.429497   86.03689    -0.23109098]
1.099092;86.42057;-0.22448464;[ 2.4117553  89.04332    -0.22952744]
3.9847524;81.13653;-0.23741211;[ 2.5734684  83.48107    -0.23248015]
1.5505828;82.36846;-0.24807309;[ 2.3690107 84.37242   -0.2312552]
1.0718212;86.30497;-0.22500683;[ 2.398234   88.81559    -0.22959055]
2.8728566;77.24921;-0.2417978;[ 2.3658593  78.77211    -0.23394108]
3.6679983;74.384575;-0.24041575;[ 2.5404751  75.77628    -0.23567659]
3.6438308;74.766685;-0.23924471;[ 2.5840924  75.86075    -0.23546754]
4.0642853;70.65196;-0.25628942;[ 2.5704749  71.3756     -0.23712532]
3.6446414;67.90628;-0.24221602;[ 2.6737516  68.7989     -0.23857415]
3.931316;63.578075;-0.26322424;[ 2.6142466  64.1848     -0.24023739]
1.4589756;82.93866;-0.24476285;[ 2.1873612  84.849075   -0.23124339]
1.837031;75.94448;-0.23884907;[ 2.293323   77.64881    -0.23430783]
2.2207344;79.793274;-0.22955745;[ 2.335482  81.57423   -0.2328856]
1.5320591;80.01329;-0.2218945;[ 2.3357267  82.124626   -0.23273255]
1.6888736;76.09014;-0.2399626;[ 2.3875837  77.47495    -0.23426414]
1.3367175;82.770195;-0.25355694;[ 2.1906862 84.44709   -0.2315024]
1.918903;75.51599;-0.23962083;[ 2.3483498  76.89746    -0.23466603]
0.2143693;89.52819;-0.25789827;[ 2.0981193  91.69398    -0.22851466]
1.4294724;82.56695;-0.25247833;[ 2.1986475  84.4705     -0.23163556]
2.0055633;68.83351;-0.24116787;[ 2.4795148  70.124176   -0.23762277]
2.0492325;72.254906;-0.22943124;[ 2.4184048  74.32273    -0.23622829]
3.0049534;68.63076;-0.23907726;[ 2.6203694  69.91296    -0.23744948]
1.3592288;84.08586;-0.23386116;[ 2.234046   86.288246   -0.23051336]
0.27026963;90.836845;-0.23177439;[ 2.1384761  93.62908    -0.22746474]
1.737806;77.44815;-0.23701175;[ 2.3925254  79.31542    -0.23343931]
2.050602;79.5071;-0.24802409;[ 2.1966097  81.41184    -0.23259465]
1.9178232;79.51774;-0.24730192;[ 2.2018166  81.49005    -0.23250291]
1.8482434;79.26676;-0.24032217;[ 2.2620556  81.35951    -0.23252729]
1.3974702;86.0201;-0.23981774;[ 2.170906   88.54067    -0.22958487]
1.966258;79.34961;-0.24682418;[ 2.2074728  81.574684   -0.23259431]
2.1287653;72.97305;-0.24300046;[ 2.3393464  74.633064   -0.23544054]
1.8797256;75.97614;-0.23917398;[ 2.3365324  77.438705   -0.23435745]
1.9513493;75.80705;-0.23876831;[ 2.3425775  77.52925    -0.23444977]
1.6463223;80.030914;-0.22317079;[ 2.3956735  81.99379    -0.23284741]
1.9986848;77.687355;-0.22023576;[ 2.4911182  79.10192    -0.23422354]
1.7257607;76.319664;-0.24003528;[ 2.3824158  77.57197    -0.23431578]
1.5792066;76.3761;-0.23862804;[ 2.3896239  77.772934   -0.23428147]
1.6664268;76.70887;-0.23819202;[ 2.317322  78.178856  -0.2341731]
2.0329695;73.80278;-0.23290233;[ 2.4830887  74.74883    -0.23578708]
2.0160332;76.412025;-0.24391714;[ 2.2717252  78.08934    -0.23421076]
2.1903293;73.46318;-0.23118329;[ 2.4387789  74.63506    -0.23581602]
2.098596;69.04653;-0.24026337;[ 2.4325495  70.397255   -0.23735937]
2.048687;79.922745;-0.22468837;[ 2.5491753 81.52158   -0.2324859]
1.7789102;80.085175;-0.22685596;[ 2.5111363  81.57338    -0.23232296]
4.1053104;77.272446;-0.27466446;[ 2.5171728  78.90185    -0.23404875]
4.375066;81.02267;-0.24558316;[ 2.5810242  82.95066    -0.23253876]
3.8408017;74.719025;-0.23904057;[ 2.6678069  76.38342    -0.23536706]
4.44613;78.7948;-0.23395503;[ 2.7405567  80.362175   -0.23378037]
4.3314753;74.576195;-0.24751502;[ 2.7263367  75.7875     -0.23547056]
4.2793865;70.456665;-0.2629;[ 2.7384763  71.570244   -0.23712736]
1.7368547;76.11586;-0.24496722;[ 2.5016143  77.56564    -0.23401937]
4.241486;70.588776;-0.2632775;[ 2.6653347 71.89292   -0.2370251]
4.262421;70.36363;-0.27149743;[ 2.6171021  71.76853    -0.23707521]
2.9972262;77.205925;-0.24172613;[ 2.3643405 78.77166   -0.2339448]
3.9875877;74.55176;-0.2416058;[ 2.5085285  76.0653     -0.23547073]
2.8964682;70.0588;-0.2457162;[ 2.5286767  71.46731    -0.23705226]
3.0295734;77.051384;-0.24127829;[ 2.371685   78.83979    -0.23402151]
3.875084;74.391045;-0.24121074;[ 2.5176473  76.1079     -0.23555295]
2.9812498;70.52507;-0.24278481;[ 2.5062947  71.83317    -0.23692408]
3.735258;67.70129;-0.24386215;[ 2.6079009  68.91196    -0.23853292]
3.6559489;74.0717;-0.23868965;[ 2.5769348  75.20414    -0.23590666]
4.0938826;69.86661;-0.25915632;[ 2.5699203  70.48385    -0.23761405]
2.299768;70.03116;-0.24207756;[ 2.563403   70.8494     -0.23744963]
2.8580043;81.81061;-0.25425795;[ 2.373276  83.01374   -0.2321588]
4.2501903;76.609085;-0.25899243;[ 2.479997   77.6986     -0.23462102]
3.4948235;73.937836;-0.23826441;[ 2.5884168  75.21569    -0.23599747]
3.9855387;69.72769;-0.25869888;[ 2.5707235  70.63758    -0.23768371]
2.3027656;81.0852;-0.22429383;[ 2.469012   82.745445   -0.23276497]
2.4346137;72.64158;-0.2354942;[ 2.6223528  73.32641    -0.23648481]
3.691468;74.33381;-0.23952207;[ 2.6231637  75.444466   -0.23574188]
3.68545;63.434486;-0.2613435;[ 2.6999955  63.721172   -0.24050005]
3.7911615;63.09642;-0.26068366;[ 2.6593435  63.48608    -0.24063209]
1.3688585;86.204575;-0.25744212;[ 2.104265   88.41891    -0.22978823]
0.8655582;86.3849;-0.2427398;[ 2.1554556 88.52918   -0.2297069]
1.6640116;79.52201;-0.24311906;[ 2.2480214  81.46102    -0.23275292]
1.6070926;79.542206;-0.24202421;[ 2.3095133  81.19808    -0.23273148]
2.2558315;72.66115;-0.24462089;[ 2.3399808  74.43311    -0.23576501]
3.6518774;74.85124;-0.24256274;[ 2.4851203 76.27197   -0.2351732]
3.0295267;70.66282;-0.24072784;[ 2.4652827  71.846886   -0.23659164]
3.0219574;77.424164;-0.23896009;[ 2.3739066  79.02398    -0.23364991]
3.8897843;81.5518;-0.24025036;[ 2.3922281 83.52459   -0.23218  ]
2.739713;81.25924;-0.23038672;[ 2.384766   83.42459    -0.23213017]
4.813727;72.20299;-0.26048204;[ 2.825183   73.66089    -0.23675634]
2.64856;77.39643;-0.23374152;[ 2.6555822  79.31808    -0.23361373]
4.024247;71.944984;-0.24599403;[ 2.815242   73.57311    -0.23670627]
5.168431;74.0929;-0.23788704;[ 2.9942203  74.64957    -0.23646978]
3.793008;69.709465;-0.25405306;[ 2.9059262 70.891136  -0.2376193]
2.8635056;73.99963;-0.24502768;[ 2.61454    75.00034    -0.23506778]
3.0011091;75.08009;-0.24258447;[ 2.5349247  76.367546   -0.23502718]
2.7846017;68.32209;-0.2453809;[ 2.6278946  69.10273    -0.23802394]
2.2191033;72.88053;-0.24155492;[ 2.2991548  74.39721    -0.23527828]
0.27897453;93.31546;-0.2545199;[ 2.0091524  95.87452    -0.22641721]
1.2799529;86.4037;-0.24733196;[ 2.1166434  88.7297     -0.22941579]
1.9005752;79.64212;-0.24374597;[ 2.2078881  81.55981    -0.23234993]
0.9987321;86.85657;-0.23893434;[ 2.1557887  88.6408     -0.22935884]
1.750973;83.57279;-0.22529666;[ 2.2211199  85.86113    -0.23086098]
2.1038413;73.23869;-0.2389938;[ 2.3423212  74.562645   -0.23522197]
4.190531;80.89972;-0.23984088;[ 2.560161   83.24144    -0.23244806]
4.238658;84.218094;-0.2767;[ 2.4257114  86.33224    -0.23081565]
4.179162;77.45998;-0.2736839;[ 2.5194983  79.072075   -0.23380321]
4.363096;75.07797;-0.24055015;[ 2.6791484  76.47396    -0.23503877]
1.7912213;76.41817;-0.24333256;[ 2.5034845  77.57303    -0.23371968]
1.4678233;76.6276;-0.24309586;[ 2.555173   77.67191    -0.23364763]
3.0764935;70.7826;-0.24168298;[ 2.5100744  71.73655    -0.23668176]
3.127698;70.59931;-0.24246977;[ 2.4627314  71.58976    -0.23675112]
1.393857;86.40817;-0.2570647;[ 2.112797   88.5525     -0.22951534]
1.7182592;79.79256;-0.2400685;[ 2.2543213  81.44355    -0.23241678]
1.4503447;80.04637;-0.23900077;[ 2.2992134  81.62397    -0.23236287]
2.001461;73.2963;-0.24074148;[ 2.3882694  74.49045    -0.23528619]
2.27334;72.89169;-0.24759257;[ 2.2975736  74.09451    -0.23546445]
2.4666293;80.25021;-0.2400066;[ 2.5649712  81.47161    -0.23264667]
2.9053547;72.63257;-0.28309947;[ 2.800723   73.39023    -0.23652357]
4.396987;67.42741;-0.28445482;[ 2.9057183  67.953735   -0.23904082]
3.3432393;77.49496;-0.23921496;[ 2.6969526  79.08708    -0.23399088]
2.9609497;72.397964;-0.2413197;[ 2.8830664  73.301186   -0.23685035]
2.8558354;70.39023;-0.25096086;[ 2.959684   70.76199    -0.23780587]
4.108377;65.29613;-0.2603562;[ 3.059852   65.41992    -0.24028075]
2.3752437;73.712906;-0.24421397;[ 2.706791   74.397026   -0.23552652]
2.8686013;68.17758;-0.26117092;[ 2.8697672  68.740685   -0.23851767]
2.6053882;75.88359;-0.24042723;[ 2.7653782  76.558624   -0.23444778]
4.0271482;61.405144;-0.28421834;[ 3.042616   60.914288   -0.24193758]
3.6208649;67.388145;-0.25597477;[ 2.7439868  68.07233    -0.23888323]
2.9043865;71.940796;-0.24333219;[ 2.7090151  73.05095    -0.23705661]
2.1076832;68.11528;-0.24434048;[ 2.7148788 68.62012   -0.2384484]
2.221406;66.11416;-0.2555019;[ 2.776934  66.34902   -0.2393594]
2.2267103;65.82842;-0.25554258;[ 2.7289762  66.2591     -0.23936902]
1.8628098;76.54704;-0.23959298;[ 2.2870734 77.85345   -0.234063 ]
0.2793231;90.28941;-0.2484828;[ 2.084677   92.27526    -0.22810817]
1.2760618;83.31162;-0.2416582;[ 2.1938555  85.02913    -0.23114793]
1.874026;76.32567;-0.23515187;[ 2.3361425  77.64549    -0.23399135]
0.2582959;90.43054;-0.24314661;[ 2.07365    92.60061    -0.22792041]
1.2656444;83.42819;-0.23686552;[ 2.1873896  85.17771    -0.23106167]
1.7265991;70.098724;-0.23282464;[ 2.4295847  70.88256    -0.23708017]
2.000994;69.63459;-0.23386481;[ 2.3857977  70.8276     -0.23703063]
3.1420422;73.831345;-0.23515767;[ 2.4823422  74.5548     -0.23559684]
3.7404544;70.6796;-0.2376951;[ 2.6402907 71.61448   -0.23716  ]
2.962594;78.40295;-0.24558249;[ 2.4562662  79.44695    -0.23351568]
3.8738112;77.43982;-0.23601742;[ 2.546342   78.86834    -0.23418763]
2.917822;67.17132;-0.23592782;[ 2.6323628  67.39103    -0.23873034]
4.123473;66.55197;-0.25309932;[ 2.6960502 66.90133   -0.2389823]
2.9214957;77.10068;-0.2266354;[ 2.532071   78.742      -0.23435014]
2.6862283;76.67997;-0.22836414;[ 2.5146892  78.452965   -0.23449738]
2.4914668;69.81289;-0.23119704;[ 2.6076558  71.33752    -0.23762143]
2.7794147;73.50687;-0.234279;[ 2.5386999  74.20954    -0.23575415]
2.0812516;75.74079;-0.24305397;[ 2.2864432  77.23922    -0.23437516]
1.7059379;79.05293;-0.22478051;[ 2.3125823 81.59456   -0.2330301]
2.1640856;72.18503;-0.22700423;[ 2.4035876  74.5277     -0.23611754]
1.843861;73.0152;-0.22463837;[ 2.4672616  74.8514     -0.23579071]
2.398512;68.77988;-0.24083725;[ 2.38208    70.16052    -0.23743619]
2.9705634;73.33038;-0.23478313;[ 2.4858143  74.13326    -0.23584686]
2.2829363;69.68922;-0.23438686;[ 2.6071908  71.10254    -0.23762284]
3.654245;77.16686;-0.23358932;[ 2.517529   78.97501    -0.23430325]
2.5550961;75.35844;-0.23230335;[ 2.5659409  76.62917    -0.23489647]
3.631548;70.402;-0.24076083;[ 2.658539   71.77657    -0.23729418]
2.5406063;70.65113;-0.22864462;[ 2.6686342  71.747086   -0.23724064]
1.8057693;79.21362;-0.22603038;[ 2.3166325  81.46081    -0.23289883]
2.0360773;75.7266;-0.24305397;[ 2.2842453  77.280235   -0.23435389]
0.25999975;89.43666;-0.25162688;[ 2.0938077 91.65653   -0.2283023]
1.769948;79.49115;-0.223079;[ 2.3320336 81.86634   -0.23288  ]
0.92797196;82.87576;-0.2354117;[ 2.2377043  84.503395   -0.23122086]
2.3132555;68.989105;-0.23664686;[ 2.4258862  70.35639    -0.23735406]
2.079587;76.24814;-0.24030747;[ 2.2804852  77.69677    -0.23413166]
0.26128435;89.928604;-0.24715686;[ 2.0855122  92.07152    -0.22814825]
1.5323093;82.628654;-0.23479338;[ 2.2569509 84.60059   -0.231253 ]
1.6525685;76.19133;-0.23499066;[ 2.3916981  77.58192    -0.23415813]
3.036049;80.10086;-0.23284645;[ 2.3957055  81.31223    -0.23289111]
2.3272777;76.65668;-0.22696269;[ 2.5153525  78.40704    -0.23454586]
3.634681;70.73108;-0.23473887;[ 2.6314492  71.836174   -0.23721924]
3.0208783;73.490845;-0.23346323;[ 2.539408  74.12536   -0.2358461]
2.696568;66.573616;-0.23738882;[ 2.6357236  67.07042    -0.23891686]
2.4639332;67.949875;-0.23797834;[ 2.6094837  69.28413    -0.23815536]
3.0824838;62.927002;-0.24600405;[ 2.7107184  64.26665    -0.24067247]
2.0728056;72.09129;-0.23058893;[ 2.409549   74.2241     -0.23611528]
1.3683634;82.71335;-0.24818212;[ 2.1860254  84.42777    -0.23127598]
1.7663275;78.95514;-0.2275047;[ 2.312118   81.39737    -0.23299843]
0.25614762;89.47133;-0.25162688;[ 2.0940413  91.64712    -0.22830467]
2.089499;72.20127;-0.22700423;[ 2.402283   74.55294    -0.23609322]
0.97968954;82.86594;-0.2354117;[ 2.2373338  84.510956   -0.23121881]
2.1810927;68.986465;-0.23664686;[ 2.4262047  70.33242    -0.23734799]
2.276582;68.85518;-0.24083725;[ 2.3799295  70.1614     -0.23743251]
1.5148084;78.49358;-0.23479033;[ 2.3520336  80.14204    -0.23354894]
1.3660429;81.94595;-0.22524282;[ 2.3087     84.63596    -0.23204187]
1.3145372;79.30274;-0.24528117;[ 2.2741377  80.506004   -0.23326518]
1.6569372;75.40532;-0.2241252;[ 2.4601877  77.339455   -0.23500986]
1.3113296;79.38921;-0.24519886;[ 2.2777107  80.479576   -0.23322408]
1.9028091;72.10885;-0.23556437;[ 2.4347205  72.95835    -0.23637065]
1.7878444;75.24609;-0.22828987;[ 2.39999    77.357735   -0.23503646]
1.8390994;75.3924;-0.225524;[ 2.398462   77.37919    -0.23474655]
0.25965595;86.05658;-0.24329334;[ 2.1815858  87.6523     -0.23004532]
1.4610248;81.80464;-0.22482659;[ 2.3044345  84.48461    -0.23187646]
1.4324162;82.14257;-0.22380008;[ 2.3068855  84.58762    -0.23178154]
1.4563532;79.11056;-0.23938379;[ 2.2812011  80.500824   -0.23312354]
1.4729363;75.610176;-0.22524935;[ 2.4461489  77.53374    -0.23468429]
2.8794146;72.52864;-0.23087074;[ 2.5994484  74.2738     -0.23643222]
3.062469;70.08748;-0.23209476;[ 2.62519    70.26459    -0.23743851]
1.8420961;75.93323;-0.224943;[ 2.3972137  77.64625    -0.23467496]
1.6280968;78.921974;-0.23230074;[ 2.342984  80.493675  -0.2330974]
1.6751893;75.74293;-0.22399545;[ 2.4137309  77.62022    -0.23478225]
0.9446529;79.93565;-0.23064297;[ 2.3164382  80.95037    -0.23279035]
1.513695;72.93305;-0.23039989;[ 2.4233775 73.73533   -0.2358549]
3.2783167;76.707794;-0.23094124;[ 2.4814885 77.41506   -0.2345246]
3.9300957;73.01402;-0.23446667;[ 2.605206   74.73958    -0.23619846]
3.236983;70.10456;-0.23209476;[ 2.6248248 70.25493   -0.2374637]
2.3206174;65.83292;-0.23569235;[ 2.6910574  67.04141    -0.23938818]
1.3449242;79.300285;-0.24058434;[ 2.273526   80.43594    -0.23301543]
1.7772678;74.90969;-0.22644798;[ 2.4000857  77.35458    -0.23497999]
1.7650446;74.901245;-0.22812344;[ 2.398232   77.32285    -0.23502778]
1.8547716;76.12619;-0.22061656;[ 2.4132538  77.86918    -0.23443528]
1.7960706;68.42868;-0.23235959;[ 2.535014   70.307785   -0.23792541]
1.4566386;75.6087;-0.22524935;[ 2.4463897  77.51862    -0.23468843]
1.7838371;72.50007;-0.2321937;[ 2.4215815  73.41799    -0.23602584]
2.0325813;68.21594;-0.2292707;[ 2.4904604  70.15228    -0.23796521]
2.0679908;72.35462;-0.23773803;[ 2.3731213  73.28188    -0.23609664]
1.5240054;78.31062;-0.22321975;[ 2.390552  80.4724    -0.2336343]
1.5158001;78.311966;-0.22321975;[ 2.3904984  80.473      -0.23363367]
1.3508053;75.00322;-0.21877292;[ 2.5103672  77.61768    -0.23524936]
1.834802;71.547264;-0.22504438;[ 2.482251   73.2591     -0.23660576]
1.3326024;75.91687;-0.23489368;[ 2.3613343 76.440094  -0.2347609]
1.8430792;71.56117;-0.22504438;[ 2.4821637  73.25886    -0.23660412]
0.29102445;84.12042;-0.22280458;[ 2.3157938  85.61619    -0.23084608]
1.4849217;80.03479;-0.22224912;[ 2.4357169  82.63352    -0.23262712]
0.96066564;77.52947;-0.22374654;[ 2.4605997  78.439445   -0.23378038]
1.8091999;73.2856;-0.22447354;[ 2.528301  75.399345  -0.2356066]
1.8068225;73.2952;-0.22448398;[ 2.5298605  75.30925    -0.23563914]
1.506624;80.03131;-0.22124489;[ 2.4376216  82.65974    -0.23259291]
1.8201299;73.33757;-0.22311541;[ 2.528092   75.45489    -0.23557794]
1.7874008;75.7384;-0.2267176;[ 2.388782  77.72493   -0.2346083]
1.804548;75.70152;-0.22691941;[ 2.3898752  77.58628    -0.23474155]
1.6252608;82.55348;-0.22425133;[ 2.3047695  84.83941    -0.23171708]
1.6465824;78.92575;-0.23243769;[ 2.3429515  80.50744    -0.23308867]
1.3890045;76.041405;-0.22771755;[ 2.4362874  77.82868    -0.23456454]
1.6357065;76.099396;-0.22639368;[ 2.4472363  77.68724    -0.23464951]
1.8184313;72.76971;-0.23528771;[ 2.3746812  73.622635   -0.23589389]
1.3387351;79.79184;-0.23783253;[ 2.2642462  80.934044   -0.23279294]
1.8927332;72.36675;-0.23392938;[ 2.4361749  73.236374   -0.23608525]
0.25969374;86.55017;-0.23997366;[ 2.1722107  88.145195   -0.22982822]
1.501151;76.479935;-0.22627375;[ 2.4471846  77.81675    -0.23450728]
1.9074224;71.161354;-0.23842971;[ 2.5168867  72.38212    -0.23696448]
1.4935579;75.74596;-0.22626737;[ 2.4562824  77.54477    -0.23490766]
1.8498371;75.475586;-0.22649822;[ 2.4068575  77.427956   -0.23496163]
1.8693208;71.69746;-0.23703316;[ 2.4439409  72.91755    -0.23652372]
1.6515455;75.8528;-0.22567295;[ 2.4123118  77.49894    -0.23489346]
1.5978849;79.90645;-0.21986972;[ 2.4449508  81.836395   -0.23315498]
1.55673;75.6712;-0.22489963;[ 2.4555035  77.638245   -0.23477654]
1.828147;72.78759;-0.23537643;[ 2.3752599  73.594795   -0.23591907]
1.9218388;69.10182;-0.22787052;[ 2.5027792  70.31757    -0.23784874]
1.8332961;76.1476;-0.22574605;[ 2.3994718  77.76026    -0.23449919]
1.7967948;75.65511;-0.22632748;[ 2.3886518  77.638374   -0.23469502]
1.5492394;75.5636;-0.22524679;[ 2.4043357 77.53455   -0.234907 ]
0.98869073;80.0269;-0.23094423;[ 2.3165722  80.96574    -0.23273829]
1.4812055;73.07262;-0.23038599;[ 2.4216933  73.73582    -0.23586833]
1.8194577;72.747375;-0.23417681;[ 2.375625   73.62891    -0.23589312]
1.7826526;75.82734;-0.2267176;[ 2.3860505  77.73648    -0.23462725]
1.8502606;75.9822;-0.22571672;[ 2.3968828 77.70531   -0.2345856]
2.23272;76.571434;-0.22625974;[ 2.416638   77.570175   -0.23445787]
1.3891522;82.52126;-0.22495906;[ 2.2956476  84.93162    -0.23165335]
1.2240756;79.52593;-0.23586488;[ 2.2834308  80.80265    -0.23295483]
1.5918243;76.1091;-0.2218906;[ 2.401615   77.91276    -0.23459151]
1.356307;79.78887;-0.23783253;[ 2.265545   80.93008    -0.23278232]
1.8994794;72.23703;-0.23312499;[ 2.4355493 73.29008   -0.2360898]
1.8364038;76.02517;-0.2248724;[ 2.3976133 77.73558   -0.2345661]
1.4272137;82.97484;-0.22288547;[ 2.3075101  85.000786   -0.23152548]
1.8363855;76.17323;-0.223613;[ 2.4336855 77.41305   -0.2347378]
1.7318672;72.0637;-0.23132731;[ 2.445376   73.27817    -0.23627506]
1.5911059;75.94711;-0.22552058;[ 2.4602113  77.550964   -0.23480545]
1.4511337;73.08103;-0.23027505;[ 2.4207306  73.74307    -0.23587397]
2.0578103;76.65007;-0.22447328;[ 2.4684942  77.57575    -0.23448265]
2.0855985;69.75565;-0.22518611;[ 2.5684953 70.376274  -0.237652 ]
1.7978656;72.53517;-0.23205222;[ 2.4819655  73.39584    -0.23605254]
1.8108537;65.64465;-0.23202954;[ 2.579777   66.24264    -0.23919684]
1.6262753;76.28168;-0.2247147;[ 2.4469135  77.78892    -0.23454022]
0.35781288;84.97406;-0.21895555;[ 2.2260056  86.30305    -0.23026687]
1.3777388;78.218796;-0.22095497;[ 2.31924    79.08037    -0.23323391]
2.6715388;71.10895;-0.22949286;[ 2.613416   72.28842    -0.23684788]
1.7326598;74.019295;-0.22083214;[ 2.437112   75.96059    -0.23507228]
0.2108984;86.14728;-0.24887992;[ 2.1858048  87.697754   -0.23025344]
1.6203014;75.448906;-0.22298726;[ 2.4633543 77.35102   -0.2349812]
1.4774405;75.75364;-0.22589798;[ 2.4556677 77.57479   -0.2348407]
0.9096272;79.53766;-0.23449396;[ 2.3287864  80.56815    -0.23316261]
1.7486265;72.25491;-0.2337589;[ 2.48266    73.09553    -0.23630822]
1.3131354;79.388954;-0.24519886;[ 2.2777991  80.47378    -0.23322687]
1.7869878;75.18689;-0.22828987;[ 2.4010463  77.34697    -0.23502617]
1.6513176;78.86926;-0.23459147;[ 2.3450663  80.147285   -0.23339833]
1.7487507;72.239136;-0.2337589;[ 2.4828393  73.09437    -0.23631221]
3.536256;72.315384;-0.23262067;[ 2.6501462  73.18588    -0.23597999]
3.509521;72.13419;-0.23260373;[ 2.5969884  73.15325    -0.23600943]
1.7806665;77.28373;-0.22353427;[ 2.4412956  79.519936   -0.23376325]
0.26546025;87.48013;-0.22681534;[ 2.2277718  89.61134    -0.22916749]
1.4935039;80.59601;-0.23027784;[ 2.3387353  82.45401    -0.23217903]
2.0190866;73.83801;-0.23196606;[ 2.4309149  75.21045    -0.23516345]
2.6450498;74.97331;-0.22274768;[ 2.6421618  76.68226    -0.23519744]
1.3481722;80.76041;-0.22891702;[ 2.321449   82.35923    -0.23209316]
1.8028557;77.86676;-0.21955377;[ 2.4631162  79.89565    -0.23348919]
2.0351126;73.829056;-0.23042585;[ 2.423355   75.087395   -0.23525147]
1.8802003;75.144485;-0.23117268;[ 2.5563686  76.57981    -0.23502126]
1.8827192;71.16711;-0.24171078;[ 2.6003232 71.75553   -0.2368308]
0.270234;88.00752;-0.22720985;[ 2.2259023  90.110466   -0.22890939]
1.7454352;77.922;-0.23952493;[ 2.5093107 78.93153   -0.2338922]
1.7382414;71.528305;-0.24284649;[ 2.6440732  71.95602    -0.23676933]
2.296691;70.432556;-0.23594745;[ 2.6045742  71.45985    -0.23736392]
2.9857178;80.643616;-0.23274626;[ 2.3851304  81.87862    -0.23267421]
2.5787067;73.63275;-0.23495823;[ 2.4982128 74.42642   -0.2358241]
3.3422265;70.28673;-0.23715486;[ 2.659458   71.40812    -0.23749559]
4.142722;72.82248;-0.25403136;[ 2.5689604  73.95492    -0.23611656]
3.6223679;70.16055;-0.24509875;[ 2.7518618  70.52824    -0.23787107]
2.141756;77.13536;-0.23230386;[ 2.5124135  78.68636    -0.23439114]
2.9526005;73.55995;-0.22083226;[ 2.7028568 73.90553   -0.2362723]
2.910767;74.15697;-0.23390812;[ 2.5318468  74.619514   -0.23562539]
3.2481108;63.88237;-0.24018806;[ 2.793454   64.373024   -0.24042808]
2.7824833;71.9204;-0.24590921;[ 2.601395   72.186516   -0.23658052]
4.0279174;66.3976;-0.25240567;[ 2.7065775  66.85621    -0.23906228]
2.273157;68.987236;-0.24065956;[ 2.7387524  68.55505    -0.23846439]
3.2242088;63.544228;-0.2393294;[ 2.7503383  64.247246   -0.24042322]
2.1950045;64.744415;-0.24691172;[ 2.6540954 64.89499   -0.2397517]
2.3278024;76.48761;-0.22970152;[ 2.530009   78.340385   -0.23482585]
4.3494267;72.72451;-0.256291;[ 2.5807614  73.48465    -0.23659164]
3.9155912;74.04346;-0.23402545;[ 2.7258656  75.56685    -0.23615378]
4.7539005;65.08086;-0.2641858;[ 2.7580698  65.57509    -0.24012998]
2.3333087;76.84999;-0.22619301;[ 2.5304163  78.43784    -0.23475249]
3.6949492;70.439156;-0.23776303;[ 2.710692   71.18355    -0.23770818]
4.212071;66.243706;-0.25284493;[ 2.714609  66.46784   -0.2395288]
4.471445;63.30796;-0.2489654;[ 2.877552   63.664516   -0.24104685]
3.9831576;63.95801;-0.2481531;[ 2.7615426  64.31205    -0.24038246]
2.399168;69.79303;-0.23317973;[ 2.6211853  71.123146   -0.23780961]
3.746605;70.20806;-0.23818086;[ 2.660564   71.09358    -0.23775268]
4.198642;65.973526;-0.25653765;[ 2.6704655  66.303856   -0.23955137]
2.5925155;78.38407;-0.23655038;[ 2.4778504  79.97119    -0.23309748]
1.3524201;82.132515;-0.2292805;[ 2.481549   84.76226    -0.23144443]
4.3171005;73.105644;-0.26101422;[ 2.6876278  74.4436     -0.23609401]
1.2368364;79.58113;-0.23788919;[ 2.4889114  80.71556    -0.23270576]
4.5413675;70.682785;-0.24657604;[ 2.8064232  71.71282    -0.23734613]
4.403497;66.580605;-0.2596853;[ 2.8215928  67.47058    -0.23898901]
1.7519838;75.43793;-0.23248161;[ 2.5722919  77.56179    -0.23441975]
1.3593212;83.039925;-0.24783926;[ 2.1821253  84.57856    -0.23130265]
1.7758477;79.28724;-0.22702165;[ 2.300147   81.697716   -0.23291638]
1.9548471;76.106895;-0.24247791;[ 2.288433 77.51278  -0.234234]
2.0090365;72.45356;-0.23198408;[ 2.4195786  74.30037    -0.23609146]
1.5728308;82.30579;-0.2362335;[ 2.2580516  84.42034    -0.23142968]
1.1990271;86.40343;-0.22367427;[ 2.214126   88.87315    -0.22993824]
1.6283915;79.52797;-0.22461458;[ 2.3176665  81.82506    -0.23289241]
0.98112833;83.1904;-0.23590079;[ 2.233379  84.6622    -0.2312454]
1.6123611;76.26373;-0.23577626;[ 2.3367608  77.647865   -0.23417021]
1.6879652;75.74036;-0.23547415;[ 2.3922946  77.43637    -0.23432665]
0.24583244;88.35979;-0.22266184;[ 2.219924   90.76563    -0.22898693]
1.5115501;77.51539;-0.23899278;[ 2.4843397  78.29012    -0.23412627]
1.9251733;74.756714;-0.23071395;[ 2.6591837  75.17065    -0.23575746]
1.9433646;75.28336;-0.22526246;[ 2.6395247  75.75825    -0.23537782]
0.93709946;81.747986;-0.22374274;[ 2.365788  83.5632    -0.2319293]
1.9200177;68.306076;-0.2332332;[ 2.792596   68.24859    -0.23862635]
2.2425947;68.00752;-0.23345278;[ 2.7486045  67.99287    -0.23871657]
1.3776059;83.19608;-0.24387115;[ 2.1788952  84.89231    -0.23106657]
1.8012402;79.784546;-0.2286462;[ 2.312464   81.701546   -0.23281212]
1.8879685;75.8519;-0.23627982;[ 2.351914   77.3064     -0.23427752]
1.6879008;75.71059;-0.23445222;[ 2.3590703  77.30787    -0.23450407]
1.7166054;79.53671;-0.22899586;[ 2.3201213 81.69004   -0.2329509]
1.7437689;79.89464;-0.22503275;[ 2.308709  81.920685  -0.2328233]
2.1044552;69.28699;-0.23634163;[ 2.3836155 70.48365   -0.237242 ]
1.3790165;82.21741;-0.23870037;[ 2.2678444  84.26223    -0.23167546]
1.7215601;78.91672;-0.2271719;[ 2.33186    81.54641    -0.23321518]
1.5970241;75.11333;-0.24220783;[ 2.422649   76.69968    -0.23491098]
1.6548821;68.64481;-0.2438528;[ 2.5556378  69.77605    -0.23775087]
2.0750663;75.88476;-0.24784194;[ 2.2897773  77.38384    -0.23450579]
3.620178;77.25959;-0.23307753;[ 2.526113   79.00831    -0.23457329]
2.8872454;70.25805;-0.23401158;[ 2.6817613  71.1669     -0.23765817]
1.8443458;75.17349;-0.23997769;[ 2.3557491  76.90031    -0.23480622]
0.21901703;89.431625;-0.25769532;[ 2.0941072  91.72686    -0.22855185]
1.8166902;75.02171;-0.24027649;[ 2.3568113  77.021255   -0.23493713]
0.8766118;82.86444;-0.23846106;[ 2.237764   84.57375    -0.23147716]
1.5922666;75.39689;-0.23924834;[ 2.4014037  77.08968    -0.23473799]
1.998202;75.719284;-0.24757025;[ 2.2844324  77.32194    -0.23463471]
3.055693;73.05181;-0.2406907;[ 2.5254228  74.52752    -0.23594297]
2.4402983;77.09356;-0.22843632;[ 2.4814332  79.17679    -0.23425885]
2.2777364;70.07769;-0.23571086;[ 2.581788   71.73259    -0.23737776]
2.686685;69.950775;-0.23546667;[ 2.5725498 71.81006   -0.237402 ]
1.8078015;79.10811;-0.2273576;[ 2.3253322  81.4231     -0.23312484]
0.19793189;89.596466;-0.25467736;[ 2.101416   91.74909    -0.22841682]
0.8312521;83.06998;-0.23613474;[ 2.2444851  84.64414    -0.23129745]
1.5643424;82.00086;-0.23792857;[ 2.2733316  84.118385   -0.23170008]
1.7910981;72.68777;-0.22990642;[ 2.4667716  74.37298    -0.23599651]
2.0439372;72.41351;-0.22999361;[ 2.4163063  74.21328    -0.23610649]
2.421422;70.92869;-0.23691882;[ 2.665412  71.55063   -0.2371653]
2.3456707;66.86232;-0.23806599;[ 2.5843587  67.30681    -0.23873425]
1.2571759;82.96957;-0.24216196;[ 2.197793   84.73053    -0.23125002]
1.7425356;76.05669;-0.2385842;[ 2.294371   77.59788    -0.23435332]
1.35801;80.559814;-0.22262877;[ 2.370804   82.28138    -0.23246923]
2.1862388;73.3256;-0.23105286;[ 2.4727314  74.51551    -0.23579754]
1.9143448;69.08301;-0.23978563;[ 2.47877    70.4643     -0.23730661]
1.8506637;73.72492;-0.2349054;[ 2.4780445  75.444405   -0.23505746]
0.27679658;87.981575;-0.22601087;[ 2.217339   90.10453    -0.22895235]
1.6027358;80.47827;-0.23291878;[ 2.3871772  82.635155   -0.23210073]
1.630812;78.34274;-0.22596703;[ 2.5058901  79.8673     -0.23337185]
1.6652418;82.52501;-0.23887597;[ 2.255556   84.36181    -0.23161177]
1.2188947;82.99435;-0.24617869;[ 2.1978729  84.803825   -0.23146492]
1.4833958;82.38695;-0.23842937;[ 2.2582545  84.51746    -0.23158479]
1.6756159;76.30951;-0.2383124;[ 2.3831024  77.550064   -0.23434311]
1.4785728;76.569115;-0.23771909;[ 2.3338857 77.75454   -0.2343722]
1.6043099;75.97388;-0.23999836;[ 2.3912463  77.555504   -0.23446667]
1.9784865;68.88518;-0.23894307;[ 2.4430785  70.16554    -0.23753272]
4.3316107;81.231766;-0.27065524;[ 2.4786828  83.29192    -0.23242892]
4.4369154;78.1501;-0.23925768;[ 2.6336443  79.813286   -0.23405544]
4.392166;71.56481;-0.25073397;[ 2.7965102  72.5049     -0.23686527]
1.6304779;72.811356;-0.24263714;[ 2.646202   74.07938    -0.23532245]
3.1585422;81.1189;-0.23997621;[ 2.3445299  82.77464    -0.23235697]
2.828081;78.02589;-0.2306352;[ 2.4775102  79.71087    -0.23392846]
0.90277386;83.597946;-0.23783197;[ 2.2279282  85.25854    -0.23108889]
1.8693748;79.73962;-0.22754715;[ 2.317482   82.07906    -0.23283453]
0.2141378;90.07143;-0.25299546;[ 2.0833862  92.44932    -0.22816756]
1.8900132;79.625725;-0.22745775;[ 2.3220575  81.88497    -0.23293605]
1.7101167;76.77284;-0.23690164;[ 2.3249378  78.03571    -0.23386689]
1.8528098;73.24699;-0.23037362;[ 2.4656818 74.91439   -0.2355828]
1.9989145;76.486275;-0.24416423;[ 2.2719429  77.85302    -0.23415495]
3.0546288;80.12402;-0.23455662;[ 2.4004347  81.35931    -0.23314898]
3.0587876;66.16051;-0.24223138;[ 2.6992438  66.786766   -0.23941006]
3.061709;73.533516;-0.23526672;[ 2.5441494  74.19414    -0.23609397]
3.703601;70.421265;-0.23739433;[ 2.7089646  71.26489    -0.23764817]
2.8922646;71.17924;-0.25122434;[ 2.5590923  71.78297    -0.23702945]
3.7295332;70.17225;-0.23779033;[ 2.6583192  71.16856    -0.23769794]
1.8832817;74.126274;-0.23251352;[ 2.4848065 76.03832   -0.2351295]
0.25795913;88.398;-0.22255442;[ 2.2130651  90.85797    -0.22890423]
1.8570663;75.1487;-0.24103054;[ 2.3553557  76.92417    -0.23478653]
1.8690747;75.40151;-0.23923996;[ 2.3584342  77.01513    -0.23468922]
0.21469307;89.48943;-0.25784042;[ 2.0952988  91.721825   -0.22855312]
1.6236563;75.40715;-0.24054174;[ 2.4002886  77.107124   -0.23474959]
1.9940823;68.54887;-0.24217089;[ 2.4903104 70.12907   -0.2377429]
2.080493;75.805435;-0.2479272;[ 2.2864387  77.330696   -0.23458359]
0.21065164;86.076744;-0.25349656;[ 2.18224    87.736725   -0.23026758]
1.6971284;71.84814;-0.23632453;[ 2.4862792 73.10891   -0.2364926]
1.3093534;79.318504;-0.24965367;[ 2.274373   80.503685   -0.23324546]
2.2779016;75.79031;-0.22823605;[ 2.4270205  77.16863    -0.23494056]
0.26876295;89.75919;-0.25106016;[ 2.0911672  91.82841    -0.22828272]
0.97973275;83.16701;-0.23551391;[ 2.2361863  84.66473    -0.23120496]
1.6610062;79.28702;-0.23500839;[ 2.3331833  80.62864    -0.23313472]
2.062799;69.53027;-0.23361152;[ 2.616594   70.22653    -0.23783949]
1.8816979;69.84905;-0.23427056;[ 2.6352062  70.326775   -0.23781003]
1.9378649;77.006256;-0.22742574;[ 2.4265945  77.79131    -0.23449937]
2.3166454;69.312744;-0.23211391;[ 2.5723188  70.030624   -0.23789611]
1.4719137;82.38805;-0.2277594;[ 2.4887824  84.79397    -0.23134403]
1.2292306;79.63019;-0.23882693;[ 2.4891562  80.78407    -0.23262794]
1.735435;76.185646;-0.23390085;[ 2.641292   77.47109    -0.23430762]
4.2488847;70.24286;-0.24649628;[ 2.7410443  71.78976    -0.23743811]
2.8307621;76.89275;-0.23132461;[ 2.4902554  79.03484    -0.23433726]
3.1009688;73.82484;-0.23975043;[ 2.4505465 74.81379   -0.2356269]
2.8133266;70.19901;-0.23452674;[ 2.5812604 71.812065  -0.2373299]
2.4212437;72.857376;-0.23121744;[ 2.4848554  74.103264   -0.23600921]
2.0287564;72.46863;-0.22929208;[ 2.418036   74.24644    -0.23606332]
0.22337651;87.48772;-0.2299023;[ 2.23407    89.71493    -0.22939943]
1.5296066;80.018524;-0.23448065;[ 2.4089465  82.12072    -0.23266499]
1.6834929;71.14464;-0.24113382;[ 2.6589823  71.65981    -0.23717485]
0.17797017;89.60068;-0.2590499;[ 2.1028295  91.73408    -0.22873038]
1.5990703;82.6707;-0.23902181;[ 2.2487605  84.232475   -0.23176053]
1.3381749;82.409904;-0.23884961;[ 2.258946   84.2405     -0.23182613]
1.5385737;75.18722;-0.24089758;[ 2.4145389  76.67634    -0.23504859]
1.4682984;82.04453;-0.24076745;[ 2.273938   84.091255   -0.23200059]
1.5626631;75.88084;-0.23845285;[ 2.3959439 77.21504   -0.2347318]
1.6179972;68.72286;-0.24248967;[ 2.5488613  69.73344    -0.23793235]
1.5887153;75.576126;-0.24135742;[ 2.4071548  77.14626    -0.23489407]
1.7521405;68.83046;-0.24291027;[ 2.5393186  69.921936   -0.23780474]
1.9237893;75.91258;-0.23940457;[ 2.3411748 76.99093   -0.2347434]
2.501555;66.43501;-0.24154273;[ 2.6346986  67.10263    -0.23889196]
2.7649102;77.46169;-0.23239894;[ 2.5334544  78.54492    -0.23427601]
2.3378217;76.92019;-0.23250805;[ 2.5167556  78.561775   -0.23450992]
2.2652879;75.729866;-0.22578941;[ 2.52413    76.96282    -0.23480007]
3.1109252;70.72426;-0.23689692;[ 2.6157215  72.071785   -0.23727942]
2.8070464;75.170715;-0.22493337;[ 2.6855726  76.02187    -0.23552868]
2.7153661;70.878296;-0.22951785;[ 2.6951952  71.80598    -0.23716192]
2.878375;74.059204;-0.2350104;[ 2.5205865  74.83445    -0.23557818]
2.7795238;70.95273;-0.23702687;[ 2.667333   71.562996   -0.23716682]
2.5370333;66.65776;-0.2430531;[ 2.6777716 67.33952   -0.2387849]
2.643693;73.09348;-0.23100223;[ 2.4279606  74.344574   -0.23585717]
2.0949638;68.879425;-0.23997581;[ 2.4372413  70.22257    -0.23740971]
1.3575501;83.180084;-0.24733245;[ 2.1790595  84.815025   -0.23112498]
1.8198286;79.54946;-0.22793587;[ 2.3120596  81.68537    -0.23284912]
1.7892668;79.355896;-0.22712035;[ 2.3220263  81.622185   -0.23303856]
1.4359775;83.003876;-0.2441639;[ 2.1904192 84.754295  -0.2312959]
1.6645529;76.45085;-0.23492344;[ 2.328068  77.73098   -0.2341779]
2.222921;73.33432;-0.23129314;[ 2.4733615 74.498764  -0.235824 ]
1.8197434;79.30968;-0.22790056;[ 2.3170388 81.43329   -0.233017 ]
2.3013754;79.62261;-0.22888221;[ 2.3377929  81.20193    -0.23297848]
2.014736;72.51138;-0.22990827;[ 2.4183326  74.39038    -0.23601456]
2.573947;72.76575;-0.2299398;[ 2.4383473  74.16534    -0.23597717]
0.26934457;89.76427;-0.25106016;[ 2.090263   91.8447     -0.22827885]
1.6759894;79.213936;-0.22705825;[ 2.3286717  81.55362    -0.23306578]
1.5428778;76.44332;-0.23606403;[ 2.3334653  77.673225   -0.23417127]
2.2704098;75.926575;-0.2280187;[ 2.4824843 77.2597    -0.2348961]
1.4895046;82.92183;-0.22449824;[ 2.2950487  85.363045   -0.23166057]
0.9361168;80.17424;-0.23409991;[ 2.3067698  81.34406    -0.23283276]
1.645141;77.31795;-0.22713006;[ 2.47637    77.835884   -0.23447567]
1.8741156;76.78671;-0.22699766;[ 2.4579117  77.959145   -0.23458135]
1.9836822;73.93155;-0.22710423;[ 2.6260273  74.47016    -0.23623349]
1.8415247;69.82288;-0.23427056;[ 2.6351697  70.33673    -0.23780109]
1.7935145;76.44076;-0.22674596;[ 2.4012194  77.94397    -0.23464015]
1.8878572;72.38447;-0.23592278;[ 2.4251924 73.691864  -0.2361589]
1.8922646;73.304474;-0.22596359;[ 2.559103   74.643135   -0.23625451]
4.194167;80.67714;-0.2737456;[ 2.506641   82.30204    -0.23268445]
1.6041919;78.60439;-0.24211182;[ 2.5181937  80.28743    -0.23301914]
4.16614;73.03997;-0.26156557;[ 2.680369   74.627914   -0.23600638]
4.3493304;77.23813;-0.23856665;[ 2.6412203  79.2109     -0.23432507]
4.78861;74.85388;-0.23544176;[ 2.8210394  76.34403    -0.23561752]
3.4441504;70.19107;-0.24709296;[ 2.7361107  71.99085    -0.23732507]
4.261446;70.177605;-0.24649628;[ 2.7425199 71.77435   -0.23743  ]
4.697459;70.402176;-0.24950409;[ 2.7551084  71.70062    -0.23734015]
1.8687849;71.85285;-0.24454935;[ 2.6104321  73.08662    -0.23597032]
4.13468;66.28843;-0.26381657;[ 2.772023   67.43224    -0.23896013]
3.0217175;80.57689;-0.23841304;[ 2.3584616  82.05193    -0.23264775]
2.8790178;72.969055;-0.24042915;[ 2.5250125  74.449005   -0.23599389]
2.8319829;66.4487;-0.24316336;[ 2.6584263  67.46661    -0.23889984]
2.790484;70.13376;-0.23452674;[ 2.582423   71.80547    -0.23732127]
2.311671;79.33621;-0.22944373;[ 2.3456497  81.19555    -0.23307838]
1.9139795;79.59805;-0.2283227;[ 2.394548   81.297646   -0.23303765]
1.9532483;75.21897;-0.24020207;[ 2.3594117  76.97698    -0.23468378]
1.7116023;75.48729;-0.2394202;[ 2.4041066  77.1552     -0.23462677]
1.8030822;72.69676;-0.2295358;[ 2.4658155  74.41407    -0.23597552]
2.4627903;72.847984;-0.23121744;[ 2.4834907  74.128      -0.23599376]
1.9977659;76.105095;-0.24868086;[ 2.2858605  77.298615   -0.23435548]
2.053102;72.40193;-0.22929208;[ 2.4186068  74.25302    -0.23604761]
2.122938;68.46799;-0.24184126;[ 2.4489865  69.817345   -0.23762605]
0.21065164;86.076744;-0.25349656;[ 2.18224    87.736725   -0.23026758]
0.8782964;79.45523;-0.23603502;[ 2.325197   80.59901    -0.23318094]
1.902796;76.008354;-0.22731584;[ 2.4753015  77.284706   -0.23489322]
2.2792733;68.56307;-0.23382807;[ 2.6339755  69.81949    -0.23822229]
1.8378004;64.459694;-0.24274835;[ 2.641449   65.7789     -0.23971231]
2.2323072;75.79393;-0.22823605;[ 2.4265     77.17684    -0.23493984]
1.8417046;75.48813;-0.22610094;[ 2.4089348  77.45781    -0.23491737]
1.9742421;64.17814;-0.24241649;[ 2.5977356  65.56126    -0.23980488]
2.1727352;78.27697;-0.22237709;[ 2.4592206  80.311195   -0.23357013]
2.8798993;77.93114;-0.25083396;[ 2.4688559  78.97501    -0.23406695]
4.1165752;72.67024;-0.25676185;[ 2.5772092  73.604164   -0.23653859]
2.1810346;76.50833;-0.22916594;[ 2.5359452  78.30038    -0.23481867]
4.0897026;74.47397;-0.23166712;[ 2.6859767  76.209305   -0.23594922]
4.398654;70.13721;-0.24320138;[ 2.6944308  71.49437    -0.23782405]
3.8506186;70.43628;-0.23792592;[ 2.7306383  71.03651    -0.23780683]
2.8986976;71.39901;-0.24817294;[ 2.606253   71.855034   -0.23703483]
2.925196;73.394966;-0.23664774;[ 2.4917164  74.09208    -0.23618054]
2.8599257;71.18016;-0.25122434;[ 2.560081   71.758965   -0.23704153]
1.3371165;82.72028;-0.25355914;[ 2.1876607  84.47619    -0.23153841]
2.2560978;79.2961;-0.23018019;[ 2.34088  81.172615 -0.233201]
1.7584227;78.94055;-0.22674581;[ 2.330709   81.53053    -0.23324136]
0.2146678;89.47842;-0.25784042;[ 2.0948248 91.729576  -0.2285465]
1.4239249;82.55443;-0.25282633;[ 2.1948528  84.54883    -0.23160861]
1.7755437;79.19914;-0.22606933;[ 2.3392549 81.532265  -0.2331908]
1.5743197;81.92434;-0.24031769;[ 2.2622852  84.14776    -0.23184958]
2.4490376;72.66217;-0.23158894;[ 2.4820004 74.24235   -0.2361801]
2.793384;72.3941;-0.23166068;[ 2.4366877  74.08158    -0.23622587]
0.22550797;86.69647;-0.24700022;[ 2.1655428 88.425255  -0.2299898]
1.6407402;75.967705;-0.22437036;[ 2.4521654  77.79191    -0.23473705]
0.9379067;80.06998;-0.23419869;[ 2.3086514  81.3097     -0.23288438]
1.9459862;77.00175;-0.22704555;[ 2.4264765  77.75192    -0.23453729]
1.8415508;72.33522;-0.23576501;[ 2.4317055  73.478004   -0.23619224]
1.8429883;76.276764;-0.22636372;[ 2.399164 77.69582  -0.23455 ]
1.7854973;75.86731;-0.22690035;[ 2.3908575  77.69758    -0.23461507]
0.26119828;86.551414;-0.23997366;[ 2.1717873  88.15304    -0.22983128]
1.7092564;78.991066;-0.23201779;[ 2.3462918 80.44807   -0.2331322]
1.6649451;75.89125;-0.22376059;[ 2.413528   77.60984    -0.23478435]
0.9560088;80.05326;-0.23082863;[ 2.3162463  80.966606   -0.23274782]
1.520138;76.59829;-0.22702685;[ 2.447318   77.76911    -0.23451886]
1.8157064;65.63102;-0.23202954;[ 2.580275   66.246056   -0.23919037]
1.812634;70.92821;-0.2401851;[ 2.5087316  72.69422    -0.23688188]
0.8782964;79.45523;-0.23603502;[ 2.325197   80.59901    -0.23318094]
2.5479062;72.66722;-0.2266146;[ 2.6250963 73.954735  -0.2366295]
1.8906927;71.67153;-0.23851816;[ 2.4419792  72.92332    -0.23653954]
1.974242;64.17814;-0.24241649;[ 2.5977356  65.56126    -0.23980488]
1.572371;78.44381;-0.2360896;[ 2.3531544  80.11396    -0.23356666]
1.445883;74.81569;-0.22813493;[ 2.4817123  77.08755    -0.23529391]
0.89420056;79.4458;-0.23515517;[ 2.324636   80.60489    -0.23319116]
1.3105557;79.30885;-0.24740887;[ 2.274189   80.503044   -0.23325586]
1.8674381;71.69283;-0.23703316;[ 2.4431524 72.93653   -0.2365204]
0.21010125;86.06737;-0.25115365;[ 2.1820498  87.73289    -0.23027956]
1.6468346;76.04489;-0.22477281;[ 2.4667792  77.58535    -0.23478945]
1.3131185;79.309044;-0.24740887;[ 2.27409    80.5077     -0.23325323]
1.8591412;75.49103;-0.22649822;[ 2.406663   77.43145    -0.23495851]
1.554243;78.512695;-0.2360896;[ 2.349357  80.18655   -0.2335623]
1.4913237;75.74962;-0.22551385;[ 2.457909   77.59961    -0.23484674]
1.3122735;79.311264;-0.24740887;[ 2.274139   80.506966   -0.23325393]
2.2545705;75.87808;-0.22713548;[ 2.4278688  77.20629    -0.23491095]
1.3455613;81.628136;-0.22613104;[ 2.3144164  83.62677    -0.23188981]
1.7897791;77.935455;-0.22398612;[ 2.4353926  80.02078    -0.23346922]
0.26242328;88.05484;-0.22624768;[ 2.2241824  90.1737     -0.22891808]
1.71878;77.84388;-0.23928775;[ 2.5100276  79.034096   -0.23379543]
1.0207822;81.57585;-0.2274074;[ 2.3724692  82.89613    -0.23188475]
1.4958074;74.63764;-0.23185942;[ 2.4785254  75.68162    -0.23494722]
1.8448924;74.30995;-0.23252192;[ 2.4334328 75.569115  -0.2349623]
1.9730446;77.89028;-0.23864901;[ 2.5435257  78.47445    -0.23445235]
0.9144373;80.91359;-0.23128635;[ 2.3851492  82.57407    -0.23233397]
2.1736457;71.139305;-0.2390019;[ 2.6333299  71.29192    -0.23741256]
3.8802109;76.71102;-0.2380964;[ 2.530928   78.66599    -0.23478803]
4.524311;73.14031;-0.25564885;[ 2.5639658  73.78228    -0.23628339]
4.864666;69.90826;-0.24838516;[ 2.6850045  71.34518    -0.23780093]
2.4928746;73.03656;-0.23785791;[ 2.5598896  73.97173    -0.23624083]
2.5844092;76.82961;-0.22769019;[ 2.5270479  78.45365    -0.23474778]
4.085943;69.89404;-0.24040839;[ 2.6855404  70.865776   -0.23794721]
3.6841402;70.02126;-0.24083903;[ 2.622737   71.41952    -0.23779282]
4.1302414;67.523865;-0.23780753;[ 2.782823  68.81294   -0.2390259]
4.636386;63.218494;-0.2522184;[ 2.7768514  64.1054     -0.24080068]
2.354015;69.85751;-0.23279878;[ 2.6265168  71.07635    -0.23781289]
1.9045749;75.54804;-0.23884201;[ 2.3483732  76.93419    -0.23463023]
0.20836854;89.562256;-0.2555563;[ 2.0985792  91.68928    -0.22852072]
1.430295;82.64255;-0.25062084;[ 2.1979938  84.53591    -0.23156255]
1.5824268;82.58665;-0.23714302;[ 2.2593997  84.25753    -0.23155607]
1.440166;79.301285;-0.22468424;[ 2.3786736  81.43178    -0.23315504]
1.9921391;68.87409;-0.23923042;[ 2.4822752  70.14434    -0.23757195]
4.111384;78.551216;-0.2443094;[ 2.656488   79.87084    -0.23372762]
1.7279209;79.70938;-0.23732777;[ 2.478413   81.37926    -0.23254222]
1.2877576;83.63538;-0.22879744;[ 2.469991  85.61536   -0.2309674]
1.2936889;83.952675;-0.22657645;[ 2.4622426 85.740814  -0.2309006]
4.835488;71.73284;-0.23900008;[ 2.8198357  72.782524   -0.23660152]
3.310375;71.71449;-0.23920391;[ 2.8112247  72.97938    -0.23674655]
3.972377;72.02185;-0.24723804;[ 2.8042336 72.63009   -0.2366663]
4.549219;67.532394;-0.25953054;[ 2.8011112  68.33305    -0.23820981]
1.7499828;76.93258;-0.23185925;[ 2.563074   78.39936    -0.23392524]
3.1423643;81.17784;-0.23911148;[ 2.3456402  82.83291    -0.23226403]
3.1206508;67.09216;-0.24322136;[ 2.5997138  67.905594   -0.23836033]
0.9865091;83.66315;-0.23558316;[ 2.2287526 85.3276    -0.2310042]
1.8344244;76.32422;-0.23651206;[ 2.3872373  77.723564   -0.23418853]
0.20611095;90.12697;-0.24796557;[ 2.082111   92.551994   -0.22807235]
1.619194;82.89592;-0.23580976;[ 2.2544754  84.668365   -0.23125768]
1.7160645;76.772995;-0.23598106;[ 2.327646   78.01672    -0.23384103]
1.9635667;69.55052;-0.23878895;[ 2.4777057  70.55722    -0.23700619]
1.7670314;76.8269;-0.23601635;[ 2.322053   78.03028    -0.23398861]
1.8462844;69.89531;-0.24117813;[ 2.521524   70.7195     -0.23695576]
1.9913777;76.54962;-0.24109635;[ 2.2716756  77.97188    -0.23403896]
2.851943;80.12846;-0.23461816;[ 2.4008899  81.39245    -0.23308116]
2.604569;73.56707;-0.23559077;[ 2.5450277  74.207504   -0.23604523]
1.3395709;82.78045;-0.25355694;[ 2.1906228  84.45357    -0.23149703]
1.4387118;82.578;-0.25247833;[ 2.1983542  84.47961    -0.23163126]
1.6248652;82.26216;-0.23931195;[ 2.258917   84.08907    -0.23168926]
0.8441609;80.92121;-0.2300416;[ 2.378597   82.42071    -0.23233737]
1.6682928;73.87972;-0.23564132;[ 2.5322788  75.06839    -0.23542088]
1.3123691;82.851;-0.25412357;[ 2.1949296  84.47083    -0.23173769]
1.8934357;75.59155;-0.24052364;[ 2.3520412  76.959656   -0.23485254]
1.9475776;68.53072;-0.24237251;[ 2.4956286  69.705215   -0.23789373]
3.8255074;76.9631;-0.23615047;[ 2.534082   78.84871    -0.23459886]
3.096307;72.95024;-0.23766904;[ 2.5551052 73.880035  -0.2362685]
3.5454981;77.25572;-0.23434034;[ 2.5246649  78.98547    -0.23454823]
3.6796572;70.21884;-0.23915417;[ 2.6773503  71.52813    -0.23771259]
2.8575742;73.61583;-0.23709965;[ 2.5385861  74.35514    -0.23597111]
2.5031226;75.508064;-0.23045081;[ 2.5772264  76.65951    -0.23504362]
3.7072334;70.55273;-0.24011675;[ 2.6721096 71.84647   -0.2374562]
2.9682453;66.45904;-0.2417971;[ 2.6868062  66.87207    -0.23918301]
2.3514311;66.45451;-0.24079801;[ 2.689943   66.878586   -0.23915686]
2.8328712;73.40553;-0.23674668;[ 2.4918993  74.13035    -0.23611146]
2.256566;66.16818;-0.23921405;[ 2.6476786 66.58945   -0.2392879]
1.9767241;71.46157;-0.23901267;[ 2.6794777  71.078094   -0.23740026]
1.7269123;77.25571;-0.22447722;[ 2.462592   79.52861    -0.23395269]
1.3136861;80.83616;-0.23215379;[ 2.33161    82.45552    -0.23233083]
2.1102223;71.18631;-0.24014553;[ 2.6326597  70.91325    -0.23746286]
1.8493475;73.8114;-0.23403981;[ 2.486906  75.17096   -0.2353662]
1.8714199;68.93946;-0.24174128;[ 2.495035   69.89911    -0.23751467]
1.7025214;82.9469;-0.23629202;[ 2.2449281  84.46693    -0.23140588]
1.5724568;79.8793;-0.22569849;[ 2.3647854  81.573166   -0.23299155]
0.9783988;83.542816;-0.23650353;[ 2.2382245  84.89169    -0.23125564]
1.8341116;69.60656;-0.235434;[ 2.4804246 70.34155   -0.2373204]
1.6429548;76.47482;-0.23663898;[ 2.3879547  77.489494   -0.23435086]
1.6841269;69.289185;-0.24315442;[ 2.538188   70.060265   -0.23748468]
1.978244;69.24026;-0.23583214;[ 2.437961   70.18879    -0.23735818]
1.4227211;82.82872;-0.23832692;[ 2.2497396  84.29318    -0.23165725]
1.3185058;79.23572;-0.22672887;[ 2.3812056 81.328224  -0.2332887]
1.6403427;75.52965;-0.240404;[ 2.4069495  76.6794     -0.23489855]
1.6203064;76.217995;-0.23738968;[ 2.3901954  77.18607    -0.23457503]
1.8386548;75.700424;-0.23986317;[ 2.3531716 77.03176   -0.2347458]
1.9090018;68.77866;-0.24209914;[ 2.4964771  69.514404   -0.23784617]
1.8460016;68.59821;-0.24174869;[ 2.4949152  69.798164   -0.23780185]
1.8407285;78.091484;-0.22153266;[ 2.4431717 80.514305  -0.2335964]
1.6060725;80.78965;-0.22852163;[ 2.3921816  83.09965    -0.23227933]
0.94663954;81.92119;-0.22494039;[ 2.3617294  83.79862    -0.23176143]
1.8453978;78.540924;-0.22507687;[ 2.5109866  80.549706   -0.23338157]
2.8591125;74.89037;-0.23916876;[ 2.669316   74.83076    -0.23547637]
2.7705944;69.63635;-0.24434872;[ 2.773616  69.773766  -0.2380731]
2.6340573;73.862366;-0.23757565;[ 2.864326   73.85497    -0.23662578]
3.6737447;80.66614;-0.22310744;[ 2.5599937  82.38628    -0.23318633]
3.759859;73.182625;-0.22974017;[ 2.7299438 74.85701   -0.2359156]
1.7412846;74.70998;-0.24207638;[ 2.4887     75.36941    -0.23514077]
2.1326513;71.9522;-0.23455372;[ 2.6635036  72.23336    -0.23678923]
0.93147725;85.28794;-0.22869554;[ 2.2785172  87.72214    -0.23009533]
1.708363;78.44266;-0.23151708;[ 2.3771975  80.56197    -0.23321134]
0.35561204;84.930534;-0.21859531;[ 2.2315183  86.16339    -0.23033102]
1.4520197;80.70001;-0.21801949;[ 2.3490758  83.09524    -0.23214972]
1.043391;78.35118;-0.21780388;[ 2.3724272  79.154686   -0.23317233]
1.5330482;74.41807;-0.21896558;[ 2.4942946  76.160805   -0.23490465]
1.7898219;74.16092;-0.21935338;[ 2.446409   75.95179    -0.23500872]
1.9617258;70.827805;-0.23104358;[ 2.6112218  72.01805    -0.23710567]
5.2409964;71.65116;-0.22740635;[ 2.8143823  73.08073    -0.23675525]
3.363578;82.23009;-0.23093623;[ 2.4186378  84.29857    -0.23139152]
3.0776043;75.34082;-0.23616546;[ 2.522557   77.12204    -0.23449625]
4.0992746;80.02705;-0.2306027;[ 2.557155   82.19703    -0.23266672]
2.8874974;68.9343;-0.23984265;[ 2.6596265  70.25397    -0.23728746]
3.0293696;68.60997;-0.239361;[ 2.6128724  69.8919     -0.23750788]
2.7763517;81.52498;-0.2317738;[ 2.4365323  83.37515    -0.23199993]
3.0491483;80.01936;-0.22313537;[ 2.572638  81.68647   -0.2331449]
2.6268249;81.69022;-0.22530644;[ 2.6087596 82.56996   -0.2324046]
3.2363906;79.78814;-0.22378714;[ 2.5537848  81.57027    -0.23324442]
2.8172975;72.864815;-0.22747575;[ 2.6608055  74.50112    -0.23626767]
3.3231082;73.29375;-0.22551988;[ 2.6647975  74.39074    -0.23620126]
2.7896543;75.00461;-0.22783574;[ 2.702142   75.34223    -0.23539169]
2.744894;70.078224;-0.23843163;[ 2.7839918  70.661354   -0.23784268]
2.6651702;68.292694;-0.24097726;[ 2.675917   69.40563    -0.23781848]
1.8266535;77.52486;-0.23767003;[ 2.3935182  79.432106   -0.23330335]
2.1859243;70.31796;-0.23910177;[ 2.4375162  72.01008    -0.23663811]
1.8217767;77.78624;-0.22441714;[ 2.4397438  79.81185    -0.23365563]
2.080969;78.06313;-0.22650445;[ 2.4571276 79.64057   -0.2335299]
1.8429672;73.84035;-0.23569085;[ 2.4777114  75.24453    -0.23520792]
1.4566485;84.79398;-0.22396785;[ 2.365726   86.908134   -0.23049681]
1.5664403;80.5712;-0.23277532;[ 2.38854    82.46603    -0.23219529]
1.2793508;81.02664;-0.23055115;[ 2.3346827 82.70603   -0.2320238]
1.417563;80.538994;-0.22801884;[ 2.32968    82.350365   -0.23227865]
1.8811586;75.00049;-0.23092909;[ 2.5650437  76.28282    -0.23514931]
1.2289841;81.08574;-0.22719266;[ 2.3339183 82.60772   -0.2321165]
1.0010228;81.486664;-0.22943515;[ 2.3650205  82.980095   -0.23179193]
1.5015346;74.54241;-0.23012689;[ 2.4708998 75.7096    -0.2349385]
1.7153102;78.21366;-0.2288634;[ 2.512414   79.85151    -0.23332572]
0.22402;87.41425;-0.22916952;[ 2.2297509  89.64556    -0.22943868]
1.4071665;80.04136;-0.23295948;[ 2.4017992  82.12336    -0.23264295]
1.6131496;73.68466;-0.23688753;[ 2.5382037  75.272896   -0.23543105]
1.2835108;80.684105;-0.2314664;[ 2.3218734  82.34495    -0.23249301]
0.23971272;87.53064;-0.2291092;[ 2.2317991  89.6426     -0.22937049]
1.5024372;80.24907;-0.23101017;[ 2.3948638  81.97321    -0.23259842]
0.91587484;81.056076;-0.2316095;[ 2.3755841  82.626335   -0.23220745]
1.7124056;73.932884;-0.23608905;[ 2.5311089  75.22996    -0.23529996]
1.2915939;80.80048;-0.23138244;[ 2.32367    82.353165   -0.23241656]
1.8569248;73.518425;-0.23430476;[ 2.4845946  74.739975   -0.23561734]
0.26986265;91.28558;-0.23283198;[ 2.1424172 93.84761   -0.2273466]
1.6474411;81.440315;-0.24340284;[ 2.4198685  83.08629    -0.23207489]
1.5470034;77.8833;-0.23748693;[ 2.3904285  79.67783    -0.23324774]
1.7173678;74.28553;-0.23719607;[ 2.5254266  75.66504    -0.23507158]
1.9174676;78.49741;-0.22704262;[ 2.4793353  79.722115   -0.23363453]
1.856127;74.0818;-0.23497626;[ 2.4782493  75.347855   -0.23524854]
3.9442294;74.03633;-0.23476313;[ 3.007556   74.20168    -0.23666546]
1.8672154;71.112335;-0.24915867;[ 2.790369   71.63853    -0.23655918]
3.7730207;72.90852;-0.23638375;[ 2.6312075  74.32945    -0.23618747]
2.2491083;65.62224;-0.2493114;[ 2.7828095  65.98624    -0.23957233]
0.22377944;87.48093;-0.2299023;[ 2.2348597  89.69779    -0.22941068]
1.6024286;73.58058;-0.23728602;[ 2.5421784  75.16978    -0.23556381]
1.4297347;77.88734;-0.22262429;[ 2.5079937  79.90031    -0.23368818]
1.2860775;80.75078;-0.23225012;[ 2.3265803  82.41193    -0.23245421]
2.1315303;77.324554;-0.22656846;[ 2.4801261  79.112526   -0.23409227]
2.7656956;81.62931;-0.23214455;[ 2.4557521  83.40281    -0.23222798]
1.988042;72.36605;-0.24176559;[ 2.7378912  72.402214   -0.23714237]
3.2234628;79.933624;-0.2238545;[ 2.573018   81.626465   -0.23344852]
2.7046437;77.86774;-0.2291683;[ 2.667619   78.71033    -0.23414727]
2.8108702;74.90433;-0.2358307;[ 2.546707   76.11984    -0.23528183]
2.8263335;73.279755;-0.24627861;[ 2.6017275  73.98582    -0.23594974]
2.8813372;69.56943;-0.23381981;[ 2.8210504  70.08622    -0.23813865]
1.9806422;65.6816;-0.24461752;[ 2.8258517  65.2444     -0.24013479]
1.406118;84.0643;-0.23537223;[ 2.2538877 86.43103   -0.230751 ]
1.9768891;77.33345;-0.23713388;[ 2.34348    79.21152    -0.23376042]
4.7017236;74.598236;-0.23998803;[ 2.6034012 75.725     -0.2356347]
3.481315;65.44773;-0.25277582;[ 2.7647412  65.78028    -0.23970097]
4.351245;67.85264;-0.2430871;[ 2.6958325  68.408905   -0.23869845]
3.7782617;73.13536;-0.23398045;[ 2.6436489  75.61889    -0.23591375]
4.358;68.885315;-0.24673079;[ 2.649379   71.07964    -0.23753472]
3.0673518;76.502464;-0.23229766;[ 2.5342584  78.9153     -0.23410133]
3.0826435;75.45077;-0.23586032;[ 2.6768003  77.80985    -0.23448616]
2.8655977;77.07321;-0.23739497;[ 2.398779  78.166664  -0.2342156]
3.7378542;69.484184;-0.25911826;[ 2.5765882  70.401085   -0.23758848]
2.8946671;62.782383;-0.26506585;[ 2.6696775  63.47639    -0.24050413]
3.2803662;73.62735;-0.24169284;[ 2.5768435  75.24479    -0.23584388]
2.4333136;81.621544;-0.2560447;[ 2.385891   82.86051    -0.23217525]
2.0075088;74.82761;-0.25321934;[ 2.4793286  75.92576    -0.23513739]
3.3401737;73.48601;-0.24722391;[ 2.6633348  74.44895    -0.23618853]
3.0145278;73.387695;-0.2384281;[ 2.543021   74.39568    -0.23596004]
3.646897;77.4093;-0.23617898;[ 2.5344627 79.406456  -0.2343318]
4.028389;70.03977;-0.24192777;[ 2.7066185 71.41012   -0.2375497]
2.398141;78.49794;-0.24974462;[ 2.457446   79.6456     -0.23371552]
3.8725429;73.08682;-0.25614378;[ 2.5565066  74.50536    -0.23613113]
2.590713;71.36403;-0.23592748;[ 2.6869097  71.652725   -0.23725069]
2.7304466;66.62841;-0.241481;[ 2.6341145  67.183266   -0.23893195]
2.8902605;68.77743;-0.23911832;[ 2.687589  69.23396   -0.2380233]
3.464988;67.8141;-0.24022855;[ 2.8027866  68.553894   -0.23891954]
2.2166443;71.794266;-0.250037;[ 2.5460489  72.54346    -0.23659793]
2.3072772;64.498344;-0.2553223;[ 2.7028124  64.848656   -0.23979057]
3.5880985;63.513794;-0.25177866;[ 2.811689   63.828022   -0.24067913]
4.4768767;74.73095;-0.25718647;[ 2.7190123  76.12615    -0.23552445]
3.6870558;77.19108;-0.24241382;[ 2.7180753  78.850105   -0.23408116]
3.921033;72.56428;-0.27668002;[ 2.8044066  73.4011     -0.23649536]
2.3134341;77.24676;-0.23066577;[ 2.6949983  78.7276     -0.23402664]
4.960747;72.47867;-0.23950528;[ 2.8803515  73.539604   -0.23673597]
2.5902872;73.823746;-0.24235925;[ 2.7010682  74.59844    -0.23547414]
5.121482;75.86572;-0.25101048;[ 3.0082312  76.063576   -0.23551781]
3.4000053;70.50253;-0.24532141;[ 2.8151534  71.48118    -0.23715357]
4.1649036;77.28346;-0.24348278;[ 2.615739  78.44216   -0.2344452]
4.036399;76.363556;-0.23909993;[ 2.682135   78.1218     -0.23473398]
3.6147394;71.50729;-0.24295004;[ 2.7377858  72.867      -0.23700073]
4.86136;65.47263;-0.25108552;[ 2.7883415 66.35492   -0.2399103]
3.4239235;61.013798;-0.26202145;[ 2.8329859  60.92349    -0.24182016]
2.8694274;83.6768;-0.23577294;[ 2.3199768  85.393776   -0.23127419]
3.5846398;80.956085;-0.23445015;[ 2.4473085  83.024734   -0.23267132]
3.6284068;74.11099;-0.2405603;[ 2.6221092  75.416824   -0.23569751]
2.4225028;81.53361;-0.2542765;[ 2.3891664  82.97785    -0.23220181]
2.4396114;74.784424;-0.2529859;[ 2.478133  75.814186  -0.2351518]
2.3432782;79.26919;-0.23328026;[ 2.5457854  80.34612    -0.23351224]
3.7620692;69.514824;-0.25883543;[ 2.5831532  70.481926   -0.23762704]
2.181672;72.58156;-0.2355129;[ 2.6323047 73.27814   -0.2363845]
2.707124;70.4382;-0.24069914;[ 2.5478573 71.118034  -0.2371651]
2.2286758;68.36321;-0.25352135;[ 2.6110458  68.8751     -0.23798016]
2.3428955;68.09591;-0.25492;[ 2.5645545  68.74735    -0.23802711]
3.4488518;62.953545;-0.2608202;[ 2.6686733  63.340153   -0.24058647]
2.1758204;76.509125;-0.22916594;[ 2.5355556  78.30955    -0.23481038]
3.3305829;76.73416;-0.2316289;[ 2.5467982 78.11414   -0.2348184]
4.0131593;76.979164;-0.23626223;[ 2.533999   78.80232    -0.23467688]
4.4040003;69.54552;-0.24197422;[ 2.7278433  70.85663    -0.23806265]
3.135127;74.58819;-0.2407569;[ 2.6209292 75.56859   -0.2358295]
3.0419378;68.36978;-0.24312577;[ 2.7596812  68.23466    -0.23888761]
3.8681636;60.530766;-0.26217908;[ 2.8675537  58.905674   -0.24282432]
3.1783571;65.88236;-0.24236092;[ 2.6530917 66.58821   -0.2394912]
3.7847452;70.23095;-0.23895927;[ 2.626889   71.51615    -0.23770618]
4.1763296;62.85676;-0.24479476;[ 2.817372  63.642914  -0.2410703]
3.0364366;67.90055;-0.24344377;[ 2.7073503 68.49895   -0.2387028]
4.0885005;62.757233;-0.25029385;[ 2.8061345  63.240387   -0.24117103]
4.1198688;77.17517;-0.22565088;[ 2.6946328  79.878204   -0.23410991]
4.3976603;80.283615;-0.23248862;[ 2.5546114  82.80162    -0.23269501]
5.849521;77.34233;-0.22175078;[ 2.7484493  79.46868    -0.23414542]
4.392441;78.01219;-0.22615479;[ 2.709585 79.868256 -0.233661]
3.5784242;76.930084;-0.23316483;[ 2.5473526  78.60442    -0.23402661]
3.4729059;74.50748;-0.2381388;[ 2.66579    75.84845    -0.23507349]
3.9619386;71.745926;-0.22715949;[ 2.848003  72.57012   -0.2366929]
5.673171;70.65877;-0.22463527;[ 2.8446174 72.07444   -0.2372438]
2.5462775;72.23505;-0.26065204;[ 2.6853344  72.40016    -0.23713632]
2.5225074;72.30025;-0.2607306;[ 2.6887138  72.26933    -0.23717509]
1.8304123;73.98305;-0.24096937;[ 2.822595   74.43383    -0.23645923]
3.046709;68.637665;-0.24460158;[ 2.9230475  69.75065    -0.23878965]
2.8237884;67.0231;-0.25429827;[ 2.7825458  67.41935    -0.23931189]
2.8040967;69.99081;-0.24644518;[ 2.8145194  70.322815   -0.23829986]
2.7333899;71.825356;-0.23869503;[ 2.7441719  72.70182    -0.23736651]
2.5115201;70.035385;-0.24100459;[ 2.8400378 69.83865   -0.2383646]
2.448863;65.851456;-0.25844774;[ 2.8273787 65.11013   -0.2401746]
2.1768668;68.55765;-0.24800737;[ 2.870582   67.44421    -0.23899373]
3.2138662;64.72713;-0.24892552;[ 2.8605232 65.1773    -0.2405214]
1.8431141;67.29207;-0.2436783;[ 2.912881   67.20695    -0.23946717]
1.871712;67.184525;-0.24256602;[ 2.9363756  67.40231    -0.23937544]
1.8959044;62.82589;-0.2537871;[ 2.9182556  62.96883    -0.24120459]
3.9992664;69.59719;-0.25932938;[ 2.5783465  70.38351    -0.23776679]
3.816962;74.08781;-0.23810112;[ 2.5742393  75.16784    -0.23592222]
2.976272;81.46799;-0.2530185;[ 2.382597   82.98315    -0.23229638]
2.517034;80.98248;-0.22489184;[ 2.4498553  82.622055   -0.23275842]
3.0066626;77.11093;-0.2379391;[ 2.461553   78.12888    -0.23438814]
4.3635473;70.16506;-0.25445154;[ 2.624452  70.670044  -0.2376085]
2.9209623;75.25119;-0.25262251;[ 2.5232346  75.62544    -0.23536058]
2.6501844;68.39805;-0.2543322;[ 2.612327   68.66007    -0.23830865]
3.9340873;68.062836;-0.25008;[ 2.6850972  68.03529    -0.23866391]
3.5453193;63.399498;-0.25893268;[ 2.7183406  63.212006   -0.24088782]
3.00756;69.99914;-0.24066463;[ 2.5080729  70.86455    -0.23755561]
2.9471955;81.655365;-0.2318889;[ 2.452197   83.31577    -0.23231171]
3.735635;78.73263;-0.2331728;[ 2.6100032 80.530464  -0.2337525]
3.712376;76.643456;-0.21965055;[ 2.7531188  78.401955   -0.23481613]
4.3172746;72.336586;-0.23255178;[ 2.762136   73.772224   -0.23662439]
2.905262;75.33076;-0.2355271;[ 2.5926917  76.35709    -0.23510201]
2.9844885;74.93054;-0.23556755;[ 2.544092   75.982765   -0.23540236]
2.6726089;69.60005;-0.24046619;[ 2.824213   70.04026    -0.23827523]
3.759203;69.96071;-0.22233129;[ 2.845751   71.07926    -0.23789586]
2.7520196;72.94545;-0.24674286;[ 2.608057  73.94757   -0.2360511]
4.324486;65.67561;-0.23645078;[ 2.8477178  66.63282    -0.23960674]
2.063535;81.8742;-0.24032515;[ 2.3936486  83.9187     -0.23136441]
2.0895288;75.185295;-0.24148057;[ 2.4803638  76.84425    -0.23424332]
1.9549981;72.47422;-0.23255989;[ 2.6654909 73.27609   -0.236132 ]
3.0307307;74.35891;-0.22845913;[ 2.633079   76.32082    -0.23457964]
1.8933222;72.81699;-0.24754962;[ 2.7256217  74.233696   -0.23570096]
3.375587;67.37788;-0.26501927;[ 2.881991   68.48147    -0.23885204]
3.5322165;77.76956;-0.23928288;[ 2.6822734  79.298706   -0.23407702]
9.215813;73.33072;-0.23642124;[ 2.8439813  75.8751     -0.23605712]
1.8770518;66.13242;-0.25093672;[ 2.8107924  67.17493    -0.23856947]
4.192162;77.26053;-0.27423596;[ 2.515323   78.887535   -0.23407513]
4.2843075;74.01868;-0.25048167;[ 2.6711917  75.592354   -0.23565117]
4.1884217;81.2915;-0.23688221;[ 2.577448   83.48847    -0.23241626]
4.2719164;76.5953;-0.26663458;[ 2.601602   78.434135   -0.23432896]
4.125201;73.91493;-0.2485236;[ 2.7863708  74.86985    -0.23622927]
1.1204683;83.04171;-0.24191745;[ 2.4042652 84.671     -0.2309771]
1.6773895;76.119415;-0.2446239;[ 2.5014396  77.54412    -0.23405194]
3.871074;70.59211;-0.26285502;[ 2.6650116  71.87707    -0.23705615]
2.282946;72.606155;-0.23801741;[ 2.6102607  74.17618    -0.23565552]
4.0591307;67.15471;-0.2541045;[ 2.768798   68.42552    -0.23876053]
2.2837572;74.04576;-0.23610616;[ 2.5249465  75.25863    -0.23570663]
2.3538966;76.94725;-0.23898265;[ 2.4083645  78.33982    -0.23419867]
1.8777709;76.520706;-0.24228251;[ 2.4529028 78.34521   -0.2342171]
2.4944482;77.357994;-0.23732272;[ 2.4375882  78.475464   -0.23411605]
2.274869;70.448654;-0.24199995;[ 2.540573   71.4127     -0.23701446]
1.9899918;79.54895;-0.24716257;[ 2.1973038  81.27308    -0.23273809]
1.3670493;86.44986;-0.2550536;[ 2.095731   88.515274   -0.22960408]
0.28107572;93.20607;-0.25953165;[ 2.004211   95.75645    -0.22660907]
1.4399502;86.29799;-0.25201756;[ 2.108509   88.43697    -0.22978872]
1.3030634;86.31026;-0.25362158;[ 2.1106105  88.6695     -0.22956556]
1.5285531;79.793335;-0.23953044;[ 2.2518268  81.57776    -0.23245835]
2.0158644;72.92443;-0.23978797;[ 2.3412168  74.55898    -0.23552725]
0.26743293;91.218864;-0.23210159;[ 2.1341145  93.804344   -0.22747482]
1.3245285;84.30741;-0.23479773;[ 2.2502012  86.62595    -0.23039906]
1.334013;84.11693;-0.2366341;[ 2.293662   86.7376     -0.23034376]
1.6297171;77.95586;-0.23632506;[ 2.3903124  79.715935   -0.23315088]
0.5486101;90.11196;-0.2510999;[ 2.23812    92.30427    -0.22811961]
4.0707273;84.370544;-0.27690172;[ 2.4124756  86.42838    -0.23118746]
1.38898;82.63112;-0.24270515;[ 2.4260752  84.83402    -0.23091912]
1.1159519;83.65205;-0.2406192;[ 2.3830009  85.267456   -0.23093642]
3.7443795;75.18082;-0.24800311;[ 2.744214   76.12745    -0.23549187]
1.934409;76.385376;-0.24627922;[ 2.4615648  77.6377     -0.23391227]
4.1083694;70.79917;-0.27217603;[ 2.6244237 71.86761   -0.2370083]
2.9633234;77.47567;-0.24333578;[ 2.3582768  79.04082    -0.23394294]
2.7789354;77.75836;-0.2403154;[ 2.4108803  79.21752    -0.23377182]
2.7282982;70.65634;-0.24831583;[ 2.4616756 71.9176    -0.2368899]
1.470239;79.98341;-0.23987505;[ 2.2548583  81.79528    -0.23249744]
1.8624365;79.70885;-0.24924338;[ 2.2053716  81.583824   -0.23265994]
0.80931824;86.809944;-0.2399607;[ 2.1476505  89.12819    -0.22930568]
1.2731495;85.94013;-0.24108315;[ 2.17628    88.606514   -0.22971338]
1.2269163;86.45445;-0.25426343;[ 2.1149726  88.81279    -0.22966261]
2.0482507;76.812706;-0.2260841;[ 2.3509374  78.68597    -0.23413284]
1.6698402;80.06435;-0.24028093;[ 2.2378335  81.89601    -0.23230632]
0.8006029;86.36102;-0.21932948;[ 2.251422   89.19728    -0.23006749]
6.0265255;77.98229;-0.21995032;[ 2.71627    80.01966    -0.23404884]
5.661008;73.96311;-0.21963024;[ 2.7364464  75.313095   -0.23548321]
1.5009226;84.83959;-0.22948506;[ 2.2458043  87.548225   -0.23034427]
1.1872942;81.44929;-0.23929189;[ 2.3981557  82.54613    -0.23214109]
1.5648143;78.69165;-0.23037647;[ 2.5738244  79.390144   -0.23379157]
1.5864258;72.47127;-0.23183407;[ 2.7165387  72.00128    -0.23686129]
3.7732255;69.51579;-0.25797707;[ 2.5764728  70.4546     -0.23776802]
2.2780807;76.4531;-0.24027494;[ 2.478908   77.94799    -0.23460522]
2.7944613;81.44417;-0.25323573;[ 2.385598   82.91966    -0.23233655]
2.9028673;83.52841;-0.23637979;[ 2.316735   85.23753    -0.23152134]
3.6394916;80.4375;-0.2366224;[ 2.4840248  82.331825   -0.23301455]
3.071495;73.53472;-0.24368857;[ 2.6723607  74.13369    -0.23660365]
2.8153815;76.6864;-0.24037415;[ 2.4159317  78.16103    -0.23454551]
3.546151;73.60166;-0.24056903;[ 2.5838664  75.239944   -0.23603868]
4.0175657;78.67029;-0.23040447;[ 2.6277678  80.381935   -0.23403692]
2.3371792;74.619835;-0.25525957;[ 2.5526824  75.223015   -0.23563042]
3.6848614;74.713585;-0.23594189;[ 2.5599854 75.77407   -0.2358067]
3.816213;70.02141;-0.25475842;[ 2.6267195 70.312675  -0.2378193]
2.9348035;67.372925;-0.2448304;[ 2.808023   66.86255    -0.23960547]
3.090003;66.86576;-0.24611914;[ 2.7576094  67.00753    -0.23955071]
2.434761;67.89361;-0.25499755;[ 2.564377  68.75326   -0.2382715]
2.8768134;69.940796;-0.24269257;[ 2.507288   70.88769    -0.23757882]
3.472437;66.91119;-0.24315387;[ 2.6757321  67.95969    -0.23908909]
0.89190185;85.34074;-0.22669868;[ 2.277023   87.71938    -0.23008315]
1.335815;86.165474;-0.2573406;[ 2.0999823  88.42782    -0.22986686]
1.4502196;86.00628;-0.2567129;[ 2.1086814  88.501595   -0.22991778]
1.7079476;79.5164;-0.24092841;[ 2.249431   81.475174   -0.23274264]
2.1900797;72.64341;-0.24206434;[ 2.3397598  74.46418    -0.23575744]
2.301621;72.38245;-0.24768658;[ 2.2914674  74.20777    -0.23594981]
2.0684824;79.520584;-0.24904768;[ 2.198881   81.27698    -0.23268521]
2.021247;72.33608;-0.24404028;[ 2.361658   74.19611    -0.23561421]
1.4876971;86.27988;-0.254094;[ 2.1061964  88.518814   -0.22970264]
1.5238729;85.83122;-0.24340495;[ 2.179721   88.156746   -0.22982241]
0.9309809;86.68272;-0.24114634;[ 2.1496568  88.6022     -0.22949342]
1.328783;83.34725;-0.24822089;[ 2.1684442  85.25025    -0.23118529]
1.8795484;68.70613;-0.24395221;[ 2.4980755  70.126755   -0.23746118]
1.6616161;82.742165;-0.23939773;[ 2.2481816  84.55723    -0.23144063]
1.6670079;79.81793;-0.23251298;[ 2.4203906  81.36552    -0.23306708]
0.90976304;83.58369;-0.23679765;[ 2.2211769  85.29392    -0.23112103]
1.608331;80.68151;-0.22920032;[ 2.390608   81.81791    -0.23273304]
1.6742198;76.62852;-0.23678893;[ 2.3188097  78.1331     -0.23419328]
1.9875551;73.74863;-0.23261729;[ 2.4855597  74.657845   -0.23584822]
2.1551225;73.52562;-0.23254187;[ 2.4391172  74.517006   -0.23591946]
4.05906;77.31305;-0.27428937;[ 2.5138319 79.00596   -0.2339659]
4.0415316;81.49875;-0.23704661;[ 2.5790832  83.54417    -0.23236743]
4.1990685;74.85751;-0.24044442;[ 2.6841128  76.493385   -0.23523891]
1.1259394;83.072235;-0.24229875;[ 2.4048817  84.732025   -0.23090453]
4.05947;77.52836;-0.2603971;[ 2.5685258 79.07399   -0.2338776]
3.987323;70.62256;-0.2623034;[ 2.6680653  71.94373    -0.23692147]
1.284744;80.49429;-0.22429338;[ 2.566235   82.109116   -0.23219272]
2.9267793;77.2348;-0.2414437;[ 2.3641028  78.76118    -0.23394343]
2.246491;70.035675;-0.24406943;[ 2.5298653  71.41946    -0.23703629]
2.8546028;77.08541;-0.24100678;[ 2.3704998 78.86385   -0.2339999]
2.648017;74.173485;-0.23060088;[ 2.5027027  76.0731     -0.23548996]
2.8945713;77.46016;-0.23999026;[ 2.415006   78.88543    -0.23383968]
2.6659164;74.99861;-0.22810398;[ 2.5651398  76.364174   -0.23520632]
2.9227858;70.332664;-0.24307317;[ 2.4620836  71.617805   -0.23700081]
2.0142622;79.493416;-0.25206876;[ 2.1984544  81.252846   -0.23267147]
1.3616006;86.25156;-0.2570839;[ 2.1054232  88.509705   -0.22967692]
0.87465894;86.48412;-0.24112459;[ 2.1574898 88.60636   -0.229585 ]
1.705018;79.584366;-0.24035034;[ 2.253416   81.50202    -0.23263603]
0.22610164;93.00494;-0.2615047;[ 2.0138016  95.75692    -0.22667646]
2.0645895;79.33084;-0.2514099;[ 2.2046294  81.37847    -0.23270455]
1.5518394;79.33459;-0.241628;[ 2.3214924  81.25028    -0.23275888]
1.6701186;79.70366;-0.24114473;[ 2.2475245  81.397255   -0.23258018]
2.3159451;72.57745;-0.24701925;[ 2.2960138  74.14918    -0.23569502]
1.8236264;79.36656;-0.22581258;[ 2.3261955  81.52234    -0.23308854]
1.863551;68.08151;-0.24426441;[ 2.5125167  69.739235   -0.23786427]
1.7824838;78.94081;-0.22674581;[ 2.3306317  81.53051    -0.23324364]
2.30491;79.14017;-0.2301772;[ 2.3450222 81.22065   -0.2333276]
1.8492229;79.51286;-0.2297529;[ 2.3891764  81.280045   -0.23314676]
2.0202556;72.65186;-0.23374943;[ 2.556273   73.56183    -0.23649234]
2.0614603;75.79569;-0.2479272;[ 2.2858114 77.32101   -0.2345998]
1.8341682;78.08252;-0.23475066;[ 2.3883934  80.312675   -0.23326047]
0.2547071;91.81354;-0.22594608;[ 2.1309385  94.7687     -0.22726741]
1.8080287;78.40219;-0.23239326;[ 2.3867047  80.59534    -0.23306403]
1.4658191;78.62953;-0.23382886;[ 2.4458313  80.146324   -0.23333725]
2.8511903;74.98921;-0.25172105;[ 2.4723864  75.92681    -0.23516004]
3.6602614;74.05645;-0.23747383;[ 2.5722713  75.21076    -0.23593101]
4.024528;69.79488;-0.25763693;[ 2.5727692  70.65635    -0.23763262]
3.1880949;63.01548;-0.26301083;[ 2.7258906  63.193855   -0.24072452]
2.8219523;83.59294;-0.23655066;[ 2.3190472  85.29594    -0.23145245]
2.841752;76.70334;-0.23794374;[ 2.4184248  78.15562    -0.23449793]
3.5527227;74.28386;-0.23658429;[ 2.5536444  75.77887    -0.23585755]
3.857533;74.33342;-0.23748565;[ 2.6382906  75.29577    -0.23586832]
2.8294115;75.24042;-0.24906285;[ 2.5210032  76.03243    -0.23510742]
2.788981;70.24759;-0.24078196;[ 2.550378   71.24536    -0.23730785]
2.3935401;74.79059;-0.22602567;[ 2.6049871 75.85641   -0.2355545]
2.9452696;69.9644;-0.24020517;[ 2.508222   70.90977    -0.23752491]
1.3499422;86.1959;-0.25687352;[ 2.103038  88.46253   -0.2298151]
1.7737142;79.00928;-0.24279983;[ 2.2687342  81.15478    -0.23283283]
2.067763;79.293625;-0.25136584;[ 2.2021978 81.33741   -0.2328162]
1.4440837;86.04267;-0.25639436;[ 2.1100638  88.592384   -0.22980912]
1.753487;78.84984;-0.24241425;[ 2.2725108  81.21407    -0.23297983]
1.4243227;78.95623;-0.24413624;[ 2.3405695  80.78852    -0.23303583]
1.3816612;79.4816;-0.24265045;[ 2.3208487  80.93235    -0.23296596]
2.400931;72.38839;-0.24689882;[ 2.2979321  74.264915   -0.23583642]
1.7571583;77.193665;-0.23846851;[ 2.406675   79.23459    -0.23368904]
1.5205361;81.501144;-0.24021015;[ 2.4504685  82.55151    -0.23260145]
1.3812782;84.024536;-0.23476626;[ 2.2535825 86.49804   -0.2307285]
0.8493688;84.55709;-0.23486891;[ 2.2934663  86.74657    -0.23043871]
1.6858069;77.68708;-0.2365046;[ 2.3927875 79.59392   -0.2334913]
1.3648682;77.856964;-0.23788269;[ 2.4610705 79.15223   -0.2336734]
2.0044365;77.29962;-0.23616879;[ 2.3444424  79.208885   -0.23378882]
2.769132;77.05318;-0.23883171;[ 2.4058788  78.39263    -0.23432876]
3.487296;81.027405;-0.23763876;[ 2.4952092  82.16985    -0.23318863]
3.8070483;78.52633;-0.23283987;[ 2.6313076  79.92588    -0.23434153]
3.545971;74.53934;-0.2353768;[ 2.63903   75.10124   -0.2360211]
3.6608572;74.705315;-0.23833092;[ 2.6001058  76.05915    -0.23554662]
3.8472388;71.783455;-0.23507994;[ 2.7240758  72.61233    -0.23740359]
1.7637304;78.8701;-0.24287187;[ 2.2714396  81.01346    -0.23295245]
1.7292666;78.74843;-0.24244596;[ 2.2819262  81.14759    -0.23297909]
0.82489324;86.516785;-0.24001257;[ 2.1550949  88.61938    -0.22966468]
0.1816529;89.53046;-0.2588287;[ 2.0995154  91.72021    -0.22881462]
1.74042;79.50683;-0.22519736;[ 2.3339481  81.62412    -0.23323697]
1.7532716;75.3499;-0.24084131;[ 2.3566487 77.071236  -0.2349208]
1.8821552;68.27116;-0.24295647;[ 2.5040197 69.75062   -0.2379916]
3.6872745;69.79622;-0.2415004;[ 2.775437   70.813255   -0.23783931]
3.923451;70.738655;-0.24567124;[ 2.7129285  71.160645   -0.23745117]
4.862999;65.599495;-0.2506485;[ 2.7883651  66.3782     -0.23995249]
4.261622;81.593475;-0.23781863;[ 2.4175835  83.429115   -0.23234752]
2.9636664;76.538956;-0.24419516;[ 2.4405444 78.49412   -0.2341969]
2.5845966;69.68228;-0.24737781;[ 2.526448   71.51064    -0.23726383]
2.77412;70.531456;-0.2425283;[ 2.5067563  71.800446   -0.23696083]
3.9187236;75.13495;-0.23908421;[ 2.562935   76.26982    -0.23525983]
2.8563678;67.11116;-0.24004158;[ 2.6049113  68.458084   -0.23869292]
2.9466634;81.85166;-0.23582704;[ 2.4052389  84.009964   -0.23180641]
2.8719935;75.51118;-0.23824887;[ 2.5467384  77.076935   -0.23457292]
3.6787777;73.93048;-0.2289628;[ 2.6809404  75.03462    -0.23584658]
3.0068574;75.12675;-0.2384244;[ 2.4963565  76.715126   -0.23487093]
4.4180627;79.04593;-0.24191643;[ 2.7030249  81.03222    -0.23341253]
1.5887198;80.33325;-0.24054396;[ 2.5678048 82.52823   -0.2318891]
1.1300654;81.14566;-0.2377977;[ 2.5331624  82.92075    -0.23170531]
4.066231;75.61822;-0.25463563;[ 2.7004423  77.17898    -0.23473857]
4.2554197;68.90744;-0.26098052;[ 2.8672879  69.48351    -0.23801613]
4.212228;75.235695;-0.25493288;[ 2.649597   76.79777    -0.23505534]
1.8219732;73.66215;-0.24279004;[ 2.6546547 75.397354  -0.234837 ]
4.1241026;81.227974;-0.23976277;[ 2.5727582  83.322136   -0.23272553]
1.0057824;82.84834;-0.241534;[ 2.4121318  84.55485    -0.23126864]
1.3777901;80.037;-0.22815326;[ 2.5557942  81.89765    -0.23254694]
4.0033846;69.93862;-0.26349482;[ 2.6929586  71.40608    -0.23745506]
1.9980255;69.57041;-0.24507383;[ 2.5621588  70.86113    -0.23745403]
3.2671764;74.736046;-0.2370651;[ 2.588354   76.08234    -0.23549128]
2.01787;79.32157;-0.2511139;[ 2.2032077  81.320206   -0.23278911]
0.8576307;86.48339;-0.24085966;[ 2.1576195  88.6072     -0.22958419]
1.6400994;79.5847;-0.24048866;[ 2.251069  81.49861   -0.2326868]
1.3752421;85.49519;-0.2425043;[ 2.1877015  88.09583    -0.22995412]
1.7476587;78.635025;-0.24347992;[ 2.2738307 81.08682   -0.2330392]
2.1564083;72.83565;-0.2418081;[ 2.3400168  74.330345   -0.23564357]
0.19765496;90.92871;-0.23144345;[ 2.1504817  93.65835    -0.22758295]
1.8339645;77.09761;-0.23940018;[ 2.405281   79.2181     -0.23359324]
1.9124073;71.09229;-0.24117377;[ 2.5467603  71.98493    -0.23655154]
1.9517696;77.47888;-0.23524769;[ 2.3325946 79.06972   -0.2337109]
3.6254072;81.436714;-0.23870558;[ 2.4465988  83.12982    -0.23270424]
4.0223317;77.26745;-0.26426104;[ 2.4339178  78.563515   -0.23437753]
2.5982385;76.60084;-0.24181774;[ 2.4462554  78.509514   -0.23443034]
3.3310304;78.79699;-0.22548707;[ 2.5885327 80.38945   -0.2340607]
3.6849132;74.652;-0.23695178;[ 2.5782235 75.78391   -0.2357458]
3.6582756;74.967224;-0.2373;[ 2.5887537  76.06251    -0.23554125]
3.36621;75.546104;-0.24598515;[ 2.548187   76.77599    -0.23508291]
3.9217968;70.811646;-0.25493672;[ 2.572526   71.552635   -0.23721734]
2.788021;77.53149;-0.24014944;[ 2.4185486  78.975624   -0.23408073]
3.7383995;74.69111;-0.23975392;[ 2.5375216 75.87711   -0.2357182]
4.02319;78.466515;-0.25845557;[ 2.794848   80.03143    -0.23355922]
1.6170554;79.66728;-0.24869199;[ 2.6501644  81.60253    -0.23188412]
4.091356;74.010445;-0.27089566;[ 2.829996 75.61642  -0.234987]
1.3582873;84.47906;-0.23039274;[ 2.582881   86.06951    -0.23077664]
3.9710274;79.37286;-0.24245559;[ 2.7304647  81.723404   -0.23329444]
3.8057237;71.76372;-0.26166347;[ 2.8911452 72.77187   -0.2365388]
3.7005916;67.30905;-0.2736768;[ 2.9205875  68.52825    -0.23782633]
1.5610211;86.080986;-0.23969817;[ 2.0116246  90.1246     -0.23037928]
2.0903754;78.93104;-0.2404427;[ 2.1895697 83.072136  -0.2329289]
0.4575926;92.84044;-0.23896642;[ 1.916522   97.41187    -0.22736101]
1.5486683;89.58244;-0.23113039;[ 2.1007922  94.42434    -0.22859275]
1.1890209;89.84126;-0.22311343;[ 2.0758572  94.50699    -0.22870442]
2.8524761;77.399086;-0.23768431;[ 2.392127   78.83549    -0.23386213]
2.838755;74.28266;-0.23730958;[ 2.5428221  75.6        -0.23537304]
2.4796169;69.98657;-0.24466005;[ 2.5506477 71.525566  -0.2368572]
2.5780118;70.43258;-0.24094614;[ 2.5005097  71.57613    -0.23688264]
3.553763;74.48624;-0.2385405;[ 2.5729952  75.32609    -0.23577039]
4.795349;74.103165;-0.24050331;[ 2.5761259  75.47595    -0.23559606]
3.6177785;78.12109;-0.23445067;[ 2.6332405  79.287796   -0.23430742]
3.2123582;78.37879;-0.22777571;[ 2.6177561  79.5089     -0.23434766]
19.856907;71.863;-0.22836028;[ 2.8731666  71.70583    -0.23766033]
2.6950307;77.59891;-0.23629841;[ 2.4457464 78.88337   -0.2337973]
4.6684275;67.34363;-0.24213453;[ 2.6685266  68.23683    -0.23857182]
1.3892937;86.6343;-0.25356886;[ 2.0941956  88.779015   -0.22940895]
2.0877566;83.50273;-0.23450364;[ 2.2452278  85.54334    -0.23096915]
2.412902;76.637436;-0.23624724;[ 2.347725  78.41369   -0.2339708]
1.3845818;86.533134;-0.25354517;[ 2.105824   88.87627    -0.22942542]
2.059418;83.34024;-0.23358038;[ 2.2565904  85.63973    -0.23098053]
0.9898213;86.874504;-0.2399835;[ 2.1469967  88.83376    -0.22934362]
1.3247806;83.22945;-0.25091332;[ 2.1835334  84.844246   -0.23134965]
1.8784908;76.032814;-0.23885907;[ 2.338478 77.331604 -0.234474]
1.8773447;68.65958;-0.24436493;[ 2.492388   70.12125    -0.23750459]
0.2152493;89.9889;-0.25518286;[ 2.0909133  92.08303    -0.22837187]
0.97051394;86.83145;-0.2237544;[ 2.2311049 89.13082   -0.2298461]
1.6789982;80.010254;-0.22659901;[ 2.3581896  81.491844   -0.23309965]
1.7019808;75.872574;-0.23686916;[ 2.3485115  77.398476   -0.23456882]
1.7702274;79.50084;-0.22927362;[ 2.4142637 81.277565  -0.2331804]
1.7059681;75.36096;-0.24231124;[ 2.404802   77.17474    -0.23466477]
1.6955422;76.25244;-0.23701797;[ 2.3880587  77.45995    -0.23437545]
1.9075612;73.55058;-0.22763987;[ 2.4940357  74.49163    -0.23597924]
4.030924;70.34877;-0.26561564;[ 2.6777747  71.76497    -0.23699886]
4.0815406;84.47478;-0.2754765;[ 2.4203515  86.378555   -0.23097053]
1.2165041;86.898384;-0.2263358;[ 2.391388  89.03848   -0.2294966]
1.5103579;76.4527;-0.24278879;[ 2.5087595  77.621864   -0.23394845]
1.8926072;76.14529;-0.24486513;[ 2.461654   77.46525    -0.23402065]
4.1446486;77.37706;-0.26368853;[ 2.4234946  78.80789    -0.23398623]
2.627223;77.51279;-0.24071282;[ 2.3742018  79.108696   -0.23389198]
2.8216953;77.88489;-0.24054006;[ 2.4125412  79.19463    -0.23373024]
3.6671948;75.72298;-0.26583397;[ 2.6534185  77.79183    -0.23478657]
3.8610587;72.911514;-0.2501279;[ 2.8158877  74.15389    -0.23644434]
2.589241;71.60308;-0.24660687;[ 2.754787  72.72912   -0.2361582]
3.4736645;65.93735;-0.26305956;[ 2.9240947  66.85071    -0.23922758]
2.9651015;72.74431;-0.23986514;[ 2.6614075  74.02945    -0.23629373]
1.4854163;83.68158;-0.24563532;[ 2.3176239  85.82293    -0.23062396]
3.693737;78.172424;-0.2599759;[ 2.55043    80.06755    -0.23350962]
1.8138075;76.11317;-0.2470496;[ 2.5184135  77.99578    -0.23347542]
0.5247512;90.438194;-0.25039566;[ 2.2232907 93.091705  -0.227627 ]
3.97194;84.675385;-0.27589682;[ 2.3984294  87.320885   -0.23059419]
4.060517;77.85511;-0.27229032;[ 2.4970837  79.83369    -0.23370527]
3.7327983;78.046135;-0.26205522;[ 2.563264   79.90772    -0.23318689]
1.4761021;87.22287;-0.23549508;[ 2.4048321  89.52649    -0.22901675]
3.7755332;79.15213;-0.23953979;[ 2.753569   80.15226    -0.23395966]
2.0752237;80.38272;-0.23776136;[ 2.501234   82.11265    -0.23208907]
3.6715124;77.21345;-0.26761907;[ 2.5908341 79.28581   -0.2336834]
1.8200153;75.98778;-0.24690014;[ 2.5216477  77.81672    -0.23359032]
3.993635;79.42447;-0.23422527;[ 2.737316   80.301216   -0.23407859]
3.663111;75.889206;-0.24279825;[ 2.6708748  77.04637    -0.23474984]
3.398007;76.15466;-0.24142638;[ 2.7254858  77.07792    -0.23468405]
3.7118354;71.286575;-0.26270416;[ 2.655247   72.70989    -0.23613554]
3.8415008;71.36824;-0.26206917;[ 2.6479251  72.636986   -0.23658752]
1.4996115;77.203354;-0.24195077;[ 2.5436358 78.5931    -0.2329946]
4.0927987;71.098495;-0.26969397;[ 2.590967   72.58323    -0.23668677]
2.835041;77.7764;-0.24242169;[ 2.3576436  79.53867    -0.23350081]
2.820482;84.53433;-0.2425632;[ 2.2647386  86.7856     -0.23051669]
3.046692;77.70673;-0.2422235;[ 2.3598075  79.40539    -0.23357227]
2.5424612;77.91637;-0.24261133;[ 2.4088907 79.67585   -0.2331967]
2.4558558;81.40144;-0.23925117;[ 2.419357   83.43231    -0.23206949]
2.4999814;71.156815;-0.24527737;[ 2.499133   72.4923     -0.23615363]
2.5060236;71.43641;-0.24477063;[ 2.5461018  72.66265    -0.23608051]
1.3750203;86.780334;-0.25497028;[ 2.0957148  89.24293    -0.22928515]
1.8166937;79.37197;-0.24367194;[ 2.2665603  81.63419    -0.23239374]
1.6741195;80.22034;-0.23992945;[ 2.2439377  82.064835   -0.23201677]
1.3938537;80.48374;-0.23911947;[ 2.2911232  82.21817    -0.23194474]
2.256448;76.82138;-0.23670912;[ 2.348975  78.44688   -0.2339451]
0.22979617;93.53979;-0.2591724;[ 2.0025854  96.478134   -0.22631279]
1.685041;80.15137;-0.23978563;[ 2.2448163  82.0299     -0.23201218]
1.4503974;86.07315;-0.2431471;[ 2.1789782  88.696724   -0.22954354]
2.0269473;72.429886;-0.24535881;[ 2.3608208  74.37071    -0.23535144]
2.0891454;73.3915;-0.24100067;[ 2.3345687  74.86457    -0.23495625]
2.0934744;73.33519;-0.2409437;[ 2.3366182  74.6868     -0.23521487]
2.0706205;69.12978;-0.23180972;[ 2.5781956 70.17335   -0.2378674]
3.4915986;77.7101;-0.2375031;[ 2.5536523  78.88727    -0.23442851]
2.6305335;72.13283;-0.2471573;[ 2.5891128  72.62621    -0.23653148]
2.8197622;74.24049;-0.23582672;[ 2.5306265  74.880806   -0.23572075]
3.4241748;71.19428;-0.23924576;[ 2.6969995 71.72267   -0.2373443]
2.5698688;71.86954;-0.24944492;[ 2.5431604  72.44832    -0.23659885]
3.5032105;70.95069;-0.23954467;[ 2.6461413  71.65415    -0.23740195]
3.8371105;66.40902;-0.25735757;[ 2.6511655  66.825066   -0.23921654]
1.9655792;80.22717;-0.23186699;[ 2.3319135  81.730354   -0.23286617]
1.2993851;82.84378;-0.23820885;[ 2.2542198  84.81754    -0.23134516]
1.6387193;84.32919;-0.2181791;[ 2.3990731  86.330284   -0.23128228]
1.8181791;76.66511;-0.2381659;[ 2.325887   78.154396   -0.23411363]
0.22529519;86.632164;-0.24668561;[ 2.1617174  88.4994     -0.22995141]
1.5756136;79.048485;-0.23573202;[ 2.3425493  80.615105   -0.23325922]
1.5701225;79.13042;-0.2361546;[ 2.3392892  80.619354   -0.23327576]
2.049539;75.81024;-0.22899467;[ 2.4895124  77.28879    -0.23499776]
1.9619151;76.75601;-0.22681417;[ 2.460763   77.98966    -0.23452654]
2.1896741;76.50052;-0.22760326;[ 2.4086816  77.92164    -0.23460291]
1.8620691;72.377;-0.23664191;[ 2.4249494  73.67216    -0.23618129]
1.8976408;78.21278;-0.22871077;[ 2.474023   79.79374    -0.23366666]
1.7709086;73.900925;-0.23686069;[ 2.4857357 75.59055   -0.2352018]
2.671943;80.83513;-0.23445477;[ 2.3749511  82.33724    -0.23276345]
3.8640938;73.36982;-0.25560874;[ 2.54626   74.58991   -0.2360052]
2.370693;78.050514;-0.23221363;[ 2.53383    78.95084    -0.23423475]
2.6967351;77.69194;-0.23322892;[ 2.5390036 78.78106   -0.2343678]
3.9947503;70.275375;-0.24925762;[ 2.7061124 71.03763   -0.2376535]
3.2504237;75.555984;-0.23537306;[ 2.6148396  76.39706    -0.23513691]
2.6421852;71.23553;-0.25240144;[ 2.614879   71.89797    -0.23695472]
2.5192108;77.93253;-0.22799362;[ 2.5258708 78.97416   -0.2344114]
2.4764836;75.797195;-0.2357952;[ 2.591846   76.39933    -0.23530437]
3.9960458;70.54616;-0.24179192;[ 2.6935182 71.22428   -0.2376906]
2.5191073;74.28006;-0.23506102;[ 2.5224085  75.1391     -0.23567703]
2.4071913;72.12324;-0.2462805;[ 2.5933762  72.51339    -0.23649773]
2.2366087;71.5229;-0.23480828;[ 2.675294   71.8136     -0.23714702]
2.2023914;66.893326;-0.24264006;[ 2.6290877  67.479614   -0.23881078]
3.3866835;67.88764;-0.23955558;[ 2.799966  68.637794  -0.2388707]
3.6942823;63.57258;-0.25313717;[ 2.7967358  63.829372   -0.24063332]
3.4046378;63.536972;-0.24366055;[ 2.8093517 64.40149   -0.2404392]
2.3350832;64.53435;-0.2553223;[ 2.7022407  64.8479     -0.23978806]
1.3303437;83.3611;-0.24821079;[ 2.1702678  85.22725    -0.23117986]
1.9418002;80.27564;-0.2319337;[ 2.3317943  81.735405   -0.23283757]
1.7928284;75.91903;-0.24058303;[ 2.3425105 77.50809   -0.23438  ]
1.4153669;83.163956;-0.2468552;[ 2.1776247  85.22679    -0.23129933]
1.5645103;82.62021;-0.23978817;[ 2.2550619  84.56723    -0.23153806]
1.8212985;75.691795;-0.241088;[ 2.3468244  77.48739    -0.23460892]
2.2045543;73.34802;-0.2344177;[ 2.4284968  74.52388    -0.23595755]
0.2554413;88.25411;-0.22941373;[ 2.2199032  90.56054    -0.22898814]
1.3148437;81.49617;-0.23155001;[ 2.3130436  83.307655   -0.23197675]
1.873576;71.29036;-0.24361598;[ 2.598024   71.93868    -0.23682605]
1.8273953;74.421394;-0.23573965;[ 2.473295   75.86674    -0.23493725]
1.9193401;78.38012;-0.22849482;[ 2.4688718  79.95136    -0.23355232]
0.19393563;90.19855;-0.2566803;[ 2.0869884  92.429596   -0.22842108]
1.3400732;83.03857;-0.2384576;[ 2.2513187 84.75381   -0.2314777]
1.773338;80.04614;-0.23224571;[ 2.3937318  81.45692    -0.23307511]
1.6708038;75.75708;-0.24087897;[ 2.4000835  77.293175   -0.23466355]
1.5368937;80.27168;-0.22520491;[ 2.3756845  81.78843    -0.23302418]
1.3083277;83.4391;-0.25232467;[ 2.1799848  85.19747    -0.23139197]
1.8569027;69.221954;-0.24281994;[ 2.487093   69.99749    -0.23756066]
1.8802099;69.0559;-0.24292794;[ 2.4877489  70.2432     -0.23749815]
1.720061;85.82257;-0.24537438;[  2.7971973  134.73125     -0.21417269]
4.9492135;79.28021;-0.26518172;[ 2.5998962  94.85022    -0.23046754]
1.3707725;90.31741;-0.22533853;[  2.7782602  141.18398     -0.21170515]
2.021462;83.23622;-0.23733024;[  2.8805091  134.79207     -0.21413738]
5.1744385;76.69386;-0.2550298;[ 2.685002   94.85296    -0.23043588]
1.8111006;79.13581;-0.24791384;[  2.8929653  130.15291     -0.21583751]
4.6654034;72.59346;-0.2687523;[ 2.6956642  90.27187    -0.23213238]
3.782339;85.21173;-0.24769273;[ 2.0722282  82.36423    -0.23405124]
4.044117;81.94108;-0.24187352;[ 2.2489767  80.90967    -0.23472992]
3.4912376;82.32812;-0.23472272;[ 2.223751   80.5534     -0.23491125]
3.5486012;75.24649;-0.24515516;[ 2.3418088  73.95309    -0.23757252]
3.10073;81.333626;-0.24359;[ 2.4927058 83.528725  -0.2318963]
4.692882;72.53456;-0.26543954;[ 2.8504117  73.93276    -0.23672853]
2.8360634;78.38055;-0.23302042;[ 2.6283638  80.68243    -0.23335265]
3.4871721;72.60216;-0.24571203;[ 2.846666  73.88998   -0.2365828]
3.889146;69.06264;-0.26350215;[ 2.8555014  69.59155    -0.23801117]
3.191304;74.580246;-0.24650915;[ 2.5848007  76.27074    -0.23490179]
3.9968467;68.83636;-0.26735142;[ 2.8019018  69.4862     -0.23811413]
3.5930605;61.514523;-0.27445;[ 2.9643536  62.179295   -0.24122576]
2.0307264;68.73376;-0.2446811;[ 2.7066493  69.00002    -0.23823465]
2.101399;68.50963;-0.24550979;[ 2.6543264  68.88355    -0.23833363]
2.7634192;76.96454;-0.23781739;[ 2.4089084 78.19526   -0.2343172]
2.6156688;83.71793;-0.23616946;[ 2.3167994  85.460236   -0.23130551]
3.1387315;76.96252;-0.2390978;[ 2.4074142 78.397285  -0.2342324]
1.7998921;77.264946;-0.25357413;[ 2.458639   78.33092    -0.23421393]
3.1259081;78.87237;-0.2290076;[ 2.6159348  80.7304     -0.23377593]
2.2269585;74.42285;-0.24395102;[ 2.5892332  76.11848    -0.23546483]
2.4415689;76.29065;-0.24175666;[ 2.4795792  77.946915   -0.23461652]
2.096137;69.88145;-0.25682324;[ 2.6221695  70.75529    -0.23753229]
2.2757459;80.737;-0.22640869;[ 2.4503202  82.61118    -0.23280719]
2.7860627;73.9803;-0.22935979;[ 2.540827   75.55039    -0.23572583]
2.9354954;78.67416;-0.22277348;[ 2.6209342 80.20045   -0.2340048]
3.2985156;74.87587;-0.23403539;[ 2.5781238  75.80424    -0.23551497]
2.3388352;67.29253;-0.24660036;[ 2.698721   67.81991    -0.23888302]
1.939471;70.74925;-0.25028065;[ 2.600484   71.22077    -0.23712036]
3.244826;70.20913;-0.24101704;[ 2.499524   71.13199    -0.23724444]
2.8227255;62.966877;-0.24844615;[ 2.6575832  63.783573   -0.24041012]
2.1107976;83.12221;-0.23302567;[ 2.2447333  85.1605     -0.23131451]
1.8109491;79.0037;-0.24438013;[ 2.258326   81.0033     -0.23282294]
1.7757308;83.33315;-0.22672375;[ 2.2218509  85.6845     -0.23110981]
2.4676275;76.26465;-0.23459858;[ 2.3588135 78.0718    -0.2342646]
1.6214849;79.67883;-0.2389438;[ 2.2572942 81.570816  -0.2324388]
1.7678561;79.640305;-0.23074864;[ 2.492733   81.62495    -0.23254497]
3.9289458;74.19076;-0.24556014;[ 2.65518  75.828316 -0.235662]
3.9079807;83.977264;-0.27649283;[ 2.4261549 86.00623   -0.2311618]
3.6437485;81.32175;-0.2503748;[ 2.608463   82.633644   -0.23287097]
1.1690651;86.33679;-0.22794697;[ 2.4015348 88.86337   -0.2295355]
4.050301;78.03427;-0.23932818;[ 2.762945   79.33474    -0.23448646]
1.7671698;75.061325;-0.2464899;[ 2.5515926 76.93901   -0.2342982]
3.785091;81.01326;-0.23807089;[ 2.5611253  83.22981    -0.23257835]
3.6666226;74.820404;-0.24532951;[ 2.7519403  75.50831    -0.23576519]
3.7882185;70.54672;-0.2609292;[ 2.6808963  71.67603    -0.23703645]
4.0074983;71.34013;-0.24234445;[ 2.8541002  72.0918     -0.23749918]
3.8431356;70.310165;-0.271703;[ 2.6310053  71.51927    -0.23714784]
4.1421337;67.0362;-0.25306192;[ 2.7833862 68.22651   -0.2388084]
2.3995726;77.065;-0.24365307;[ 2.3746686  78.911      -0.23401362]
2.373992;80.97178;-0.2280898;[ 2.4063425  83.18743    -0.23244916]
3.640719;75.46111;-0.2358883;[ 2.5685291  76.567566   -0.23518443]
1.7976364;75.76135;-0.24066609;[ 2.3466322  77.35453    -0.23459274]
2.0091338;72.84062;-0.23506255;[ 2.5021007  74.17296    -0.23609416]
1.8977757;75.84085;-0.23902345;[ 2.3382797  77.31611    -0.23448516]
1.8958204;68.54522;-0.24452311;[ 2.495609   70.0028     -0.23762244]
1.1976062;82.942154;-0.24612612;[ 2.1965327  84.82599    -0.23146783]
2.2764714;79.35672;-0.23140919;[ 2.398372   81.22056    -0.23318574]
1.5306406;82.45053;-0.24015537;[ 2.2594678 84.41793   -0.2317392]
1.7524447;79.5298;-0.23206471;[ 2.4149501 81.23536   -0.2332419]
1.7479197;75.23439;-0.24246414;[ 2.4085696  77.06254    -0.23477294]
1.6305637;83.920715;-0.2185865;[ 2.3805442  86.02967    -0.23139398]
1.5985415;79.97778;-0.22357349;[ 2.3292735  81.98069    -0.23296927]
1.4202251;82.19574;-0.23922828;[ 2.263737   84.25863    -0.23175113]
1.5053091;81.926834;-0.24031769;[ 2.2632613  84.13731    -0.23184857]
1.6156874;74.76918;-0.24218442;[ 2.4257817  76.79228    -0.23502079]
1.7902906;80.05746;-0.22235848;[ 2.3388083  81.92505    -0.23289204]
2.2458942;76.80828;-0.21879032;[ 2.491463   78.612785   -0.23456852]
1.5913131;75.677505;-0.23823425;[ 2.40345    77.19694    -0.23463416]
1.3622786;79.648285;-0.22500189;[ 2.375638   81.6775     -0.23298202]
1.2129673;82.39937;-0.23884961;[ 2.2566688  84.269554   -0.23183054]
1.2262902;85.99826;-0.2253724;[ 2.2423346  88.73621    -0.23029566]
0.8371663;83.04018;-0.2388801;[ 2.2460794  84.607445   -0.23162499]
1.2908719;82.8347;-0.25462198;[ 2.1943789 84.47973   -0.2317332]
1.785951;75.64599;-0.23940107;[ 2.347837  77.033775  -0.2348242]
1.7947036;72.5469;-0.22956541;[ 2.4756978  74.048454   -0.23635258]
2.0114045;79.48096;-0.23099391;[ 2.3471708 81.17344   -0.2334006]
0.41519594;91.59401;-0.23845348;[ 1.9317266  96.859184   -0.22777934]
1.2246773;88.55261;-0.22468327;[ 2.075031  94.14516   -0.2290788]
1.0289134;85.07823;-0.23799345;[ 2.0763526  89.73138    -0.23066878]
2.8991394;77.13995;-0.23833992;[ 2.410523   78.3592     -0.23432712]
2.4165916;69.87922;-0.25256744;[ 2.5749335  70.754135   -0.23756917]
2.7236574;83.89334;-0.23686112;[ 2.3187916  85.60541    -0.23132874]
3.4719005;81.13802;-0.23705775;[ 2.4986084  82.16628    -0.23313756]
2.0106936;76.6265;-0.2524096;[ 2.4856348  77.95095    -0.23459043]
2.5691948;73.819336;-0.24653839;[ 2.670285   74.5413     -0.23647913]
3.2953563;77.86563;-0.22841053;[ 2.6351805  79.26504    -0.23462753]
3.2488418;80.5689;-0.23082942;[ 2.4724147  82.34128    -0.23292372]
3.5259223;74.60052;-0.23567908;[ 2.6421952  75.03733    -0.23603064]
3.6435082;74.379166;-0.238337;[ 2.6241264 75.58616   -0.2356931]
3.438262;67.00762;-0.24090816;[ 2.7539024  67.51211    -0.23929521]
7.2999473;74.248955;-0.23350358;[ 2.586915   74.87611    -0.23618338]
2.0781853;83.0282;-0.23132707;[ 2.258278   85.197975   -0.23142919]
1.7892816;78.91137;-0.2429909;[ 2.2679725  81.09342    -0.23292929]
1.9580517;79.479866;-0.25170922;[ 2.2089927 81.43673   -0.2326977]
2.5472655;76.20819;-0.23286597;[ 2.3623703  78.16398    -0.23432611]
0.92059183;90.11374;-0.223022;[ 2.150597   92.93205    -0.22820397]
1.6567478;83.29373;-0.22387712;[ 2.2548544  85.89596    -0.23110235]
0.86425257;86.521736;-0.24050997;[ 2.155984   88.59863    -0.22968975]
0.18237329;89.492195;-0.2588287;[ 2.0991836  91.72835    -0.22880802]
1.3962255;82.40839;-0.23884562;[ 2.2517016  84.33994    -0.23185197]
1.4791412;79.09982;-0.22402748;[ 2.4180117 81.31353   -0.233474 ]
0.9060235;86.551315;-0.22297958;[ 2.237185   88.945206   -0.23020905]
1.5503017;75.557686;-0.2399114;[ 2.4070413  77.16647    -0.23488462]
1.2884569;82.73881;-0.25411075;[ 2.1909175  84.482994   -0.23180601]
2.3214593;72.38587;-0.23236266;[ 2.4966724 73.82493   -0.2364811]
1.8635364;68.268875;-0.24295647;[ 2.5050256  69.75927    -0.23797196]
0.4556415;89.38111;-0.2537683;[ 2.2737443  91.63481    -0.22838992]
1.1110063;86.15062;-0.22611114;[ 2.4168541  88.75289    -0.22984424]
3.6870408;80.857445;-0.23861176;[ 2.5792477 83.16827   -0.2327987]
3.9132452;81.16915;-0.2370058;[ 2.5748503  83.25465    -0.23275322]
4.287939;74.76679;-0.24593446;[ 2.7209203  75.990204   -0.23563576]
4.3339157;74.501595;-0.24667586;[ 2.670603  75.853905  -0.2357326]
1.8129604;75.59997;-0.24434833;[ 2.5348015  77.09742    -0.23433053]
1.7442437;79.45413;-0.22855341;[ 2.5085866 81.4902    -0.2328704]
3.7326078;74.16096;-0.24195522;[ 2.6709802  75.90557    -0.23582485]
2.7038395;84.07588;-0.24147078;[ 2.278541   86.05329    -0.23118475]
4.0051346;78.46289;-0.2319403;[ 2.6023097  79.91741    -0.23422195]
4.753436;74.415215;-0.24568082;[ 2.5769548  75.37912    -0.23582715]
3.3959064;74.34501;-0.23934457;[ 2.618704   75.586136   -0.23591603]
4.114867;70.2981;-0.2588097;[ 2.5857863  71.184456   -0.23745658]
3.4321718;75.80972;-0.24622689;[ 2.5420337  76.689766   -0.23502569]
2.869777;74.729454;-0.23256035;[ 2.5636678  75.918236   -0.23553187]
2.551297;70.690094;-0.24419093;[ 2.566377   71.828636   -0.23706295]
3.4264455;75.54949;-0.24927603;[ 2.4931111  76.53005    -0.23513159]
4.1748247;70.91438;-0.2622984;[ 2.5159926  71.40099    -0.23720145]
2.588905;70.41406;-0.24501139;[ 2.5197692  71.608345   -0.23716912]
4.377968;67.72107;-0.24858381;[ 2.6683617  68.12903    -0.23884809]
3.2059164;68.24716;-0.25274777;[ 2.6496158  69.28423    -0.23820621]
3.817452;63.69599;-0.26185536;[ 2.6727529  64.13161    -0.24030149]
1.3357143;83.1871;-0.24509224;[ 2.1776206  84.82268    -0.23115048]
1.8452609;75.50601;-0.23527364;[ 2.351115   77.373276   -0.23445432]
1.5803628;79.923386;-0.222354;[ 2.3290088  81.81078    -0.23284572]
1.9341376;69.50023;-0.23343861;[ 2.4328547  70.605385   -0.23720263]
1.8189607;76.180756;-0.23719609;[ 2.3394399  77.71957    -0.23405793]
0.27136207;90.390785;-0.248101;[ 2.0777547  92.44284    -0.22802016]
1.590512;83.01082;-0.23930131;[ 2.2419076 84.977844  -0.2310496]
1.6356274;76.543915;-0.23941259;[ 2.3771822  77.97912    -0.23393594]
1.504281;76.83737;-0.23400594;[ 2.331616   78.02726    -0.23396248]
1.7493503;69.889465;-0.23354627;[ 2.4354882  70.8672     -0.23704916]
1.4341618;82.40318;-0.2388493;[ 2.2547238  84.56046    -0.23161285]
1.2159708;82.96918;-0.2500748;[ 2.1948338  84.8264     -0.23147956]
1.6766558;79.52052;-0.22693528;[ 2.3421514  81.69544    -0.23315695]
1.5089018;76.40469;-0.23803248;[ 2.335118   77.747444   -0.23437278]
1.9068216;75.957;-0.2383123;[ 2.3389804  77.35155    -0.23443657]
2.0576222;72.72575;-0.2336402;[ 2.5030212  74.08755    -0.23616698]
1.8850387;75.86545;-0.24090289;[ 2.3442607  77.14585    -0.23459922]
0.21891785;89.90074;-0.25460202;[ 2.090784   92.046776   -0.22842492]
1.7431476;75.80502;-0.2394187;[ 2.3502119  77.28633    -0.23464918]
1.7445679;75.25226;-0.24246414;[ 2.4071386  77.08007    -0.23476332]
1.6573141;76.1726;-0.23652288;[ 2.3856883  77.53153    -0.23433568]
1.9826102;69.055984;-0.24095723;[ 2.4393866 70.12472   -0.2375983]
1.8752782;75.90573;-0.24032868;[ 2.3467033  77.4894     -0.23439035]
1.3176495;83.30407;-0.24901907;[ 2.1750567  85.20588    -0.23115487]
1.7952026;79.78816;-0.22837974;[ 2.3189447  81.92217    -0.23286891]
1.8279605;79.65231;-0.2283006;[ 2.321521   81.78976    -0.23292416]
1.4796269;80.38995;-0.22337143;[ 2.3656447  82.3708     -0.23243338]
2.0765743;73.5999;-0.23354048;[ 2.4764113 74.56692   -0.2357377]
1.8964372;69.3241;-0.24126072;[ 2.4837613  70.513695   -0.23722088]
1.9945911;76.47914;-0.24416423;[ 2.2699409  77.84613    -0.23417935]
0.5893271;86.99789;-0.24438697;[ 2.3050969  89.03113    -0.22949722]
4.218908;77.66666;-0.24566245;[ 2.6405137  79.58252    -0.23422311]
4.5703206;73.74713;-0.26373982;[ 2.6699054  75.25379    -0.23556659]
4.4962363;73.59753;-0.26020584;[ 2.6718085 75.27871   -0.235539 ]
1.7034242;77.29085;-0.23484772;[ 2.6275887  78.39659    -0.23377739]
4.502248;66.998085;-0.26527643;[ 2.7585437  68.09448    -0.23851459]
4.2515016;71.322136;-0.2498662;[ 2.7420483  72.45548    -0.23693341]
4.405159;66.90901;-0.26210153;[ 2.7589881  68.20073    -0.23841599]
3.181379;81.11109;-0.23997621;[ 2.345162   82.74763    -0.23236845]
2.8123868;77.95235;-0.23716111;[ 2.497901   79.380875   -0.23396373]
3.0199285;73.48065;-0.2422134;[ 2.515883  75.06735   -0.2355634]
3.0456753;74.5612;-0.23791632;[ 2.4889474  75.64309    -0.23523909]
2.7738438;71.2033;-0.23971468;[ 2.588419   72.16712    -0.23694655]
3.096572;66.85575;-0.24697049;[ 2.6014907 67.89938   -0.2385551]
2.9481936;66.79213;-0.24518064;[ 2.6025605  67.98749    -0.23844706]
2.5444198;80.793465;-0.23403801;[ 2.3730752  82.281395   -0.23282862]
2.5575726;77.85699;-0.23192833;[ 2.5441484  78.78321    -0.23435439]
2.629832;73.390594;-0.23802191;[ 2.5402129  74.46732    -0.23594725]
2.711113;75.70296;-0.22827916;[ 2.5857027  76.803986   -0.23491645]
2.415801;74.32204;-0.23585774;[ 2.5093763  75.37696    -0.23560485]
2.6105926;74.05167;-0.23589188;[ 2.462497   75.048546   -0.23584162]
2.0101047;66.56334;-0.24303728;[ 2.6272438  67.51348    -0.23885386]
1.3051805;83.32196;-0.25018203;[ 2.1701512  85.15415    -0.23125806]
1.3994558;83.16951;-0.24696438;[ 2.1823893  85.09486    -0.23141892]
1.6589454;79.83487;-0.22404437;[ 2.3829503  81.786705   -0.23286946]
0.8986268;83.58942;-0.23695765;[ 2.2230406  85.28332    -0.23113595]
1.6074419;76.66986;-0.23660845;[ 2.3205407  78.11348    -0.23424876]
1.9796865;73.77064;-0.23033836;[ 2.4864795  74.659584   -0.23588084]
1.7029933;76.24185;-0.23742573;[ 2.3862398  77.54594    -0.23430204]
1.5238703;80.686386;-0.23458616;[ 2.38697    82.86442    -0.23214507]
0.8780639;81.81804;-0.22996266;[ 2.3567276  83.50903    -0.23185177]
1.7241539;74.4004;-0.23610389;[ 2.5206606  75.75216    -0.23496352]
1.6300223;74.677086;-0.23599027;[ 2.5289469  75.60781    -0.23512524]
1.9538229;78.45227;-0.22668405;[ 2.4683177  79.83007    -0.23364891]
1.7995157;74.015274;-0.23642291;[ 2.473118   75.73359    -0.23509753]
1.751328;75.90753;-0.23915723;[ 2.3419392  77.55304    -0.23437817]
1.421634;82.59484;-0.23854417;[ 2.2559044  84.631035   -0.23149267]
1.7762872;75.67812;-0.23949407;[ 2.3487148 77.56741   -0.2345494]
1.6044562;79.81992;-0.22356492;[ 2.397496   81.83966    -0.23295385]
0.8057622;83.58814;-0.23700973;[ 2.221174   85.32745    -0.23111504]
2.027008;68.990814;-0.24143024;[ 2.4347885  70.48984    -0.23743437]
1.5336396;80.097565;-0.22370769;[ 2.3891     81.93247    -0.23302425]
1.8901938;76.095505;-0.24162039;[ 2.3317559  77.38947    -0.23466209]
1.8866649;68.87207;-0.24314715;[ 2.4895377  70.1578     -0.23759818]
1.550426;75.564026;-0.2286208;[ 2.4807222  77.4965     -0.23500893]
0.89218485;80.09446;-0.23415203;[ 2.3080535  81.31101    -0.23288023]
0.24688244;88.43295;-0.22455502;[ 2.2039883  91.32566    -0.22898471]
1.5415007;81.41341;-0.22856405;[ 2.3672934  83.99426    -0.23198232]
3.2144392;77.71773;-0.23908925;[ 2.4901748  78.71156    -0.23403953]
1.6528575;74.941246;-0.23197441;[ 2.51176    76.85328    -0.23491362]
1.3603762;82.14011;-0.22885998;[ 2.4830735  84.77053    -0.23139854]
4.2113643;80.66075;-0.271598;[ 2.5068054  82.27537    -0.23271058]
4.3491826;76.94343;-0.24384046;[ 2.6481447  78.99421    -0.23447226]
3.729179;77.53459;-0.23760955;[ 2.641596   79.45655    -0.23414941]
4.067137;69.99261;-0.24805906;[ 2.7344065  71.78698    -0.23748805]
1.8119168;75.64761;-0.23150437;[ 2.5792205  77.51888    -0.23437744]
2.0359275;68.882416;-0.23698652;[ 2.4434044  70.18116    -0.23739329]
0.25746584;89.95357;-0.24811137;[ 2.0858443 92.11871   -0.2281048]
1.4244759;83.025734;-0.24224253;[ 2.1900244  84.83492    -0.23124206]
1.6191974;82.50233;-0.23701653;[ 2.2617846 84.3594    -0.2314125]
1.9048276;69.581955;-0.23355527;[ 2.4319334  70.60334    -0.23721486]
1.3698323;80.06777;-0.22788328;[ 2.3668013 81.855934  -0.2326732]
1.2957007;82.711975;-0.25354412;[ 2.186111   84.44887    -0.23158339]
1.8586653;68.09143;-0.24552137;[ 2.5178993  69.36773    -0.23793656]
1.7901504;79.7634;-0.22374612;[ 2.329426 81.89793  -0.232986]
0.7546654;82.97864;-0.23742245;[ 2.2383022  84.63996    -0.23139755]
1.9139118;68.814415;-0.24179661;[ 2.4966094  69.7586     -0.23788233]
2.045152;75.75228;-0.24758269;[ 2.2847927  77.26746    -0.23469082]
2.0333629;61.662945;-0.24860363;[ 2.6037774 62.42174   -0.240924 ]
1.316375;82.722336;-0.25355914;[ 2.186761  84.47227   -0.2315514]
2.123965;72.22317;-0.23240717;[ 2.5045512  73.82173    -0.23633316]
1.8746012;75.42978;-0.23961805;[ 2.3558917  77.00867    -0.23472884]
1.477747;82.178825;-0.23922828;[ 2.2669287  84.19016    -0.23176208]
1.6147177;74.76918;-0.24218442;[ 2.425769   76.7928     -0.23502049]
1.8947396;75.01847;-0.24057752;[ 2.3588378  77.051765   -0.23487227]
0.8545084;82.92994;-0.23819584;[ 2.2384324 84.59959   -0.2314418]
3.758089;77.45322;-0.23835884;[ 2.4930007  79.2494     -0.23431578]
3.6545174;70.984886;-0.2401924;[ 2.6351588  72.144936   -0.23721501]
3.123821;73.80776;-0.2388973;[ 2.449351   74.807014   -0.23565368]
2.9112654;66.29702;-0.24146856;[ 2.615295   67.32815    -0.23886445]
1.3378904;83.00627;-0.2453091;[ 2.1818013  84.58848    -0.23129645]
2.0487642;68.762405;-0.23719554;[ 2.44699    70.12661    -0.23744412]
1.357116;79.91608;-0.22735915;[ 2.3598833 81.73857   -0.2328171]
2.9171941;80.117134;-0.23455662;[ 2.4002945  81.36257    -0.23314856]
4.3830996;69.44765;-0.24580172;[ 2.7213585  70.35247    -0.23825167]
3.0597637;72.609;-0.23900114;[ 2.567809   73.7715     -0.23645642]
3.8628068;69.522736;-0.24233541;[ 2.7304409  70.79926    -0.23807707]
4.1178355;65.35121;-0.25950444;[ 2.734728   66.05299    -0.23992243]
2.7717454;71.42818;-0.24817294;[ 2.6051106 71.9654    -0.2369667]
3.6283593;70.13093;-0.23837276;[ 2.654688   71.14766    -0.23775744]
3.808241;66.93004;-0.23865482;[ 2.804154   67.90649    -0.23938721]
3.045209;68.079414;-0.23962493;[ 2.700727  68.83776   -0.2384359]
2.6248884;63.79869;-0.25527596;[ 2.715463  64.40391   -0.2402552]
1.5979743;78.430725;-0.23652819;[ 2.3522828  80.094086   -0.23359941]
1.3811255;79.30447;-0.21607557;[ 2.4487162 81.85546   -0.2334464]
1.3627669;75.459854;-0.22708765;[ 2.4490817 77.54668   -0.2349445]
1.6378074;72.19521;-0.23646921;[ 2.4932525 72.768776  -0.2366038]
1.8628298;64.70759;-0.2398208;[ 2.6491609  65.3898     -0.23986816]
1.8881224;71.68168;-0.23736204;[ 2.4411836 72.91332   -0.2365661]
1.8275532;71.76733;-0.23703316;[ 2.4417162  72.992485   -0.23646386]
1.9407436;64.238396;-0.24010196;[ 2.5982437  65.617836   -0.23973517]
1.638382;72.18729;-0.23646921;[ 2.4932244  72.76569    -0.23660535]
1.443202;74.81429;-0.22813493;[ 2.482091   77.085075   -0.23528895]
1.6964731;71.87362;-0.23500466;[ 2.4891922 73.0904    -0.2364822]
1.4810988;75.72766;-0.22596374;[ 2.4571626  77.56295    -0.23487444]
1.744326;68.126656;-0.23129244;[ 2.5687652  70.000145   -0.23818052]
2.4749174;68.34109;-0.23080024;[ 2.5888062  69.70997    -0.23818526]
1.5169454;80.02908;-0.23448065;[ 2.4086146  82.14124    -0.23264675]
0.85032344;80.94207;-0.22971404;[ 2.3784697  82.55232    -0.23231742]
3.6480765;76.93524;-0.23574284;[ 2.5640442 78.46081   -0.2346696]
2.6586497;77.920715;-0.24921271;[ 2.4683208 78.99116   -0.2340614]
3.9851232;72.68735;-0.2566207;[ 2.5750408  73.64094    -0.23650794]
2.739005;77.106995;-0.22638907;[ 2.5318365  78.53411    -0.23463726]
2.5205545;74.9638;-0.23292877;[ 2.600212   76.112465   -0.23560421]
3.6309507;70.41338;-0.23683764;[ 2.7077446  71.29568    -0.23758963]
2.3347266;70.263115;-0.23271404;[ 2.6734078  71.323395   -0.23763578]
3.6260166;70.181854;-0.23764949;[ 2.6560209  71.1964     -0.23767862]
2.6080737;71.16733;-0.24973103;[ 2.559189   71.763664   -0.23705392]
2.3767796;65.91242;-0.23998107;[ 2.6579533  66.61642    -0.23935272]
0.21370578;89.4701;-0.25537604;[ 2.095207  91.71859   -0.2285613]
1.4465183;82.55144;-0.25053656;[ 2.1950336  84.551025   -0.23161286]
1.4934429;82.15658;-0.23762925;[ 2.267621   84.21132    -0.23173232]
1.5090609;81.914604;-0.23858005;[ 2.2671123  84.0906     -0.23182364]
1.4458731;79.3796;-0.22265762;[ 2.4163477  81.53069    -0.23322117]
1.8162273;72.69197;-0.22464404;[ 2.502954   74.446266   -0.23611417]
1.7495058;75.99993;-0.23729646;[ 2.335555   77.477135   -0.23449627]
2.0680628;75.79805;-0.24577507;[ 2.286049   77.32245    -0.23460428]
1.3760608;81.99999;-0.23928095;[ 2.2696736  84.20545    -0.23200947]
1.8095378;75.2662;-0.23993252;[ 2.3570526 76.98936   -0.2350348]
1.2725449;82.664536;-0.25407112;[ 2.1873398  84.49918    -0.23187548]
1.7869896;68.23207;-0.24342935;[ 2.5207803  69.50297    -0.23807035]
1.3289821;83.08154;-0.25220603;[ 2.1814127  84.800545   -0.23144883]
1.8057865;75.68473;-0.24008495;[ 2.3514128  77.31457    -0.23456606]
0.21885753;89.841;-0.25688675;[ 2.0885265  92.047844   -0.22846308]
1.4154843;82.39607;-0.23880179;[ 2.255554   84.58127    -0.23157403]
1.6327465;75.51132;-0.23876043;[ 2.3600307  77.33612    -0.23472863]
1.4698489;76.457855;-0.23796917;[ 2.33331    77.76511    -0.23438737]
1.6016625;75.9758;-0.23969485;[ 2.4059281  77.0064     -0.23476662]
1.7329468;69.14494;-0.23992671;[ 2.501907   69.96405    -0.23777586]
1.9862862;72.99409;-0.22755061;[ 2.4427922  74.47573    -0.23611374]
4.163742;77.99073;-0.24514481;[ 2.6438496  79.76655    -0.23403755]
3.9272757;77.89142;-0.2442671;[ 2.6323743  80.13476    -0.23387055]
3.2813807;73.74612;-0.259448;[ 2.6617627  75.66019    -0.23553549]
3.856305;71.595604;-0.25233537;[ 2.7959578  72.61207    -0.23672971]
4.0705547;71.51471;-0.24894127;[ 2.791562   72.54761    -0.23696184]
1.4705528;80.25806;-0.24197748;[ 2.3945966 81.981255  -0.2323248]
1.8363501;76.9848;-0.23212619;[ 2.5706732  78.34861    -0.23396589]
4.0566053;71.234985;-0.2487777;[ 2.7378976  72.49751    -0.23703459]
1.7994374;72.790405;-0.24139604;[ 2.579419  74.27032   -0.2354917]
3.1376734;67.042;-0.2616362;[ 2.7525697  68.51053    -0.23843883]
3.0690634;81.11981;-0.24118818;[ 2.3439841  82.82378    -0.23229076]
2.6821465;77.96298;-0.23750815;[ 2.5003958  79.43256    -0.23390439]
3.0038328;73.54298;-0.24411531;[ 2.5144882  75.04925    -0.23559162]
2.8898664;78.39167;-0.2307953;[ 2.485619   79.70852    -0.23386045]
2.9933069;67.06739;-0.24646166;[ 2.6506305  68.03528    -0.23848516]
3.0532284;74.363205;-0.24151216;[ 2.4366612  75.577      -0.23527707]
2.6355433;71.20369;-0.24009033;[ 2.592482   72.20008    -0.23688006]
0.8977254;83.55422;-0.23647526;[ 2.2264373  85.35046    -0.23101239]
1.4581703;80.30089;-0.22831678;[ 2.378289   81.99932    -0.23274079]
1.5934607;80.421585;-0.23057973;[ 2.3857973 81.88567   -0.232669 ]
0.20716572;90.06143;-0.25231516;[ 2.0808094  92.54246    -0.22810027]
1.4014208;83.24408;-0.24780568;[ 2.1768253 85.17226   -0.2311237]
1.583389;82.59299;-0.23953113;[ 2.2595627  84.638565   -0.23143312]
1.8393767;75.771225;-0.23995821;[ 2.349631   77.46853    -0.23435307]
1.5969703;82.54811;-0.23854604;[ 2.2584035  84.81373    -0.23136853]
1.7511116;76.7173;-0.23680125;[ 2.3204346 78.04186   -0.234002 ]
1.8612676;73.46967;-0.23120801;[ 2.4707837  74.6852     -0.23576747]
1.9950287;76.48747;-0.24368569;[ 2.2694094  77.942986   -0.23409396]
2.9511712;72.634735;-0.24035595;[ 2.5569608  73.884155   -0.23646072]
2.7102427;73.53601;-0.23468621;[ 2.5420294 74.24326   -0.2360611]
2.4698138;70.24022;-0.23434478;[ 2.6797633  71.139336   -0.23768675]
2.6245408;69.97156;-0.23476368;[ 2.6313832  70.965904   -0.23778069]
1.8529184;75.14984;-0.24044113;[ 2.3555927  76.877365   -0.23482886]
1.8852919;68.532104;-0.24190767;[ 2.487432   70.13105    -0.23776482]
2.0426414;75.713066;-0.24757025;[ 2.2848973  77.272255   -0.23467472]
2.0707638;68.31481;-0.24217564;[ 2.445817   69.93045    -0.23780829]
1.8643264;73.38755;-0.23686694;[ 2.490824   75.056114   -0.23554906]
1.8051603;73.36128;-0.23558147;[ 2.4903038  75.014946   -0.23553754]
1.8606274;75.689;-0.24120384;[ 2.3428245 77.35117   -0.2346165]
1.2921737;83.10817;-0.25220603;[ 2.179525   84.798515   -0.23147145]
1.4926891;82.41891;-0.2395668;[ 2.2640972  84.40207    -0.23167646]
1.6464096;75.55701;-0.23876043;[ 2.3618429  77.339775   -0.23471117]
1.1951423;82.92238;-0.24800211;[ 2.1959472  84.815926   -0.23149998]
1.7408485;69.35203;-0.24023113;[ 2.5004847  70.05444    -0.23769075]
1.4195085;80.12213;-0.2266938;[ 2.3728437  81.91738    -0.23289044]
1.9501894;68.86903;-0.24043207;[ 2.4484556  70.25324    -0.23760568]
2.9501452;76.72645;-0.23088875;[ 2.5466447  78.151436   -0.23481084]
2.8876834;72.62074;-0.2386767;[ 2.5611143  73.8698     -0.23647818]
4.009656;74.83721;-0.23253007;[ 2.660556   76.70519    -0.23581679]
4.0739365;70.18007;-0.238694;[ 2.6946113 71.536446  -0.2378265]
2.7913487;73.61459;-0.2361623;[ 2.5333304  74.43632    -0.23596981]
3.5810962;70.522995;-0.23944293;[ 2.670905   71.88894    -0.23746589]
2.8521774;66.16622;-0.24247472;[ 2.6932826  66.908195   -0.23932053]
2.2091057;70.006134;-0.23122557;[ 2.630732   71.08285    -0.23781015]
2.801402;70.02785;-0.23280863;[ 2.634742   70.94978    -0.23778053]
2.196486;65.9328;-0.24112383;[ 2.6496277  66.75502    -0.23932192]
1.8563559;79.37475;-0.22643605;[ 2.3305643  81.4584     -0.23313336]
0.21904755;89.44644;-0.25769532;[ 2.0943847  91.713615   -0.22855882]
1.5683789;81.92569;-0.23997194;[ 2.2618105  84.144424   -0.23185743]
1.8580143;75.02186;-0.24077368;[ 2.3551357  77.043526   -0.23494574]
1.4870045;81.909966;-0.23951174;[ 2.268104   84.07704    -0.23181972]
1.6337227;76.0232;-0.23828213;[ 2.3312936  77.497734   -0.23453987]
1.6074362;75.39532;-0.23924834;[ 2.4016294 77.08329   -0.2347433]
1.8271195;72.71246;-0.22826347;[ 2.4745154  74.47543    -0.23614445]
1.6013986;75.68774;-0.2398385;[ 2.4077492  76.73364    -0.23486872]
1.8904653;68.789566;-0.24184006;[ 2.496277   69.74482    -0.23787384]
2.0953004;68.27281;-0.24277267;[ 2.444191   69.87765    -0.23789826]
2.081191;72.46988;-0.22841842;[ 2.4276476  74.2806     -0.23624694]
1.4088244;84.13648;-0.22396877;[ 2.3809185 86.47803   -0.231011 ]
1.6302788;73.68461;-0.23688753;[ 2.5376434  75.276115   -0.23542993]
1.4658341;77.881485;-0.22310764;[ 2.513108   79.82217    -0.23369879]
1.5526727;74.04061;-0.23486896;[ 2.543602   74.9096     -0.23556244]
1.5914434;78.43481;-0.23515971;[ 2.3525915  80.12292    -0.23356943]
1.6209773;72.23187;-0.23528169;[ 2.4937074 72.79005   -0.236579 ]
1.292289;79.29168;-0.24528117;[ 2.2733417  80.485664   -0.23328938]
1.788857;75.24853;-0.22699186;[ 2.399337   77.41045    -0.23504245]
1.8372687;75.46168;-0.22689548;[ 2.403746   77.389854   -0.23502296]
1.8875887;71.68142;-0.23604959;[ 2.4434118  72.89569    -0.23656312]
0.23318517;87.493385;-0.22956161;[ 2.2347898  89.7099     -0.22938319]
0.85128367;80.96739;-0.22935973;[ 2.3798723  82.54543    -0.23229747]
1.7788888;73.275635;-0.2350449;[ 2.4973645  74.902176   -0.23560634]
1.6836551;82.57088;-0.23995596;[ 2.255027   84.37975    -0.23158593]
1.5615258;82.412186;-0.24021052;[ 2.263877   84.39584    -0.23165652]
1.692141;76.22046;-0.23838496;[ 2.3868546  77.523506   -0.23433167]
1.4187834;82.03187;-0.24003342;[ 2.2715812  84.1364     -0.23201153]
1.5290773;82.31743;-0.23983361;[ 2.25838    84.17165    -0.23194222]
1.6892666;75.17857;-0.24166428;[ 2.4236922  76.499916   -0.23519719]
1.6043756;75.83778;-0.23759323;[ 2.3965511 77.17611   -0.2347768]
1.5455651;75.55788;-0.2399114;[ 2.4064887  77.16409    -0.23489194]
1.7160267;68.761955;-0.24279986;[ 2.5542529  69.61527    -0.23802552]
1.6524771;68.73747;-0.24273475;[ 2.5555043  69.53933    -0.23810579]
1.29076;82.73898;-0.25411075;[ 2.1909208  84.48408    -0.23180601]
1.8285913;75.28282;-0.24084131;[ 2.360514   76.95098    -0.23498465]
1.9146246;68.43727;-0.24353941;[ 2.5090954  69.37206    -0.23817497]
1.9343734;68.47348;-0.24367933;[ 2.508322   69.38093    -0.23815167]
1.791091;75.33504;-0.24084131;[ 2.3591547 77.0422    -0.2349081]
3.1478755;77.666504;-0.23953733;[ 2.4811618  78.35372    -0.23420215]
0.9510664;82.0496;-0.2257686;[ 2.3464413  84.26797    -0.23182368]
1.6542345;75.04153;-0.23175083;[ 2.519762   76.49617    -0.23514394]
1.2824446;81.66923;-0.2264874;[ 2.2931347  83.885605   -0.23215689]
2.922397;70.97812;-0.24167106;[ 2.5713673  71.16447    -0.23719764]
1.6026611;74.95904;-0.2408807;[ 2.4172866  76.84133    -0.23509447]
1.7852582;75.339676;-0.24084131;[ 2.3585625 77.04155   -0.2349123]
1.893562;75.569595;-0.24033089;[ 2.3469076  76.95879    -0.23495029]
1.8260182;68.24363;-0.2462646;[ 2.5228329  69.41758    -0.23811401]
1.5479025;81.42595;-0.22787608;[ 2.3646762  84.05456    -0.23193495]
1.0267026;81.90488;-0.2269059;[ 2.3478055  84.2368     -0.23182891]
1.6357827;74.59479;-0.22568782;[ 2.4418893  75.636604   -0.23481523]
0.17906904;89.58966;-0.2590499;[ 2.1030304  91.723145   -0.22873823]
1.3286593;82.39592;-0.23926821;[ 2.259181   84.21215    -0.23185879]
1.6068586;82.66303;-0.23902181;[ 2.2493114  84.22053    -0.23176442]
1.3366561;82.38806;-0.23884961;[ 2.2588356  84.242035   -0.23182964]
1.5842932;75.194824;-0.24140391;[ 2.4136004 76.69459   -0.2350727]
1.4588176;82.04076;-0.24076745;[ 2.2742033  84.102196   -0.23199901]
0.8274432;83.03991;-0.2388801;[ 2.2464294  84.59988    -0.23162636]
1.720154;76.1361;-0.23723622;[ 2.3899326  77.137436   -0.23465098]
1.8328748;75.634674;-0.23940107;[ 2.3500009  77.0064     -0.23482507]
1.9262666;68.54642;-0.24237251;[ 2.4972262  69.700615   -0.23786925]
2.8347225;76.06384;-0.23206106;[ 2.4851224  78.599785   -0.23436736]
2.8363485;82.80165;-0.2290373;[ 2.3926547  85.92131    -0.23129818]
2.203895;76.72148;-0.23189974;[ 2.6974356  77.052376   -0.23499136]
2.502198;69.98342;-0.23458298;[ 2.7885942  69.76739    -0.23804192]
1.3361384;84.965576;-0.22820893;[ 2.2303596  87.42669    -0.23030734]
0.8242291;85.19252;-0.22666019;[ 2.2848306  87.51686    -0.23019217]
2.0489755;72.73395;-0.23162895;[ 2.6448667  72.90284    -0.23642421]
5.167056;76.7746;-0.24665283;[ 2.7936566  78.084404   -0.23453204]
1.456527;71.5953;-0.24946743;[ 2.807362  71.67718   -0.2363153]
4.686324;66.20351;-0.26691067;[ 2.9600542  65.87364    -0.23951401]
1.3907228;83.29736;-0.23385309;[ 2.1560223  86.1999     -0.23219562]
4.7876463;80.87204;-0.22210875;[ 2.5342145  83.32554    -0.23263757]
3.3321784;72.39305;-0.245424;[ 2.6528606  73.245926   -0.23637006]
2.8147001;70.08079;-0.23950382;[ 2.7182956  70.79911    -0.23749584]
0.7715914;85.38497;-0.22675824;[ 2.268083   88.15926    -0.23017143]
0.21762109;91.873764;-0.22696576;[ 2.1208649  95.31516    -0.22728364]
1.7170227;81.36104;-0.2408811;[ 2.4100964  82.70872    -0.23219998]
2.1840436;74.66951;-0.24258827;[ 2.4977188  75.70359    -0.23502412]
2.2263658;73.2134;-0.22690375;[ 2.7019074  73.26942    -0.23611891]
2.6782525;72.608055;-0.23311843;[ 2.6177557  73.40746    -0.23596919]
1.973356;78.35809;-0.23291224;[ 2.3148165  80.81875    -0.23331895]
2.189037;67.98396;-0.24516708;[ 2.583548   68.62235    -0.23793302]
0.24294543;88.44705;-0.22451235;[ 2.205534   91.2935     -0.22901922]
3.1653562;71.245575;-0.24114645;[ 2.5719185  71.38696    -0.23701717]
4.576765;75.06859;-0.24728064;[ 2.6018577  76.73925    -0.23487857]
3.5619302;74.75107;-0.23847516;[ 2.707641   76.12441    -0.23504165]
3.4492795;74.2881;-0.23969652;[ 2.6560736  76.3043     -0.23495314]
3.323307;75.64224;-0.23648347;[ 2.5217     77.08344    -0.23473287]
4.3158464;68.39963;-0.25032634;[ 2.6886127  69.56458    -0.23787332]
1.2996718;84.221794;-0.23673825;[ 2.241419   86.40318    -0.23075485]
1.996465;74.82543;-0.24085832;[ 2.5344355  75.45544    -0.23554704]
1.722509;77.23812;-0.2384383;[ 2.403034  79.27029   -0.2336825]
1.2561462;77.74255;-0.23795061;[ 2.4557874  79.05533    -0.23378173]
1.7098869;77.571175;-0.23640877;[ 2.4025803 79.47323   -0.2335642]
1.346786;84.50002;-0.23382497;[ 2.2330441  86.5911     -0.23042318]
0.27103794;91.25664;-0.2317321;[ 2.1373522  93.94047    -0.22737184]
1.6872683;81.41162;-0.24207936;[ 2.4178846  83.13208    -0.23198761]
0.2592572;88.26178;-0.22904964;[ 2.2170405  90.605385   -0.22896606]
1.3802967;85.30095;-0.22526124;[ 2.3813019  87.253914   -0.23050475]
1.7223549;74.31208;-0.23680866;[ 2.5264802 75.60599   -0.2350943]
4.8323116;76.356514;-0.24693695;[ 2.8243732  77.713      -0.23482893]
4.500103;79.4201;-0.2337967;[ 2.6857855  81.47901    -0.23324786]
1.0774168;81.11513;-0.23813011;[ 2.5414717 82.79802   -0.2317546]
2.147099;75.1012;-0.2345956;[ 2.7591581 76.13101   -0.2347934]
2.897051;75.44421;-0.23777822;[ 2.5541055  76.9138     -0.23467495]
2.5073774;66.08338;-0.2482413;[ 2.8308215  65.789314   -0.23970869]
0.8847078;84.60308;-0.2342113;[ 2.2965462  86.74261    -0.23034263]
1.609011;81.24404;-0.24224603;[ 2.4405475  82.716286   -0.23236573]
1.6596534;77.85583;-0.23639892;[ 2.3884745  79.47529    -0.23336905]
1.62399;77.76178;-0.2351032;[ 2.3889983  79.30832    -0.23348255]
1.3503588;78.14481;-0.23609777;[ 2.4382236  79.650826   -0.23326005]
0.22338796;87.504875;-0.2299023;[ 2.2341452  89.71354    -0.22939745]
1.4330367;84.17343;-0.22461164;[ 2.3836057  86.51786    -0.23101214]
0.8139343;80.934685;-0.22971404;[ 2.379181   82.53497    -0.23232974]
2.1084783;77.42618;-0.22646645;[ 2.4761238  79.244286   -0.23403816]
2.1822026;72.50514;-0.25322133;[ 2.739435   72.46797    -0.23712444]
3.4213839;79.33914;-0.22969502;[ 2.5735695  81.209724   -0.23356178]
1.8804914;75.23598;-0.23218858;[ 2.7819643  75.549965   -0.23548001]
2.011186;66.19801;-0.24604602;[ 2.8811781  65.20012    -0.24023753]
2.2333403;75.00217;-0.24103281;[ 2.5411034  75.481514   -0.23554075]
0.21551621;90.96155;-0.23451622;[ 2.153247   93.76513    -0.22763404]
2.034737;74.561615;-0.24212384;[ 2.5484486 75.47647   -0.2357268]
1.6050136;77.55658;-0.23676737;[ 2.3937464  79.45852    -0.23366624]
1.6609712;75.23966;-0.24160226;[ 2.5926075  75.24401    -0.23569903]
1.9429493;79.86032;-0.23134476;[ 2.5675495  81.09926    -0.23323104]
0.83807373;82.67401;-0.22967336;[ 2.423705  84.877144  -0.2312654]
1.2776009;82.28681;-0.22978683;[ 2.3742666 84.50361   -0.2315771]
5.362686;69.600815;-0.23006614;[ 2.922499   70.26176    -0.23834306]
5.0084705;65.3959;-0.2429996;[ 2.906485   65.79274    -0.23996739]
3.4450316;66.01397;-0.25295526;[ 2.7960758  66.07861    -0.23944584]
4.7571363;61.56046;-0.25840625;[ 2.8972557  60.93612    -0.24177322]
3.2889361;61.783405;-0.2491022;[ 2.8987799  61.087086   -0.24173981]
4.191251;67.88691;-0.242305;[ 2.6971195  68.40084    -0.23867923]
3.5014477;64.898285;-0.23843007;[ 2.8351667  65.43205    -0.24010865]
3.6649222;74.08472;-0.23807213;[ 2.5790665  75.09058    -0.23598476]
2.689013;76.71875;-0.24028644;[ 2.4186637  78.09119    -0.23459622]
3.6767898;80.83232;-0.23629384;[ 2.4849775  82.42479    -0.23292765]
4.0019116;78.72137;-0.22998942;[ 2.627204   80.417656   -0.23399721]
2.5727866;74.89146;-0.25282463;[ 2.4695618  75.76733    -0.23533638]
3.623424;73.85852;-0.24434777;[ 2.6627126  74.14005    -0.23650548]
3.6276736;69.72573;-0.26394004;[ 2.5765224  70.468925   -0.23778732]
4.823491;74.4263;-0.24252573;[ 2.6249468  75.66775    -0.23577872]
2.885889;77.07849;-0.23726393;[ 2.4634497  78.05805    -0.23441388]
3.414503;67.44449;-0.24133244;[ 2.7246375 68.186646  -0.2389443]
3.3645525;63.391705;-0.2605979;[ 2.7055993  63.587093   -0.24060108]
2.1604877;70.27289;-0.24263597;[ 2.613779   70.53231    -0.23764202]
2.062802;63.555496;-0.24785689;[ 2.7027764  63.547226   -0.24064586]
3.497589;67.19865;-0.24201217;[ 2.6776054  67.99493    -0.23904642]
2.5202377;68.14332;-0.2548927;[ 2.5576732  68.631256   -0.23826376]
3.295381;63.095108;-0.26452357;[ 2.6643438  63.324566   -0.24073078]
2.5396;66.99155;-0.23714206;[ 2.6515782 67.82769   -0.2390677]
2.8320374;75.40868;-0.23908514;[ 2.5840507  77.165596   -0.23461902]
3.2609868;76.05142;-0.23598951;[ 2.5707998  77.36918    -0.23445584]
4.852758;68.66037;-0.24952087;[ 2.6798928 69.443275  -0.2378347]
3.0936446;81.93454;-0.25360784;[ 2.3776124  83.02618    -0.23239121]
2.920755;83.77561;-0.23803812;[ 2.3295515  85.24564    -0.23174658]
3.820187;81.01618;-0.23727517;[ 2.495135  82.44422   -0.2331587]
4.204012;78.458206;-0.23256844;[ 2.6548128 79.8406    -0.2343747]
2.6983552;74.87354;-0.25025785;[ 2.527153   75.634605   -0.23545162]
4.482249;73.86342;-0.24237186;[ 2.6345632  74.59262    -0.23633231]
2.4338644;81.17407;-0.22335061;[ 2.4731023  82.544815   -0.23303989]
4.429592;70.360275;-0.25469553;[ 2.6247177  70.66769    -0.23772879]
2.435465;68.71287;-0.25308466;[ 2.6638753  68.41592    -0.23834234]
3.0085032;77.03001;-0.23976862;[ 2.4208794  77.978546   -0.23477633]
4.385299;70.056564;-0.2591872;[ 2.577231   70.4327     -0.23789728]
3.3752143;67.30055;-0.24249327;[ 2.7379541  68.00941    -0.23911716]
4.230756;71.71536;-0.2347775;[ 2.7482653  72.49618    -0.23745106]
2.948969;72.32491;-0.23913427;[ 2.6269808  72.61611    -0.23690918]
3.9610276;67.96089;-0.25058103;[ 2.6202478  68.106926   -0.23866569]
4.3750925;83.926384;-0.24805039;[ 2.4396136  87.700935   -0.23107001]
1.4076602;77.765915;-0.2471762;[ 2.6604223 78.63094   -0.233414 ]
1.1532483;83.73152;-0.23339112;[ 2.211424   86.844795   -0.23176895]
1.6718436;77.04527;-0.2387835;[ 2.3901672 80.08519   -0.2345733]
1.4080057;83.345505;-0.23301657;[ 2.1585326 86.42919   -0.2321017]
4.3568134;77.20151;-0.25162935;[ 2.531733   80.39597    -0.23414123]
4.745761;65.68606;-0.2676132;[ 2.9012158  65.70838    -0.23956865]
1.8827331;79.46683;-0.24220341;[ 2.250792   81.36306    -0.23272449]
1.3185852;86.47813;-0.2562152;[ 2.098017   88.55914    -0.22986467]
1.8452309;79.25467;-0.24316394;[ 2.2592142 81.075264  -0.2328917]
1.9323775;79.598366;-0.250141;[ 2.2043328  81.49987    -0.23277417]
1.7450211;79.12395;-0.24248482;[ 2.2717295  81.241325   -0.23287351]
0.22953343;93.22373;-0.26106954;[ 2.0071812  95.80605    -0.22685643]
1.2853141;86.34396;-0.2551364;[ 2.1134915  88.745255   -0.22976708]
1.4349957;86.21202;-0.24137348;[ 2.1621614  88.554855   -0.22974941]
0.79821193;86.738754;-0.24041378;[ 2.150021  88.74322   -0.2296862]
1.3274823;79.73624;-0.24225724;[ 2.3106124  81.25829    -0.23282242]
1.4741169;85.67438;-0.22414376;[ 2.2724218  89.00001    -0.23012581]
1.6251633;79.53265;-0.22613072;[ 2.4180067  81.67919    -0.23317197]
1.2916791;84.56332;-0.23159875;[ 2.3105614  87.38744    -0.23058656]
2.7240925;76.80185;-0.23803174;[ 2.4084423  77.97801    -0.23452583]
2.088752;69.75444;-0.24203499;[ 2.5555494  70.705345   -0.23750575]
2.0767126;76.73936;-0.23940949;[ 2.4681077  77.98063    -0.23448607]
2.0655012;69.60719;-0.2447345;[ 2.5608897  70.80865    -0.23760521]
3.4629326;81.09101;-0.23381028;[ 2.4502056  82.928085   -0.23282929]
2.42072;70.24126;-0.24364993;[ 2.5507584  71.18554    -0.23735061]
3.4131918;75.015945;-0.2355892;[ 2.6050508  76.13643    -0.23552462]
2.1790962;63.6736;-0.24749735;[ 2.705427   63.431675   -0.24062997]
2.6316438;69.95857;-0.24262942;[ 2.5065799 70.9156    -0.2375481]
1.4381566;86.027054;-0.25651842;[ 2.1119685  88.420006   -0.22994128]
1.5399399;86.048035;-0.24161938;[ 2.1716695  88.22654    -0.22985376]
1.8868281;79.1593;-0.24212721;[ 2.2650928 81.11337   -0.2329498]
1.827388;78.908936;-0.24291119;[ 2.2629335  81.07215    -0.23294574]
1.9284872;72.69725;-0.2432902;[ 2.3945894  74.26371    -0.23572488]
1.9171859;72.66115;-0.24553914;[ 2.4003892 73.72214   -0.23601  ]
1.8198354;77.3018;-0.23917207;[ 2.3947139  79.03667    -0.23370987]
1.2898221;84.19763;-0.23518488;[ 2.301888   86.337685   -0.23066333]
1.5057551;77.96789;-0.23874846;[ 2.4479637  78.962975   -0.23369074]
1.8913451;72.65392;-0.24624848;[ 2.4100235 73.592735  -0.2360301]
1.4715286;79.15163;-0.24223684;[ 2.3240395  81.001434   -0.23304129]
1.8204318;72.27759;-0.24628803;[ 2.4182856  73.62394    -0.23616214]
0.76332116;86.58087;-0.24184498;[ 2.1617277  88.617744   -0.22984882]
1.4412888;79.726776;-0.24373081;[ 2.3150852  80.88964    -0.23309194]
1.7178094;79.67806;-0.24236439;[ 2.2606628  81.49488    -0.23284648]
1.5412621;72.99095;-0.24407688;[ 2.460932   73.775536   -0.23594025]
2.040391;79.420456;-0.2525917;[ 2.2092452  81.29868    -0.23304035]
2.0208995;65.62089;-0.24863324;[ 2.5065515  66.585884   -0.23894008]
1.5160236;82.44581;-0.2437666;[ 2.4299943  84.225716   -0.23144226]
0.5239208;89.58806;-0.25475967;[ 2.2666066  91.748436   -0.22838686]
4.1590824;76.7733;-0.26441288;[ 2.6078413  78.53248    -0.23449174]
1.6004109;82.48454;-0.24396797;[ 2.4380634  84.31244    -0.23130074]
4.3793764;77.05568;-0.26463377;[ 2.5953581 78.56183   -0.2344319]
1.6104717;75.40605;-0.24679059;[ 2.6176126  76.42968    -0.23460831]
1.5950209;75.436676;-0.24791375;[ 2.6065335  76.59622    -0.23455305]
1.5716732;76.24547;-0.24578185;[ 2.5673409  76.91407    -0.23444787]
1.5298499;76.00389;-0.24678232;[ 2.5885775  76.973694   -0.23437521]
4.091238;74.762436;-0.24555132;[ 2.7347758 75.85299   -0.2356521]
4.1224213;77.32207;-0.27564523;[ 2.5238016  78.8104     -0.23440528]
4.227188;74.229195;-0.24985117;[ 2.6801653 75.64538   -0.2358301]
1.7935838;75.51372;-0.24699758;[ 2.5371668  77.18662    -0.23426041]
2.8781073;84.00575;-0.24141316;[ 2.277363  86.01484   -0.2312313]
2.869698;70.14239;-0.24799022;[ 2.5947826  71.122345   -0.23741983]
2.8770437;77.514114;-0.24040891;[ 2.4205549  78.94471    -0.23406285]
2.924316;70.58426;-0.2440068;[ 2.5651126 71.74144   -0.2370592]
2.3724117;70.173454;-0.24385546;[ 2.522773   71.42909    -0.23720396]
4.1755123;74.970474;-0.24013117;[ 2.521078   76.16396    -0.23562247]
3.4697196;83.50429;-0.23415315;[ 2.354028   86.2265     -0.23124734]
2.9492562;76.769196;-0.23619488;[ 2.6333795  77.7815     -0.23460959]
2.6421108;70.45027;-0.24193007;[ 2.6607244  71.766136   -0.23713021]
3.4911585;76.77942;-0.23684412;[ 2.4463074  78.907814   -0.23432636]
1.3255017;85.18582;-0.22872591;[ 2.212245   87.89726    -0.23039678]
1.3551176;85.13884;-0.23014802;[ 2.2208776  88.05136    -0.23027834]
1.7283063;81.951706;-0.2403302;[ 2.3814595  83.03896    -0.23189943]
2.0009649;79.30689;-0.22995837;[ 2.5304463  80.43879    -0.23305053]
1.6716789;81.35283;-0.24112324;[ 2.400672   82.42879    -0.23228307]
1.7445421;78.80867;-0.23268929;[ 2.3651347 81.12387   -0.2330252]
2.3119736;72.3408;-0.23379016;[ 2.5743763  72.827065   -0.23636262]
2.2309842;67.97291;-0.24554701;[ 2.577837   68.29047    -0.23806576]
0.17953396;93.08124;-0.2627639;[ 2.0191886  95.728806   -0.22695468]
1.7526875;78.9732;-0.24320647;[ 2.278829   81.1001     -0.23299149]
1.8668828;79.26333;-0.24247819;[ 2.2656202  81.13384    -0.23292513]
1.8313303;72.21373;-0.24614786;[ 2.4290636  73.552086   -0.23604923]
1.9335781;73.00669;-0.24416493;[ 2.405372  73.72646   -0.2360047]
1.6596395;79.85025;-0.24156299;[ 2.2532256  81.41536    -0.23278931]
1.9103868;72.83108;-0.24210244;[ 2.4000595  74.22193    -0.23571417]
1.9690881;79.59003;-0.25308704;[ 2.2014265  81.225075   -0.23298085]
2.0455482;72.28523;-0.24523138;[ 2.365272   74.003365   -0.23589477]
4.0330853;77.707664;-0.27424935;[ 2.5059483  79.357025   -0.23399462]
3.7449265;74.715256;-0.25075096;[ 2.6662865  76.05227    -0.23558085]
1.8481381;76.174126;-0.24757656;[ 2.5030332 77.475914  -0.2340818]
4.016197;74.91491;-0.24992225;[ 2.6697311  76.07787    -0.23537484]
1.8550938;76.16138;-0.24526459;[ 2.5088549  77.66393    -0.23370278]
3.703823;81.75621;-0.2523166;[ 2.5992544  83.338455   -0.23250027]
3.7871158;77.58183;-0.27418867;[ 2.5358243  79.150215   -0.23392029]
3.619317;74.53652;-0.24962606;[ 2.6965704  75.799      -0.23557292]
3.144784;77.21141;-0.26536745;[ 2.5844378  78.78597    -0.23422204]
3.0494237;74.50021;-0.25309902;[ 2.7702684  75.51465    -0.23572844]
1.7216984;75.88464;-0.24652651;[ 2.5341475  77.33474    -0.23397796]
3.9147031;79.44011;-0.23496985;[ 2.7350245  80.75578    -0.23359996]
3.9547594;75.1502;-0.24116741;[ 2.7383153  76.417274   -0.23513147]
1.1383232;83.70158;-0.24264725;[ 2.3869677 85.23885   -0.2308673]
3.7585218;71.11772;-0.263193;[ 2.6752825  72.103584   -0.23677903]
3.5769057;71.992294;-0.24454583;[ 2.8530679  72.765854   -0.23710193]
1.911058;76.42321;-0.24601759;[ 2.4661963  77.695854   -0.23379543]
2.1488295;73.37935;-0.23655777;[ 2.6252875  74.33074    -0.23546539]
2.807936;77.55158;-0.2429816;[ 2.362577   79.08306    -0.23381457]
2.1507795;70.33566;-0.24660964;[ 2.5244896  71.50234    -0.23692687]
2.781845;84.311005;-0.24259876;[ 2.2691548  86.35596    -0.23080966]
2.364783;70.97769;-0.24644735;[ 2.5110922  72.11485    -0.23672667]
1.9415755;63.596153;-0.25178784;[ 2.6162715  64.606094   -0.23982301]
2.016331;79.77188;-0.25050613;[ 2.1974645  81.425865   -0.23264691]
2.0367613;72.494995;-0.24546406;[ 2.3566086  73.955376   -0.23568146]
2.0503912;72.64335;-0.24389543;[ 2.3470552  74.206276   -0.23551285]
1.8930053;79.453636;-0.24225867;[ 2.258176   81.406105   -0.23255381]
0.81778383;86.83328;-0.24052757;[ 2.1499789  89.09637    -0.22927268]
1.2167329;86.48042;-0.2520653;[ 2.1185453 88.78971   -0.2296336]
1.8969699;79.19638;-0.24363099;[ 2.2676072  81.05874    -0.23279618]
1.6858522;79.616;-0.24205479;[ 2.3050697  81.58305    -0.23243077]
1.740519;79.23669;-0.24251382;[ 2.27094    81.302376   -0.23279531]
1.9800959;72.40344;-0.24416457;[ 2.3650606  74.11499    -0.23566005]
1.9495013;72.91461;-0.24399506;[ 2.393228  74.5135    -0.2352906]
1.7179178;79.98643;-0.241297;[ 2.2476954  81.55941    -0.23252937]
1.3291892;83.36621;-0.24821079;[ 2.1695137 85.227     -0.2311894]
1.9956464;80.382324;-0.23107684;[ 2.3349056  81.8087     -0.23275109]
0.22598791;90.122826;-0.25239402;[ 2.0770502  92.467155   -0.22820775]
1.4078367;83.171196;-0.2468552;[ 2.1793115  85.25222    -0.23127282]
1.9145505;75.77046;-0.23845102;[ 2.3430727  77.61425    -0.23442653]
1.6278383;80.2234;-0.22406003;[ 2.4035165  81.8361     -0.23290649]
1.7958561;79.78602;-0.23272182;[ 2.4036615  81.35849    -0.23300125]
1.7426237;75.42851;-0.24190052;[ 2.407996 77.21287  -0.234599]
1.8297409;80.82185;-0.22438924;[ 2.332541   82.31795    -0.23265319]
1.460336;81.03263;-0.22359279;[ 2.3829613  82.38886    -0.23259136]
2.0327928;76.41459;-0.24323007;[ 2.2716453  78.01632    -0.23425014]
1.2971692;83.01905;-0.23855194;[ 2.2485156  84.76841    -0.23151614]
1.7912337;76.42838;-0.23868655;[ 2.3855476  77.53898    -0.23446816]
1.768863;76.259766;-0.23918432;[ 2.339023   77.573784   -0.23447928]
1.8387964;76.20113;-0.23972125;[ 2.3415427  77.52496    -0.23449688]
1.9158981;69.07727;-0.24292958;[ 2.4860272 70.039764  -0.2375488]
1.5264926;85.35382;-0.24124992;[ 2.0336525  89.87922    -0.23063436]
1.0039645;85.60167;-0.24052136;[ 2.0893     90.000244   -0.23050533]
1.8931868;78.57983;-0.24212377;[ 2.2923281 82.72023   -0.2332419]
3.4642663;81.076355;-0.23789568;[ 2.4967618  82.19605    -0.23309526]
5.63774;73.57577;-0.23799424;[ 2.558027   75.254616   -0.23585694]
5.804862;73.54965;-0.23567985;[ 2.5647392  75.241936   -0.23581517]
3.0621316;73.89789;-0.23795404;[ 2.6575668  74.60575    -0.23625377]
2.6650696;74.38488;-0.23349558;[ 2.6117463 75.3848    -0.2357037]
3.449691;71.6485;-0.23263247;[ 2.7932348  71.85594    -0.23760596]
5.435458;67.10812;-0.23981176;[ 2.6987462 68.17715   -0.2387626]
3.5594394;74.32297;-0.23937292;[ 2.5891254  74.91948    -0.23611641]
3.499939;67.21009;-0.2425251;[ 2.7397704  67.46017    -0.23927131]
26.841885;75.015526;-0.23319332;[ 2.719855  74.49102   -0.2365032]
1.8875284;79.12005;-0.24298362;[ 2.2630632  80.93746    -0.23289579]
0.2359953;93.07724;-0.2612844;[ 2.0147388  95.67982    -0.22677855]
1.3668338;86.23685;-0.25687528;[ 2.1192079  88.59493    -0.22973487]
2.0723042;77.337654;-0.2216664;[ 2.414993  78.94462   -0.2339393]
1.9501901;72.6311;-0.24359126;[ 2.4042466  74.22995    -0.23569526]
0.17794824;89.59909;-0.25886455;[ 2.1022706  91.71496    -0.22875266]
1.5319347;82.40373;-0.23997515;[ 2.255542   84.26149    -0.23186295]
1.4313211;79.1711;-0.22493759;[ 2.3989646 81.32226   -0.2333692]
1.7820872;68.83724;-0.24291027;[ 2.5392244  69.932274   -0.23779784]
1.7146189;79.5002;-0.22568834;[ 2.3344176  81.58368    -0.23321863]
1.9251556;68.513084;-0.24291041;[ 2.4954796  69.674904   -0.23793702]
1.9264632;68.549225;-0.24237251;[ 2.4969604  69.71371    -0.23786333]
4.126975;81.04345;-0.23950249;[ 2.5685663 83.31609   -0.2326751]
3.8004699;76.94208;-0.26143542;[ 2.594862   78.47291    -0.23447281]
4.1502256;74.63539;-0.24614958;[ 2.7364147  75.72202    -0.23577474]
1.8572216;75.46373;-0.24592187;[ 2.5228896  76.90966    -0.23444787]
4.076761;70.17774;-0.26390567;[ 2.6846406  71.3104     -0.23741886]
2.7590797;84.07205;-0.24145277;[ 2.2775095  86.041985   -0.23118377]
4.0940027;77.293236;-0.26475835;[ 2.437238   78.473114   -0.23439185]
3.6684346;70.25717;-0.25837532;[ 2.5849533  71.09807    -0.23751555]
3.9384227;70.8385;-0.25723693;[ 2.5748472  71.44954    -0.23727824]
3.3104594;75.32063;-0.2510461;[ 2.5024257  76.50796    -0.23522116]
3.3742566;67.67268;-0.24287982;[ 2.6924736  68.42028    -0.23877211]
1.3063561;83.136505;-0.25029573;[ 2.1821492  84.79771    -0.23142411]
1.8731391;75.9852;-0.2383123;[ 2.3384047  77.37088    -0.23441523]
2.1792462;79.99002;-0.23142955;[ 2.330686   81.57823    -0.23298272]
1.2051193;82.964325;-0.24617869;[ 2.197865   84.81393    -0.23145688]
2.0361671;79.458824;-0.23304544;[ 2.4014835 81.158485  -0.2332024]
1.7406093;75.27449;-0.24246414;[ 2.4065773 77.08841   -0.2347545]
0.82506275;83.352005;-0.23726705;[ 2.234071   84.9188     -0.23131391]
1.4735599;76.42934;-0.23656832;[ 2.3379645  77.75402    -0.23433036]
1.6356729;76.24533;-0.23652288;[ 2.3835418  77.59997    -0.23428775]
1.7982551;69.06045;-0.2442268;[ 2.5430071  69.82276    -0.23770782]
1.9709331;68.97298;-0.23894307;[ 2.442295   70.213615   -0.23748347]
1.7038043;79.83902;-0.23119444;[ 2.4135125  81.364525   -0.23323181]
1.639974;76.59321;-0.24016114;[ 2.3860943  77.46027    -0.23466861]
1.4310659;76.46241;-0.24000835;[ 2.3969529 77.41174   -0.2346777]
1.8293484;76.20659;-0.24006137;[ 2.3365788  77.52784    -0.23457722]
1.8679345;75.5906;-0.2382459;[ 2.3457959  77.02561    -0.23455717]
0.2078247;89.516495;-0.25541124;[ 2.0983636 91.67965   -0.228531 ]
1.585997;82.27911;-0.23768856;[ 2.2588751  84.11813    -0.23165834]
1.9329743;75.32336;-0.23812793;[ 2.3534393  77.02272    -0.23473895]
0.81756985;82.97355;-0.23731545;[ 2.2415807 84.55599   -0.2314158]
1.7107168;76.00997;-0.2377665;[ 2.3381016  77.4166     -0.23451543]
1.3577335;80.04484;-0.22321911;[ 2.3815258  82.00587    -0.23284572]
2.0352838;68.87978;-0.23899758;[ 2.4819522  70.12188    -0.23760378]
1.5986567;73.22573;-0.22465767;[ 2.535491   74.248436   -0.23614174]
2.0448313;75.81058;-0.24550737;[ 2.2893412  77.24546    -0.23463503]
1.3249896;83.223305;-0.25091332;[ 2.1835017  84.83704    -0.23135538]
1.8526335;76.04039;-0.23885907;[ 2.3413486  77.35737    -0.23441003]
1.8576719;79.894104;-0.22724175;[ 2.3254495  81.787186   -0.23292266]
1.8533121;75.73581;-0.24174349;[ 2.3475716  77.33805    -0.23453948]
0.21433449;89.98276;-0.25518286;[ 2.0906     92.09003    -0.22836414]
1.5982491;82.74186;-0.2385334;[ 2.2522962  84.478386   -0.23151398]
1.4322157;76.506355;-0.23659928;[ 2.3377411  77.73504    -0.23435824]
1.6249549;76.00762;-0.24124265;[ 2.3931427  77.51839    -0.23445368]
1.3903658;80.182556;-0.22690989;[ 2.3759613  81.87022    -0.23285356]
1.6971465;76.261635;-0.23701797;[ 2.3880148 77.46629   -0.2343655]
1.7934806;69.416504;-0.23703197;[ 2.4848778  70.40302    -0.23743391]
1.7924198;69.444214;-0.23743287;[ 2.4946136  69.94875    -0.23764001]
2.0691879;73.24976;-0.23517755;[ 2.5425828  73.81866    -0.23622245]
1.7701986;69.021286;-0.24397416;[ 2.5451655  69.81782    -0.23770109]
1.4034648;79.167984;-0.22620846;[ 2.4040403  81.260765   -0.23341145]
1.5069673;82.30548;-0.23983361;[ 2.2586873  84.179436   -0.23193428]
1.6066902;75.8663;-0.23759323;[ 2.3944852  77.23253    -0.23473188]
1.6071308;76.06538;-0.24017231;[ 2.3967156 76.85363   -0.2349787]
1.6593376;68.7384;-0.24273475;[ 2.554891  69.53515   -0.2381042]
1.2882863;82.740204;-0.25411075;[ 2.19103    84.48265    -0.23180676]
1.8651186;75.61925;-0.2393642;[ 2.348861  77.024185  -0.2348561]
1.7505097;72.4715;-0.22886485;[ 2.493866   74.06245    -0.23639679]
1.39166;82.028854;-0.24003342;[ 2.2719817  84.144394   -0.23200434]
1.4811642;82.03381;-0.24110708;[ 2.2661176  84.18658    -0.23206644]
1.5901958;74.961975;-0.2408807;[ 2.4178379  76.82204    -0.23511766]
2.0898414;72.8774;-0.2315097;[ 2.5485926  73.65504    -0.23652714]
1.660124;68.7609;-0.24279986;[ 2.5543935  69.55291    -0.23808308]
0.7299299;83.04662;-0.23842514;[ 2.2423925  84.66211    -0.23162986]
1.4804921;75.8315;-0.24077956;[ 2.4090247  76.85141    -0.23500656]
1.3823518;79.76141;-0.22590695;[ 2.38853    81.69306    -0.23314552]
1.4797273;72.997375;-0.22803923;[ 2.5417721 73.953255  -0.2364145]
2.3231065;72.38774;-0.23236266;[ 2.4979463  73.86364    -0.23642325]
1.8837317;68.27107;-0.24295647;[ 2.504007   69.75059    -0.23799165]
1.2757823;82.78522;-0.25411075;[ 2.1905303 84.46992   -0.2318219]
1.7863535;75.34088;-0.24084131;[ 2.3583424  77.04065    -0.23491473]
1.777127;79.51373;-0.22620793;[ 2.3369775  81.544914   -0.23328766]
1.8476855;68.27643;-0.24295647;[ 2.504892   69.76667    -0.23796657]
0.17794824;89.59909;-0.25886455;[ 2.1022706  91.71496    -0.22875266]
1.5674618;82.36209;-0.23997515;[ 2.2618577  84.14945    -0.23188855]
1.7343917;75.260345;-0.24083464;[ 2.4074314  76.81338    -0.23500204]
0.80040777;83.04405;-0.2392748;[ 2.2459521  84.582375   -0.23164245]
1.6687722;75.86527;-0.23983933;[ 2.3966854  77.14545    -0.23479827]
1.6234796;75.887276;-0.23932315;[ 2.39586    77.18113    -0.23474126]
1.2907739;82.8457;-0.25412357;[ 2.1941056  84.463745   -0.23175465]
1.9262173;68.549225;-0.24237251;[ 2.4969401 69.71369   -0.2378636]
0.5482031;90.16238;-0.23023652;[ 2.0780535  94.285675   -0.22863658]
3.59906;77.15677;-0.2549023;[ 2.6118243  80.67851    -0.23378962]
5.346226;77.136024;-0.23697673;[ 2.7769094 78.46204   -0.234371 ]
4.5233088;81.80125;-0.2327581;[ 2.6050396 85.37448   -0.2320503]
1.7956661;76.62191;-0.23896663;[ 2.3588262  80.37229    -0.23437269]
5.1847672;81.2323;-0.22094913;[ 2.5331664  83.476685   -0.23249844]
2.971121;76.66933;-0.23915727;[ 2.5185173  79.11424    -0.23404804]
4.9647317;74.807816;-0.22329995;[ 2.679465   76.324745   -0.23537415]
2.9863932;70.52171;-0.24165975;[ 2.6637576  71.77345    -0.23709974]
0.22794986;91.88821;-0.2262092;[ 2.121932  95.355385  -0.2272105]
2.137476;82.275635;-0.23925637;[ 2.3794532  83.3628     -0.23169184]
2.4336963;79.67706;-0.2217968;[ 2.5032375  81.24324    -0.23265389]
1.7373506;78.6467;-0.23410346;[ 2.366182   81.098885   -0.23301336]
1.9992031;78.364494;-0.23220564;[ 2.31501    80.88382    -0.23323478]
5.019498;79.981;-0.2176066;[ 2.5898066  81.79934    -0.23292969]
3.2963023;75.88617;-0.23677051;[ 2.5681417  77.45034    -0.23440239]
3.4509141;69.40751;-0.24065092;[ 2.7244818  69.97106    -0.23757313]
3.0773458;75.617935;-0.23614696;[ 2.5227256  77.10908    -0.23466328]
0.22310805;90.95586;-0.2339324;[ 2.151019   93.69306    -0.22766039]
1.2500536;84.03093;-0.23599803;[ 2.3095448  86.36523    -0.23068927]
1.8678359;77.13053;-0.23947228;[ 2.4133403  79.31289    -0.23370788]
1.2322396;83.133255;-0.23059563;[ 2.421705   85.34475    -0.23089977]
0.8602028;83.57168;-0.22877194;[ 2.4083538  85.52027    -0.23076873]
1.3579369;77.12775;-0.23240578;[ 2.5628707 78.12072   -0.2338489]
1.1973463;84.158165;-0.23731066;[ 2.3189077  86.512115   -0.23084155]
1.4948382;77.54663;-0.24037002;[ 2.4695027 79.1279    -0.2338951]
1.2478875;77.96;-0.23886937;[ 2.456653   79.216774   -0.23383415]
3.840189;69.67304;-0.2565683;[ 2.6371813  70.24432    -0.23797649]
2.8669639;81.64303;-0.25299183;[ 2.390104   83.01649    -0.23243606]
2.868732;83.76878;-0.2378442;[ 2.3286512  85.26804    -0.23169196]
4.051534;76.46299;-0.25964797;[ 2.4998608  77.622475   -0.23494253]
2.899007;81.070724;-0.22958128;[ 2.4776964  82.281975   -0.23307706]
3.9904246;73.78615;-0.24113636;[ 2.650013   74.576866   -0.23637362]
3.5731702;69.73014;-0.25677872;[ 2.6482825  70.04482    -0.23809674]
3.34369;78.3439;-0.22282612;[ 2.6266422  79.830345   -0.23440227]
3.9224021;74.18228;-0.23382181;[ 2.6173587  75.09555    -0.23609577]
2.3536737;70.49146;-0.2406905;[ 2.6212351 70.49046   -0.2377931]
2.8809118;77.29158;-0.23776631;[ 2.4709413  78.17179    -0.23455977]
3.9685166;70.29989;-0.25638622;[ 2.6354816  70.352196   -0.23794785]
4.510642;67.69302;-0.2461167;[ 2.801418  67.70102   -0.2392813]
3.975356;68.27095;-0.24962401;[ 2.6779811  68.065674   -0.23872961]
4.503667;70.361664;-0.25298783;[ 2.6201172  70.72872    -0.23765498]
2.6610873;74.605316;-0.23060906;[ 2.6203036  75.17799    -0.23595618]
3.7251935;67.66373;-0.24329618;[ 2.7872658  67.28084    -0.23939508]
2.530813;68.70885;-0.25308466;[ 2.665123   68.383606   -0.23837484]
2.463175;70.55812;-0.24180382;[ 2.605999   71.007576   -0.23750934]
3.306543;63.788322;-0.26033422;[ 2.7682617  63.187664   -0.24086398]
2.2441018;68.09863;-0.25455394;[ 2.6214192  68.50146    -0.23835087]
2.7226715;74.95506;-0.25306946;[ 2.4759707  75.93926    -0.23532073]
2.9297147;77.02318;-0.23956966;[ 2.4203365  77.97993    -0.23473687]
3.7358427;74.2743;-0.23769872;[ 2.58562    75.19596    -0.23612703]
3.0851793;75.21288;-0.2515572;[ 2.4649506 75.89269   -0.2353195]
3.884665;67.77957;-0.24982522;[ 2.6270642  68.26756    -0.23861931]
4.8297644;67.21667;-0.2485559;[ 2.740231   67.77158    -0.23919374]
4.7643313;62.771896;-0.26566756;[ 2.7462687  62.809147   -0.24110866]
2.8946326;74.32693;-0.23164007;[ 2.569882  74.97166   -0.2361393]
3.6480155;71.34003;-0.23318398;[ 2.735925  72.07658   -0.2376209]
3.1486802;63.236008;-0.26183736;[ 2.7197552  63.289555   -0.24084501]
2.1865304;68.18691;-0.25578064;[ 2.6304855  68.367325   -0.23836143]
1.795961;78.198784;-0.23324923;[ 2.391289  80.182106  -0.2335083]
0.20225692;91.81531;-0.22678512;[ 2.14435    94.68661    -0.22753613]
1.2491213;81.28974;-0.23840578;[ 2.464208   83.01444    -0.23232168]
1.4412861;78.84073;-0.23217836;[ 2.4447947  80.11068    -0.23349412]
2.0567226;71.99888;-0.23027621;[ 2.7187903 72.89977   -0.236812 ]
1.8026514;72.33479;-0.24440062;[ 2.4180353  73.78539    -0.23599705]
1.3164436;86.31973;-0.25829816;[ 2.1106486  88.44958    -0.23002012]
1.7212437;79.18992;-0.24331747;[ 2.2748723  81.21096    -0.23296587]
1.7475898;79.2719;-0.24237446;[ 2.2625575  81.173      -0.23293923]
1.7279713;79.071915;-0.24194494;[ 2.2716007  81.19645    -0.23304416]
0.18600559;93.06534;-0.26308188;[ 2.0195308 95.70489   -0.2270034]
1.7636074;77.02941;-0.22330579;[ 2.4216623  78.63044    -0.23423365]
1.2775478;79.68034;-0.2432877;[ 2.3256567  81.02231    -0.23305777]
1.8936362;79.50383;-0.24336265;[ 2.2556288  80.93283    -0.23284286]
1.8016936;72.35711;-0.2463119;[ 2.4110045  73.8818     -0.23577513]
1.273993;86.378975;-0.2557289;[ 2.1164956 88.70093   -0.2297459]
1.8520858;79.40101;-0.24259794;[ 2.2618108 81.194466  -0.2328002]
1.5245582;79.059235;-0.24433538;[ 2.3228924  80.96757    -0.23289801]
1.729483;72.95156;-0.24382335;[ 2.4082313 73.94038   -0.2358799]
1.6748829;83.13579;-0.239526;[ 2.2382905  84.78983    -0.23152277]
1.3266481;83.03466;-0.23856698;[ 2.243422   84.92553    -0.23152758]
1.5907822;80.10604;-0.23151079;[ 2.410538   81.47572    -0.23312831]
1.5841024;75.78286;-0.2414644;[ 2.405593   77.18488    -0.23473094]
0.8381793;83.6505;-0.2387866;[ 2.2295973  85.27206    -0.23133743]
1.5094924;76.51056;-0.23856406;[ 2.3842058  77.76078    -0.23438613]
1.6797403;73.71875;-0.23369627;[ 2.5532522  74.02726    -0.23624445]
1.3040185;83.429695;-0.2518553;[ 2.177657   85.20765    -0.23141481]
1.8742741;76.07583;-0.24111792;[ 2.3425806  77.45672    -0.23455599]
1.7656803;76.33098;-0.2390921;[ 2.332718   77.80499    -0.23442142]
1.9151156;73.404655;-0.23454387;[ 2.499399   74.373695   -0.23601468]
1.882407;69.01879;-0.24292794;[ 2.4895313  70.22036    -0.23752926]
1.7909278;69.081474;-0.24357066;[ 2.4937413  70.11732    -0.23758644]
2.774794;75.62999;-0.24088985;[ 2.4757934 76.87121   -0.2343433]
2.4749823;75.90759;-0.23947474;[ 2.5232844  77.10842    -0.23418516]
0.52127635;89.70436;-0.25552517;[ 2.266191   91.83853    -0.22824918]
1.5417219;82.53955;-0.24374291;[ 2.4362373  84.34046    -0.23120871]
3.7454853;76.9927;-0.26230103;[ 2.5914845  78.64854    -0.23432957]
4.276625;81.314804;-0.23747972;[ 2.5739155  83.28033    -0.23263499]
4.127632;74.79144;-0.24569686;[ 2.7354705  75.84855    -0.23558971]
1.4232054;76.27118;-0.24643576;[ 2.5697954  76.92893    -0.23438421]
1.8610618;75.79195;-0.24581534;[ 2.5283313  77.10456    -0.23419724]
2.964963;70.29933;-0.24574569;[ 2.521406   71.454796   -0.23718394]
2.4279506;70.24323;-0.24434091;[ 2.5230708  71.42872    -0.23714553]
1.3359973;86.365425;-0.2583804;[ 2.1137137  88.498795   -0.22986914]
1.2735347;85.9979;-0.24152054;[ 2.1787858  88.254585   -0.22996108]
1.6451781;86.274475;-0.24219833;[ 2.168704  88.235664  -0.2299014]
1.8152524;79.248856;-0.24206156;[ 2.2686791  81.049866   -0.23294039]
1.8434023;72.8523;-0.24325949;[ 2.4019604 74.20019   -0.2356962]
1.5264177;73.323616;-0.24303776;[ 2.4519048  73.98481    -0.23581816]
2.1051273;72.776375;-0.24293128;[ 2.3488507  73.83471    -0.23584609]
1.3463042;82.389336;-0.23884961;[ 2.2585206  84.25042    -0.23182528]
2.2099063;79.37028;-0.22967735;[ 2.4006462  80.92124    -0.23344864]
0.8076236;83.0357;-0.2388801;[ 2.2462623  84.59812    -0.23162135]
2.174471;72.93875;-0.23342787;[ 2.535371   73.93772    -0.23630618]
1.7550665;75.72841;-0.23940107;[ 2.3468769  77.14474    -0.23471674]
1.3208183;85.130806;-0.22964373;[ 2.2407165  87.46451    -0.23050258]
1.3878193;85.20974;-0.22899383;[ 2.2944     87.52459    -0.23033753]
1.2250983;84.75568;-0.23159319;[ 2.3055744 87.34301   -0.2304752]
0.87965715;85.37329;-0.23059526;[ 2.2903504  87.743324   -0.23024508]
1.3420986;78.61797;-0.23413064;[ 2.4505963  80.0142     -0.23352033]
1.5920539;81.646164;-0.24156433;[ 2.457432   82.77213    -0.23268165]
1.6636555;74.911285;-0.24178314;[ 2.6044052  75.23911    -0.23579003]
1.3337536;84.44042;-0.23675008;[ 2.3059256 86.51188   -0.2307702]
1.6737432;77.29289;-0.23824859;[ 2.4082124  79.14167    -0.23385087]
1.2748048;84.3403;-0.23779196;[ 2.2548618  86.468155   -0.23089527]
2.1928115;75.26568;-0.24127261;[ 2.5369072  75.488754   -0.23566358]
1.9025823;68.22574;-0.24425398;[ 2.6925719 68.10279   -0.238727 ]
1.8168813;68.25825;-0.24375372;[ 2.6942735  68.22781    -0.23859073]
2.3710365;76.992004;-0.23971897;[ 2.4670553  78.08153    -0.23457354]
2.0432072;75.06831;-0.25385055;[ 2.526013   75.53128    -0.23539072]
3.6178296;78.0448;-0.22929062;[ 2.6436987  79.416916   -0.23452072]
4.768754;74.57468;-0.24126121;[ 2.6118686  75.765465   -0.23588726]
3.0478835;74.639145;-0.23707163;[ 2.6007218  75.81374    -0.23586942]
1.9939908;72.84193;-0.23535074;[ 2.6845329  72.91798    -0.23666744]
2.6211598;77.27899;-0.2399695;[ 2.463795  78.338264  -0.2344469]
3.6066751;74.54921;-0.23765236;[ 2.6307147  75.51892    -0.23586906]
2.8453832;75.46621;-0.2501197;[ 2.519417   75.95074    -0.23521732]
2.4703493;74.61297;-0.23058464;[ 2.612113   75.36402    -0.23582044]
2.1920474;70.528786;-0.24164025;[ 2.6004167  70.9932     -0.23742986]
3.306942;63.732986;-0.26056436;[ 2.757088   63.387257   -0.24065423]
3.5815291;67.93561;-0.24070613;[ 2.7869294  67.8302     -0.23912278]
2.0890775;68.32105;-0.25580996;[ 2.6149588  68.358315   -0.23834862]
3.7462192;71.35382;-0.23166293;[ 2.7346954  72.1672     -0.23754886]
4.3097453;67.19574;-0.24441098;[ 2.7225208  67.5135     -0.23924358]
3.6290398;63.241512;-0.2605948;[ 2.7115953  63.423386   -0.24068423]
2.0066292;63.32099;-0.24906066;[ 2.7063355  63.459766   -0.24067037]
1.7550985;79.24704;-0.24380733;[ 2.264553   81.0995     -0.23294689]
1.6806375;72.50665;-0.24387102;[ 2.411069   73.9481     -0.23587276]
1.8641558;72.55504;-0.2445482;[ 2.410333   73.62481    -0.23600964]
1.4233278;86.17505;-0.25852364;[ 2.119495   88.50506    -0.23002592]
1.1978338;86.2119;-0.24142317;[ 2.1762488  88.32786    -0.22996245]
1.3506359;86.266785;-0.24168517;[ 2.1622622  88.27775    -0.22993146]
1.8501921;79.37497;-0.24201554;[ 2.2592645  81.138084   -0.23300004]
1.2303282;85.93622;-0.24266338;[ 2.176618   88.21467    -0.23003629]
1.8024856;77.13584;-0.22361542;[ 2.4080212  78.54313    -0.23420592]
1.4266233;79.75476;-0.24138059;[ 2.3157425  81.29092    -0.23283035]
1.5901152;79.77595;-0.24169649;[ 2.300209   81.25118    -0.23279522]
2.0950227;72.643036;-0.24385296;[ 2.345269 74.0183   -0.235927]
2.1094277;72.62683;-0.24385296;[ 2.347371   73.99739    -0.23593205]
2.0820389;72.39003;-0.24539974;[ 2.3569648  74.08021    -0.23593535]
1.8185526;81.74002;-0.24020046;[ 2.45156    82.489265   -0.23270841]
1.684267;74.94519;-0.24211769;[ 2.5960808  74.97024    -0.23582487]
1.1985027;84.10365;-0.23683679;[ 2.3157973  86.360016   -0.23081803]
1.5198414;77.95871;-0.23762274;[ 2.4424028  79.376366   -0.23357543]
1.3324344;78.09628;-0.23855945;[ 2.4564648  79.13598    -0.23376781]
1.282063;84.330765;-0.23647551;[ 2.2532032  86.38491    -0.23089343]
1.1710899;86.10477;-0.24256167;[ 2.184625   88.270134   -0.23015879]
0.7595265;86.70869;-0.2430529;[ 2.171383   88.62999    -0.22996205]
1.5886813;73.10724;-0.24341385;[ 2.4483836  73.87641    -0.23595971]
1.5127137;73.20143;-0.24372897;[ 2.4573545  73.74312    -0.23602028]
1.8828248;72.78795;-0.2456293;[ 2.4034412  73.58644    -0.23615101]
1.7708436;72.67632;-0.24388558;[ 2.4073293  73.91568    -0.23596838]
1.7859156;72.646774;-0.24581333;[ 2.4233022 73.61747   -0.2360828]
4.786862;78.618034;-0.24363896;[ 2.7963798  80.54793    -0.23379998]
1.5290966;74.70089;-0.24034946;[ 2.785687  75.9912    -0.2351517]
2.9296553;79.36169;-0.22767124;[ 2.7434092  81.23913    -0.23341101]
0.74907684;74.87339;-0.20431548;[ 2.855099   75.78368    -0.23608671]
1.6026995;82.06943;-0.22578852;[ 2.6357522  83.96676    -0.23185316]
1.992051;79.18117;-0.22485068;[ 2.8148081  80.491554   -0.23366198]
3.0364347;81.22013;-0.23854321;[ 2.5976543  83.493675   -0.23232737]
3.2902563;79.46125;-0.22586276;[ 2.7562923 81.36089   -0.2333116]
4.5419235;76.8308;-0.2075911;[ 2.7071395  76.9553     -0.23393975]
2.51819;81.69536;-0.24022841;[ 2.3856914  83.08082    -0.23185766]
2.4071174;78.225235;-0.24191602;[ 2.6480515 79.3442    -0.2331723]
2.7817984;71.03811;-0.23859675;[ 2.5606928  71.98822    -0.23673627]
2.0391216;75.820854;-0.22642782;[ 2.5461962  76.84026    -0.23469707]
3.0735812;78.023384;-0.2382209;[ 2.472139   79.08813    -0.23388721]
3.3761363;75.04;-0.22913297;[ 2.6175323 76.25642   -0.2352401]
2.6769938;75.07232;-0.23016937;[ 2.6313412  75.80539    -0.23548348]
2.7550528;70.95829;-0.24097255;[ 2.619413   71.79861    -0.23691294]
2.0625424;81.86606;-0.22477242;[ 2.6414914  83.586296   -0.23206137]
2.0126534;82.36104;-0.22063732;[ 2.627326   83.1789     -0.23217012]
1.9804798;81.74524;-0.22232121;[ 2.6074862  82.574936   -0.23218241]
2.316968;76.936874;-0.23806007;[ 2.6846516  77.59904    -0.23494866]
3.5209548;69.7968;-0.24282685;[ 2.8665352  69.74163    -0.23829556]
2.656437;70.08688;-0.24764882;[ 2.8421917  70.25672    -0.23792548]
3.7244577;65.21388;-0.25603798;[ 2.867003  64.52499   -0.2402646]
3.4436145;80.726746;-0.23091623;[ 2.4979956  82.40836    -0.23241997]
1.9607165;75.16269;-0.24204421;[ 2.5341399 75.7999    -0.2349537]
2.5537696;72.88598;-0.2418963;[ 2.640133   73.3483     -0.23621209]
2.647949;75.217224;-0.24129148;[ 2.4728732  75.918144   -0.23485953]
2.4561584;79.74539;-0.22469315;[ 2.5415738  80.5564     -0.23310827]
3.373818;75.06285;-0.23136716;[ 2.6153953  75.80436    -0.23541558]
3.0190713;81.331055;-0.22375675;[ 2.5117228  84.36457    -0.23183373]
2.1008613;75.02435;-0.24252683;[ 2.5391765  75.68852    -0.23500724]
3.77318;80.87107;-0.22610857;[ 2.5427902  82.70848    -0.23219956]
6.957373;72.63602;-0.2510367;[ 3.164639   74.32312    -0.23660278]
2.514684;79.063515;-0.24316938;[ 2.3961515  80.56378    -0.23274316]
2.1610675;85.06653;-0.24201538;[ 2.2422917  89.044685   -0.23058084]
2.1150253;82.37284;-0.23951983;[ 2.4027126  83.51548    -0.23189713]
2.8428226;73.38039;-0.2509973;[ 2.8247843 74.13814   -0.2354405]
3.8652108;67.9448;-0.267955;[ 2.9855158 68.41205   -0.2385149]
2.184821;81.387665;-0.2222222;[ 2.7844257 82.61535   -0.2323948]
3.3736553;77.17994;-0.24014436;[ 2.799152  78.162926  -0.2345219]
2.1656735;82.30075;-0.24664596;[ 2.5739992  83.691124   -0.23123993]
4.011725;76.85901;-0.26504627;[ 2.7356603  77.96193    -0.23430593]
4.2134595;70.180595;-0.26702088;[ 2.8318906  70.62914    -0.23735589]
2.2389278;82.163895;-0.23990385;[ 2.3884234  83.82436    -0.23153384]
2.5352511;75.25193;-0.24205668;[ 2.4881024 76.600685  -0.2346403]
2.2158666;82.24354;-0.24061213;[ 2.3964365  84.02243    -0.23156433]
2.3864055;75.426346;-0.24233793;[ 2.4899442  76.67141    -0.23462851]
4.288001;73.39759;-0.26461798;[ 2.8083801  74.5526     -0.23585929]
2.7760468;73.25458;-0.24582347;[ 2.6513786  74.44224    -0.23573528]
2.1581316;78.74441;-0.23905914;[ 2.4768434  79.95688    -0.23347168]
2.2683067;71.53435;-0.2427739;[ 2.6406107  72.32038    -0.23660654]
2.5721152;68.12143;-0.24626894;[ 2.5890584 69.01986   -0.2380586]
2.673499;75.1692;-0.23278473;[ 2.64359    76.039635   -0.23547477]
2.3627334;71.32759;-0.2412833;[ 2.6486979  71.72714    -0.23700908]
2.1793778;82.14009;-0.24202314;[ 2.3995912 83.30895   -0.2319129]
3.1789618;77.0371;-0.24534486;[ 2.8171027  78.56602    -0.23463246]
2.1132295;78.62037;-0.2439503;[ 2.6551974  79.4519     -0.23330738]
4.019057;73.089615;-0.26101226;[ 2.8199444  73.79854    -0.23628697]
3.0671349;73.0262;-0.2422456;[ 2.6665475  73.667404   -0.23620108]
2.2684128;75.63425;-0.2401609;[ 2.551914   76.303024   -0.23481262]
2.0125017;80.115326;-0.23403056;[ 2.5489788  81.524826   -0.23278983]
3.2056985;77.06004;-0.2356354;[ 2.688768   78.41828    -0.23485452]
3.49925;69.99588;-0.24165754;[ 2.871254   70.26905    -0.23807223]
2.4563446;70.961784;-0.25149605;[ 2.7694068  70.62972    -0.23743977]
2.1228187;82.0287;-0.24182974;[ 2.4063318 83.344124  -0.2320132]
2.18059;75.253174;-0.24225026;[ 2.5641668  75.98487    -0.23505168]
2.199079;85.88399;-0.24598168;[  2.9693978  139.64157     -0.21171889]
2.402234;78.34149;-0.24508867;[ 2.277274   80.211716   -0.23442529]
3.018761;78.168976;-0.24540022;[ 2.8068779 79.99909   -0.2336418]
3.1447465;68.42272;-0.2785713;[ 3.027954   68.234184   -0.23868152]
3.0221672;74.376976;-0.24943109;[ 2.793332   75.49033    -0.23524949]
3.353423;68.57777;-0.26762295;[ 3.015829   68.67666    -0.23848037]
2.1237702;68.30454;-0.24992636;[ 2.8637488  68.21008    -0.23862107]
3.2082052;73.82328;-0.2407365;[ 2.7225244  74.99196    -0.23599687]
1.84671;74.26359;-0.23821151;[ 2.803144  73.82629   -0.2365527]
2.4068375;79.08449;-0.24417588;[ 2.4280837  80.52381    -0.23291978]
1.7985243;82.34371;-0.24348104;[ 2.5882351  83.92289    -0.23125763]
2.103034;82.52481;-0.24381213;[ 2.5680954  83.749916   -0.23137866]
3.7509377;74.454636;-0.24774939;[ 2.91576    74.737785   -0.23605669]
2.2895823;75.559555;-0.24563105;[ 2.6954255  76.47486    -0.23430121]
1.9883733;79.08493;-0.24228875;[ 2.4233062 80.63746   -0.2329093]
2.4769406;79.27333;-0.2429984;[ 2.4147658  80.49775    -0.23296356]
2.0526762;79.85201;-0.24032241;[ 2.4649487 80.88472   -0.2326341]
2.4905217;72.440796;-0.2447618;[ 2.5150976  73.516045   -0.23582792]
1.8949561;82.369736;-0.23915431;[ 2.4049554  84.09581    -0.23171237]
2.4153209;79.81212;-0.2343815;[ 2.55555   80.75129   -0.2332824]
2.2195363;75.51208;-0.2434108;[ 2.5589857  76.40546    -0.23487335]
2.2852693;75.8519;-0.24203564;[ 2.5081775  76.66488    -0.23484775]
2.179476;82.415726;-0.23967396;[ 2.4035723  83.712105   -0.23183183]
2.2293296;79.924835;-0.22357012;[ 2.5564091  81.25106    -0.23309258]
2.5074084;79.426155;-0.2307522;[ 2.5589843  80.56667    -0.23332414]
2.252372;75.685425;-0.24133532;[ 2.557234  76.214066  -0.2350521]
1.8058252;84.559875;-0.23902342;[ 2.2737885 89.19176   -0.2307567]
19.281414;73.78238;-0.2212861;[ 2.853773   74.15284    -0.23662837]
1.8701749;85.87521;-0.24238077;[ 2.3304057  87.495705   -0.23014173]
2.1405275;86.13294;-0.24077871;[ 2.3212254  87.852875   -0.22991928]
4.1616945;77.18579;-0.25809392;[ 2.7448215  78.20243    -0.23445444]
1.0994456;100.90265;-0.24310397;[ 3.5814977e+00  2.8175967e+02 -1.5496564e-01]
1.3053598;94.847824;-0.24429601;[ 3.6620021e+00  2.7347153e+02 -1.5805781e-01]
5.2902455;88.305466;-0.26422256;[ 3.5861824e+00  2.3264738e+02 -1.7427947e-01]
5.14031;87.652916;-0.26714355;[ 3.5785785e+00  2.3647968e+02 -1.7296208e-01]
0.7317798;99.875916;-0.2393883;[ 3.0080867e+00  2.0890375e+02 -1.8388742e-01]
1.4243665;93.09241;-0.24297868;[ 3.0651739e+00  2.0089908e+02 -1.8709308e-01]
3.897563;81.53823;-0.25009412;[ 2.2298384  82.92643    -0.23542532]
1.801091;81.84394;-0.25724164;[ 2.2308645  78.25033    -0.23716491]
3.9380164;79.538574;-0.24246442;[ 2.3778937  80.69924    -0.23618102]
3.8688126;80.18762;-0.23977008;[ 2.3930504  77.83662    -0.23709506]
2.3435097;75.136566;-0.26037627;[ 2.333287   73.58404    -0.23898791]
3.8802855;75.4799;-0.25125122;[ 2.3449533  75.448204   -0.23810656]
0.5732527;96.08908;-0.24336149;[ 1.7435541 95.85391   -0.2279973]
0.74885345;90.02504;-0.24244502;[ 1.9077642  91.30403    -0.22962624]
1.5370847;83.04153;-0.24354129;[ 2.0628958 87.201385  -0.2311542]
3.8866618;80.13754;-0.26542282;[ 2.3085093  77.22361    -0.23793803]
3.9451783;73.78955;-0.26503506;[ 2.4656641  75.580765   -0.23649463]
3.8243365;77.51668;-0.253482;[ 2.4190974  74.46576    -0.23745507]
1.370709;89.044846;-0.24420264;[ 1.8700292  90.19326    -0.23034686]
1.9561113;82.06772;-0.24555816;[ 2.011023   85.63154    -0.23221938]
0.50220203;95.75221;-0.24362649;[ 1.7771622 97.41584   -0.2272979]
1.6167524;82.97432;-0.2443469;[ 2.0309424  85.23334    -0.23218833]
1.0370072;83.56373;-0.24223278;[ 2.1014426  87.39822    -0.23098968]
1.9351937;78.89877;-0.24498822;[ 2.1372054  81.8121     -0.23387888]
1.5225023;85.79966;-0.24088266;[ 1.9954996  89.43751    -0.23078589]
1.6509956;83.896286;-0.23401739;[ 2.1789308  86.63833    -0.23186982]
1.6770194;79.73562;-0.24122569;[ 2.1531136  83.65598    -0.23298879]
1.9524479;79.092285;-0.24320084;[ 2.0896206  82.1547     -0.23387003]
1.2885464;85.46271;-0.24335326;[ 1.9528707  86.99379    -0.23188692]
1.6999241;82.96536;-0.22441834;[ 2.125561   85.34635    -0.23269266]
1.5819094;83.12233;-0.23145321;[ 2.1969929 87.02047   -0.2316497]
2.0144682;78.5621;-0.24510354;[ 2.0602336  80.04197    -0.23485854]
0.4424194;92.27379;-0.2425633;[ 1.8613052  93.26938    -0.22946995]
0.6794473;86.204735;-0.2424417;[ 2.0241     88.44497    -0.23121701]
1.7946767;78.53478;-0.24448285;[ 2.1495101 81.57389   -0.2341764]
2.6554353;79.53608;-0.24472247;[ 2.1544406  77.42648    -0.23604727]
3.4145846;83.50924;-0.2399015;[ 2.218949   80.3852     -0.23509976]
3.3863184;77.43432;-0.24044353;[ 2.390323   76.161      -0.23668669]
1.8971406;81.83855;-0.24608786;[ 1.9762944  82.808754   -0.23351984]
1.5591851;82.47099;-0.24435294;[ 2.0415475  85.09684    -0.23229083]
0.6539086;85.731636;-0.24206412;[ 2.0195603  88.189735   -0.23134889]
1.2589273;85.09918;-0.2438661;[ 1.9541835  85.85594    -0.23260291]
0.7098589;91.69783;-0.24386537;[ 2.019363   91.9233     -0.22957584]
3.3371387;84.28574;-0.23962529;[ 2.1998596  84.34796    -0.23334005]
2.9613028;78.7164;-0.25100473;[ 2.3433232  81.618996   -0.23401192]
3.366922;77.57837;-0.24260578;[ 2.2947292 77.34376   -0.2362693]
2.7393866;85.85291;-0.25462127;[  2.8980408  135.44818     -0.21354234]
4.96856;79.310555;-0.27418345;[ 2.7031047  95.49205    -0.22984102]
4.4554706;80.864044;-0.24645522;[  2.9966912  115.791374    -0.22128254]
3.7451718;78.941864;-0.25035456;[ 2.5493572  82.93301    -0.23512734]
3.0388603;74.64784;-0.25847766;[ 2.5057175  80.68098    -0.23606831]
3.6440341;82.23615;-0.24744245;[ 2.2677953 82.72808   -0.2352782]
4.007594;85.95078;-0.23949021;[ 2.2778096  85.65908    -0.23429099]
3.9109192;79.16573;-0.24278413;[ 2.3533213  78.47723    -0.23713818]
2.4338272;84.97084;-0.24996184;[ 2.149722   87.32853    -0.23143674]
2.6307583;78.18766;-0.25324816;[ 2.264436   81.84982    -0.23374978]
3.5535522;75.4511;-0.25073;[ 2.3436487  75.543816   -0.23812853]
3.580401;74.87172;-0.2502222;[ 2.3114226  76.173935   -0.23809765]
1.5450976;76.15776;-0.24866998;[ 2.6844616  78.0619     -0.23439087]
2.316646;74.07561;-0.2600092;[ 2.7552798  75.38714    -0.23512256]
3.9287813;68.287224;-0.28099358;[ 2.9713385  68.655685   -0.23831646]
3.417783;63.586166;-0.28999797;[ 3.0538285  63.989376   -0.24046846]
1.7757616;69.98941;-0.25332597;[ 2.815181   71.18865    -0.23708694]
2.2186618;69.95811;-0.24869113;[ 2.768352   70.559845   -0.23777653]
2.4564674;72.70092;-0.23747502;[ 2.8867798 73.571434  -0.2363083]
2.7525022;67.48285;-0.245619;[ 2.9233556  67.84172    -0.23915702]
2.3463998;67.98048;-0.25691384;[ 2.8176293 68.09397   -0.2385522]
2.2611217;63.331684;-0.26247334;[ 2.9119349  63.17776    -0.24081056]
2.7206326;71.567825;-0.2430366;[ 2.6136127 72.589134  -0.2367798]
2.6792781;76.72402;-0.24814308;[ 2.572853  77.47276   -0.2344552]
2.355052;76.222626;-0.23479007;[ 2.6905003  77.33396    -0.23503499]
2.2693202;78.94916;-0.22515047;[ 2.8140314  80.24711    -0.23361109]
2.3642344;69.39103;-0.24785013;[ 2.8216286  69.77822    -0.23813169]
2.6091275;75.22533;-0.2600736;[ 2.627143   75.01949    -0.23525932]
2.9674964;69.67484;-0.25378597;[ 2.6611776  70.353775   -0.23745807]
2.8666825;74.36019;-0.24291156;[ 2.7447817  74.90665    -0.23577806]
2.9564;64.86526;-0.25789657;[ 2.7584817  65.3173     -0.23976557]
3.0637565;69.49719;-0.2384739;[ 2.7811959  70.12878    -0.23801285]
2.555893;70.055534;-0.23787168;[ 2.8204458  70.4412     -0.23775291]
2.7774124;70.550896;-0.25201398;[ 2.700931  70.58975   -0.2371799]
3.1745758;65.38464;-0.24743547;[ 2.7455723  65.81916    -0.23944387]
2.355018;87.32294;-0.2385089;[ 2.2186124  89.26421    -0.22964281]
2.7641973;84.73807;-0.23586993;[ 2.3764608  86.571      -0.23102994]
3.1646752;77.7688;-0.23866665;[ 2.4931889  79.46407    -0.23389664]
2.288015;73.52307;-0.2631922;[ 2.4779904  74.98508    -0.23546855]
1.9109582;81.54875;-0.22736025;[ 2.648293   83.68271    -0.23203537]
2.1817057;79.07733;-0.22574171;[ 2.808217   80.917      -0.23340814]
1.7449868;74.82788;-0.24036829;[ 2.7943149 76.35932   -0.2350108]
2.6050985;77.06298;-0.24481905;[ 2.5685766  78.15837    -0.23404892]
2.4107845;83.788414;-0.24190389;[ 2.4781058  85.355606   -0.23107396]
2.6535344;78.608215;-0.23285438;[ 2.8211696  79.39463    -0.23399341]
3.4028778;74.10645;-0.2571036;[ 2.878035   74.13046    -0.23632777]
3.6381156;69.80388;-0.27636307;[ 2.80338    70.3688     -0.23757136]
1.8038061;77.12241;-0.26128623;[ 2.6253655  78.10538    -0.23403896]
3.461286;71.61777;-0.283867;[ 2.7928433  72.330444   -0.23711193]
1.9283688;74.40702;-0.24833745;[ 2.8125052  74.824394   -0.23560622]
3.8027794;64.66461;-0.28724927;[ 2.9002876  65.15969    -0.24002917]
4.049363;65.14086;-0.2654391;[ 2.883964   65.49811    -0.23980707]
2.6796937;71.48976;-0.24530147;[ 2.5827122  72.389046   -0.23685792]
3.0020802;71.31117;-0.24665876;[ 2.5891385  72.576      -0.23691066]
2.853953;80.83056;-0.2359442;[ 2.6150985  82.18932    -0.23296353]
3.437698;76.64235;-0.24391034;[ 2.628727   77.7672     -0.23507139]
2.434566;76.68327;-0.25082445;[ 2.538006   77.57579    -0.23443273]
2.7399452;64.65364;-0.2621163;[ 2.7316456 65.34479   -0.2398571]
2.1390543;74.32189;-0.24353856;[ 2.755921   75.23961    -0.23572871]
3.4524262;74.10513;-0.23879065;[ 2.7066987  74.97274    -0.23593974]
3.7392666;69.916916;-0.24676625;[ 2.7203267  70.550514   -0.23804769]
2.5570698;72.04441;-0.24537708;[ 2.6205747  72.71787    -0.23660654]
3.1324527;64.61153;-0.25021672;[ 2.6794565  65.381676   -0.23988406]
2.675598;80.44763;-0.23896213;[ 2.3290808  82.047264   -0.23261607]
2.616859;80.46044;-0.23870786;[ 2.328867   81.97527    -0.23268649]
2.2822962;81.05136;-0.23931691;[ 2.3722682  82.50783    -0.23230907]
3.1262352;77.85525;-0.23836698;[ 2.4977539  79.45286    -0.23403941]
2.2945356;78.977036;-0.25306383;[ 2.36933    80.11693    -0.23310447]
2.1343992;78.83522;-0.25256282;[ 2.3756683  80.196815   -0.23315965]
2.3416739;72.13437;-0.2547501;[ 2.463875   73.139885   -0.23598513]
2.5338287;67.46055;-0.24692774;[ 2.5521553 68.174545  -0.2382834]
2.6309583;77.37405;-0.23726408;[ 2.3955023  78.554344   -0.23429571]
2.3349016;70.10381;-0.24305208;[ 2.5493264 71.107735  -0.2372935]
2.4677567;84.09949;-0.23543756;[ 2.3050845  85.753624   -0.23131765]
2.452491;81.17942;-0.23200467;[ 2.4632394  82.52996    -0.23278365]
2.2206647;77.196846;-0.23853958;[ 2.4130402 78.468185  -0.234331 ]
3.0658667;78.58968;-0.2304335;[ 2.6223617  79.83721    -0.23415567]
2.056707;75.633156;-0.24888967;[ 2.4590967  76.44038    -0.23490284]
2.3469121;74.344604;-0.24474874;[ 2.6116548  75.24384    -0.23578982]
2.548604;69.99521;-0.25756413;[ 2.604879   71.05782    -0.23730251]
2.1260402;74.499855;-0.24409677;[ 2.6368659  75.17219    -0.23590785]
2.4610105;75.01018;-0.23576501;[ 2.591832  75.649765  -0.2355083]
2.2706928;70.6594;-0.24365312;[ 2.58721    71.40856    -0.23705685]
2.808887;73.90887;-0.23377572;[ 2.557251   74.99793    -0.23592806]
2.4589596;69.774185;-0.24316913;[ 2.5702713  70.735725   -0.23761064]
2.5480037;75.23874;-0.25038403;[ 2.455748   76.26748    -0.23497695]
2.506801;79.09859;-0.23727444;[ 2.513234  80.12132   -0.2335328]
2.3237314;76.9587;-0.25529727;[ 2.4600947  78.114235   -0.23439041]
2.4936929;73.97497;-0.24241798;[ 2.6113725  74.93694    -0.23594996]
2.5526562;69.8462;-0.25711107;[ 2.6235776  70.66421    -0.23761815]
2.7511191;74.42168;-0.2428733;[ 2.590984   75.93668    -0.23559624]
2.518343;74.347466;-0.22714503;[ 2.5577753  75.54032    -0.23577808]
2.5450037;77.49387;-0.23800181;[ 2.4457822  78.43879    -0.23414485]
2.339027;74.9018;-0.22726977;[ 2.5959775  75.842575   -0.23554006]
2.5236635;83.76872;-0.23667039;[ 2.3267329  85.31483    -0.23162879]
2.4458468;75.16238;-0.24993803;[ 2.5173726  75.91976    -0.23525637]
2.6849575;77.0433;-0.23895848;[ 2.4173195  78.112755   -0.23460664]
3.7196739;74.37318;-0.23825975;[ 2.5595596  75.66364    -0.23598866]
2.6195376;85.94286;-0.2390275;[ 2.1414022  89.390434   -0.23103386]
2.3283947;69.53629;-0.25800335;[ 2.6863298  69.61097    -0.23799542]
3.4010992;77.59914;-0.23076548;[ 2.8272548 79.10126   -0.2344327]
3.5639951;75.40947;-0.2373476;[ 2.720325   75.79754    -0.23595697]
3.3128614;77.63638;-0.23094715;[ 2.8289895  79.25356    -0.23429103]
2.4171174;76.23639;-0.2608242;[ 2.5950954  76.61653    -0.23514137]
3.2405934;77.96607;-0.22890654;[ 2.8050752  79.70428    -0.23403744]
2.4764042;76.673355;-0.24663204;[ 2.5814292  77.27267    -0.23470882]
2.9854703;73.92275;-0.24483736;[ 2.76127    73.827995   -0.23652165]
3.4108996;73.23443;-0.24256738;[ 2.793895   75.10952    -0.23580103]
3.4238877;70.556435;-0.23280281;[ 2.9697154  71.88386    -0.23743528]
2.9143147;71.499435;-0.25348437;[ 2.6814215  72.031784   -0.23709519]
3.4967022;69.24136;-0.24060124;[ 2.8486753  68.92581    -0.23867679]
2.5636857;70.11038;-0.26043692;[ 2.7232995  69.69515    -0.23786847]
4.0148535;70.91095;-0.23450112;[ 2.920856   72.030815   -0.23727307]
4.3250446;66.0723;-0.2432801;[ 2.9544601  66.342674   -0.24011087]
2.569694;66.722084;-0.25227356;[ 2.8673053  66.35203    -0.23981436]
2.7262537;80.62037;-0.23973987;[ 2.3305714  82.06326    -0.23266886]
3.0177207;73.79583;-0.24160905;[ 2.4350119  74.996544   -0.23560843]
2.142033;80.544945;-0.25903076;[ 2.3928502  82.0488     -0.23268217]
3.086758;84.89293;-0.23494014;[ 2.3952444  86.628334   -0.23101358]
3.5922189;78.0684;-0.23622492;[ 2.5006983  79.539696   -0.23396635]
3.08912;82.56932;-0.22744173;[ 2.5425053  84.10938    -0.23218489]
3.2642903;78.66196;-0.23748562;[ 2.5195987  79.70236    -0.23375826]
2.6857805;83.78438;-0.23743941;[ 2.3259861  85.27881    -0.23170342]
3.447141;78.41062;-0.22686292;[ 2.6415875 79.475655  -0.2345099]
2.4000235;82.267075;-0.25089887;[ 2.3610585  83.45365    -0.23213162]
2.548078;79.34502;-0.23475096;[ 2.5203784  80.289345   -0.23361614]
2.3570757;75.18767;-0.24802467;[ 2.5125453  76.075294   -0.23518088]
2.6436048;70.04963;-0.25316468;[ 2.6180966  70.659035   -0.23773701]
2.6358743;77.61943;-0.23966096;[ 2.4543922  78.39792    -0.23442064]
3.678152;73.99799;-0.23946726;[ 2.5843282 75.17118   -0.2361379]
3.542497;69.757996;-0.25906846;[ 2.5867047  70.46032    -0.23792456]
1.6305187;78.729836;-0.22132221;[ 2.7349656  81.34452    -0.23286594]
2.9792695;75.0539;-0.23357888;[ 2.783166   75.85933    -0.23532549]
3.8358607;78.3963;-0.25670588;[ 2.6634774  79.61228    -0.23426381]
3.09888;81.221466;-0.23721883;[ 2.656315   82.53838    -0.23264666]
4.4935584;75.94369;-0.24961558;[ 2.818839   76.962296   -0.23559715]
2.923893;78.81902;-0.23231131;[ 2.8046906  80.19886    -0.23368058]
3.8133488;73.56708;-0.25092673;[ 2.9222507  75.28773    -0.23590054]
2.826815;75.07663;-0.25073302;[ 2.704502   75.782005   -0.23486722]
4.1440716;69.89817;-0.2700893;[ 2.8573012  70.20821    -0.23788843]
4.309861;74.85066;-0.23838286;[ 2.8387854  75.10202    -0.23571905]
4.0228987;69.69148;-0.2525918;[ 2.9759762  69.79903    -0.23842888]
2.2998405;75.24744;-0.25761738;[ 2.6526754  76.0565     -0.23465858]
3.589116;70.06897;-0.27876544;[ 2.8055396  70.48446    -0.23768017]
3.2534068;74.32587;-0.2431936;[ 2.7443674  75.45525    -0.23552261]
4.0195284;69.074875;-0.2583695;[ 2.9057827 69.76272   -0.2385612]
3.349795;76.03635;-0.23934124;[ 2.6638901  76.84447    -0.23550762]
2.978952;76.722595;-0.24824774;[ 2.62307    77.56974    -0.23499027]
3.023491;73.5275;-0.23172702;[ 2.810816   74.43137    -0.23660347]
3.2844596;69.33636;-0.24686407;[ 2.8088865  69.89603    -0.23833302]
2.295466;76.85622;-0.25085685;[ 2.5405788  77.75266    -0.23452488]
2.8732615;75.136;-0.25799838;[ 2.6609492 75.46297   -0.2355011]
3.0189273;69.89053;-0.2515974;[ 2.6887176  70.30422    -0.23770581]
2.7052383;69.22437;-0.24783736;[ 2.8008118  69.89563    -0.23827134]
2.5072556;72.20523;-0.2453667;[ 2.635006   72.71481    -0.23684476]
2.9767342;70.556694;-0.25211865;[ 2.7520838  70.62819    -0.23774442]
3.473241;69.31091;-0.24236894;[ 2.7546062 69.64353   -0.2384818]
3.0380166;69.99716;-0.25161085;[ 2.7136497  70.373924   -0.23796237]
3.304;65.33647;-0.2588855;[ 2.734505   65.22054    -0.24007198]
3.0040889;64.96384;-0.25998217;[ 2.742269   65.1423     -0.24011394]
1.632597;82.07481;-0.22685315;[ 2.6323395  84.184975   -0.23174341]
2.232337;79.19046;-0.22623405;[ 2.8116636  80.708595   -0.23355156]
2.4398289;74.22646;-0.23976329;[ 2.7597678  74.940025   -0.23552224]
2.1790643;75.60353;-0.23974068;[ 2.520941   77.10031    -0.23420809]
4.6742496;82.402145;-0.24033004;[ 2.7313304  84.28446    -0.23194534]
1.0979972;82.35335;-0.24455816;[ 2.5479267  83.73899    -0.23089302]
1.4569299;85.66717;-0.24546821;[ 2.0813246  82.07281    -0.23593315]
1.2269261;85.50737;-0.24372022;[ 2.2296498  89.726654   -0.22997937]
2.5284593;77.303604;-0.24583119;[ 2.5626898  78.752396   -0.23372161]
3.2299044;74.49452;-0.24457362;[ 2.8069012 75.24354   -0.2353908]
6.158908;74.79601;-0.23477955;[ 2.7262783  76.31124    -0.23490725]
3.2536037;75.07139;-0.24251087;[ 2.7881026  75.23756    -0.23546933]
3.4790757;72.273384;-0.26042902;[ 2.7773008  73.01832    -0.23661615]
4.090269;69.519356;-0.25697482;[ 2.9576318  69.534874   -0.23846737]
3.392743;74.53891;-0.24469866;[ 2.742245   75.25628    -0.23558217]
7.254825;74.406784;-0.23843336;[ 2.7437413 75.35546   -0.2355462]
4.005892;74.108185;-0.27544165;[ 2.540952   75.827644   -0.23517618]
0.542742;93.19492;-0.2582832;[ 2.1765113 95.805275  -0.2262727]
1.4201751;86.36302;-0.254053;[ 2.284342   88.68402    -0.22925247]
3.6521316;85.861725;-0.23634164;[ 2.50089    88.01211    -0.23032758]
3.8405967;85.07286;-0.24496754;[ 2.4922016 87.15086   -0.2306062]
4.1254854;78.26194;-0.24501531;[ 2.5999978  80.00726    -0.23359634]
3.6963177;79.13215;-0.23625678;[ 2.5928543  80.81931    -0.23326272]
1.7026389;80.15373;-0.24616379;[ 2.421972   81.50322    -0.23206466]
3.622554;79.68424;-0.23346539;[ 2.6396267 80.79856   -0.2331527]
0.96704745;86.4674;-0.22590403;[ 2.4156604 88.961876  -0.2296011]
3.9801626;81.14897;-0.24436073;[ 2.5876114  83.010735   -0.23274781]
4.1646566;81.0153;-0.23856868;[ 2.5766015  83.203285   -0.23269263]
3.9952178;74.47856;-0.24415182;[ 2.7364342  75.681305   -0.23572579]
1.6582022;75.78798;-0.24501374;[ 2.576951   77.229454   -0.23412544]
3.9999995;74.48206;-0.24633235;[ 2.7382107  75.70873    -0.23569979]
1.0748141;83.48288;-0.2424796;[ 2.401208   84.67271    -0.23107283]
1.6102587;80.46492;-0.2322439;[ 2.560665   81.46667    -0.23259613]
3.610099;70.79555;-0.26237428;[ 2.7234015  71.5227     -0.23716263]
4.0492563;74.837814;-0.24075413;[ 2.7135258  76.03527    -0.23550303]
1.291698;83.00783;-0.25019717;[ 2.3555028  84.66357    -0.23119225]
3.9169426;77.4545;-0.2752067;[ 2.5202482  79.00949    -0.23417151]
3.9917464;74.41826;-0.2480275;[ 2.6793387  75.814476   -0.23568955]
3.7769039;70.28144;-0.26528013;[ 2.678856   71.48526    -0.23729688]
3.8045607;78.1546;-0.27323127;[ 2.6179285  79.71603    -0.23388264]
3.75198;77.76074;-0.27491847;[ 2.698033   79.10352    -0.23356047]
4.4442883;72.38768;-0.29394636;[ 2.8865364  73.77488    -0.23629798]
1.219917;84.25862;-0.24678384;[ 2.4521933  85.62892    -0.23097013]
1.717098;82.75894;-0.24222918;[ 2.1392045  86.86768    -0.23123741]
3.479508;77.887146;-0.23999247;[ 2.4917402  79.01278    -0.23421298]
2.644739;87.49093;-0.23778297;[ 2.2172213  89.74598    -0.22935167]
3.3973866;84.628235;-0.2384787;[ 2.3987405  86.21902    -0.23126633]
3.3294563;77.979645;-0.24056736;[ 2.5362601  79.30414    -0.23394094]
3.3326912;78.30956;-0.23803857;[ 2.5401156  78.872826   -0.23419112]
4.6869497;71.135056;-0.24189661;[ 2.6245556  72.08216    -0.23688065]
1.2632324;90.033005;-0.25947794;[ 2.0099044  92.616554   -0.22773036]
1.9219584;83.15908;-0.25449827;[ 2.1153803  85.430916   -0.23075803]
2.2270875;76.31161;-0.249168;[ 2.215625   78.4967     -0.23364541]
0.31106305;96.774506;-0.26485732;[ 1.9178953  99.80364    -0.22480266]
1.2997513;89.90895;-0.2588308;[ 2.0263808  92.63444    -0.22781861]
1.7038909;83.54857;-0.24442427;[ 2.1620865  85.3467     -0.23071562]
2.2601447;76.70993;-0.23212391;[ 2.3634727  78.31708    -0.23424947]
0.22657943;93.34408;-0.26170513;[ 2.0074108  95.84394    -0.22676364]
1.5803744;86.16609;-0.24353215;[ 2.1638494  88.3078     -0.22990896]
1.8223252;83.451904;-0.22939427;[ 2.270582  85.47148   -0.2313493]
1.8026296;79.31325;-0.24248849;[ 2.26076   81.37467   -0.2328231]
0.8533796;86.95406;-0.24296927;[ 2.1480494  88.54287    -0.22966433]
1.6890626;79.80677;-0.24277654;[ 2.3022447  81.05077    -0.23278406]
2.0378706;77.13733;-0.23150945;[ 2.4044914  78.306915   -0.23420466]
1.8961471;72.99846;-0.24394478;[ 2.39438    74.23238    -0.23566288]
1.3427973;86.46918;-0.2526141;[ 2.26561    88.53232    -0.22932345]
0.5233369;93.21057;-0.25795436;[ 2.1734474 95.72251   -0.2263944]
1.3610046;86.356155;-0.25211886;[ 2.2863412  88.596245   -0.22933295]
3.963191;81.20671;-0.260603;[ 2.4803731  83.26025    -0.23201594]
1.0380001;86.85439;-0.24532463;[ 2.3147175  88.41136    -0.22929281]
4.0006676;81.51586;-0.26346123;[ 2.476159  82.90778   -0.2322073]
1.585235;80.038025;-0.24663548;[ 2.4209032  81.421165   -0.23218709]
2.7657843;80.96472;-0.24287178;[ 2.2901607  83.078804   -0.23212633]
2.8167462;81.463196;-0.24312997;[ 2.3237424 82.89214   -0.232067 ]
3.6536024;79.1999;-0.24015899;[ 2.479491   80.18706    -0.23341687]
2.1885755;76.535904;-0.24886914;[ 2.2154107  78.51895    -0.23362347]
1.546323;83.45907;-0.24214849;[ 2.156925   85.85151    -0.23047984]
1.5978816;83.77955;-0.24331519;[ 2.1553497  85.45382    -0.23070174]
2.4316094;77.97398;-0.24949466;[ 2.5062208  79.52419    -0.23342344]
3.2830195;72.29066;-0.2689674;[ 2.6818836  73.65276    -0.23647836]
3.2861915;79.03154;-0.26851302;[ 2.5861077  80.87519    -0.23352878]
3.5432925;70.021736;-0.24716598;[ 2.880747   70.85321    -0.23756933]
2.275379;71.273964;-0.25171497;[ 2.6863375  72.01755    -0.23611595]
3.212988;65.72526;-0.26973855;[ 2.849534   66.26366    -0.23919956]
2.2680182;71.93231;-0.25264874;[ 2.5477514  73.5784     -0.23617898]
2.2773507;65.58382;-0.25553027;[ 2.6840122  66.40897    -0.23900723]
2.2683926;65.20952;-0.25638124;[ 2.64019    66.424904   -0.23908214]
3.6510777;78.504684;-0.2532402;[ 2.6103213  80.115074   -0.23365912]
1.5537825;80.3288;-0.24553187;[ 2.428993   81.61799    -0.23191214]
0.5171552;93.67728;-0.25614047;[ 2.1534486  96.427666   -0.22617865]
1.8954166;79.85484;-0.247985;[ 2.382801   81.60955    -0.23202133]
3.8668947;74.312805;-0.27562356;[ 2.5459092  75.887245   -0.23508325]
3.879028;85.55672;-0.24645117;[ 2.4843585  87.51063    -0.23045263]
4.0473366;78.7501;-0.24641334;[ 2.5809526  80.04296    -0.23356749]
0.887889;86.83507;-0.24375962;[ 2.3208427 89.21253   -0.2287367]
3.714017;79.22519;-0.24306226;[ 2.5853539  80.70979    -0.23322202]
3.6790848;79.51344;-0.23840934;[ 2.649118   80.98303    -0.23291105]
4.0091867;80.84048;-0.22845644;[ 2.8634882  81.23738    -0.23379286]
3.8226895;76.42592;-0.23642959;[ 2.7811089  77.23827    -0.23506355]
3.792718;76.54932;-0.23906894;[ 2.839803   76.443275   -0.23550265]
3.6708806;72.134766;-0.2540119;[ 2.7550297  72.51028    -0.23674262]
3.829733;76.10909;-0.24006766;[ 2.7902412  76.61068    -0.23551762]
2.1481438;73.112915;-0.24933338;[ 2.4756272  74.443985   -0.23491836]
2.451186;81.495316;-0.2432828;[ 2.3271627  83.05168    -0.23191792]
2.2352874;74.26286;-0.24916099;[ 2.3848853 76.01542   -0.2348911]
2.12023;74.670944;-0.24793163;[ 2.4262533  76.00329    -0.23484588]
2.5470672;87.82196;-0.24473372;[ 2.1867878  90.36718    -0.22901215]
2.320246;81.40827;-0.2440029;[ 2.3191726  83.59483    -0.23157568]
2.3568528;81.14638;-0.24546991;[ 2.3244026  83.39283    -0.23171869]
2.6924047;74.67584;-0.24553046;[ 2.4201424  75.69064    -0.23499247]
2.277185;75.11559;-0.24623568;[ 2.4549367  76.40722    -0.23443073]
1.7560639;83.29318;-0.2534209;[ 2.128172   85.68374    -0.23066382]
1.5047573;83.709656;-0.2436938;[ 2.1692898  85.66444    -0.23062363]
0.24009097;96.831764;-0.2658614;[  1.9271221  100.11257     -0.22473718]
2.0072017;83.17942;-0.2553165;[ 2.1155715  85.33905    -0.23089421]
1.6216812;83.600174;-0.24191211;[ 2.1560926  85.9563     -0.23037376]
2.190957;76.36715;-0.24886356;[ 2.2172318  78.45089    -0.23361716]
1.6684486;83.33287;-0.24316165;[ 2.1618938 85.76261   -0.2305052]
2.2286546;70.04348;-0.24690935;[ 2.3565054 71.2839    -0.2363849]
4.398309;74.52385;-0.24832122;[ 2.9180398  75.817215   -0.23560216]
2.4444244;74.01947;-0.23301648;[ 2.7741888  75.343216   -0.23576134]
5.104091;83.46186;-0.26641998;[  2.5083823 103.55076    -0.2268936]
1.5215125;89.7777;-0.2450303;[  2.6697917  138.85576     -0.21259071]
1.0735221;90.32132;-0.24394205;[  2.7063282  139.39087     -0.21212834]
1.6525745;83.59982;-0.245825;[  2.80387    133.60472     -0.21434352]
1.9233179;83.04813;-0.24791048;[  2.7674882  134.18121     -0.21429783]
4.762767;76.50577;-0.26838765;[ 2.5703921  94.30088    -0.23058589]
3.6787395;81.79079;-0.25119227;[ 2.126665   81.87978    -0.23407724]
3.696425;82.32044;-0.24989612;[ 2.1566076 81.269455  -0.2341436]
3.5543094;75.6129;-0.2521636;[ 2.262661  74.905495  -0.2368009]
1.811474;82.35429;-0.2455169;[ 1.9849808  85.161835   -0.23238303]
0.87256795;89.68449;-0.24123417;[ 1.9112786  89.97643    -0.23029384]
1.5476587;88.90009;-0.24263403;[ 1.9126091  92.750496   -0.22925358]
1.5639124;82.65016;-0.24334475;[ 2.0586846  87.028946   -0.23146136]
2.825891;77.99919;-0.25165015;[ 2.5162406  80.30688    -0.23319052]
3.7626634;76.12537;-0.2439978;[ 2.6560614  77.83139    -0.23445149]
3.4341269;65.507126;-0.27624547;[ 2.821963   66.430855   -0.23930983]
1.7499573;78.756805;-0.24411778;[ 2.479494   80.04777    -0.23362355]
2.3969326;70.09894;-0.2435044;[ 2.7214618  70.67094    -0.23784123]
2.7006178;80.49152;-0.23962909;[ 2.325112   82.1699     -0.23255414]
1.5296836;78.12431;-0.241914;[ 2.5588975  78.75022    -0.23430818]
2.8413477;73.62482;-0.24549793;[ 2.4231913  75.19587    -0.23556758]
4.0203876;78.4096;-0.23670715;[ 2.4768384  80.118034   -0.23377408]
3.2488794;83.32484;-0.22473785;[ 2.5466738  85.01717    -0.23180991]
1.7181151;78.48524;-0.23721498;[ 2.5208712  79.33841    -0.23383111]
2.948068;78.69137;-0.23514701;[ 2.5417411  80.040764   -0.23359169]
4.005421;71.72901;-0.23917544;[ 2.5727577  72.852486   -0.23677671]
2.1534288;72.43431;-0.2547818;[ 2.4633324  73.22303    -0.23596016]
2.023386;74.05147;-0.25491333;[ 2.4683127  75.01925    -0.23546727]
2.0615716;71.39474;-0.24434248;[ 2.650481   71.56044    -0.23724633]
2.2281957;67.2176;-0.26208174;[ 2.5655103  67.9456     -0.23847836]
2.062222;79.80477;-0.24926656;[ 2.4116068  80.34926    -0.23281126]
3.0835795;74.25267;-0.24135333;[ 2.4593527 75.140144  -0.2353572]
1.7311337;71.95037;-0.24186365;[ 2.6917236  71.59893    -0.23714402]
2.923272;66.89454;-0.24855334;[ 2.5141878  68.0458     -0.23848635]
1.2585318;89.8974;-0.2594105;[ 2.0054772  92.55337    -0.22779003]
0.31570292;96.627495;-0.26472288;[ 1.9139035 99.743904  -0.2248524]
1.4877185;89.723305;-0.25915986;[ 2.0164413  92.4178     -0.22801161]
1.5716922;83.08482;-0.24354035;[ 2.1745114  85.519615   -0.23068328]
0.8034426;90.43114;-0.24388252;[ 2.0496628  92.56284    -0.22769074]
1.6595771;83.52436;-0.24352886;[ 2.1450384 85.39742   -0.2307747]
3.9144173;78.75476;-0.23738073;[ 2.584664   80.37424    -0.23350115]
1.3482413;86.2984;-0.25346854;[ 2.2683406  88.518486   -0.22926539]
3.7644358;78.1509;-0.252137;[ 2.6136682  79.4691     -0.23399112]
0.5166501;93.02869;-0.25856996;[ 2.1768842  95.709885   -0.22632585]
3.772939;80.6006;-0.2794545;[ 2.4543352  82.74363    -0.23237765]
3.84549;80.65312;-0.27778986;[ 2.4458106  82.747345   -0.23245521]
1.9446068;79.18533;-0.250887;[ 2.3969283  81.323326   -0.23228675]
0.91849935;86.50164;-0.24413802;[ 2.3277085  88.55855    -0.22920854]
3.6535337;78.40259;-0.24768129;[ 2.6728    79.47274   -0.2339563]
1.6546626;79.8212;-0.24588895;[ 2.4327278  81.25716    -0.23211113]
3.8122303;74.385345;-0.26361492;[ 2.5882185 75.603516  -0.2351911]
3.7587104;76.027084;-0.23708758;[ 2.8430712  75.978294   -0.23571931]
3.858692;74.45969;-0.26365417;[ 2.5739574  75.72412    -0.23522335]
2.0965846;72.986115;-0.24771264;[ 2.5256252  74.30755    -0.23504035]
3.923634;75.47725;-0.23918968;[ 2.7988343  75.98944    -0.23579682]
4.0131655;71.17309;-0.25004086;[ 2.7333758  72.01881    -0.23715134]
3.7991178;67.012856;-0.27341813;[ 2.6410904  68.54588    -0.23828475]
3.7665875;85.874344;-0.2355152;[ 2.3426576  87.79538    -0.23035821]
2.3891964;73.734955;-0.24756318;[ 2.3812423  75.85495    -0.23524675]
2.412242;74.38086;-0.24641874;[ 2.4227405  75.762314   -0.23504785]
3.665194;79.69681;-0.23533697;[ 2.4786766  80.61314    -0.23319255]
2.6545136;74.416985;-0.24450496;[ 2.4145842 75.74758   -0.2350806]
2.4950962;67.00467;-0.25056547;[ 2.47348   68.71679   -0.2381477]
1.9025136;83.08423;-0.256257;[ 2.1110342  85.28422    -0.23086207]
2.2581608;76.188065;-0.25165817;[ 2.2095244  78.19253    -0.23385906]
1.2487808;89.80535;-0.26113465;[ 2.019821   92.55178    -0.22782563]
1.939147;82.95477;-0.25645056;[ 2.1176357  85.42684    -0.23085767]
2.044149;82.91834;-0.25645056;[ 2.11769    85.330986   -0.23095477]
1.6451087;83.44679;-0.24296497;[ 2.1668327  85.65798    -0.23072383]
2.2710106;76.077705;-0.25159043;[ 2.2127771  78.42509    -0.23377271]
2.140082;76.40178;-0.24475461;[ 2.259766   78.46175    -0.23362961]
1.6766404;83.59438;-0.24410117;[ 2.1544635  85.32491    -0.23074368]
2.1596375;76.73575;-0.24527445;[ 2.250684  78.30825   -0.2336569]
2.1903179;76.72898;-0.24527445;[ 2.245652  78.30938   -0.2337268]
2.4056022;69.34742;-0.25034124;[ 2.3055048 71.28991   -0.236665 ]
1.7420696;79.7844;-0.24674235;[ 2.2029085  81.60899    -0.23263773]
1.8904399;79.74864;-0.24923104;[ 2.1969447  81.64055    -0.23267384]
1.421371;86.47893;-0.25509608;[ 2.1047177  88.77592    -0.22977576]
1.977506;83.56013;-0.23182255;[ 2.260684   85.59251    -0.23126651]
1.9254136;79.26533;-0.2432434;[ 2.2542412  81.42977    -0.23278487]
1.5004598;79.8398;-0.23920785;[ 2.2538967  81.713234   -0.23259187]
1.4545956;80.31814;-0.23859428;[ 2.2451105  81.66096    -0.23251563]
1.6106007;80.278046;-0.23998336;[ 2.2330732  81.75175    -0.23254122]
2.1157112;77.35858;-0.23365821;[ 2.389072   78.56742    -0.23403633]
1.94371;73.40737;-0.23987415;[ 2.3320735  74.695656   -0.23550385]
1.9788742;79.3322;-0.2512222;[ 2.200229   81.36663    -0.23276088]
1.6582897;83.325005;-0.22557671;[ 2.2451332  85.659935   -0.23111352]
0.94901323;90.36433;-0.22235194;[ 2.1609507 93.18719   -0.2280953]
1.3949524;85.74571;-0.24309123;[ 2.1786878  88.245674   -0.22997005]
1.8133447;78.893745;-0.24322955;[ 2.2706976  81.19186    -0.23300487]
2.1477168;76.78244;-0.22526212;[ 2.3521514  78.83762    -0.23409423]
1.1689906;83.87886;-0.22412106;[ 2.2873695  85.715096   -0.23099145]
2.188672;76.84093;-0.23137583;[ 2.3897078  78.303505   -0.23418948]
1.9016203;79.518005;-0.24272048;[ 2.2537467  81.04782    -0.23291177]
0.18469739;93.09953;-0.26365522;[ 2.0169542  95.72314    -0.22694999]
1.5974376;86.24828;-0.24277109;[ 2.162357  88.236946  -0.2299735]
1.7433691;79.09893;-0.24280085;[ 2.2638657 81.20397   -0.2330858]
1.9513997;79.3518;-0.24203609;[ 2.2571454  81.141594   -0.23300478]
0.8209423;86.51062;-0.2411462;[ 2.164495   88.599236   -0.22982387]
1.4306675;79.45093;-0.241264;[ 2.3142316  81.23574    -0.23289755]
0.72333384;86.88925;-0.24227487;[ 2.151522   88.57516    -0.22976859]
2.0586538;72.368645;-0.24512976;[ 2.3561532  74.06612    -0.23598583]
2.1062272;79.88255;-0.24027187;[ 2.4550986  80.558846   -0.23271707]
1.4401988;88.434975;-0.24305233;[ 1.9397599  93.68514    -0.22886448]
2.0949519;81.576126;-0.24444449;[ 2.0444155  86.53015    -0.23192826]
0.8362638;88.6561;-0.24063265;[ 1.9960251 93.81283   -0.2287711]
1.7629442;82.10561;-0.24272054;[ 2.0814033 86.628075  -0.2318064]
2.34615;73.835846;-0.25399196;[ 2.482509   75.09006    -0.23550604]
3.7040884;82.12669;-0.23171239;[ 2.570459   83.613144   -0.23250344]
1.8982834;80.56542;-0.25487456;[ 2.3919156  82.24914    -0.23257792]
2.3595424;77.76131;-0.24810962;[ 2.5764601  78.865746   -0.23444349]
6.615599;75.57878;-0.21963167;[ 2.6521702  76.49483    -0.23557305]
3.4761167;75.70969;-0.22479205;[ 2.657062   76.50354    -0.23555446]
3.714646;78.6192;-0.23714301;[ 2.5305393  79.67098    -0.23369291]
3.6367297;75.94928;-0.23112634;[ 2.7065873  76.443      -0.23533696]
2.3244467;79.47127;-0.24746358;[ 2.419336   80.317505   -0.23298079]
6.2615767;71.2929;-0.23612984;[ 2.643561   71.72604    -0.23715128]
6.353376;70.747505;-0.2381968;[ 2.5997996  71.71453    -0.23723914]
1.9339619;83.0085;-0.25412887;[ 2.1205947  85.43969    -0.23091912]
1.8669862;83.075485;-0.25523698;[ 2.1258042  85.49856    -0.23083237]
2.3519425;76.18323;-0.2503357;[ 2.2240283  78.425865   -0.23381202]
0.7462504;90.06737;-0.24266483;[ 2.073432   92.68112    -0.22780615]
1.5808696;83.24693;-0.2421017;[ 2.1769946  85.6581     -0.23069927]
1.6210927;83.58411;-0.24270962;[ 2.1688263  85.54334    -0.23070481]
1.6292837;83.54825;-0.2425977;[ 2.1567864  85.554184   -0.23079053]
1.1723027;86.34004;-0.25730774;[ 2.1077905  88.55346    -0.22993281]
1.6387298;83.366295;-0.2255695;[ 2.257467   85.706696   -0.23131575]
0.1837542;93.07031;-0.26290414;[ 2.016585  95.742966  -0.2269921]
0.7056891;86.49725;-0.24082634;[ 2.1600132  88.701      -0.22980192]
0.67576146;86.848656;-0.2419458;[ 2.1508908  88.59638    -0.22980745]
1.5972145;79.75747;-0.24074475;[ 2.3032858  81.20171    -0.23285677]
1.576627;79.98629;-0.24168673;[ 2.2433138  81.57401    -0.23278621]
2.4169931;79.470764;-0.24191396;[ 2.4244025  81.60131    -0.23240186]
2.3810532;80.03366;-0.23957074;[ 2.4643028  81.68867    -0.23227322]
3.9744654;74.3065;-0.26438552;[ 2.6031141  75.74436    -0.23535557]
0.8418838;86.39836;-0.24341036;[ 2.3345046  88.60366    -0.22938947]
4.2883973;78.994995;-0.24370554;[ 2.6304197  80.08596    -0.23361155]
4.28098;74.058624;-0.2740416;[ 2.5454993  75.7465     -0.23547764]
2.750235;87.64566;-0.24409203;[ 2.1957138  90.066124   -0.22936475]
3.6076088;78.82477;-0.23839656;[ 2.5096881  80.13562    -0.23364021]
3.7284763;79.10588;-0.2388846;[ 2.4998102 80.04456   -0.2336297]
2.5870862;74.86361;-0.24492504;[ 2.474025   75.9395     -0.23502703]
3.900948;68.23122;-0.25993535;[ 2.5607896  68.6184     -0.23813003]
2.58981;76.97687;-0.24313185;[ 2.5301378  78.09036    -0.23392802]
2.8135824;86.66347;-0.24272631;[ 2.1060963  91.19356    -0.23009428]
2.7621202;80.04431;-0.24479981;[ 2.29309    84.604195   -0.23257953]
2.8016372;80.47367;-0.2438556;[ 2.2453265  83.96786    -0.23297098]
2.77208;71.65535;-0.2462068;[ 2.5815663  72.87539    -0.23652165]
3.232988;73.84176;-0.24155562;[ 2.6935039  75.2434     -0.23572586]
2.719549;78.385635;-0.24304114;[ 2.4901948  80.072685   -0.23356745]
3.1745412;75.619736;-0.24202363;[ 2.6704051 76.61353   -0.2354197]
3.1810474;80.522354;-0.23887496;[ 2.5979     82.47828    -0.23274596]
2.5680094;71.74811;-0.24702704;[ 2.6219432  73.127396   -0.23641908]
3.1589658;69.41441;-0.2423832;[ 2.8056715  69.432076   -0.23826839]
3.1558025;71.21341;-0.23506823;[ 2.8703156  72.01342    -0.23735732]
2.5979486;80.87117;-0.24340922;[ 2.2811978  82.83381    -0.23207587]
2.838904;80.77521;-0.24288653;[ 2.2937822  82.92273    -0.23212871]
2.6861537;74.07195;-0.24634098;[ 2.431538  75.930984  -0.2349991]
2.5212224;81.37907;-0.24164748;[ 2.3244362  82.84896    -0.23198107]
2.778349;74.555466;-0.24355178;[ 2.4257011  75.80641    -0.23495059]
2.4314284;79.648346;-0.22399588;[ 2.4772134  80.80962    -0.23306754]
2.726189;74.42435;-0.23559046;[ 2.576119   75.758125   -0.23559757]
2.744535;74.86774;-0.23372433;[ 2.5681732  75.699356   -0.23550794]
2.5172615;70.73082;-0.24321347;[ 2.5610015  71.48693    -0.23708011]
2.793147;77.385155;-0.24231254;[ 2.3680968  78.86332    -0.23407376]
2.7125711;74.2489;-0.2311884;[ 2.5074804 76.04122   -0.2355061]
3.828194;74.78439;-0.24033676;[ 2.5174778 76.213036  -0.2355211]
0.7409668;89.48828;-0.2525099;[ 2.4314387  91.65223    -0.22793435]
5.080172;78.68038;-0.3030972;[ 2.760722   80.51649    -0.23382397]
4.2104115;81.614075;-0.24641295;[ 2.7519386  83.286316   -0.23204696]
3.9119592;78.00628;-0.26575443;[ 2.7332244  78.9391     -0.23368144]
3.798562;77.23109;-0.2750849;[ 2.6889324  78.8303     -0.23384792]
2.5562482;83.896484;-0.24499139;[ 2.447171   85.95547    -0.23075384]
3.5672622;81.72909;-0.2415508;[ 2.5848956 83.69227   -0.2319437]
4.0139256;76.12636;-0.2446451;[ 2.7540593  77.52924    -0.23502748]
2.5855103;77.16621;-0.24792865;[ 2.5383508  78.76309    -0.23369762]
1.4847765;80.08521;-0.23877591;[ 2.4116793 80.81503   -0.2323208]
1.9424953;79.25595;-0.24112028;[ 2.3748965  80.548195   -0.23258583]
2.096411;82.229225;-0.24487427;[ 2.0364122  86.48087    -0.23188213]
0.46118426;95.70097;-0.24252039;[  1.8515494  101.040215    -0.22578192]
1.1028404;88.94974;-0.24058597;[ 2.0490494  94.19372    -0.22830027]
2.8336115;73.97415;-0.24244936;[ 2.4186437  75.20992    -0.23536623]
3.403533;84.669;-0.238816;[ 2.415254   86.23983    -0.23122619]
3.5922937;85.12131;-0.23441139;[ 2.364597   87.408745   -0.23066127]
3.3994408;82.496056;-0.22942543;[ 2.5417116  84.15898    -0.23231617]
3.6583219;78.44072;-0.23670645;[ 2.4592285  80.181206   -0.23363756]
3.535521;75.81547;-0.2322858;[ 2.6363108  76.93357    -0.23528963]
5.7225423;77.50558;-0.2355457;[ 2.4690926 79.47851   -0.2338582]
3.2986293;77.93295;-0.24037245;[ 2.555481   79.04624    -0.23419482]
23.402542;71.89577;-0.2359921;[ 2.7788827  71.29503    -0.23765077]
6.343012;71.57829;-0.23460777;[ 2.6395879 71.849724  -0.2370919]
0.803624;90.45937;-0.24423015;[ 2.066895   92.577194   -0.22770709]
1.6642135;83.63437;-0.24231775;[ 2.1702533  85.50921    -0.23066768]
1.4056389;89.84804;-0.26128632;[ 2.0361469 92.64777   -0.2278527]
1.9916599;83.09898;-0.2564182;[ 2.1266916  85.43       -0.23083848]
1.5513586;83.34999;-0.24306807;[ 2.174025   85.628746   -0.23071124]
1.63377;83.14249;-0.24377672;[ 2.168756   85.36849    -0.23075098]
2.1174183;76.33829;-0.2448361;[ 2.2661107  78.440315   -0.23363686]
1.5249596;83.427124;-0.24366762;[ 2.1666145  85.464424   -0.23069173]
2.05306;76.62042;-0.24472499;[ 2.2647731 78.489334  -0.2336249]
1.8862036;79.287445;-0.24238539;[ 2.2640507 81.135796  -0.2329084]
1.0673809;83.75392;-0.22407591;[ 2.2960765  85.77726    -0.23110586]
1.9260608;79.2691;-0.24208999;[ 2.2621708  81.11811    -0.23295361]
1.6484251;83.23379;-0.22486874;[ 2.2537646  85.6695     -0.23129222]
1.6266266;79.23566;-0.24165924;[ 2.3142605  81.19108    -0.23289913]
1.5006843;79.90289;-0.2414922;[ 2.2530043  81.50216    -0.23267385]
2.0102947;73.05451;-0.24221224;[ 2.3939018  74.0445     -0.23573014]
1.7748451;77.057434;-0.22606143;[ 2.3858337  78.577675   -0.23409283]
1.7263408;77.51458;-0.23001078;[ 2.448032   78.40136    -0.23410927]
1.7082624;73.38986;-0.24225152;[ 2.4375021  74.30477    -0.23559009]
2.0951989;72.5384;-0.24420807;[ 2.353954   73.9422     -0.23587812]
2.0789623;76.503685;-0.22741053;[ 2.3455102  78.48803    -0.23422372]
4.0445223;80.98207;-0.27771863;[ 2.4421062 82.944405  -0.2323511]
0.9319869;86.51457;-0.2436033;[ 2.3354425 88.59636   -0.2293132]
4.050216;81.22813;-0.2609487;[ 2.4973407  83.004135   -0.23227632]
4.0393653;80.96756;-0.27838945;[ 2.4435236  82.828255   -0.23246624]
4.1228;78.520584;-0.23779166;[ 2.5756917  80.36256    -0.23362176]
1.0174677;86.189026;-0.24406205;[ 2.3397264  88.47884    -0.22937202]
4.1065483;79.31208;-0.23804164;[ 2.6463993  80.44911    -0.23341589]
1.6904304;80.03683;-0.24631551;[ 2.4158304  81.25723    -0.23231599]
4.1325226;74.23739;-0.27542147;[ 2.535068   75.64301    -0.23539877]
3.793105;78.38452;-0.24083911;[ 2.4568286  80.013176   -0.23367193]
2.8160279;81.46131;-0.24226773;[ 2.3302643  82.93111    -0.23212214]
3.7674813;85.11419;-0.23928581;[ 2.3652408  87.2059     -0.23072985]
4.062577;80.954895;-0.26709747;[ 2.3528185  82.62692    -0.23240912]
2.8182395;80.93427;-0.24391985;[ 2.2869685  82.82058    -0.23232819]
2.7113745;78.47773;-0.2279122;[ 2.4201846  80.28817    -0.23350641]
2.7204027;80.876816;-0.2421757;[ 2.341783   82.89542    -0.23221073]
2.7526352;75.03095;-0.2428452;[ 2.4667299 75.95935   -0.2349531]
3.2474916;72.26364;-0.2536176;[ 2.5068357  73.57815    -0.23611969]
0.20929992;96.74163;-0.2670376;[ 1.9366946  99.84168    -0.22496223]
1.2452041;90.01146;-0.26197767;[ 2.0281706  92.64896    -0.22790253]
0.75686276;90.53479;-0.24524264;[ 2.071442   92.67826    -0.22779825]
0.69364464;90.283554;-0.24444039;[ 2.0792027  92.754364   -0.22781138]
1.6416008;83.79098;-0.24307533;[ 2.160843   85.46212    -0.23078959]
1.6048808;83.270035;-0.24281587;[ 2.170374   85.54071    -0.23077323]
1.7758151;77.10237;-0.24279687;[ 2.2995396  78.53608    -0.23351294]
2.0206761;76.8244;-0.24441631;[ 2.2603726  78.460594   -0.23365426]
2.246594;76.53568;-0.25208956;[ 2.2113698  78.19808    -0.23385979]
3.5061078;79.44082;-0.2272955;[ 2.7528603  81.59139    -0.23319808]
2.4970846;84.17306;-0.24573597;[ 2.443685   86.12541    -0.23071477]
4.1796656;76.21103;-0.2586196;[ 2.7736437 77.56557   -0.2351313]
4.2650547;76.78726;-0.28150845;[ 2.7438352  78.2166     -0.23464003]
4.702878;72.147446;-0.290557;[ 2.764348   72.952225   -0.23681611]
2.3937292;77.40234;-0.24653277;[ 2.600787   78.987404   -0.23346576]
3.3283029;71.97793;-0.26265353;[ 2.7576208  73.25782    -0.23657608]
4.2718496;74.84461;-0.2459476;[ 2.9093626 75.71626   -0.235787 ]
3.1607838;76.039314;-0.25335154;[ 2.7221022  76.83001    -0.23431754]
2.5483913;77.44252;-0.24868923;[ 2.536154   78.923874   -0.23366086]
3.111467;71.914604;-0.26565894;[ 2.7008908 73.271095  -0.2366497]
3.9046488;69.48145;-0.2604412;[ 2.8661807  70.36109    -0.23807277]
3.9227135;70.81917;-0.26715302;[ 2.6992285 71.5476    -0.2365958]
4.0824533;65.41786;-0.28994235;[ 2.8556323  65.7801     -0.23974326]
3.683093;76.42496;-0.24149892;[ 2.5914762  77.95307    -0.23486312]
2.632408;71.930824;-0.24826434;[ 2.5935638 73.33188   -0.2364443]
2.585537;72.36205;-0.24655682;[ 2.5881996 73.213524  -0.2364066]
3.070979;69.99217;-0.24395305;[ 2.7490225  70.38609    -0.23785369]
2.4453492;71.85091;-0.24835183;[ 2.5452511  73.18053    -0.23651493]
2.9922945;69.44169;-0.24576123;[ 2.7060766  70.35233    -0.23795454]
3.6220207;65.3723;-0.26203132;[ 2.6909554  65.903595   -0.23958278]
3.3662655;69.743225;-0.24457519;[ 2.686002   70.723785   -0.23784009]
0.47716105;93.24652;-0.25971907;[ 2.1833477  95.85808    -0.22641061]
3.8619475;74.77707;-0.2638019;[ 2.5795407  75.78848    -0.23518197]
3.9468865;74.265465;-0.27562416;[ 2.533923   75.78344    -0.23529676]
2.7068305;87.667564;-0.24310282;[ 2.1952462  90.114845   -0.22924677]
2.6898618;81.44912;-0.24116845;[ 2.3291616  82.96352    -0.23207879]
3.7552192;71.98043;-0.2415399;[ 2.53163    73.13702    -0.23655112]
1.8911011;79.666824;-0.24290586;[ 2.200693   81.644875   -0.23260927]
1.7538409;79.614685;-0.24107005;[ 2.2052407  81.60291    -0.23260081]
2.0879867;72.73111;-0.23803712;[ 2.30117   74.58392   -0.2355443]
1.0079046;86.61574;-0.23806946;[ 2.1484272  88.84384    -0.22924088]
0.95158863;87.04378;-0.23880473;[ 2.1403666  88.755      -0.22928192]
1.7791684;80.13405;-0.23700154;[ 2.2430978  81.50257    -0.23241104]
1.2115707;84.41487;-0.22315174;[ 2.2834127  86.18618    -0.23061712]
2.1294127;73.25689;-0.23671152;[ 2.3389645 74.42163   -0.2354644]
2.2614732;66.020195;-0.2385217;[ 2.3956223  67.44526    -0.23842292]
1.1728461;83.25053;-0.25050706;[ 2.1792026  84.9731     -0.23126304]
1.2204006;82.999825;-0.24521989;[ 2.1963177  84.835335   -0.23145492]
1.0242457;83.17093;-0.23599766;[ 2.237812   84.91593    -0.23117551]
1.76795;76.05857;-0.23734699;[ 2.387063   77.49789    -0.23430997]
1.4609197;76.68677;-0.23499313;[ 2.3337908  77.67036    -0.23425773]
1.845278;69.61441;-0.235434;[ 2.482155   70.267235   -0.23737893]
1.9602731;69.21585;-0.23637372;[ 2.4425786  70.26295    -0.23743477]
2.6545014;75.26899;-0.25035626;[ 2.4581096  76.44372    -0.23485804]
2.7191808;82.010056;-0.2506601;[ 2.3660994  83.6032     -0.23194957]
3.6840363;81.02844;-0.23752563;[ 2.4665906  82.81188    -0.23273374]
1.7514461;79.7995;-0.24813418;[ 2.2025368 81.69775   -0.2325855]
0.21771681;93.40684;-0.26090178;[ 2.004409   96.044975   -0.22668873]
1.1671;86.22274;-0.24016574;[ 2.1674569  88.78883    -0.22964644]
1.9052094;79.63106;-0.2483579;[ 2.2076042  81.77325    -0.23268497]
2.0271459;77.300064;-0.2251405;[ 2.3636026  78.99249    -0.23405364]
1.5116748;80.21021;-0.24085003;[ 2.2428074  81.6829     -0.23254608]
1.8115047;80.07713;-0.2443042;[ 2.1963682  81.84229    -0.23232973]
2.0838559;73.095146;-0.23983064;[ 2.3015814  74.72128    -0.23532864]
0.2810676;93.72417;-0.25565025;[ 1.9966547  96.151146   -0.22643661]
1.429757;86.37654;-0.24247387;[ 2.1549807  88.959785   -0.22933961]
1.6754227;79.83741;-0.24137242;[ 2.2076726 81.862526  -0.2324444]
1.0338718;86.913376;-0.23907998;[ 2.1463535  88.921394   -0.22928666]
1.5449289;80.04895;-0.23882002;[ 2.244548   81.97303    -0.23219755]
1.6395781;84.329056;-0.23160218;[ 2.2786682 85.86677   -0.2306904]
0.5383284;90.1286;-0.25326315;[ 2.2499385 92.239655  -0.2278707]
4.2099967;84.54545;-0.27619177;[ 2.4148316  86.6052     -0.23082784]
1.3491291;83.20995;-0.24487999;[ 2.361158   84.97985    -0.23090875]
4.031268;77.626495;-0.26902407;[ 2.5242856  79.331505   -0.23388211]
1.2255198;83.7388;-0.24163444;[ 2.3908343  84.93705    -0.23076859]
4.197617;78.155655;-0.2599872;[ 2.5556078  79.29902    -0.23372902]
3.9645383;71.28517;-0.2607496;[ 2.6591344  72.16825    -0.23672615]
4.0914526;70.88456;-0.2662686;[ 2.6177518  72.18461    -0.23677304]
3.8870935;81.83662;-0.23890321;[ 2.4030874 83.70715   -0.2322763]
2.9704185;81.26265;-0.23607212;[ 2.409491   83.29894    -0.23228075]
2.981536;70.73917;-0.24607243;[ 2.5588088  71.87706    -0.23676342]
1.9039075;79.98922;-0.2504082;[ 2.1925251  81.68737    -0.23243093]
1.4804206;80.230225;-0.23913598;[ 2.249046   81.69207    -0.23243183]
1.6245319;79.74348;-0.24205479;[ 2.305156   81.467995   -0.23253977]
0.9287598;86.976425;-0.24153043;[ 2.1527898 88.939     -0.229432 ]
1.0285242;90.564865;-0.22306232;[ 2.1397018  93.24125    -0.22799198]
1.8322513;79.81084;-0.24713852;[ 2.204978   81.69103    -0.23252043]
1.4416056;80.11926;-0.23896256;[ 2.2509737 81.85044   -0.2324585]
0.9404296;86.658745;-0.23973624;[ 2.1528134  88.96289    -0.22934705]
1.776761;80.33985;-0.2404072;[ 2.2402248  81.58326    -0.23239636]
1.4952;80.56363;-0.23901446;[ 2.2906928  81.69562    -0.23229598]
1.9023342;73.04209;-0.24399506;[ 2.3928244 74.41442   -0.2353807]
2.044233;73.46995;-0.24005114;[ 2.3391075  74.533394   -0.23536609]
1.715655;73.77802;-0.2395703;[ 2.3851485  74.70742    -0.23528622]
2.1062088;79.876236;-0.23013753;[ 2.3345482 81.55398   -0.2330083]
1.8525336;75.75505;-0.24027732;[ 2.3495843  77.29139    -0.23461111]
1.826443;79.65924;-0.22748013;[ 2.3228252 81.817856  -0.2329738]
1.502238;82.42667;-0.23753971;[ 2.2548823  84.59018    -0.23155558]
1.649607;79.59942;-0.22573918;[ 2.3376276  81.72438    -0.23314527]
1.3913318;80.13058;-0.22639355;[ 2.361141   81.816826   -0.23285984]
1.6271648;80.047226;-0.22681887;[ 2.3704576  81.70072    -0.23295079]
1.6403532;76.0873;-0.2369184;[ 2.3888457 77.417915  -0.234415 ]
1.4813279;76.67021;-0.2365573;[ 2.3289     77.68952    -0.23428912]
1.8133289;69.29146;-0.24000855;[ 2.4894295  70.24743    -0.23754741]
1.7076279;76.27051;-0.24258736;[ 2.2882369  77.70373    -0.23433292]
2.3587656;73.00368;-0.23072267;[ 2.4402037  74.34837    -0.23606068]
1.9593099;68.884636;-0.24068765;[ 2.4493508 70.24083   -0.2376115]
1.9556345;72.85748;-0.22876725;[ 2.4310734  74.57708    -0.23603764]
1.1654959;84.65172;-0.2363296;[ 2.2385805  86.92789    -0.23041047]
1.882093;75.16922;-0.2440509;[ 2.5149617  76.359764   -0.23495354]
0.85780716;85.0114;-0.23476084;[ 2.2864225  86.79986    -0.23039344]
2.67809;77.36064;-0.23726408;[ 2.3968096 78.59633   -0.2342219]
3.3776097;74.28608;-0.238592;[ 2.5630014  75.71078    -0.23573808]
2.2895143;81.98636;-0.25708297;[ 2.3765328 83.14074   -0.2321431]
1.940561;76.989815;-0.24122396;[ 2.4511182  78.6007     -0.23419195]
3.3620777;74.0615;-0.24662752;[ 2.656708   74.705666   -0.23617549]
3.0004807;74.1806;-0.23956352;[ 2.5844228  75.479065   -0.23589057]
1.9149122;75.18118;-0.252056;[ 2.470875  76.08935   -0.2351415]
2.4285347;79.569496;-0.2365642;[ 2.5221038  80.18264    -0.23348656]
1.9900401;70.681885;-0.24365312;[ 2.585513   71.41485    -0.23705865]
3.1008186;71.99722;-0.23599769;[ 2.7957096  72.26988    -0.23730765]
2.0188184;72.99507;-0.2434281;[ 2.6934023  72.50737    -0.23676622]
3.2251086;67.320274;-0.2497788;[ 2.7488422  67.53472    -0.23909394]
3.0086086;67.43867;-0.24227005;[ 2.6769602  68.32712    -0.23879066]
2.0331438;72.64723;-0.24396153;[ 2.3405519 74.42593   -0.2355928]
0.21786976;93.43147;-0.2605887;[ 2.0040793  96.04784    -0.22665116]
1.4932729;86.30906;-0.24147773;[ 2.1616158  88.55866    -0.22968714]
1.7569771;79.86279;-0.24147837;[ 2.3070912 81.17897   -0.2326769]
1.8966787;73.0621;-0.2434147;[ 2.3816962  74.43286    -0.23552966]
2.135583;72.88384;-0.24425556;[ 2.2973697  74.53981    -0.23567243]
0.22127104;91.488976;-0.2309347;[ 2.1415083  94.14528    -0.22747451]
1.2716295;84.600174;-0.23560385;[ 2.2924333  87.011665   -0.23033652]
0.83906806;85.1145;-0.23193567;[ 2.2827508  86.81022    -0.23039928]
1.535027;78.29883;-0.23674916;[ 2.3908029  79.61237    -0.23338072]
1.8607273;79.769806;-0.24215281;[ 2.25174    81.31597    -0.23282991]
1.8336225;72.67009;-0.24506953;[ 2.403081   73.953514   -0.23584466]
1.6042992;72.47206;-0.24444458;[ 2.4142103  73.98963    -0.23578137]
0.17375457;93.51108;-0.26273537;[ 2.0112927  96.06347    -0.22685334]
1.1818595;86.41869;-0.24041513;[ 2.163853  88.726875  -0.2297808]
1.599165;79.411156;-0.24292426;[ 2.310897   81.111084   -0.23293747]
1.1977198;79.212944;-0.24229987;[ 2.321937   81.126625   -0.23288572]
1.22557;86.642166;-0.25594407;[ 2.1158297  88.85491    -0.22985639]
1.59854;79.79664;-0.24041218;[ 2.29635    81.54688    -0.23264188]
0.8405508;87.10446;-0.24368785;[ 2.1512299  88.766655   -0.22975412]
1.678487;80.137794;-0.24124697;[ 2.2983336  81.23628    -0.23278011]
1.6704767;73.10991;-0.24437958;[ 2.4455478 73.95115   -0.2357815]
1.4162853;72.9679;-0.2440148;[ 2.4543843  74.024536   -0.23569958]
1.7868092;73.36371;-0.24253675;[ 2.392572   74.29805    -0.23568232]
1.9699258;72.96967;-0.24313751;[ 2.3512588  74.29569    -0.23575005]
0.49555635;90.07148;-0.25358304;[ 2.2502317  92.284294   -0.22809486]
1.6045;82.79382;-0.24379176;[ 2.4206672 84.55124   -0.2311908]
1.882226;80.38185;-0.23600139;[ 2.511595   81.72848    -0.23253241]
1.8307967;76.05186;-0.24646959;[ 2.5135043  77.40418    -0.23408657]
3.9764256;78.00508;-0.2721172;[ 2.5048914  79.58547    -0.23394294]
1.9341486;80.03603;-0.248656;[ 2.1854393  81.87882    -0.23236227]
2.0106995;72.666855;-0.24411789;[ 2.355354   74.46101    -0.23538028]
1.2154372;86.865524;-0.2542593;[ 2.0890694  89.274216   -0.22930245]
1.9643291;79.92503;-0.2480008;[ 2.1916857  82.034935   -0.23239562]
1.8046658;80.21623;-0.23987909;[ 2.238029   81.95164    -0.23235051]
1.6589954;84.20379;-0.23196943;[ 2.2979887  85.81649    -0.23079632]
1.642403;79.891365;-0.24169114;[ 2.30611    81.62521    -0.23239891]
0.22936678;93.605736;-0.25906387;[ 1.9965833  96.45222    -0.22638515]
1.8177104;84.161064;-0.22367786;[ 2.2510526  86.23289    -0.23087642]
0.9787654;86.73663;-0.23966156;[ 2.1524136  89.04049    -0.22927365]
1.7272258;79.915146;-0.24005805;[ 2.242936   81.82897    -0.23222351]
2.158412;73.395706;-0.24079128;[ 2.3317745  74.6805     -0.23532598]
2.2171326;73.07918;-0.24492903;[ 2.2855196  74.74851    -0.23537894]
1.5296286;80.18378;-0.24043839;[ 2.2985547  81.68809    -0.23248196]
0.17882383;93.674194;-0.26158935;[ 2.0035284  96.46597    -0.22660187]
0.7915008;87.12813;-0.24037723;[ 2.1501307  89.30699    -0.22931555]
1.3913585;86.84188;-0.25671518;[ 2.0995123  89.05844    -0.22968633]
1.7791631;79.71257;-0.24070972;[ 2.2537367  81.66012    -0.23258297]
1.9117342;79.63316;-0.24262457;[ 2.2558155  81.36077    -0.23276813]
0.85184705;86.8197;-0.2403505;[ 2.1558084  89.1256     -0.22944072]
1.7612046;80.39404;-0.24092694;[ 2.2389336  81.8019     -0.23254326]
2.0362406;72.89229;-0.24432527;[ 2.3489923 74.20278   -0.2356618]
2.0461464;83.41115;-0.23280649;[ 2.1984155  87.493065   -0.23161308]
1.7875127;85.655334;-0.24000123;[ 2.1395144  90.41107    -0.23003341]
1.9024315;79.33426;-0.24224718;[ 2.2793882  83.128876   -0.23291527]
2.7806804;77.668365;-0.23754439;[ 2.3807187  79.41996    -0.23382685]
2.4241087;70.30617;-0.24330269;[ 2.5477598  71.64562    -0.23689128]
2.7153738;84.40921;-0.2356241;[ 2.287628   86.61057    -0.23089042]
3.3828354;81.53009;-0.23634462;[ 2.4683568 83.110634  -0.232789 ]
3.1974142;78.62142;-0.23324089;[ 2.6410658  79.575554   -0.23433457]
2.330494;77.04774;-0.24053068;[ 2.4552104  78.79705    -0.23398662]
3.0282872;74.1948;-0.24018162;[ 2.6371946  75.22422    -0.23592897]
3.1320415;74.637505;-0.23863485;[ 2.6234412  75.64854    -0.23563868]
3.2666795;75.13453;-0.23600847;[ 2.6093338 75.76452   -0.2357203]
2.440701;75.12891;-0.23620005;[ 2.5981078  75.829414   -0.23530267]
3.1241326;67.45323;-0.24267334;[ 2.7298505  68.072426   -0.23883292]
1.3533071;86.78248;-0.25445145;[ 2.0977917  89.26902    -0.22947435]
1.6463608;86.34269;-0.24278408;[ 2.1619062  88.6104     -0.22963786]
1.894295;79.47714;-0.24233395;[ 2.2577934 81.63075   -0.2325742]
1.6134233;79.92648;-0.24034272;[ 2.245387   82.01311    -0.23231778]
0.96828556;87.2096;-0.24092434;[ 2.1338742  89.097626   -0.22938599]
1.6612939;84.34224;-0.23292063;[ 2.3017516  85.68729    -0.23093995]
1.9930487;73.1284;-0.24375264;[ 2.3933697  74.49943    -0.23537761]
1.5554445;83.04978;-0.23918998;[ 2.2384784  84.95774    -0.23154713]
1.7759917;84.26901;-0.22278328;[ 2.4091735  85.76652    -0.23159203]
1.7724925;75.741516;-0.24075817;[ 2.3956602  77.33842    -0.23467465]
0.92822313;83.813416;-0.23897114;[ 2.2225883  85.179436   -0.23131877]
1.6416643;80.91246;-0.23026672;[ 2.3900728  81.74575    -0.23289952]
1.7188474;76.528946;-0.23981251;[ 2.3832545  77.5297     -0.23442799]
1.8319117;76.30957;-0.23954986;[ 2.3309765 77.784256  -0.234458 ]
1.6171517;80.37664;-0.22604236;[ 2.3234875  82.15428    -0.23287266]
1.8494098;76.14117;-0.24091661;[ 2.342039   77.535385   -0.23448394]
1.3304907;83.76749;-0.24528253;[ 2.3126132  85.85261    -0.23062803]
3.9671578;78.0015;-0.27180746;[ 2.487294   80.09115    -0.23358414]
3.620161;70.620155;-0.2660464;[ 2.6774893  72.22384    -0.23658174]
0.5428951;90.508194;-0.2503997;[ 2.2180636  93.06109    -0.22768469]
1.5096071;83.562485;-0.24482231;[ 2.3254428  85.74267    -0.23081394]
3.8754058;77.79904;-0.27180162;[ 2.5003188  79.95953    -0.23377934]
1.1337602;87.89436;-0.22412312;[ 2.3990593  89.93722    -0.22906238]
3.603954;77.36141;-0.26592848;[ 2.5844111  79.38478    -0.23367988]
1.1994643;83.43062;-0.24105257;[ 2.398784   85.49559    -0.23034485]
4.066183;77.80512;-0.26158515;[ 2.5619433  79.68026    -0.23341957]
4.0132465;75.023994;-0.24622154;[ 2.748736  76.12177   -0.2352775]
3.9745479;79.73778;-0.23508549;[ 2.736926   81.1385     -0.23329903]
3.8444254;75.3551;-0.24009274;[ 2.7528     76.78649    -0.23488514]
1.8360085;77.1418;-0.24256644;[ 2.4680972  78.40861    -0.23371752]
1.4421315;81.51831;-0.22614437;[ 2.5413873  82.572      -0.23197274]
1.6287326;81.07506;-0.23617719;[ 2.5431707 82.24455   -0.2319273]
1.6350571;76.645004;-0.24471837;[ 2.5614834  77.92904    -0.23348068]
3.513021;71.0515;-0.26334456;[ 2.722349  72.1876    -0.2365238]
1.9749879;76.82179;-0.24466728;[ 2.4197702  78.54197    -0.23374808]
2.8588161;77.87306;-0.24207449;[ 2.3512049  79.57932    -0.23350748]
2.475326;74.87329;-0.24008498;[ 2.5072064  76.316376   -0.23499304]
2.709538;77.68027;-0.24289487;[ 2.4068937 79.45579   -0.2334272]
2.7717934;78.18613;-0.24022783;[ 2.3987818  79.45844    -0.23347867]
3.5494852;82.05976;-0.23913538;[ 2.4303985  83.6605     -0.23240231]
3.881894;77.60802;-0.263445;[ 2.4214778  78.97411    -0.23409794]
2.6380029;77.848785;-0.24009664;[ 2.4105244  79.43478    -0.23372301]
2.635015;75.34122;-0.23768705;[ 2.5646105  76.08759    -0.23530538]
2.721582;74.97992;-0.23769708;[ 2.5180123  76.19102    -0.23533106]
1.8917454;79.728355;-0.24165323;[ 2.2556717  81.64619    -0.23258588]
0.92045355;87.36806;-0.24218361;[ 2.1398046 89.21032   -0.2294747]
1.7303926;80.1211;-0.24055012;[ 2.2971714 81.64325   -0.232526 ]
1.4767933;80.56749;-0.23882556;[ 2.2847946  82.01893    -0.23227258]
1.9626096;73.37912;-0.24286777;[ 2.3905063  74.49894    -0.23541674]
1.7722383;80.279274;-0.25041324;[ 2.1842031  82.15087    -0.23241462]
0.51737463;90.56343;-0.25230226;[ 2.226098  92.93439   -0.2280064]
3.9932919;82.011986;-0.24588522;[ 2.5772123  83.698006   -0.23236352]
1.6983138;83.322464;-0.24358544;[ 2.3908217  85.02232    -0.23120746]
4.042794;82.29084;-0.24437661;[ 2.5719035  83.78463    -0.23230383]
1.1406844;83.50152;-0.24152812;[ 2.403513   85.48184    -0.23060533]
3.7491508;75.12528;-0.24678417;[ 2.7336903  76.37145    -0.23526533]
3.0401378;70.86813;-0.2635622;[ 2.7218792  72.05608    -0.23673744]
4.079757;79.97752;-0.23309742;[ 2.7445126  81.11782    -0.23356968]
4.257367;75.58997;-0.23881757;[ 2.745555   76.807945   -0.23505042]
3.8382387;78.40197;-0.26122633;[ 2.5464733 79.75382   -0.2339322]
1.7552367;76.95304;-0.24530804;[ 2.533834   77.68398    -0.23411685]
1.3184803;83.82334;-0.24682917;[ 2.321264   85.720024   -0.23095492]
4.0371833;78.05516;-0.27412882;[ 2.4967897  79.92821    -0.23393734]
4.003279;75.27083;-0.24794361;[ 2.6701522  76.511856   -0.23528413]
2.85293;70.89482;-0.26595452;[ 2.6622012  72.0321     -0.23711857]
2.0559957;77.489456;-0.24258117;[ 2.4235723  78.99592    -0.23396872]
2.0986552;70.71659;-0.24776486;[ 2.5581422  72.03259    -0.23664919]
2.6934185;78.247314;-0.24103166;[ 2.4052613  79.481895   -0.23371762]
2.5521216;70.710304;-0.24647118;[ 2.5105634  72.12166    -0.23670591]
1.4875206;79.47375;-0.2218871;[ 2.3815331  81.05378    -0.23329714]
1.5973991;79.17602;-0.22140466;[ 2.3678513  81.251396   -0.23329464]
0.29580402;83.42672;-0.22857729;[ 2.2471082 84.5814    -0.2313793]
1.5459489;79.528076;-0.22271985;[ 2.3821652  80.98348    -0.23334189]
1.623011;73.106155;-0.22434103;[ 2.519597   73.744255   -0.23621617]
1.7294139;72.73251;-0.22443315;[ 2.4737842  73.88654    -0.23620914]
1.758722;72.78684;-0.22525212;[ 2.474494   73.81664    -0.23625255]
1.1623644;79.80002;-0.23299748;[ 2.3220565  80.998726   -0.23286888]
1.610363;77.2714;-0.22471575;[ 2.4546194  77.971855   -0.23442923]
1.7391781;76.60837;-0.22764617;[ 2.3987904  77.99087    -0.23459421]
1.2454747;83.61302;-0.24600843;[ 2.186566   85.3996     -0.23121272]
1.0179863;83.620186;-0.23678812;[ 2.2316244  85.21848    -0.23112139]
0.91851103;84.079765;-0.2376907;[ 2.219334   85.239334   -0.23115371]
2.6037445;80.81364;-0.23353164;[ 2.3702798  82.338005   -0.23276669]
2.4096956;66.91905;-0.24177173;[ 2.6727993  67.44888    -0.23883155]
0.21991861;90.14142;-0.2542935;[ 2.078195   92.41239    -0.22824031]
1.7239907;75.75934;-0.23747006;[ 2.3435943  77.61171    -0.23456939]
1.0940163;83.30209;-0.23673548;[ 2.2329879  85.016      -0.23112726]
1.5098269;79.90101;-0.22719708;[ 2.3780553  81.97253    -0.23274451]
2.0693498;73.70567;-0.23045826;[ 2.4722044  74.56965    -0.23585753]
1.6638553;80.33568;-0.22643025;[ 2.362944  82.044136  -0.2327516]
1.920049;76.48299;-0.24316418;[ 2.2728024  77.98431    -0.23427981]
1.9892166;69.01745;-0.23915002;[ 2.436402   70.46812    -0.23746526]
1.1578181;81.48688;-0.23047835;[ 2.305233   83.2815     -0.23198685]
1.6065912;82.833115;-0.23951727;[ 2.2464557 84.820755  -0.2316193]
1.7366112;76.38676;-0.23791294;[ 2.3852234  77.56077    -0.23449081]
1.576278;76.327614;-0.23868728;[ 2.3878734  77.60992    -0.23450866]
1.8218652;76.235886;-0.23974255;[ 2.337277   77.60618    -0.23448157]
1.862384;76.09224;-0.23997873;[ 2.3388774  77.644554   -0.23453198]
1.7310479;75.95791;-0.2396524;[ 2.3468056  77.61866    -0.23455891]
1.8563836;76.493576;-0.23776573;[ 2.3294427  77.9948     -0.23406371]
1.8371204;76.43662;-0.23815309;[ 2.3378522  77.73313    -0.23415747]
1.2242059;83.60782;-0.24162112;[ 2.1809812  85.52933    -0.23112376]
1.6895721;76.238754;-0.23602763;[ 2.3441522  77.8014     -0.23427942]
1.5517793;83.15425;-0.2391203;[ 2.2385416  85.16433    -0.23116523]
1.7236807;76.44997;-0.23855966;[ 2.3806877  77.93242    -0.23403369]
1.7832015;76.82889;-0.23623247;[ 2.3793676  77.715935   -0.23410565]
1.6524335;76.80422;-0.23873119;[ 2.3715994  78.025795   -0.23400363]
1.9097794;69.49695;-0.23737475;[ 2.437158   70.65974    -0.23717456]
3.0265388;77.72597;-0.23268022;[ 2.5348086 78.728424  -0.2343936]
2.6767795;78.62256;-0.24816325;[ 2.4535747  79.62417    -0.23363654]
3.0904255;74.36682;-0.2352419;[ 2.5207417  74.84603    -0.23562565]
3.7153945;71.33263;-0.23982891;[ 2.6578875  72.03011    -0.23726514]
2.935062;66.662186;-0.24234632;[ 2.6421263  67.20023    -0.23901576]
3.592702;70.94673;-0.23896192;[ 2.641374   71.812164   -0.23727234]
3.7455335;66.39834;-0.25699985;[ 2.6498647  66.9932     -0.23907687]
1.9179324;80.26247;-0.23217463;[ 2.329879   81.78354    -0.23279236]
1.5690899;82.7329;-0.23986053;[ 2.2505257 84.64764   -0.2315079]
2.0441942;80.10298;-0.23071991;[ 2.334701   81.82096    -0.23294502]
0.21714914;90.129486;-0.25309414;[ 2.0774271  92.43864    -0.22821866]
1.1213233;83.2534;-0.23673141;[ 2.2318697  85.0301     -0.23111942]
1.738674;80.625015;-0.23142725;[ 2.37463   81.70405   -0.2327633]
0.9387878;83.71099;-0.23731461;[ 2.2168736  85.14888    -0.23110321]
1.6513767;76.47472;-0.23643461;[ 2.3874185 77.63526   -0.2342127]
1.4311534;80.459625;-0.22661139;[ 2.3620288  81.94125    -0.23274948]
1.9696221;76.46893;-0.2436585;[ 2.2709773  78.12238    -0.23415491]
1.4720268;83.2812;-0.22468536;[ 2.315179   85.15693    -0.23160823]
1.6501583;79.1626;-0.23447844;[ 2.33239    80.90036    -0.23319018]
1.4688957;83.09739;-0.2247761;[ 2.3070056  85.13027    -0.23171124]
1.399373;83.59737;-0.22644694;[ 2.3243277  84.9963     -0.23158683]
1.8824531;76.14251;-0.23067094;[ 2.4863236  77.40949    -0.23495424]
1.7369207;72.354965;-0.23505561;[ 2.4799602  73.54169    -0.23616208]
1.6382716;76.514656;-0.2253587;[ 2.433795 78.11611  -0.234516]
2.1562908;73.85308;-0.22773361;[ 2.6127186  74.34681    -0.23624238]
1.9068912;76.856125;-0.22872521;[ 2.416637   77.8274     -0.23450029]
1.8182596;72.52288;-0.23639111;[ 2.4299746 73.50803   -0.2361423]
1.8841708;65.076324;-0.24202648;[ 2.5867138  66.078125   -0.23942378]
0.23784828;88.21344;-0.2290355;[ 2.2165284  90.45757    -0.22901104]
1.668585;78.20901;-0.2402608;[ 2.5065525  79.24158    -0.23391114]
1.5942814;80.64357;-0.23394144;[ 2.3921063  82.75588    -0.23226587]
0.9812312;81.817566;-0.229955;[ 2.3567784  83.14121    -0.23191871]
1.7447842;71.84067;-0.24211513;[ 2.6392622  72.09334    -0.23676504]
1.681382;74.29599;-0.23719607;[ 2.5254793  75.59213    -0.23512584]
1.1561235;81.47323;-0.23199236;[ 2.308998   83.280266   -0.23192808]
3.5398738;77.42399;-0.23563537;[ 2.5348325  79.406654   -0.23431341]
2.455407;78.54607;-0.24968861;[ 2.4566379  79.68188    -0.23368199]
3.7917604;73.098755;-0.25602448;[ 2.5564415  74.526695   -0.23610218]
2.319014;77.59372;-0.2310082;[ 2.5219028  78.93627    -0.23442605]
2.5902948;73.301865;-0.23821676;[ 2.5467722  74.443245   -0.23606876]
2.8708112;73.94069;-0.23649664;[ 2.5289373 74.839966  -0.2356372]
2.4803324;72.13104;-0.2462805;[ 2.5940213  72.45152    -0.23653889]
2.359655;71.18809;-0.23513182;[ 2.659829   71.664276   -0.23732206]
2.8304396;74.12427;-0.23609047;[ 2.4650364  75.19334    -0.23563801]
2.6740425;70.99182;-0.23647112;[ 2.6278744  71.654396   -0.23723958]
0.21416044;90.148834;-0.25222328;[ 2.0747528  92.50889    -0.22818184]
1.5750326;82.67115;-0.23921493;[ 2.2518528  84.62006    -0.23151426]
1.8438917;75.74324;-0.23964082;[ 2.3431065  77.56933    -0.23457408]
1.1317985;83.261894;-0.23700345;[ 2.2341552  84.9809     -0.23114562]
1.7069215;76.35658;-0.23746571;[ 2.32633    77.89211    -0.23421328]
1.713011;76.3664;-0.23617952;[ 2.3888278  77.648415   -0.23425728]
1.7219522;80.63449;-0.22981922;[ 2.3766663 81.73664   -0.2327251]
2.1372178;73.70153;-0.23335594;[ 2.4715116  74.570564   -0.23582843]
1.3810833;85.10428;-0.22508682;[ 2.3746924  87.20667    -0.23054032]
1.5772364;80.68469;-0.23349385;[ 2.392724   82.72898    -0.23226061]
1.706994;71.64006;-0.2427739;[ 2.6460683  72.04955    -0.23674616]
1.1603744;81.54396;-0.2310732;[ 2.3093421 83.39724   -0.2319003]
1.7676386;78.36271;-0.22406308;[ 2.446884   80.28083    -0.23346981]
1.888891;78.36328;-0.22800687;[ 2.4667215 80.03173   -0.2334615]
0.17488098;90.236565;-0.25646606;[ 2.0841973  92.46877    -0.22840516]
1.6709679;83.15278;-0.23922698;[ 2.23708   84.82482   -0.2314853]
1.869151;80.067024;-0.23175406;[ 2.3924148  81.42201    -0.23313408]
1.7639724;76.33694;-0.23813573;[ 2.3816402 77.60525   -0.2343294]
1.6344442;76.64661;-0.2369997;[ 2.381038   77.69903    -0.23436287]
1.8214424;69.42935;-0.24310005;[ 2.5284338 70.235275  -0.2374466]
1.8983306;80.3275;-0.23203282;[ 2.3369856  81.84472    -0.23293486]
0.21592474;86.73493;-0.2469163;[ 2.1646748  88.44214    -0.22996464]
1.5776986;79.15051;-0.23417284;[ 2.3399587 80.68174   -0.2332191]
1.5776231;82.82469;-0.22497354;[ 2.296833   85.26364    -0.23174411]
1.6883956;76.07365;-0.2276375;[ 2.389325   77.97569    -0.23467417]
0.2128849;86.7107;-0.2445635;[ 2.1614034  88.54937    -0.22988817]
1.9469824;80.24748;-0.22400478;[ 2.4760613  81.59396    -0.23335402]
1.9341661;75.90224;-0.2289359;[ 2.4834237  77.30932    -0.23503824]
0.95021075;80.284805;-0.23325506;[ 2.3009555 81.26954   -0.2327665]
1.8845053;65.06695;-0.24202648;[ 2.5868664  66.07537    -0.23942384]
1.3112689;82.96873;-0.2253936;[ 2.2993884 85.133354  -0.2317491]
1.4565136;83.31151;-0.22540343;[ 2.3049102  85.094246   -0.23174025]
1.1860346;79.817;-0.23233554;[ 2.3195395  81.024605   -0.23287106]
1.5513607;76.364716;-0.22490928;[ 2.4596717  77.916954   -0.23456468]
1.7635105;72.80985;-0.23301451;[ 2.4730742  73.66868    -0.23602036]
1.6925437;76.227196;-0.22773007;[ 2.3917847  77.96283    -0.23465963]
1.8534888;72.47557;-0.23465265;[ 2.428328  73.735664  -0.2360573]
1.176803;83.46423;-0.24547783;[ 2.1691358  85.352325   -0.23105624]
1.8432804;76.21509;-0.23696204;[ 2.3405712  77.49659    -0.23423596]
1.8724569;76.1295;-0.2377768;[ 2.3374162  77.58713    -0.23426925]
1.3966055;83.286514;-0.24313582;[ 2.1812444 85.24216   -0.2312742]
1.9125962;75.9489;-0.23631282;[ 2.3401175  77.67376    -0.23443057]
1.1417121;83.30945;-0.23574889;[ 2.2364845 84.97196   -0.2311147]
1.6372885;76.40309;-0.23552395;[ 2.3301525  77.87385    -0.23421279]
1.7706826;76.09582;-0.23825227;[ 2.3862488  77.50746    -0.23428667]
1.9396584;69.22365;-0.2394293;[ 2.4787188  70.4879     -0.23729974]
1.6795744;80.69624;-0.22485307;[ 2.3221204  82.4087     -0.23258351]
1.4001261;80.56952;-0.22682245;[ 2.3619025  81.970116   -0.23270322]
1.802777;76.464676;-0.23565088;[ 2.3827138  77.50601    -0.23423526]
1.9094734;76.54651;-0.2404974;[ 2.2742257 78.07402   -0.2341799]
2.03901;69.20889;-0.23747487;[ 2.4339626  70.514435   -0.23732598]
2.0248797;69.30722;-0.23693773;[ 2.4339137  70.42057    -0.23731773]
1.6597656;82.81229;-0.24070486;[ 2.2483962 84.74258   -0.2316321]
1.7730894;75.74179;-0.24075817;[ 2.3955524  77.34504    -0.23466854]
1.8565978;76.07208;-0.24069001;[ 2.3410497 77.58155   -0.2345329]
2.0066042;73.19495;-0.23237295;[ 2.4977546  74.268295   -0.23612107]
1.8817555;68.9999;-0.24320173;[ 2.488856   70.20365    -0.23755896]
1.1965883;86.28107;-0.22268555;[ 2.1776867  89.54264    -0.23028603]
1.8716896;79.28842;-0.22911225;[ 2.3350542  82.31141    -0.23322785]
1.5433358;86.00951;-0.22355828;[ 2.2411833  89.60082    -0.23016323]
0.83221734;86.74036;-0.22133;[ 2.2228715  89.81361    -0.23001873]
3.5528119;83.60054;-0.22885838;[ 2.3883078  86.06226    -0.23135309]
5.2391014;73.866;-0.229617;[ 2.764853  74.18482   -0.2367488]
3.4931455;76.87728;-0.23300897;[ 2.4824517  78.78207    -0.23440441]
2.745561;74.92564;-0.24255288;[ 2.4829295 75.46528   -0.2351352]
0.225258;91.99084;-0.22645693;[ 2.1192427  95.1227     -0.22740436]
1.4953941;85.07912;-0.22921684;[ 2.2345457  87.98913    -0.23037215]
1.6134527;78.89024;-0.23485534;[ 2.416052   81.05313    -0.23303747]
1.5618143;81.082115;-0.22790787;[ 2.3744226  83.783554   -0.23217237]
0.8137928;82.14424;-0.22557807;[ 2.334047   84.27163    -0.23182912]
1.4901028;85.19306;-0.22017369;[ 2.3530333  88.040245   -0.23062636]
1.5580839;81.07562;-0.22714995;[ 2.3768198  83.66592    -0.23231158]
3.156713;74.99993;-0.23101234;[ 2.6085238 76.052605  -0.2352427]
0.72812974;82.18558;-0.22583504;[ 2.337562   84.19674    -0.23186852]
2.3056874;71.201324;-0.2405664;[ 2.6189425  71.328514   -0.23706758]
1.7908107;78.44174;-0.22065891;[ 2.430372   81.063385   -0.23361361]
3.683663;79.63933;-0.2262065;[ 2.603178   81.64979    -0.23341258]
2.7086215;76.532166;-0.23850241;[ 2.7307274  78.47295    -0.23477139]
3.5010715;74.00456;-0.22623673;[ 2.7197204 75.22845   -0.2360973]
1.9549643;75.52347;-0.23626459;[ 2.7890983  76.366035   -0.23509456]
2.7627966;70.33745;-0.24193986;[ 2.8673017  71.56164    -0.23746249]
2.55678;66.05779;-0.25611317;[ 2.8784637  66.46066    -0.23937267]
3.7316837;72.91395;-0.2299418;[ 2.6969428  74.40576    -0.23641655]
2.6244445;65.49191;-0.25587672;[ 2.8407173  66.04868    -0.23969907]
2.8044243;74.88636;-0.24255118;[ 2.4920835  75.76883    -0.23505425]
0.21111846;91.89255;-0.22605167;[ 2.123973 95.208916 -0.227323]
1.3940122;85.022095;-0.22781418;[ 2.2294562  87.95544    -0.23044054]
0.7300594;85.61267;-0.22922496;[ 2.2612185  88.22248    -0.23009641]
1.9306825;78.298836;-0.230849;[ 2.323084  80.68892   -0.2334798]
1.569453;80.93197;-0.22816189;[ 2.3805344  83.621315   -0.23232326]
1.1632801;81.7249;-0.22642751;[ 2.296164   84.04192    -0.23205051]
1.8323526;74.20889;-0.23256986;[ 2.4734173  76.371925   -0.23534879]
3.2759137;82.96249;-0.22913149;[ 2.376737  86.37633   -0.2313749]
1.9248924;78.596344;-0.17714128;[ 2.7036176  80.18747    -0.23141265]
3.1921842;76.24043;-0.23319614;[ 2.4700048  79.069374   -0.23446459]
1.1860316;85.125534;-0.22849657;[ 2.2149153  87.89912    -0.23037627]
1.4505085;84.92025;-0.2302314;[ 2.2332635  87.95324    -0.23039716]
1.3101261;85.234726;-0.22959712;[ 2.279996  88.09869   -0.2301917]
2.54503;75.04947;-0.24143493;[ 2.4743226 76.11628   -0.2348698]
2.8489337;79.70026;-0.22012205;[ 2.5210373  81.14718    -0.23285656]
1.866215;81.47389;-0.23604542;[ 2.4726381  83.098015   -0.23242079]
1.5161984;79.05043;-0.22400644;[ 2.6085858  80.492256   -0.23355973]
1.4554608;75.02768;-0.23907733;[ 2.6024644 76.32508   -0.2350404]
1.5380287;78.87959;-0.23503636;[ 2.420403  80.88033   -0.2332658]
2.1179612;75.32319;-0.23941228;[ 2.603448   76.26735    -0.23507306]
1.153576;85.32677;-0.22966495;[ 2.229536   87.895424   -0.23060156]
1.2235248;86.57234;-0.25221595;[ 2.097299 88.63583  -0.229446]
1.8269109;79.51471;-0.2428476;[ 2.2066548  81.58711    -0.23260728]
1.1566367;86.5421;-0.23962325;[ 2.1556003  88.484024   -0.22951661]
1.5689719;79.70231;-0.23893979;[ 2.252082  81.5378    -0.2324702]
1.7122382;79.65546;-0.23894678;[ 2.2505271  81.34638    -0.23262897]
0.87725925;87.059975;-0.23739226;[ 2.1411176  88.64814    -0.22933808]
1.5698154;80.1686;-0.23684855;[ 2.245429   81.56576    -0.23232675]
1.7270592;80.14403;-0.23690292;[ 2.243021   81.38339    -0.23249026]
2.0634365;73.27248;-0.23659506;[ 2.338725   74.49674    -0.23540017]
1.6047566;79.6102;-0.22964945;[ 2.4984064  81.70048    -0.23239562]
1.3244591;83.003746;-0.2488105;[ 2.3492923  84.74106    -0.23088285]
3.929444;77.20105;-0.27378607;[ 2.5254674  79.01535    -0.23403355]
3.938;80.84398;-0.24013163;[ 2.5651522  83.15564    -0.23252136]
4.1948957;78.59159;-0.23475564;[ 2.7568717  79.68474    -0.23422793]
1.2993085;82.80641;-0.2421782;[ 2.4099262  84.627495   -0.23091663]
3.9700174;70.958725;-0.26129496;[ 2.6593347  71.89704    -0.23683466]
2.5947812;74.114685;-0.23276205;[ 2.4994926  75.956635   -0.23538521]
3.1005645;77.33534;-0.24101478;[ 2.3640304  78.85423    -0.23380971]
3.05088;84.06613;-0.23995768;[ 2.2725708  86.033005   -0.23088032]
2.5887656;80.7999;-0.22959065;[ 2.4064045  83.15275    -0.23242585]
2.8656464;77.19061;-0.2398897;[ 2.4193065  78.765594   -0.23387171]
2.8216624;70.26542;-0.24305369;[ 2.5079944  71.73655    -0.23697081]
2.6567683;75.058685;-0.22892034;[ 2.5466957  76.37098    -0.23512563]
2.937868;70.392136;-0.24321924;[ 2.462515   71.65905    -0.23693392]
1.9117126;79.60161;-0.2517097;[ 2.198941   81.33007    -0.23254463]
2.0869594;76.37483;-0.22830126;[ 2.335798   78.403786   -0.23410887]
1.6300609;83.45801;-0.2239593;[ 2.2497215  86.01952    -0.23095223]
1.7229897;79.88215;-0.23974472;[ 2.2475295  81.425766   -0.23255847]
0.84894085;90.07231;-0.22246079;[ 2.1444912  92.968575   -0.22808364]
1.7391342;83.06005;-0.22552484;[ 2.242646   85.600136   -0.23114984]
1.0604966;86.219;-0.24070954;[ 2.16284    88.47555    -0.22961664]
1.8359255;72.808;-0.24240121;[ 2.3839855  74.55449    -0.23548579]
1.6168399;79.777725;-0.24058136;[ 2.2504609  81.42011    -0.23247938]
2.143865;72.86979;-0.24237289;[ 2.3408532  74.38345    -0.23555233]
1.8365647;77.31691;-0.22445132;[ 2.383208   78.82227    -0.23384629]
3.4237766;74.230865;-0.2378508;[ 2.5450711  75.69694    -0.23572753]
2.3441305;75.01649;-0.25239506;[ 2.474874   75.92351    -0.23510975]
3.6812675;69.8074;-0.25859836;[ 2.5759697  70.635414   -0.23755915]
2.7255225;83.63324;-0.2363835;[ 2.316081   85.32675    -0.23137699]
3.4530766;80.8026;-0.23604812;[ 2.4772873  82.53787    -0.23281614]
2.3598418;81.01509;-0.22533055;[ 2.45819    82.81874    -0.23272341]
2.6261702;79.09421;-0.23496728;[ 2.530691  80.019295  -0.2336949]
2.4436188;74.28537;-0.22801116;[ 2.5496323  75.635475   -0.23565763]
3.4680643;74.577736;-0.23661669;[ 2.613339  75.33956   -0.2356678]
2.377592;74.83829;-0.22658479;[ 2.5912635  75.6691     -0.23555934]
1.3693691;85.98151;-0.24139677;[ 2.1827352  88.30997    -0.22986357]
2.116805;79.14384;-0.2514128;[ 2.204484   81.46219    -0.23286839]
1.5055213;79.24504;-0.2415861;[ 2.3210437  81.22837    -0.23281369]
2.30804;72.351685;-0.24346446;[ 2.3409622 74.423584  -0.2357648]
2.106122;76.76215;-0.22526212;[ 2.3534977  78.78121    -0.23412621]
2.3383155;72.93746;-0.24151096;[ 2.335907   74.386246   -0.23565468]
1.6272793;78.51101;-0.23469432;[ 2.3535166  80.12664    -0.23353037]
1.383134;81.95073;-0.22508438;[ 2.3070807  84.61222    -0.23203136]
1.346164;75.16092;-0.22786617;[ 2.4505506  77.42654    -0.23501399]
1.5528424;76.09861;-0.2247364;[ 2.4493635  77.54102    -0.23473825]
1.154045;79.43363;-0.24483882;[ 2.274756   80.557884   -0.23316139]
1.7317834;75.21358;-0.22757657;[ 2.3986778  77.435165   -0.23496392]
1.8247812;75.55031;-0.2259071;[ 2.4082344  77.479546   -0.23484954]
1.733907;75.22082;-0.22757657;[ 2.3988364  77.431694   -0.23496382]
1.1595476;79.25802;-0.23352937;[ 2.3304706 80.49897   -0.2331936]
1.489916;75.439285;-0.22658974;[ 2.457941   77.43767    -0.23494741]
1.5854642;76.06663;-0.22581363;[ 2.448019  77.49824   -0.2347803]
1.8066853;75.54221;-0.22678593;[ 2.4058723  77.45515    -0.23489216]
2.0048976;72.245125;-0.22420645;[ 2.5561762  74.17812    -0.23658603]
0.20647049;86.16438;-0.24872315;[ 2.1834092  87.73534    -0.23023131]
1.5126028;82.6636;-0.22439618;[ 2.3361335  84.40502    -0.23191911]
1.622174;78.543076;-0.23469432;[ 2.3506157  80.178505   -0.23353483]
1.291159;82.265656;-0.22347443;[ 2.311545   84.712746   -0.23190057]
2.119831;75.72078;-0.22579423;[ 2.4803724  77.19307    -0.23489751]
2.0116785;76.41853;-0.22558165;[ 2.470241   77.268486   -0.23473248]
1.1519581;79.433586;-0.24483882;[ 2.274726   80.559135   -0.23316067]
1.7965692;75.55036;-0.2259071;[ 2.407629   77.4889     -0.23485327]
1.6817764;75.58044;-0.22584863;[ 2.404721   77.52332    -0.23485479]
2.0585153;72.245125;-0.22420645;[ 2.5561426  74.178734   -0.23658587]
1.7577162;68.140976;-0.23038518;[ 2.5667086  70.01593    -0.23819174]
3.6001391;76.9346;-0.23595232;[ 2.5628529  78.44599    -0.23465219]
2.3115668;76.528625;-0.22861439;[ 2.5294409  78.371315   -0.23476216]
2.8802464;73.31297;-0.23507932;[ 2.5482407  74.10652    -0.23606236]
3.7655492;65.8807;-0.25349697;[ 2.714937  66.46245   -0.2395003]
3.6133096;70.55182;-0.23928858;[ 2.6600864 71.59367   -0.2375463]
3.603478;70.71592;-0.23658219;[ 2.6977017  71.28846    -0.23747373]
3.5830526;70.002625;-0.24053802;[ 2.6182325  71.54544    -0.23765409]
3.553586;70.20381;-0.23826528;[ 2.654337  71.2677    -0.2375811]
3.852492;65.96847;-0.2570648;[ 2.6681437  66.42625    -0.23942134]
1.1728112;82.85634;-0.25098136;[ 2.187675   84.55517    -0.23142616]
1.876842;75.73268;-0.23723894;[ 2.3395486  77.3845     -0.23451419]
1.3640413;79.59924;-0.22768003;[ 2.3617976 81.53306   -0.2330227]
1.3086852;79.68756;-0.22583014;[ 2.3584561  81.634186   -0.23294857]
1.8301878;79.601135;-0.22855885;[ 2.3231554  81.733925   -0.23303597]
0.2127403;89.960945;-0.2545655;[ 2.0891626  92.07479    -0.22839513]
0.8231152;83.71707;-0.23679973;[ 2.2247112  84.91614    -0.23121004]
1.5952779;80.12578;-0.22742784;[ 2.3649273 81.78411   -0.2329275]
2.5557344;76.7742;-0.23240665;[ 2.5386922  78.24435    -0.23471963]
2.1992517;65.88918;-0.24365145;[ 2.6972265  66.74509    -0.23939714]
1.1713667;82.825775;-0.25320256;[ 2.1875803  84.54287    -0.23142794]
1.6756575;78.91927;-0.22555012;[ 2.3251808  81.56922    -0.23323858]
1.7751479;75.67938;-0.2382602;[ 2.3365612  77.37397    -0.23456171]
1.4154227;79.939445;-0.22511928;[ 2.3669283  81.62867    -0.23289256]
0.97065294;80.62012;-0.22891667;[ 2.3799767  82.34895    -0.23237108]
1.6795572;73.92099;-0.23608905;[ 2.5334778  75.13672    -0.23535824]
1.6479944;77.43053;-0.22263718;[ 2.4560282  79.62856    -0.23384035]
0.1666522;89.63318;-0.25888133;[ 2.1001825  91.755104   -0.22873001]
1.5688299;82.358795;-0.23921755;[ 2.2590811  84.20128    -0.23186654]
1.4670842;82.051285;-0.24041003;[ 2.2698512  84.14332    -0.23199582]
1.6816484;75.55153;-0.23878427;[ 2.3975947  77.099396   -0.23482923]
1.5888411;75.842415;-0.23932315;[ 2.4006455  77.05842    -0.23479995]
1.8698573;75.62801;-0.23979081;[ 2.350643   77.02566    -0.23479448]
1.8038958;75.320496;-0.24146052;[ 2.3615105  76.97053    -0.23492229]
2.8607635;80.15791;-0.2335891;[ 2.398465   81.41409    -0.23306546]
3.5407085;76.94982;-0.23606825;[ 2.530868  78.86041   -0.2346136]
3.7287245;76.94725;-0.2348348;[ 2.529867   78.89735    -0.23458351]
2.8939161;69.98535;-0.23600501;[ 2.6824498  71.03025    -0.23774019]
2.807391;73.93677;-0.23398438;[ 2.5323265  74.25757    -0.23590054]
2.2606518;70.311966;-0.23321131;[ 2.6600046  71.20556    -0.23763758]
2.9720728;70.02985;-0.23466995;[ 2.6356351  70.99673    -0.23766837]
1.8842427;75.21518;-0.24088444;[ 2.35541    76.94432    -0.23475705]
1.9113911;75.03964;-0.24096529;[ 2.3535311  77.09478    -0.23488241]
1.0698123;82.66237;-0.23783508;[ 2.2434065  84.46339    -0.23147494]
1.7398568;75.71846;-0.2382602;[ 2.3356755  77.38624    -0.23456901]
1.8785992;79.22128;-0.2295525;[ 2.3934534  81.14643    -0.23319636]
1.7891974;72.75559;-0.22947064;[ 2.4588547 74.39268   -0.2361155]
1.7011644;76.34911;-0.23779261;[ 2.3277612 77.42121   -0.2344157]
2.668531;72.420044;-0.23263167;[ 2.4368608 74.022804  -0.2362584]
2.1222603;68.30885;-0.24335791;[ 2.4453719  69.9231     -0.23780583]
1.6636292;70.82919;-0.24324824;[ 2.660027   71.51371    -0.23727971]
1.380343;77.9154;-0.22281024;[ 2.4897647  79.77919    -0.23371002]
1.7664484;71.40633;-0.2412833;[ 2.6534443 71.47277   -0.2371416]
1.6968921;77.361916;-0.2237541;[ 2.448713   79.722534   -0.23381764]
1.1647059;83.31764;-0.24645229;[ 2.1813853 84.954094  -0.2312454]
1.6537472;79.849915;-0.22779265;[ 2.3138278 81.87583   -0.2328833]
1.8862373;75.9966;-0.23847681;[ 2.346933   77.22763    -0.23445812]
1.7250078;75.85935;-0.23604278;[ 2.3502872  77.35744    -0.23457946]
0.82668984;83.80438;-0.2350762;[ 2.2254796 84.97603   -0.231132 ]
1.7169329;76.55925;-0.2350078;[ 2.3824775  77.48177    -0.23419452]
1.4928343;79.20677;-0.22608726;[ 2.3786912  81.3029     -0.23333426]
1.684895;68.43334;-0.24368142;[ 2.5497613  69.67948    -0.23793542]
1.7163562;69.006004;-0.24174987;[ 2.5429327  69.65578    -0.23782875]
1.5610808;80.087395;-0.23325005;[ 2.4006894  82.141335   -0.23262964]
1.6894884;73.39364;-0.23828176;[ 2.5403812  75.1267     -0.23553008]
0.7288319;81.33824;-0.22794057;[ 2.3652525  82.48781    -0.23219487]
1.7870438;77.98017;-0.22555989;[ 2.514593   79.30546    -0.23379971]
1.7186203;77.39637;-0.22373097;[ 2.4559693  79.585304   -0.23386589]
2.90236;81.68999;-0.23251803;[ 2.4443662  83.486496   -0.23215476]
2.8516436;76.16445;-0.23824985;[ 2.7144976  77.36379    -0.23512875]
3.8330855;79.64871;-0.22576879;[ 2.5697975  81.57841    -0.23342982]
3.2848713;76.72742;-0.23795591;[ 2.6923854  78.207085   -0.23494744]
3.499089;72.69744;-0.22802663;[ 2.731006   74.139      -0.23633568]
3.3824825;72.58715;-0.2279561;[ 2.6840005  73.94876    -0.23640826]
3.5344396;72.968124;-0.22918788;[ 2.6655695  74.33737    -0.23641632]
2.2019436;75.06259;-0.23459741;[ 2.717021   75.5796     -0.23554094]
2.9176145;70.04682;-0.24140726;[ 2.7879915  70.971924   -0.23792827]
1.4166931;84.09909;-0.2340386;[ 2.2523627  86.434105   -0.23074412]
0.73705876;84.76378;-0.2324551;[ 2.285285   86.518      -0.23044738]
1.6607165;77.87782;-0.23506325;[ 2.385901  79.29354   -0.2335734]
2.437634;74.75049;-0.25355035;[ 2.474408   75.77242    -0.23523854]
3.3278484;73.60089;-0.24123654;[ 2.580628   75.17221    -0.23610266]
2.4592643;81.48006;-0.25483072;[ 2.3840208  82.912      -0.23232132]
3.2490368;73.57289;-0.24457012;[ 2.6720543  74.04097    -0.23666821]
3.5216317;75.050186;-0.23418291;[ 2.5995712  75.895935   -0.23554912]
3.49437;74.28071;-0.23826031;[ 2.61564    75.15648    -0.23582718]
2.1037474;68.42276;-0.2530893;[ 2.6002223  68.864204   -0.23813859]
3.8152905;70.06508;-0.25424877;[ 2.618937  70.44658   -0.2376511]
3.2008917;66.843315;-0.24748911;[ 2.7623773  66.89582    -0.23959194]
3.2955475;66.87131;-0.24428445;[ 2.6722617  67.98959    -0.23903579]
2.172843;67.87159;-0.25599775;[ 2.563994   68.71729    -0.23831062]
3.441871;82.40201;-0.23171113;[ 2.425297  84.36587   -0.2316196]
4.104116;79.498856;-0.23347817;[ 2.5757985  81.60157    -0.23307623]
4.681897;75.323166;-0.24558383;[ 2.5898206  76.88387    -0.23476341]
3.0775237;75.74626;-0.23584214;[ 2.5702102  77.26893    -0.23450485]
3.8668954;77.121284;-0.22428136;[ 2.7619104  78.52671    -0.23376435]
3.4584906;74.192764;-0.20898923;[ 2.7360005  73.1103     -0.23617038]
3.5571218;74.48383;-0.23826672;[ 2.648236   76.45916    -0.23478805]
1.1867912;86.53117;-0.25573435;[ 2.097326   88.65029    -0.22975154]
1.6924767;79.23941;-0.2418518;[ 2.2600815  81.45634    -0.23270927]
1.2417696;85.96899;-0.240797;[ 2.1696553  88.60001    -0.22978896]
0.9857459;86.457634;-0.24004915;[ 2.152709  88.64867   -0.2297253]
3.443128;74.07949;-0.238471;[ 2.5474582  75.59297    -0.23586127]
3.484746;80.76008;-0.23542434;[ 2.4527757  82.82291    -0.23288074]
3.199979;73.90099;-0.23985372;[ 2.55719    75.70739    -0.23591419]
3.258933;74.67958;-0.23612517;[ 2.6073112  75.979675   -0.23564477]
3.3673372;74.6848;-0.23568338;[ 2.5558012  75.92812    -0.23564911]
3.3213935;75.192665;-0.2335703;[ 2.599851   75.94496    -0.23554729]
2.5683448;72.22603;-0.23322459;[ 2.548103   73.402664   -0.23636553]
3.095975;67.220406;-0.2429617;[ 2.6519034  68.47622    -0.23889555]
1.9879032;79.34936;-0.2510672;[ 2.2000363  81.3549     -0.23277026]
2.0741587;76.38964;-0.22739226;[ 2.3480153  78.43202    -0.23425364]
1.7473265;78.9885;-0.2427088;[ 2.2723296  81.04093    -0.23288186]
1.4610646;86.08005;-0.25695196;[ 2.1086535  88.53701    -0.22983794]
1.3445103;85.71807;-0.24206989;[ 2.1819375  88.180534   -0.22996463]
1.698005;79.22287;-0.24182671;[ 2.2501783  81.35101    -0.23283705]
2.1278248;72.34643;-0.24316531;[ 2.3392897  74.398186   -0.23579687]
1.1547159;83.89487;-0.22134589;[ 2.3137066  85.95307    -0.23100583]
1.7330141;77.34065;-0.23926283;[ 2.399137   79.34403    -0.23357996]
1.5174593;77.72382;-0.23907395;[ 2.453056   79.19921    -0.23362651]
0.7111485;84.75518;-0.2324263;[ 2.2808967  86.474884   -0.23051511]
1.7585706;77.843475;-0.23551266;[ 2.391656   79.34464    -0.23349853]
1.9626696;77.33188;-0.23708272;[ 2.3477247  79.32018    -0.23361045]
1.9822764;82.09122;-0.23891802;[ 2.3914645  84.13363    -0.23146337]
2.2135134;75.911285;-0.23799165;[ 2.5194776  77.11971    -0.23423927]
4.1203823;84.06641;-0.2780927;[ 2.4297934  86.11386    -0.23135686]
1.4724593;82.22399;-0.24318974;[ 2.4472032  84.333305   -0.23134515]
3.4409394;81.10057;-0.23813212;[ 2.576576   83.28145    -0.23276292]
1.1604497;82.7875;-0.24153724;[ 2.411836   84.63496    -0.23123787]
1.5521259;76.04406;-0.24333484;[ 2.5756342  77.29942    -0.23413223]
4.250043;70.61512;-0.26102936;[ 2.7324994  71.54835    -0.23726971]
1.3214074;82.85711;-0.24972749;[ 2.3546197  84.62617    -0.23127772]
1.7607492;75.494415;-0.24571988;[ 2.537712   77.188644   -0.23426585]
4.1884995;70.065475;-0.26460648;[ 2.6947565  71.43561    -0.23740509]
2.9725475;84.00551;-0.24090841;[ 2.2744877  86.0772     -0.23119481]
4.2248263;81.7124;-0.23839101;[ 2.4259305  83.45741    -0.23258749]
2.8839097;70.57031;-0.2440068;[ 2.5666165 71.66474   -0.2371123]
4.1582117;74.98223;-0.24052228;[ 2.5174017 76.26405   -0.2355281]
0.1724019;93.07535;-0.26282325;[ 2.0166829  95.78441    -0.22692473]
1.7432922;78.997055;-0.2418155;[ 2.273641   81.17559    -0.23297939]
1.8596222;72.81712;-0.24210244;[ 2.4021294  74.14187    -0.23576926]
3.965701;74.65694;-0.2469912;[ 2.6523995  76.1867     -0.23547664]
4.006413;74.69158;-0.2542528;[ 2.662927   76.09016    -0.23535268]
4.027134;84.51361;-0.2771626;[ 2.4100997  86.62452    -0.23099458]
3.9078069;81.42187;-0.25203466;[ 2.5708594  83.26586    -0.23242548]
3.9537761;81.34098;-0.24302076;[ 2.559151  83.38221   -0.2325192]
3.4915047;74.99074;-0.25019163;[ 2.7512345  75.98756    -0.23546645]
1.573908;76.43549;-0.24342482;[ 2.517572   77.78641    -0.23370661]
3.6697054;70.86101;-0.26267073;[ 2.678439  72.06037   -0.2367787]
1.0692129;84.04292;-0.2405553;[ 2.373313   85.30622    -0.23076461]
4.033655;78.261345;-0.25929892;[ 2.5465598  79.465614   -0.23380376]
1.6011226;76.54051;-0.24461058;[ 2.5547056  77.802086   -0.23361981]
1.8188952;76.49219;-0.24558017;[ 2.463767   77.78266    -0.23371589]
2.977794;77.63428;-0.24272254;[ 2.359865   79.17394    -0.23372789]
2.7084072;74.535416;-0.24070308;[ 2.504465   76.07519    -0.23520775]
2.7333848;70.297935;-0.2493062;[ 2.517597   71.85547    -0.23681536]
2.6457708;77.5401;-0.24120642;[ 2.4178216  79.06504    -0.23376589]
2.2304904;70.71949;-0.24615343;[ 2.5136292  72.06188    -0.23674515]
2.0960345;76.7061;-0.23005207;[ 2.3341424  78.50664    -0.23413041]
2.3971014;76.705925;-0.23609339;[ 2.3433707  78.35978    -0.23406424]
1.197756;86.68587;-0.2556975;[ 2.1002033  88.91486    -0.22947565]
1.6526434;83.51337;-0.22746696;[ 2.2398891  85.90684    -0.23103525]
1.5906881;79.82243;-0.24179043;[ 2.3014767  81.58053    -0.23247437]
1.7318797;79.77852;-0.24688615;[ 2.2089148  81.65635    -0.23252049]
1.4539027;80.26848;-0.23868237;[ 2.2497888  81.72853    -0.23239595]
1.4590908;86.038246;-0.24374543;[ 2.173496   88.60038    -0.22970007]
1.0910941;86.5571;-0.24122992;[ 2.1579099 88.79561   -0.2295205]
1.8169312;79.72839;-0.24090204;[ 2.2503304  81.48325    -0.23254502]
2.2393594;77.224884;-0.23462166;[ 2.3843474  78.40972    -0.23396012]
1.8981616;73.01117;-0.24360345;[ 2.3896143  74.41676    -0.23540817]
2.1237133;72.94389;-0.2443565;[ 2.2997904 74.46386   -0.2354531]
1.5431812;76.25435;-0.23826222;[ 2.3873308  77.68038    -0.23442844]
1.9513026;73.67588;-0.2358253;[ 2.5285845  74.2033     -0.23600009]
1.1407616;83.50299;-0.25147185;[ 2.1755147  85.28593    -0.23133913]
1.6638755;80.262436;-0.22723418;[ 2.32588    82.02817    -0.23299569]
1.7415515;82.23012;-0.22670804;[ 2.1981137  87.08486    -0.23188029]
1.469442;88.84883;-0.22862929;[ 2.1252801  94.02514    -0.22892739]
1.1474792;88.91533;-0.22344372;[ 2.104878  94.28541   -0.2289195]
1.2214175;85.29317;-0.23947757;[ 2.092111   89.92759    -0.23055881]
3.0055695;73.81416;-0.2359998;[ 2.5545263  75.28563    -0.23577116]
3.5205877;74.199005;-0.24011888;[ 2.541395   75.972755   -0.23559053]
3.309466;78.30315;-0.23255369;[ 2.6266055 79.92247   -0.2343016]
2.895239;80.54407;-0.23252356;[ 2.4627452  82.46595    -0.23283765]
3.6177385;77.80675;-0.23286857;[ 2.6439726  78.94362    -0.23473483]
2.43857;76.43547;-0.24209507;[ 2.4759493  78.18867    -0.23451388]
2.4393203;80.562065;-0.22772819;[ 2.454597   82.71284    -0.23277405]
3.2508833;77.83003;-0.22771387;[ 2.6351602  79.19907    -0.23467663]
6.3497963;73.88345;-0.23234344;[ 2.5535312  75.487335   -0.23567264]
3.348433;74.25235;-0.23603366;[ 2.6431446  74.95254    -0.23605214]
3.5932543;74.86027;-0.23515563;[ 2.6293967  75.06551    -0.23590517]
3.4282913;74.75021;-0.23875882;[ 2.584184   76.00642    -0.23548482]
3.3037076;72.12468;-0.23349036;[ 2.7609916  72.770744   -0.23713146]
2.90591;74.36354;-0.23483853;[ 2.5957403  75.3332     -0.23567268]
2.4925642;70.261024;-0.24337111;[ 2.6039188  71.15938    -0.23729771]
3.597973;74.37523;-0.23885433;[ 2.585955   75.038124   -0.23601584]
3.3099494;66.973465;-0.2435937;[ 2.7477446 67.51034   -0.2393432]
1.6009157;83.07917;-0.22693013;[ 2.246686   85.59159    -0.23122577]
2.0840394;82.906746;-0.23132645;[ 2.2689652  85.33669    -0.23137991]
1.8945961;72.61559;-0.24359126;[ 2.4061248  74.151955   -0.23574686]
0.16817415;89.6315;-0.25888133;[ 2.1001742  91.753654   -0.22872724]
1.2399702;86.009186;-0.22507696;[ 2.2401123  88.75945    -0.23029283]
2.1558917;79.11006;-0.23034114;[ 2.4045725  81.013664   -0.23350981]
1.7537805;79.1215;-0.2282084;[ 2.4239552  80.96791    -0.23360254]
1.5464;83.291306;-0.21862331;[ 2.3991976  85.602776   -0.23180242]
1.2616891;79.46582;-0.22414973;[ 2.3857212  81.66056    -0.23315853]
1.6596459;76.1855;-0.23723622;[ 2.3872118  77.16643    -0.23465039]
1.5728797;75.89885;-0.23983933;[ 2.3946848  77.15969    -0.23479873]
1.854181;72.9475;-0.23122472;[ 2.5518413 73.94683   -0.2363742]
1.7950253;75.34327;-0.24196163;[ 2.357576   77.04429    -0.23493783]
1.8943837;68.26616;-0.24417998;[ 2.5041883  69.73249    -0.23799579]
1.2228259;86.299286;-0.22706111;[ 2.4065654  88.98385    -0.22966944]
4.042275;81.028824;-0.24027239;[ 2.5668519  83.31161    -0.23270766]
4.4413357;80.79198;-0.24619769;[ 2.586833   82.826004   -0.23290049]
1.1098039;86.15008;-0.22610691;[ 2.4138103  88.75712    -0.22981356]
3.75306;80.86662;-0.2386642;[ 2.5753706  83.20522    -0.23275599]
1.1722748;82.56792;-0.24147771;[ 2.4170835  84.413635   -0.23130675]
4.0702753;74.85248;-0.24289551;[ 2.7000225 76.18127   -0.2355324]
1.5639231;75.77862;-0.24500608;[ 2.5700686  77.05942    -0.23437932]
4.1044135;74.29873;-0.2443423;[ 2.6585913  76.1264     -0.23564282]
4.480291;74.062065;-0.24986571;[ 2.678594   75.64565    -0.23583424]
1.6015496;79.464874;-0.22926986;[ 2.5069175  81.556145   -0.23277578]
4.073217;77.286575;-0.2642455;[ 2.4352772  78.51818    -0.23436671]
3.0376987;80.76706;-0.23373772;[ 2.4292407  82.803795   -0.23277497]
2.6321836;76.64044;-0.24290472;[ 2.4419227  78.51446    -0.23445979]
2.4294024;80.842354;-0.22911742;[ 2.4191341  83.17072    -0.23263085]
3.4185998;75.86223;-0.24622689;[ 2.5419846  76.65623    -0.23503098]
4.034117;71.08007;-0.25472066;[ 2.5672462  71.40609    -0.23718333]
2.8230758;77.37407;-0.24206373;[ 2.3670561 78.88984   -0.2341012]
3.7027802;74.69854;-0.23996648;[ 2.5364242  75.92819    -0.23562303]
3.356757;75.33615;-0.25002003;[ 2.501699   76.585075   -0.23514357]
3.9071727;70.55588;-0.26305547;[ 2.5267777  71.33784    -0.23729716]
2.4907622;74.15716;-0.23210812;[ 2.5122645  75.96952    -0.23559308]
1.6180284;83.66635;-0.22889498;[ 2.304035   85.405235   -0.23128892]
1.7910337;78.99123;-0.24317332;[ 2.2742612  81.12826    -0.23301688]
1.654482;79.57831;-0.24060681;[ 2.2550852  81.39992    -0.23272467]
1.4250975;80.104385;-0.2384066;[ 2.2954092  81.47247    -0.23261069]
1.5464342;80.21208;-0.23998898;[ 2.2428207  81.489525   -0.23258731]
1.6626918;77.05522;-0.22695841;[ 2.3876243  78.56646    -0.23409584]
1.8736186;72.81796;-0.24348068;[ 2.4023216  74.10467    -0.23579139]
1.9903802;76.50147;-0.22819749;[ 2.3459659  78.515396   -0.23420422]
2.504706;76.387024;-0.23393205;[ 2.3544989  78.18066    -0.23431909]
1.7971112;75.72346;-0.23872808;[ 2.3462646  77.432335   -0.23445596]
1.5757021;82.57564;-0.24003775;[ 2.2524226  84.59292    -0.23156685]
1.0909299;83.07869;-0.23675029;[ 2.23702    84.83167    -0.23133753]
1.4969354;76.765274;-0.23614484;[ 2.3303788  77.71688    -0.23423451]
1.9320742;72.95566;-0.2275941;[ 2.429602   74.602585   -0.23602389]
1.3601253;82.70261;-0.23883496;[ 2.2549703  84.77067    -0.23164698]
1.6727599;79.65462;-0.2252306;[ 2.3976462  81.689224   -0.23317565]
1.6697142;76.025154;-0.23837155;[ 2.3886735  77.59507    -0.23451483]
1.9178439;77.2547;-0.22311652;[ 2.4927926  78.81556    -0.23455417]
1.8716942;75.05761;-0.23896967;[ 2.3555474  77.08031    -0.23486121]
1.7994856;75.70246;-0.23700538;[ 2.3390446  77.361496   -0.23455074]
1.3579259;79.740204;-0.22249126;[ 2.3822606  81.94227    -0.23289402]
1.3248823;79.320435;-0.2261061;[ 2.3780677  81.51266    -0.23307936]
1.6402049;75.79426;-0.23672348;[ 2.3950143  77.04575    -0.23459812]
1.954694;75.86604;-0.24523501;[ 2.2866092  77.36004    -0.23453593]
2.1131544;68.32803;-0.24096374;[ 2.4459422  69.94073    -0.23777778]
0.20590591;90.00726;-0.25496617;[ 2.0884764  92.123      -0.22834425]
1.1979676;83.00711;-0.24529052;[ 2.1982865 84.821846  -0.2314446]
1.8956643;80.55073;-0.22898835;[ 2.3754878  81.72143    -0.23273477]
1.6627334;76.27523;-0.23701797;[ 2.3905036  77.39019    -0.23441005]
1.7425193;69.44;-0.23703197;[ 2.487139   70.32383    -0.23748213]
1.9109211;68.924065;-0.23903875;[ 2.4501615  70.20471    -0.23762478]
0.9491081;82.640366;-0.23844759;[ 2.243509   84.54063    -0.23173262]
1.5417928;75.25324;-0.23885438;[ 2.4059644  77.12864    -0.23493902]
1.563532;75.83313;-0.23759323;[ 2.398499   77.11143    -0.23481263]
1.7746615;75.307045;-0.23988603;[ 2.3582098  77.03956    -0.23492584]
1.4918975;82.03122;-0.24026848;[ 2.2639277  84.24384    -0.23203178]
1.3576176;79.45687;-0.22518684;[ 2.3900957  81.6085     -0.23320659]
1.8142431;75.30105;-0.2412067;[ 2.3553739  77.054756   -0.23496844]
1.8386052;68.19382;-0.24498692;[ 2.5209694  69.43568    -0.23819548]
0.16789174;89.63309;-0.25888133;[ 2.100202   91.75727    -0.22872622]
0.9950025;82.73693;-0.23850685;[ 2.2470725  84.515755   -0.23168248]
1.6964896;75.55146;-0.23878427;[ 2.397676   77.09553    -0.23483151]
1.5906384;75.88069;-0.23932315;[ 2.3980978  77.1028     -0.23479244]
1.7359537;68.821655;-0.24291027;[ 2.5410755  69.8545     -0.23785111]
1.1451273;82.90239;-0.25376916;[ 2.1915324  84.57511    -0.23165873]
2.0729413;72.38071;-0.2323526;[ 2.5154066  73.78226    -0.23654109]
1.7230986;72.474205;-0.22842555;[ 2.4902864  74.10834    -0.23636593]
1.1769776;85.05416;-0.23013929;[ 2.2347317  87.608315   -0.23043492]
1.689412;74.91978;-0.2408157;[ 2.4914901  75.71874    -0.23508756]
1.2185583;81.64935;-0.23908237;[ 2.4009721  82.86699    -0.23216447]
1.3797717;75.48093;-0.2391189;[ 2.5293353  75.83188    -0.23495337]
4.478963;79.83022;-0.23158853;[ 2.5499854  82.1329     -0.23293959]
3.10135;75.649345;-0.23555666;[ 2.5186834  77.24722    -0.23452021]
1.6117749;74.98377;-0.24271613;[ 2.5801368  75.41037    -0.23544136]
2.3736317;76.730774;-0.24015348;[ 2.4789062  77.99227    -0.23474458]
2.854251;81.662254;-0.25270286;[ 2.3861153  83.054146   -0.23243032]
3.73387;80.72911;-0.23725057;[ 2.4928372  82.3982     -0.23314892]
3.720387;81.0172;-0.23669203;[ 2.4909768  82.50191    -0.23309192]
3.0634437;81.93651;-0.25350228;[ 2.3745577  83.10177    -0.23234585]
3.9275298;74.48567;-0.24721394;[ 2.5355353  75.39238    -0.23573838]
4.8641114;73.92214;-0.24650978;[ 2.6505327  74.97726    -0.23621379]
4.9051676;69.2569;-0.2666338;[ 2.65899    69.90267    -0.23823883]
2.5242372;74.83638;-0.2541655;[ 2.5377414  75.344444   -0.23566957]
3.8343468;69.99571;-0.25608099;[ 2.636539   70.30603    -0.23796101]
3.8931727;70.3214;-0.25474963;[ 2.6250648  70.56372    -0.23778507]
3.7329767;74.80432;-0.23700786;[ 2.6262178  75.31347    -0.23593912]
3.822896;68.3201;-0.24773504;[ 2.6639733  68.38465    -0.23848881]
4.359681;70.58945;-0.25452134;[ 2.6168358  70.569496   -0.23765725]
2.396433;68.70321;-0.25308466;[ 2.6657307  68.38475    -0.23835643]
2.858766;63.784626;-0.26033422;[ 2.7695055  63.190166   -0.24083963]
3.7455823;73.99945;-0.23946726;[ 2.5843444  75.20693    -0.23609033]
3.829022;69.757996;-0.25906846;[ 2.5871513  70.488525   -0.23788375]
3.7427802;74.287025;-0.23883112;[ 2.58252    75.30782    -0.23603284]
4.07026;71.47365;-0.2352826;[ 2.7437503  72.60288    -0.23731379]
4.346484;67.114655;-0.24871561;[ 2.7536285  67.81541    -0.23922235]
3.0520082;75.20634;-0.25225103;[ 2.4660988 75.91573   -0.2352794]
4.7306476;67.192474;-0.24960886;[ 2.7420137  67.79078    -0.23915218]
2.5457315;68.106094;-0.25629148;[ 2.6295996 68.22381   -0.2385574]
1.1747456;85.11932;-0.22948225;[ 2.23298   87.52249   -0.2304722]
1.4177382;84.77472;-0.23175855;[ 2.3036184  87.50184    -0.23049144]
1.6789043;78.40374;-0.23465952;[ 2.44789    80.210236   -0.23345786]
1.3277336;75.470505;-0.23945503;[ 2.5238273  75.56649    -0.23500276]
1.6095786;78.59346;-0.23427515;[ 2.4346955  80.39904    -0.23331724]
2.0962336;72.16104;-0.23402607;[ 2.659378   72.270424   -0.23681515]
1.7898463;79.20671;-0.24268068;[ 2.2655694  81.08909    -0.23299143]
1.3942238;85.93628;-0.24198724;[ 2.17506   88.23385   -0.2300706]
0.17989063;93.068054;-0.26290414;[ 2.016654   95.74139    -0.22699416]
1.2046888;85.89711;-0.24173704;[ 2.1848614 88.33509   -0.2300612]
1.9374042;72.55482;-0.24402308;[ 2.4085996  73.89451    -0.23602827]
1.3575957;79.372604;-0.24309573;[ 2.3263674  80.99499    -0.23306262]
1.5732449;79.75719;-0.24074475;[ 2.3034313  81.19447    -0.23286521]
1.4438484;79.71735;-0.24124482;[ 2.3128884  81.29953    -0.23285681]
1.8764069;79.458984;-0.24213853;[ 2.2563396  81.33285    -0.23265871]
1.8191236;79.68284;-0.24973318;[ 2.2053967  81.55855    -0.23266208]
1.7577082;79.21402;-0.24390256;[ 2.2659621  81.25887    -0.23288444]
1.6297898;79.4674;-0.24185432;[ 2.3019104  81.447914   -0.23262665]
0.80723494;87.075584;-0.24094935;[ 2.1430976  88.67361    -0.22959392]
1.8517873;72.99899;-0.24394478;[ 2.3943517  74.23679    -0.23565665]
0.17803991;90.21953;-0.25624618;[ 2.0823162  92.47754    -0.22842489]
1.5827589;82.97456;-0.23883028;[ 2.2491307  84.72526    -0.23155075]
1.6400223;76.19337;-0.23889764;[ 2.3847337  77.685486   -0.23444586]
0.763191;83.97237;-0.23777397;[ 2.2175298  85.32911    -0.23123436]
1.7308279;76.61359;-0.23746036;[ 2.3769546  77.702515   -0.23440963]
1.8440837;73.73976;-0.23516436;[ 2.5415769  74.29285    -0.23602405]
1.8632753;76.0838;-0.24069001;[ 2.338614   77.60144    -0.23453876]
1.9570574;73.223755;-0.23595904;[ 2.5035229  74.190025   -0.23614757]
2.1084552;82.355354;-0.2403262;[ 2.385144   84.05375    -0.23139833]
2.088788;75.60362;-0.23974068;[ 2.523451   77.03267    -0.23424432]
2.134822;76.14215;-0.23870398;[ 2.517377 76.9575   -0.234196]
4.253789;77.079956;-0.26683107;[ 2.5928888  78.56108    -0.23437686]
3.3103096;76.97827;-0.26264548;[ 2.5937104  78.58711    -0.23436041]
4.213831;81.01662;-0.23856868;[ 2.5769544 83.20138   -0.2326869]
1.6675247;75.7881;-0.24501374;[ 2.5775003  77.21792    -0.23413736]
1.7142309;76.29903;-0.24362245;[ 2.569643   77.18125    -0.23405764]
3.8541517;74.96362;-0.24626341;[ 2.720696   75.87691    -0.23558125]
1.598732;76.331276;-0.24491824;[ 2.5608754  77.16438    -0.23416516]
3.9422512;74.41833;-0.2480275;[ 2.678318   75.842      -0.23567769]
4.101372;81.51634;-0.2380632;[ 2.4255984 83.42358   -0.2325407]
2.7146416;74.41516;-0.23449948;[ 2.575296   75.728386   -0.23563133]
2.90753;70.80607;-0.24412887;[ 2.561833   71.55093    -0.23703863]
2.9131298;70.29481;-0.24600644;[ 2.5222197  71.46288    -0.23716435]
2.3691838;70.18382;-0.24457599;[ 2.5233026  71.38283    -0.23719935]
2.6998928;74.294586;-0.2311884;[ 2.5096262  76.015755   -0.23552866]
1.6741948;79.80098;-0.24027221;[ 2.3060591  81.18007    -0.23279706]
1.8782091;79.2435;-0.24238539;[ 2.2692213  81.057304   -0.23292561]
1.5330791;85.984146;-0.24264295;[ 2.177763   88.21491    -0.23000321]
1.6256027;79.56304;-0.24112275;[ 2.3094413  81.3243     -0.23282108]
1.9094648;72.5488;-0.24360587;[ 2.401238   74.14776    -0.23573482]
1.5667828;79.88736;-0.2414922;[ 2.2542086  81.465576   -0.23268424]
1.9351789;72.833466;-0.24348068;[ 2.400272   74.18676    -0.23573248]
1.721814;73.38986;-0.24225152;[ 2.43752    74.30413    -0.23559076]
2.0685856;72.55498;-0.24420807;[ 2.3563564 73.963905  -0.2358218]
1.5297002;82.058426;-0.24084827;[ 2.2667823  84.18685    -0.23202422]
2.0105486;79.10175;-0.23034114;[ 2.4089367  80.90749    -0.23356386]
1.6491852;74.99565;-0.24167624;[ 2.4132595  76.86912    -0.23508559]
1.3205565;79.483086;-0.22524524;[ 2.3891413  81.5758     -0.23320735]
1.6594187;75.57709;-0.23828259;[ 2.396544  77.129776  -0.2347801]
1.786785;68.457504;-0.24408233;[ 2.5540502  69.53222    -0.23805246]
0.72766304;83.38137;-0.23849647;[ 2.2346354  84.60548    -0.23154604]
1.3295197;79.83017;-0.22648484;[ 2.373421   81.62855    -0.23311594]
1.6702816;76.15591;-0.23723622;[ 2.3914971  77.09309    -0.23467518]
1.7358179;68.82174;-0.24291027;[ 2.5410776  69.85548    -0.23784861]
1.6670265;79.27908;-0.22757785;[ 2.3318124  81.57444    -0.23322792]
1.7400795;79.52023;-0.22637355;[ 2.334827   81.62222    -0.23317666]
1.8697124;75.62982;-0.23979081;[ 2.3506298  77.025635   -0.23479323]
1.848134;75.63841;-0.23979081;[ 2.3492315  77.058426   -0.23477904]
1.5953804;78.48236;-0.23462437;[ 2.4515343  80.17977    -0.23344696]
0.17855251;91.085365;-0.23532459;[ 2.1603239  93.78712    -0.22783737]
1.5532684;81.669655;-0.24131486;[ 2.45459   82.78193   -0.2327008]
0.8151088;84.28886;-0.2346559;[ 2.307783   86.54708    -0.23078398]
1.4392782;77.99864;-0.2371776;[ 2.4447064  79.462135   -0.23364565]
2.2219715;75.258545;-0.24254975;[ 2.539347   75.50444    -0.23562042]
2.1450996;76.97458;-0.23961547;[ 2.4671595 78.052055  -0.2345959]
2.2566793;74.77937;-0.25485924;[ 2.5341113  75.474594   -0.23554683]
3.2484627;69.67877;-0.2620263;[ 2.631424   70.31069    -0.23798373]
3.862639;81.053085;-0.23533082;[ 2.4667578  82.88997    -0.23300433]
4.22607;78.54476;-0.22996542;[ 2.6237512  80.31631    -0.23421893]
2.8729415;75.162476;-0.24993803;[ 2.5180435 75.89217   -0.2352876]
3.9881976;70.042206;-0.25685138;[ 2.6176267 70.70081   -0.2376983]
2.1096716;70.22715;-0.2437399;[ 2.5997908  70.998344   -0.23751926]
3.506587;74.77387;-0.23532362;[ 2.627061   75.350426   -0.23588637]
2.654046;74.63811;-0.23131572;[ 2.6086895  75.09945    -0.23594801]
3.2477365;63.718277;-0.26056436;[ 2.7601707 63.26533   -0.2407586]
2.7886868;75.235374;-0.2521979;[ 2.4671094  75.930504   -0.23522608]
4.1755843;71.864174;-0.23305577;[ 2.7183354  73.0911     -0.23719281]
1.7146938;79.219574;-0.2435267;[ 2.2641728  81.08397    -0.23296309]
1.4270327;86.17772;-0.25838333;[ 2.1165638  88.54215    -0.23001255]
1.5899452;86.24298;-0.24277109;[ 2.163389   88.22027    -0.22998044]
1.4713352;79.067795;-0.2435226;[ 2.3296278  80.81809    -0.23315702]
0.92042005;86.23799;-0.24224503;[ 2.164778   88.46903    -0.22990847]
1.65639;79.430664;-0.24205543;[ 2.3024936  81.11372    -0.23289376]
0.75956225;86.87765;-0.24227487;[ 2.1518846  88.56875    -0.22977461]
1.9788121;73.162704;-0.24220365;[ 2.3853347  74.12243    -0.23577295]
1.5504737;72.896545;-0.2438722;[ 2.45794    73.78852    -0.23593603]
0.18739629;91.08879;-0.23374735;[ 2.1593242  93.70963    -0.22782034]
1.6486585;81.767525;-0.23971452;[ 2.4490874  82.49262    -0.23272297]
1.6046737;77.82242;-0.23828731;[ 2.4413111  79.49818    -0.23357499]
0.15334153;93.19833;-0.26541573;[ 2.0257866 95.73183   -0.227128 ]
1.2006713;86.12519;-0.24214928;[ 2.1811569  88.29571    -0.23015617]
1.3542353;79.32903;-0.24325484;[ 2.3298388  80.71825    -0.23329821]
1.3316289;79.60216;-0.24325359;[ 2.3220985  80.94059    -0.23316377]
1.3626207;79.65231;-0.24084274;[ 2.3078763  81.24529    -0.23297024]
1.4543428;73.24289;-0.2425262;[ 2.4402661  74.07726    -0.23583546]
1.6915853;73.29538;-0.24395587;[ 2.4442527  73.69504    -0.23597835]
1.4792876;73.19588;-0.24372897;[ 2.457908   73.747574   -0.23599988]
1.1623257;86.468155;-0.25999826;[ 2.1172526  88.54322    -0.23006518]
1.7991705;79.672615;-0.24328431;[ 2.2600377  81.127144   -0.23303597]
1.693131;72.678795;-0.24363387;[ 2.4023921  73.95166    -0.23599033]
1.8790737;72.78189;-0.24594648;[ 2.4043505  73.60029    -0.23612382]
2.2979476;74.36659;-0.23384812;[ 2.7449946  75.980965   -0.23525858]
1.8636471;81.04301;-0.23013045;[ 2.6526554  83.126305   -0.23233321]
2.8239918;71.517715;-0.23293556;[ 2.9244995  72.50224    -0.23707248]
3.4135437;76.79198;-0.25221896;[ 2.5598907  77.12141    -0.23458463]
3.90584;70.25026;-0.26373172;[ 2.8027453  70.74084    -0.23698628]
2.367615;76.961815;-0.24290915;[ 2.538898  77.992546  -0.2339332]
2.5045614;70.27369;-0.24587768;[ 2.6321464  70.88883    -0.23683122]
2.1440542;72.56714;-0.24293497;[ 2.4756453 73.37683   -0.235479 ]
2.0809615;78.914185;-0.22917427;[ 2.5781846  79.211044   -0.23398569]
2.230197;74.7392;-0.24189152;[ 2.4800172 75.893364  -0.2350126]
2.2948887;68.05106;-0.24473618;[ 2.573663   68.77525    -0.23792055]
3.7316356;74.10919;-0.2332719;[ 2.6405067  75.60679    -0.23511003]
3.2299058;81.82094;-0.23961334;[ 2.3933957  82.96959    -0.23217432]
2.2069716;74.95591;-0.24153768;[ 2.5377183  75.53347    -0.23520045]
3.3199704;75.13282;-0.24138805;[ 2.4870048  75.85488    -0.23507826]
3.5838022;72.501045;-0.23082653;[ 2.6375737 73.12214   -0.2363084]
1.5697854;81.97569;-0.24080989;[ 2.4199035  83.19898    -0.23223917]
1.6369915;84.63808;-0.24158257;[ 2.2418098  88.88028    -0.23087317]
2.9014158;73.81052;-0.24047787;[ 2.7300265  74.97644    -0.23591526]
2.8368711;80.488144;-0.23738149;[ 2.6380188  82.07771    -0.23300615]
1.6818491;76.57977;-0.24522424;[ 2.6277363  77.368744   -0.23472817]
1.9441285;79.03501;-0.24230792;[ 2.4291153  80.58026    -0.23295544]
1.6423862;85.72314;-0.2409736;[ 2.3346684 87.70106   -0.2300483]
1.5559347;85.84974;-0.24143861;[ 2.325179   87.52102    -0.23010923]
1.7078763;82.282974;-0.24069339;[ 2.4151435  83.48241    -0.23214668]
1.7157811;82.00555;-0.24303935;[ 2.6087868  83.458244   -0.23162122]
1.8951929;75.31741;-0.24584319;[ 2.703174   76.339714   -0.23452692]
2.4858546;76.88502;-0.2420453;[ 2.5909882  77.948006   -0.23443474]
1.0922819;93.18624;-0.2402623;[  3.0348341  190.02835     -0.19142616]
3.7961063;79.47454;-0.24163657;[ 2.421769   79.34153    -0.23651873]
0.50107694;95.88529;-0.2437169;[ 1.7721665  96.9264     -0.22758017]
1.2314262;89.39846;-0.22879452;[ 2.0448568  92.06193    -0.22996949]
1.5951574;85.24665;-0.2425165;[ 2.0608222  88.77653    -0.23113962]
1.5149815;83.23568;-0.23145147;[ 2.1796937 84.96586   -0.2327771]
1.8264182;82.670555;-0.23239145;[ 2.137168   84.84612    -0.23294072]
0.6747998;91.86105;-0.24384734;[ 2.056059   88.57661    -0.23358387]
3.7721214;86.5558;-0.26176062;[ 2.2045288  81.7837     -0.23605604]
1.050004;85.4766;-0.24440216;[ 2.181201   82.47629    -0.23570538]
3.8232374;80.17136;-0.26168337;[ 2.3253918  75.770294   -0.23811096]
1.3887823;85.13314;-0.24642171;[ 2.1548197  83.92626    -0.23530242]
2.469974;86.5054;-0.24404576;[ 2.0278256  85.22294    -0.23282546]
2.5339928;80.34263;-0.24469379;[ 2.1608138  78.373085   -0.23549639]
1.3594227;88.74616;-0.24333452;[ 1.8685659  88.98908    -0.23097315]
0.85247976;89.08962;-0.24125777;[ 1.9376183  91.59664    -0.22970477]
1.3207825;88.76669;-0.24333452;[ 1.8699312  88.965164   -0.23106515]
1.5865209;82.38225;-0.24370635;[ 2.0308785  84.34547    -0.23277207]
1.4933965;82.60391;-0.24332644;[ 2.0056267  82.03255    -0.23378427]
0.9462874;83.23637;-0.2417727;[ 2.0723608  84.584694   -0.23244251]
1.8092668;82.03879;-0.24557193;[ 1.9646747  81.9913     -0.23390219]
4.039321;85.33753;-0.24044426;[ 2.1929915  79.90693    -0.23547672]
3.57276;81.6343;-0.2469728;[ 2.1758409 77.13653   -0.236432 ]
2.7491279;74.23319;-0.23503916;[ 2.746323  75.51658   -0.2354059]
2.213743;80.683205;-0.23006621;[ 2.6650043 82.32116   -0.2326706]
2.0588155;75.70156;-0.23928455;[ 2.6879206  77.056244   -0.23524953]
27.258972;69.39633;-0.23041075;[ 2.912284   68.95866    -0.23877531]
2.7353582;73.9546;-0.23351792;[ 2.7557666  75.12341    -0.23562832]
3.0576334;66.18334;-0.24228017;[ 2.9621925 66.28538   -0.2400963]
3.1531663;62.31006;-0.25671762;[ 2.9421763  61.731564   -0.24168053]
2.7247367;80.61193;-0.24063155;[ 2.325422   82.04182    -0.23266858]
2.5676756;71.15365;-0.24455823;[ 2.6575806  71.295135   -0.23739916]
2.9350958;80.431366;-0.24161911;[ 2.3392804  82.24409    -0.23262797]
3.0226326;85.76965;-0.23138775;[ 2.3917186  87.44219    -0.23074342]
2.4405189;80.877075;-0.24104261;[ 2.3628266  82.292496   -0.23250896]
3.31146;79.041046;-0.23364262;[ 2.4824665  80.24323    -0.23370257]
2.9850204;72.29105;-0.24037428;[ 2.63016    73.13485    -0.23653951]
2.402669;76.69391;-0.2404694;[ 2.47191    77.97236    -0.23472252]
3.329478;81.045654;-0.23533082;[ 2.4659004  82.908676   -0.23300046]
3.4025655;73.93657;-0.23797098;[ 2.6365957 75.1698    -0.2361463]
3.7891202;76.806694;-0.25720522;[ 2.481132   77.858315   -0.23472695]
3.8874795;73.87085;-0.24186212;[ 2.6343298  74.666756   -0.23628452]
3.7844558;69.780106;-0.2575565;[ 2.6261883  70.47764    -0.23781769]
4.350815;74.27122;-0.24283232;[ 2.6158118  75.700584   -0.23592407]
2.3966877;74.32773;-0.23327473;[ 2.6062105  75.22596    -0.23594788]
3.1643488;74.6118;-0.23847726;[ 2.5937843 75.995674  -0.235764 ]
2.7709234;77.040955;-0.23895848;[ 2.4174554  78.11963    -0.23458366]
3.2383895;67.25873;-0.24109676;[ 2.7323031  67.918175   -0.23913172]
3.6288586;63.222435;-0.2609225;[ 2.7117543  63.40127    -0.24069744]
2.5512366;83.697075;-0.24266839;[ 2.494998   85.19431    -0.23122473]
4.193898;78.40704;-0.25938377;[ 2.6587653 79.58088   -0.2342161]
2.6201913;76.96846;-0.24560833;[ 2.5857947  77.99789    -0.23418143]
3.5498123;74.26306;-0.24264859;[ 2.750613   75.151764   -0.23561242]
2.7900755;70.08266;-0.26344523;[ 2.7350335  70.66348    -0.23715691]
3.424612;80.23389;-0.2393484;[ 2.6417396  81.61857    -0.23327014]
3.5908859;75.62807;-0.24074973;[ 2.6625206  76.87809    -0.23544966]
4.0628767;73.439064;-0.24930614;[ 2.793989   74.352516   -0.23621735]
4.073785;69.27509;-0.25857043;[ 2.8088825  69.79362    -0.23841585]
3.6237981;74.37958;-0.242758;[ 2.7544801  75.66419    -0.23550537]
3.8291926;74.1278;-0.24305636;[ 2.7105155  75.492256   -0.23565777]
3.5400977;68.950226;-0.24353006;[ 2.7582061  69.62807    -0.23843329]
3.9795256;71.02139;-0.23380537;[ 2.8953748  71.78615    -0.23744422]
3.0777392;67.345116;-0.24971768;[ 2.874857   67.86768    -0.23917982]
2.550858;80.99197;-0.23972987;[ 2.376068   82.38784    -0.23256609]
2.6182756;87.450226;-0.23755828;[ 2.2481015  89.32871    -0.22978136]
2.8100576;80.72479;-0.23956935;[ 2.3389277  82.12413    -0.23275818]
2.6343436;81.28471;-0.2398257;[ 2.3764646  82.452614   -0.23250003]
2.0168333;80.79431;-0.25788403;[ 2.3898065 82.111855  -0.2327173]
3.410421;78.193146;-0.24134925;[ 2.5578594  79.38505    -0.23407224]
2.3120875;74.61859;-0.25164017;[ 2.5190043  75.0494     -0.23550728]
2.5146549;74.826065;-0.2431083;[ 2.5045896 75.46139   -0.2353132]
2.1016557;74.369415;-0.25505245;[ 2.5163827  75.14069    -0.23550716]
3.4363723;71.84665;-0.23776694;[ 2.6419518  72.33038    -0.23684037]
2.725726;74.55611;-0.2425959;[ 2.467271   75.25622    -0.23545663]
3.4363296;71.871;-0.23966649;[ 2.6346402  72.440155   -0.23686877]
2.8374047;74.54907;-0.24007198;[ 2.470035   75.038345   -0.23554693]
4.373846;82.47103;-0.24171239;[ 2.744049   84.686646   -0.23175527]
0.7402947;89.93077;-0.2540448;[ 2.3732703  92.13871    -0.22805582]
3.8778334;84.35674;-0.2794113;[ 2.5701265  86.22089    -0.23102698]
5.2232795;75.99668;-0.27008054;[ 2.9131236  77.33183    -0.23527324]
4.952453;71.919624;-0.29370445;[ 2.9189947  73.03524    -0.23682305]
1.3456182;83.41316;-0.2470113;[ 2.5188205  84.822174   -0.23094106]
1.6469713;76.0517;-0.25086328;[ 2.6723347  77.55988    -0.23341018]
3.7718925;78.496796;-0.2525914;[ 2.6047328  79.89297    -0.23386563]
1.8468876;79.77281;-0.24825503;[ 2.38464    81.55612    -0.23208849]
3.9005075;87.898834;-0.28147244;[ 2.330634   90.18635    -0.22948208]
3.692285;85.2254;-0.2544322;[ 2.5136795  87.06934    -0.23092966]
0.96062684;86.55583;-0.2437581;[ 2.3243022  88.86698    -0.22903003]
1.262792;86.911354;-0.24419978;[ 2.2998354  88.692375   -0.22930841]
3.7613358;81.292206;-0.26342973;[ 2.4742355  82.79209    -0.23240879]
1.4967632;80.32024;-0.24346335;[ 2.424725  81.675095  -0.2319073]
2.5834837;87.7772;-0.24768013;[ 2.1860652  90.10073    -0.22923647]
2.369025;81.17076;-0.24523483;[ 2.3255455  82.778404   -0.23214442]
2.6087017;81.59148;-0.24339122;[ 2.3173559  83.02836    -0.23200858]
2.4402413;74.68757;-0.24627075;[ 2.4226089  76.01281    -0.23488642]
1.9026285;83.22185;-0.25525263;[ 2.1120813  85.28225    -0.23097369]
1.2190483;90.04679;-0.26083744;[ 2.0176713  92.71299    -0.22784804]
0.23590875;96.775406;-0.26600936;[ 1.9267957  99.890114   -0.22490966]
1.3874682;89.95046;-0.26098758;[ 2.021206   92.45937    -0.22803533]
0.699026;90.41367;-0.24360111;[ 2.0638294  93.15641    -0.22746316]
1.2880708;89.94319;-0.26048806;[ 2.0355377 92.76027   -0.2278508]
1.8735083;83.12544;-0.25500622;[ 2.124364   85.57341    -0.23080131]
0.8481226;89.87344;-0.2436943;[ 2.079322   92.703575   -0.22774091]
1.0798342;90.15129;-0.24584287;[ 2.0666547  92.55683    -0.22782369]
1.6135479;83.76993;-0.24245174;[ 2.1524012  85.39686    -0.23079714]
1.0130761;84.22561;-0.23972072;[ 2.1945329  86.09928    -0.23022528]
0.45483363;95.64408;-0.2424665;[  1.8552974  100.93569     -0.22588639]
0.9282967;88.93945;-0.24046215;[ 2.041523   93.98115    -0.22853965]
2.766173;80.621605;-0.24056913;[ 2.3250225  82.37088    -0.23246726]
2.6083636;87.35022;-0.23866737;[ 2.2344058 89.55097   -0.2295276]
4.872098;77.3901;-0.23899414;[ 2.503065   78.909904   -0.23436867]
3.8215892;85.42156;-0.23394915;[ 2.3833323  87.451256   -0.23067753]
5.8239827;77.44552;-0.235894;[ 2.4694772  79.38011    -0.23396778]
3.2197068;77.88778;-0.24053526;[ 2.5626953  78.84698    -0.23437199]
24.318449;77.99274;-0.22949001;[ 2.614418   78.34942    -0.23465651]
5.3317466;75.055405;-0.22757451;[ 2.6562915  75.96776    -0.23572996]
4.620693;70.92274;-0.23885548;[ 2.6349778  71.73535    -0.23721954]
3.3541434;71.01973;-0.24445345;[ 2.6056669  71.72826    -0.23742434]
1.965401;82.98369;-0.25553846;[ 2.1214414  85.291084   -0.23100184]
0.25543988;96.60436;-0.2663787;[ 1.9297653  99.68374    -0.22496636]
1.3643191;89.783005;-0.2620804;[ 2.0344768  92.58619    -0.22794925]
1.4793465;89.7123;-0.2611205;[ 2.030743   92.46633    -0.22806424]
1.7121221;83.222336;-0.24373287;[ 2.1583803 85.41567   -0.2308552]
0.61573493;90.41889;-0.24378115;[ 2.0607462 92.616844  -0.2277291]
1.6197659;83.59754;-0.24329862;[ 2.1655037  85.522804   -0.23070782]
1.6356958;83.535866;-0.24332756;[ 2.1600888  85.43946    -0.23082383]
1.1656218;86.378334;-0.25816095;[ 2.1076236  88.5366     -0.22989878]
1.8452295;79.2244;-0.24411556;[ 2.2613645  81.07897    -0.23301037]
1.5352513;79.54085;-0.24182077;[ 2.2619972  81.31223    -0.23277834]
1.7910458;72.48756;-0.24409221;[ 2.4108462  73.957695   -0.23585415]
0.18304682;93.10695;-0.26365522;[ 2.0170157  95.7159     -0.22695923]
1.4215736;86.18703;-0.25838333;[ 2.1164894  88.53922    -0.23001736]
1.8531595;79.0981;-0.24340774;[ 2.2625232  81.22436    -0.23307979]
0.9973141;86.234215;-0.2411782;[ 2.1741145  88.35775    -0.22995132]
1.6755302;79.43077;-0.24205543;[ 2.3029804  81.10734    -0.23289831]
2.1175385;76.73211;-0.23073237;[ 2.4010103  78.26539    -0.23438857]
1.9428587;72.601166;-0.24359728;[ 2.3884175 74.23145   -0.2358141]
1.6316135;79.76755;-0.24169649;[ 2.3017824  81.19465    -0.23283002]
1.9538311;72.92166;-0.2432509;[ 2.3921244  74.19707    -0.23583667]
1.9246767;79.45842;-0.25254992;[ 2.2071707  81.36421    -0.23295493]
1.5036745;79.435234;-0.24658035;[ 2.433512   81.29002    -0.23232253]
1.3230054;86.22531;-0.2543648;[ 2.2795916  88.448204   -0.22949153]
3.935659;85.58331;-0.2356387;[ 2.4971662  87.7787     -0.23063149]
3.7449172;80.835526;-0.2609462;[ 2.50737    82.75295    -0.23245542]
1.6907481;79.57173;-0.24617063;[ 2.421707   81.39555    -0.23236628]
4.1001625;81.48975;-0.26097733;[ 2.481972   83.012924   -0.23224577]
4.016944;74.61371;-0.26275083;[ 2.5855126  75.838066   -0.23529531]
4.020881;79.415665;-0.23434754;[ 2.6288848  80.70706    -0.23339963]
2.5371847;74.115524;-0.2449075;[ 2.436441   75.708374   -0.23515224]
2.8117568;80.91001;-0.24460582;[ 2.2867737 82.86654   -0.232297 ]
3.6564448;85.3764;-0.23839976;[ 2.3609943  87.23661    -0.23075101]
2.6495605;80.759995;-0.24405487;[ 2.2949784  82.89434    -0.23240079]
2.4681573;80.80888;-0.24228346;[ 2.348542   82.753265   -0.23232675]
2.639533;81.11698;-0.24267828;[ 2.3301008  82.858315   -0.23221289]
3.464299;78.904045;-0.23771927;[ 2.4958522 80.03491   -0.2336113]
3.7758253;74.7705;-0.25640416;[ 2.475359   75.646194   -0.23520906]
4.196437;75.0506;-0.25596347;[ 2.4757445  75.71913    -0.23513624]
2.6729312;79.36972;-0.2251741;[ 2.4746547  80.601494   -0.23330508]
1.6064764;83.66196;-0.24253814;[ 2.1655147 85.61474   -0.2308119]
1.6890649;83.34921;-0.24294344;[ 2.1633387  85.59173    -0.23084883]
0.20144153;96.73222;-0.26739532;[ 1.9369308  99.79226    -0.22503546]
0.7153888;90.51094;-0.24551271;[ 2.0714586  92.64463    -0.22785445]
1.4410292;89.83807;-0.26254818;[ 2.0361357  92.646515   -0.22804916]
1.9291878;83.10779;-0.25690016;[ 2.1275826  85.50251    -0.23096152]
1.0113537;83.99572;-0.24062762;[ 2.2099752  85.705055   -0.23061234]
1.0309033;83.71167;-0.24098475;[ 2.209327   85.664024   -0.23065473]
2.5881114;84.2023;-0.24622272;[ 2.4436257 86.188805  -0.2306745]
2.4015727;77.28268;-0.24824256;[ 2.6021836  78.92997    -0.23350109]
3.6105943;71.87163;-0.26471952;[ 2.7589657  73.200226   -0.23661068]
3.563269;72.49604;-0.26271;[ 2.7419672  73.398865   -0.23646364]
3.5662553;71.94741;-0.26631203;[ 2.7004979  73.29083    -0.23663235]
3.5836785;65.17827;-0.26819864;[ 2.8466768  66.168495   -0.23941813]
2.9123576;75.93176;-0.23562571;[ 2.5940657 77.49436   -0.2349261]
2.537512;72.08688;-0.24797888;[ 2.5859444  73.2738     -0.23632586]
2.8134053;72.3963;-0.24770617;[ 2.5847797  73.362816   -0.23624621]
2.841901;71.84298;-0.24988228;[ 2.5443575  73.253944   -0.23641737]
5.123506;70.20009;-0.25061455;[ 2.6802607  71.0171     -0.23775946]
2.7286532;65.154175;-0.25339463;[ 2.6816072  66.29651    -0.23921897]
3.8764591;81.521164;-0.26128447;[ 2.4833384  83.09618    -0.23217961]
0.4720378;93.2361;-0.2598594;[ 2.187151   95.79778    -0.22643653]
1.1255612;86.19013;-0.24461651;[ 2.35475   88.44242   -0.2292852]
3.935391;78.476654;-0.24311134;[ 2.692171   79.227455   -0.23424238]
3.8589418;79.04265;-0.23945318;[ 2.65169    80.19688    -0.23349173]
3.4626305;79.13665;-0.23928276;[ 2.648805  80.38439   -0.2333848]
1.443179;80.33057;-0.24398424;[ 2.4758148  81.689674   -0.23187438]
3.4594665;74.91678;-0.26073408;[ 2.632016   75.98742    -0.23496512]
3.6977053;79.43584;-0.23889074;[ 2.643309   80.528076   -0.23330942]
1.5727426;80.07287;-0.24625584;[ 2.431845   81.66009    -0.23199445]
4.0397177;74.78722;-0.26329106;[ 2.578146   75.743416   -0.23525096]
4.0368195;75.90915;-0.23590074;[ 2.7807016  76.410164   -0.23558052]
3.9942722;71.78329;-0.24635117;[ 2.779673   72.186676   -0.23706117]
1.9538033;79.77013;-0.25149518;[ 2.3710122  81.29536    -0.23243013]
2.6745315;80.91182;-0.24369714;[ 2.2888563  82.89971    -0.23219813]
2.8586264;80.91567;-0.24357301;[ 2.2883127  82.81779    -0.23230289]
2.480119;81.3288;-0.24342066;[ 2.3342407  83.20022    -0.23200485]
2.5697875;74.053604;-0.24626245;[ 2.4354365  75.705574   -0.23514359]
3.7692046;78.961334;-0.23810726;[ 2.4311087  80.48379    -0.23350044]
3.733186;79.511475;-0.23562875;[ 2.4717548 80.61318   -0.2333137]
2.5120993;75.155;-0.24376051;[ 2.4641256  76.15232    -0.23477438]
2.5945883;67.36024;-0.2492312;[ 2.5230227  68.6679     -0.23796162]
1.0256208;84.088905;-0.2406188;[ 2.2117023  85.69421    -0.23057741]
1.6067933;83.8098;-0.24300256;[ 2.1619132  85.464714   -0.23077624]
1.3580343;89.998085;-0.2629198;[ 2.030974  92.52679   -0.2280189]
1.9426891;83.25428;-0.2580572;[ 2.120614   85.33227    -0.23097923]
0.89367604;89.66606;-0.24414007;[ 2.0960255  92.377625   -0.22799277]
1.785666;83.47087;-0.24340788;[ 2.1641045  85.370636   -0.23083867]
2.1952112;76.72723;-0.24487987;[ 2.2526577  78.22387    -0.23376055]
2.065567;76.84482;-0.24468483;[ 2.2602496  78.45233    -0.23364927]
0.22227955;93.43152;-0.26084343;[ 2.0052342  96.03324    -0.22663921]
1.4257407;86.50641;-0.25560382;[ 2.1060727  88.793      -0.22974262]
1.1120069;86.35488;-0.24030668;[ 2.1608436  88.632385   -0.22960092]
1.7272006;79.44421;-0.24111475;[ 2.2533963  81.54995    -0.23266888]
1.3720131;80.34465;-0.23797527;[ 2.242833   81.74157    -0.23245007]
2.144608;72.90442;-0.24419045;[ 2.29802    74.53126    -0.23567143]
1.543986;79.73732;-0.24119945;[ 2.2524571  81.68502    -0.23258235]
1.6933671;79.6798;-0.24119945;[ 2.2542877  81.54851    -0.23273155]
0.17097902;93.5061;-0.26273537;[ 2.0111322  96.05641    -0.22686249]
1.6828929;86.32031;-0.2467898;[ 2.1673527  88.295204   -0.23001716]
1.8313959;79.69336;-0.2430225;[ 2.3045905  81.03867    -0.23288986]
1.8491404;72.932945;-0.24428135;[ 2.3993306  74.15916    -0.23571296]
1.3859825;80.453575;-0.23964462;[ 2.2460396 81.81208   -0.2326192]
1.8416388;73.3636;-0.24253675;[ 2.3924289  74.310265   -0.23566614]
1.1563587;86.93718;-0.25654918;[ 2.094131  89.27827   -0.2295486]
1.7492328;79.72176;-0.24070972;[ 2.2556808  81.65325    -0.23255691]
1.2472291;86.92541;-0.24178044;[ 2.1432352  89.1276     -0.22952169]
1.7627468;84.01711;-0.23184799;[ 2.308743  85.75077   -0.2310499]
1.6196737;80.463806;-0.23882556;[ 2.2845674  82.12333    -0.23216882]
1.911936;80.08624;-0.24064589;[ 2.2383099 81.77932   -0.2325504]
2.0621552;77.66498;-0.2329813;[ 2.395166   78.61788    -0.23398206]
1.8980067;80.10486;-0.250947;[ 2.1898909  81.87736    -0.23262632]
1.6103358;83.06067;-0.24375506;[ 2.4221594  84.99723    -0.23087767]
1.7117735;80.89808;-0.23609398;[ 2.5533845  82.083595   -0.23227578]
3.4170392;75.25489;-0.25150272;[ 2.7225237  76.22966    -0.23534122]
1.7594093;76.45662;-0.24500886;[ 2.5601144 77.73412   -0.2337459]
3.9366598;78.603874;-0.25816375;[ 2.5364919  80.02699    -0.23379429]
3.747782;75.70139;-0.24969023;[ 2.712481   76.518005   -0.23520896]
1.6302773;76.88057;-0.24317047;[ 2.553145   77.94213    -0.23363623]
1.8827382;80.81383;-0.23595941;[ 2.503095  82.270195  -0.2323009]
3.7840636;75.15349;-0.25262415;[ 2.6717758  76.404655   -0.23538487]
2.6258984;77.4566;-0.24337563;[ 2.420665   79.26972    -0.23376189]
2.3681161;75.53034;-0.23807445;[ 2.5567462  76.3886     -0.23509687]
2.4440155;71.13552;-0.2459133;[ 2.5536656  72.11349    -0.23663989]
2.8947685;77.9413;-0.24276376;[ 2.3559735  79.586426   -0.23377413]
2.455906;70.58844;-0.24838637;[ 2.5143864  71.98292    -0.23680918]
1.7399158;80.09218;-0.22667158;[ 2.375448  81.965744  -0.2330457]
1.6372116;80.54347;-0.22627357;[ 2.3664262 82.24941   -0.23289  ]
1.129079;83.42088;-0.2526452;[ 2.17441    85.21415    -0.23144275]
1.7597154;73.0516;-0.23029743;[ 2.4870641  74.65805    -0.23596121]
1.6769602;82.84268;-0.2409;[ 2.249966   84.755226   -0.23159227]
1.6791095;75.80588;-0.24000818;[ 2.400644   77.34191    -0.23461482]
1.7876765;76.33688;-0.23813573;[ 2.3826578 77.56191   -0.2343761]
0.50474906;84.04981;-0.23723003;[ 2.2153728  85.40473    -0.23116878]
1.6013801;76.81804;-0.23683049;[ 2.3796394  77.690926   -0.23429045]
1.1221776;83.50963;-0.25147185;[ 2.1749082  85.28492    -0.23134899]
1.8347449;76.26828;-0.23935878;[ 2.340737   77.55855    -0.23445936]
1.8585869;69.11224;-0.2424428;[ 2.4881248 70.30422   -0.2374305]
1.360374;85.34346;-0.23067756;[ 2.2852545  88.1076     -0.23037118]
1.4416796;81.48833;-0.23604542;[ 2.473921   83.16695    -0.23236898]
0.9963541;85.464355;-0.22990108;[ 2.2727664  88.14297    -0.23034644]
0.52843726;85.88193;-0.22756429;[ 2.269555   88.063866   -0.23035607]
1.5414717;79.15484;-0.23326725;[ 2.4189155  81.00529    -0.23317492]
1.5869615;75.31261;-0.2365559;[ 2.605161   76.08306    -0.23515047]
1.8288425;78.61485;-0.23451;[ 2.3766496  80.89767    -0.23334108]
1.6376654;79.18732;-0.24170859;[ 2.257814   81.12356    -0.23267415]
1.6678206;83.31602;-0.22537898;[ 2.2456193  85.64452    -0.23111321]
1.9469929;79.36294;-0.25140637;[ 2.2035983  81.283      -0.23279369]
0.22145426;93.0322;-0.26220894;[ 2.0125086  95.68944    -0.22673178]
1.6711478;79.90325;-0.23994638;[ 2.2438505 81.399315  -0.2326166]
1.1687216;84.25972;-0.22220935;[ 2.2910423  86.12578    -0.23080604]
2.209021;65.41034;-0.24694471;[ 2.4358032  67.16158    -0.23866567]
1.2050698;82.415375;-0.23858301;[ 2.2563694 84.27722   -0.2318172]
1.5157669;79.779785;-0.22551408;[ 2.37697    81.59762    -0.23313095]
0.50411046;83.44566;-0.23763259;[ 2.2314866  84.70324    -0.23147632]
1.7650836;79.526245;-0.22676688;[ 2.3351114  81.58132    -0.23321433]
1.6139913;75.72201;-0.2391855;[ 2.344102   77.2236     -0.23465353]
1.5995255;82.424034;-0.239929;[ 2.2613754  84.194496   -0.23183678]
1.7161297;75.2886;-0.23950613;[ 2.4081802  76.875694   -0.23491329]
1.8025699;75.88181;-0.23758441;[ 2.3925338  77.06525    -0.23466647]
1.1254729;82.989334;-0.25425354;[ 2.194961   84.55726    -0.23161381]
1.6414734;75.80436;-0.23967537;[ 2.3485837 77.188156  -0.2346117]
2.5504808;81.66164;-0.25288627;[ 2.3852842  83.09701    -0.23241282]
2.8098497;83.77828;-0.23705621;[ 2.3243864  85.32256    -0.23162985]
2.3379774;80.73881;-0.22720988;[ 2.460154   82.55834    -0.23300225]
2.4689136;76.71183;-0.23754105;[ 2.4797728  77.85875    -0.23470704]
3.7074997;69.75635;-0.25932908;[ 2.584275   70.4957     -0.23786137]
2.3869433;74.01091;-0.22976346;[ 2.5511818  75.36858    -0.23594996]
2.537222;70.01847;-0.24035306;[ 2.5675142  70.80863    -0.23753977]
1.5868123;79.29102;-0.24132627;[ 2.2608523  81.27422    -0.23283896]
1.1583173;85.89447;-0.24141692;[ 2.1843445  88.36351    -0.23005506]
1.4161792;86.17253;-0.25809136;[ 2.1161807  88.62678    -0.22998454]
1.7336476;79.09333;-0.24062642;[ 2.2683127  81.26173    -0.23301144]
1.1941009;83.70399;-0.22146358;[ 2.3334618  85.736916   -0.23133591]
1.6488216;77.01062;-0.22394001;[ 2.4212945  78.68716    -0.23416768]
2.0622478;72.39996;-0.24255933;[ 2.3562462  74.21181    -0.23584257]
1.6389313;79.53783;-0.24278077;[ 2.2559576 81.22824   -0.2326922]
1.2641916;86.4317;-0.25609812;[ 2.1156259  88.73971    -0.22970538]
1.0044655;90.275986;-0.22430117;[ 2.1456017  92.99659    -0.22817457]
1.6042632;79.37848;-0.24173015;[ 2.2649493  81.37296    -0.23277165]
1.1463268;86.79909;-0.24034631;[ 2.143911 88.63447  -0.229597]
1.6502253;79.503716;-0.24185432;[ 2.300588  81.46244   -0.2326076]
1.490355;79.83974;-0.24149537;[ 2.3016083 81.47596   -0.2325919]
1.161695;84.105774;-0.22521901;[ 2.276265   85.950264   -0.23093587]
0.4996909;89.74414;-0.25579756;[ 2.264025   91.85795    -0.22824655]
1.3900781;86.36319;-0.23266648;[ 2.427434   88.64413    -0.22968835]
1.3605816;82.554276;-0.24288802;[ 2.4256384  84.36662    -0.23129763]
1.317124;83.19205;-0.24141505;[ 2.3991296 84.6746    -0.2310799]
0.7897421;83.55585;-0.24108227;[ 2.3949718  84.794464   -0.23100644]
1.6624209;80.1907;-0.23414896;[ 2.558544   81.57911    -0.23245282]
3.9520845;74.848274;-0.24182932;[ 2.7081869  76.13043    -0.23547757]
1.2983083;83.01553;-0.25036088;[ 2.3545933  84.680016   -0.23118472]
1.9604583;79.63457;-0.23577882;[ 2.5180202  81.46613    -0.23262654]
4.15331;74.18313;-0.2513059;[ 2.6769435  75.72024    -0.23571543]
3.9893508;74.294815;-0.24360903;[ 2.6685197  75.988686   -0.23566394]
2.9662077;84.119644;-0.24074292;[ 2.2774224  86.05743    -0.23112592]
3.6889026;81.48419;-0.23850764;[ 2.4248216  83.40325    -0.23256907]
2.8277087;80.86798;-0.23445758;[ 2.4252985  82.892845   -0.23270427]
2.6645546;76.962006;-0.24033603;[ 2.4327104  78.59211    -0.23420352]
3.463459;75.01153;-0.23941226;[ 2.5582378 76.2215    -0.2354264]
3.1030447;77.93134;-0.23899487;[ 2.408345   78.99419    -0.23388503]
3.7444081;75.311714;-0.23910694;[ 2.5558107  76.33752    -0.23533177]
2.9307687;70.03466;-0.24756142;[ 2.531022  71.46103   -0.2372845]
2.695282;70.26864;-0.24317572;[ 2.520483   71.541115   -0.23703691]
1.6146175;79.33712;-0.2410564;[ 2.2641287  81.25063    -0.23276389]
1.0730355;83.77036;-0.22460344;[ 2.2955434 85.830734  -0.2310641]
0.17294335;93.15935;-0.2626947;[ 2.0197072  95.781364   -0.22685304]
0.87680435;90.21469;-0.22241102;[ 2.1574206 92.99659   -0.2282506]
2.0511937;83.129074;-0.23096672;[ 2.2651548  85.264824   -0.23147106]
1.4104732;85.69926;-0.24352753;[ 2.1875556  88.22549    -0.23011418]
1.7717683;79.28143;-0.24081668;[ 2.2653232  81.117134   -0.23290278]
1.8095565;83.34692;-0.2295892;[ 2.3059447  85.347664   -0.23131257]
1.5722476;79.89306;-0.24084646;[ 2.25364    81.48382    -0.23267908]
1.767189;77.07387;-0.2268734;[ 2.3873792 78.56693   -0.2340903]
1.864549;79.67735;-0.25277698;[ 2.202028   81.35835    -0.23278916]
2.0700345;76.52042;-0.22791073;[ 2.3476312  78.426155   -0.23427635]
1.1928868;82.45143;-0.23808892;[ 2.2569084  84.2932     -0.23178664]
1.5693297;74.993225;-0.24022168;[ 2.4161851  76.87465    -0.23506625]
1.3408478;79.17648;-0.22585876;[ 2.400381   81.29294    -0.23337647]
1.6733953;75.57618;-0.23828259;[ 2.3971946  77.11289    -0.23478939]
1.6209533;75.8736;-0.23845285;[ 2.398105   77.14463    -0.23476842]
1.5249852;75.88347;-0.23798737;[ 2.3986871  77.136604   -0.23474732]
1.6035709;75.758064;-0.23883796;[ 2.3446982 77.242035  -0.2346201]
1.8172793;68.29986;-0.24270968;[ 2.5041585  69.82219    -0.23789927]
1.6521927;74.93465;-0.24310036;[ 2.5934713 75.57006   -0.2355259]
1.6874726;75.24273;-0.24111521;[ 2.5699606  76.05605    -0.23521392]
1.9278834;74.98554;-0.24326451;[ 2.5320132  75.965645   -0.23532198]
1.4980369;77.31555;-0.23744291;[ 2.4053817  79.24713    -0.23372084]
2.593701;83.767296;-0.23667037;[ 2.326296   85.32298    -0.23162012]
3.670061;76.74248;-0.2596223;[ 2.48463    77.7692     -0.23479515]
2.573645;78.998535;-0.23591334;[ 2.5326798  79.85425    -0.23389764]
4.0414224;73.8487;-0.2419095;[ 2.6321094  74.676476   -0.23630524]
3.3584723;73.9499;-0.2391569;[ 2.6434114  75.09359    -0.23613627]
3.6458523;69.77377;-0.2583404;[ 2.6294196  70.41027    -0.23786503]
3.2014487;74.43369;-0.23682913;[ 2.626046   75.28931    -0.23593417]
3.3863633;74.77744;-0.23651586;[ 2.6223269  75.43731    -0.23583397]
2.241423;74.554695;-0.23252164;[ 2.5969057  75.231316   -0.23584945]
2.2634244;75.22106;-0.25340092;[ 2.4697227  75.85662    -0.23528555]
2.3154514;73.998566;-0.23418066;[ 2.5567849  75.11483    -0.23602566]
3.4736085;74.36967;-0.23825975;[ 2.5582948  75.696915   -0.23595035]
1.8502674;79.45904;-0.24241124;[ 2.2666903  81.11738    -0.23294199]
1.6604593;79.99915;-0.24113128;[ 2.2473173  81.480484   -0.23277682]
0.18605435;91.08879;-0.23374735;[ 2.1590946  93.70973    -0.22782062]
1.5274204;81.697014;-0.24130504;[ 2.433618   82.85046    -0.23244835]
1.3043282;84.29383;-0.23727491;[ 2.3117368  86.601494   -0.23073804]
1.136251;84.136765;-0.2361681;[ 2.313678   86.38386    -0.23081681]
1.5797123;77.67095;-0.23942678;[ 2.4655404 79.06954   -0.2338294]
1.6099269;77.82354;-0.23828731;[ 2.441115   79.4929     -0.23357828]
1.4256017;78.12003;-0.23798439;[ 2.441766   79.54801    -0.23350766]
1.5657264;77.443405;-0.23892963;[ 2.4011216  79.33935    -0.23364574]
1.836878;70.977585;-0.24188222;[ 2.5533195  72.016365   -0.23666435]
1.5233907;79.266785;-0.24352956;[ 2.3209844  80.85009    -0.23323636]
0.99043965;86.69649;-0.24249655;[ 2.1597748  88.549675   -0.22997372]
1.5044359;72.9306;-0.24360244;[ 2.4535377  73.78941    -0.23599045]
0.5303246;87.02061;-0.24207574;[ 2.1568322  88.66245    -0.22989534]
1.5396605;80.212746;-0.2409663;[ 2.2994986  81.24264    -0.23286937]
1.5690103;73.0943;-0.24341385;[ 2.450203   73.81743    -0.23599955]
1.3453684;73.18665;-0.24325606;[ 2.4538605  73.77771    -0.23602696]
1.544852;79.43443;-0.2431894;[ 2.2697675  81.24681    -0.23297963]
3.601109;81.83115;-0.24821629;[ 2.7591677  83.742386   -0.23227437]
2.4842076;81.51691;-0.233577;[ 2.6198244  83.256996   -0.23236355]
2.5399182;74.789;-0.23687008;[ 2.7115147  76.05334    -0.23532358]
2.519382;75.68653;-0.23898497;[ 2.526237   75.989395   -0.23488493]
1.5951352;81.698456;-0.24080299;[ 2.4311821  82.90443    -0.23239784]
1.5669577;82.096306;-0.24543364;[ 2.5850558  83.5045     -0.23162693]
2.8092694;81.09282;-0.23935229;[ 2.6042285  82.46923    -0.23290057]
1.6863374;85.98222;-0.24081536;[ 2.3325183  87.6867     -0.23009928]
1.5573223;79.83494;-0.23900847;[ 2.4645643  80.71414    -0.23280023]
5.0547676;89.77394;-0.26521084;[  2.450616   109.92305     -0.22448522]
4.7126694;83.13685;-0.26250723;[  2.5592577  101.5253      -0.22760054]
4.995384;83.31496;-0.2616483;[  2.5822465  104.75914     -0.22624877]
5.091746;83.60213;-0.26182994;[  2.5801895  104.768684    -0.22621526]
1.3610928;89.58769;-0.24575306;[  2.7416883  145.28677     -0.20990479]
3.5757546;81.68596;-0.24970286;[ 2.1550877  79.29226    -0.23516603]
3.8364277;82.15906;-0.24923609;[ 2.135375   77.96861    -0.23578393]
0.7061031;89.40787;-0.24040203;[ 1.9058391 88.612434  -0.2310291]
1.2514138;88.78801;-0.24303974;[ 1.8950396  91.41004    -0.23002201]
0.93293464;88.922485;-0.24078114;[ 1.9460225 91.02009   -0.2300026]
0.7936995;89.1207;-0.24035631;[ 1.9075141  88.57551    -0.23108217]
1.4428328;82.616196;-0.24286555;[ 2.0257854  84.36329    -0.23277384]
1.9746039;75.43743;-0.24579976;[ 2.1483111  78.86405    -0.23496056]
3.040572;85.05518;-0.24626051;[ 2.4223666  87.364204   -0.23045094]
2.1974032;82.06174;-0.2553932;[ 2.5504189  83.64082    -0.23135999]
1.731113;78.08919;-0.2633919;[ 2.5864346  79.7817     -0.23334649]
2.9917495;78.58278;-0.24629301;[ 2.5539527  80.23301    -0.23327136]
13.960012;75.34154;-0.24352214;[ 2.985672  75.363014  -0.2359201]
4.0286274;70.539375;-0.27135384;[ 2.831541   70.75465    -0.23734082]
1.8002658;71.95145;-0.2596237;[ 2.7121243  72.79943    -0.23609917]
4.3242617;66.16584;-0.27911848;[ 2.9272566  65.78701    -0.23956093]
5.670914;74.42324;-0.23945482;[ 2.8712606  74.07921    -0.23624833]
4.070953;74.963425;-0.24996307;[ 2.8534737  76.16756    -0.23525563]
3.7872386;75.621605;-0.2462934;[ 2.679706   77.28127    -0.23474403]
2.2926464;75.33356;-0.25760034;[ 2.6409388  76.49082    -0.23428725]
3.96315;69.94966;-0.27782807;[ 2.7967625  70.53806    -0.23757105]
3.7054648;69.88612;-0.2508594;[ 2.8848782 70.42094   -0.2379731]
3.4164762;65.8311;-0.27144358;[ 2.8720584  66.36642    -0.23935418]
1.8556569;79.0111;-0.24526708;[ 2.4916005  80.09724    -0.23379655]
2.3563313;72.11153;-0.25924033;[ 2.6434526  72.54482    -0.23689121]
2.1130838;72.83742;-0.2460602;[ 2.6223338  73.028435   -0.23656194]
3.4687104;75.199524;-0.2365426;[ 2.7524295  75.806274   -0.23523226]
2.721418;70.53861;-0.25279847;[ 2.6657767  70.757744   -0.23723224]
2.3675184;65.38335;-0.26088482;[ 2.7333915  65.39335    -0.23982407]
3.1749287;85.40693;-0.23342538;[ 2.4155266  87.013145   -0.23093645]
4.0587173;77.9999;-0.23938148;[ 2.504105   79.48359    -0.23412938]
2.7413762;78.92548;-0.25263634;[ 2.3838744  79.99062    -0.23331395]
2.0880084;80.51995;-0.26070818;[ 2.3995113  81.91412    -0.23283929]
2.2920911;78.16434;-0.24072982;[ 2.5761268 78.39556   -0.2346497]
2.4223504;80.72503;-0.24123423;[ 2.3840415  82.20852    -0.23268291]
1.7890934;74.35321;-0.25475803;[ 2.5237951  75.01965    -0.23557673]
2.0864928;79.74508;-0.24743794;[ 2.4129198  80.511086   -0.23288321]
3.3873694;78.678314;-0.23597391;[ 2.5060937  79.829285   -0.23387867]
2.5148454;72.4514;-0.23947453;[ 2.69308    72.76291    -0.23662229]
2.410801;76.88499;-0.23565234;[ 2.5381403  77.23585    -0.23453426]
2.113275;72.76435;-0.25123283;[ 2.5100598  73.14265    -0.23590492]
2.5439005;71.71779;-0.24474804;[ 2.6421747  72.51298    -0.23683307]
3.2164972;74.53097;-0.24204437;[ 2.4680283  75.25587    -0.23546682]
1.9310839;74.87845;-0.25138897;[ 2.5180688  75.17466    -0.23541291]
2.717231;72.787025;-0.25091335;[ 2.5091434  73.053986   -0.23601684]
2.7507377;72.911606;-0.24619721;[ 2.5603714 72.892235  -0.2361435]
2.8890638;67.273384;-0.24779885;[ 2.562825   68.06773    -0.23844792]
1.2107552;90.02646;-0.26073942;[ 2.0102673  92.6174     -0.22798102]
1.821937;83.18519;-0.25584325;[ 2.128633   85.523796   -0.23085386]
1.280443;89.9138;-0.26153618;[ 2.0380907  92.705574   -0.22791377]
1.1559232;89.88148;-0.24586686;[ 2.0683327  92.23444    -0.22807865]
0.9731475;83.82298;-0.24136786;[ 2.1974854  85.78089    -0.23050088]
1.6523082;79.72321;-0.24656689;[ 2.4207468  81.20995    -0.23231998]
3.7244506;74.221924;-0.26392925;[ 2.5868504  75.46839    -0.23536809]
4.193611;78.470825;-0.2461259;[ 2.592855   79.867935   -0.23380929]
3.9156213;74.3165;-0.26467675;[ 2.5959132  75.629265   -0.23538119]
3.6798432;85.08876;-0.2539248;[ 2.5335944  86.67557    -0.23121358]
3.853526;80.76068;-0.280585;[ 2.4661026  82.77993    -0.23251726]
4.184326;85.19872;-0.2450137;[ 2.5018046  87.05648    -0.23086166]
3.84141;81.04467;-0.2651609;[ 2.505347   82.78021    -0.23245333]
1.2011218;86.416595;-0.244154;[ 2.3325052  88.25692    -0.22949436]
1.6182618;79.45125;-0.24550748;[ 2.4514682  81.12188    -0.23233469]
3.538463;74.01859;-0.26317707;[ 2.606266   75.45205    -0.23543325]
0.8533868;86.698524;-0.24358997;[ 2.3176358  88.59716    -0.22932816]
1.5956764;79.7281;-0.24493575;[ 2.4394593  81.37367    -0.23221138]
1.0793003;80.31277;-0.24410215;[ 2.4717686  81.62296    -0.23202524]
3.8925707;75.76682;-0.23705207;[ 2.784384   76.4282     -0.23559706]
1.8827672;79.47218;-0.25215554;[ 2.400023   81.28507    -0.23235886]
1.9597843;72.75787;-0.24823533;[ 2.5398445  74.07413    -0.23515978]
2.3629925;74.20134;-0.2459937;[ 2.4278812  75.53918    -0.23517643]
2.498156;74.26671;-0.2466759;[ 2.432328   75.75069    -0.23518178]
2.4141045;80.99489;-0.24396354;[ 2.3417623  82.90143    -0.23225409]
2.1655812;73.99506;-0.24617444;[ 2.435757   75.66949    -0.23526216]
3.7550902;79.221725;-0.23786463;[ 2.445718   80.595894   -0.23350945]
2.5895443;74.583084;-0.24574609;[ 2.429184  75.91836   -0.2350956]
2.5444477;74.03151;-0.24825506;[ 2.388928   75.79212    -0.23528126]
2.2593083;67.30168;-0.24913669;[ 2.5241334  68.62162    -0.23808731]
1.8640559;83.24196;-0.2575921;[ 2.1207962  85.31898    -0.23101825]
0.5624788;90.514946;-0.24430618;[ 2.0704737  92.70489    -0.22779459]
0.97590727;83.73567;-0.24130313;[ 2.217483   85.52157    -0.23071705]
2.0857081;76.35078;-0.24533115;[ 2.2652361  78.24974    -0.23381814]
0.19399977;96.691986;-0.26763842;[ 1.9396963  99.76325    -0.22503842]
1.0651367;89.89277;-0.2448998;[ 2.0828295 92.328926  -0.2280246]
1.764679;83.17145;-0.24388875;[ 2.1722503  85.11039    -0.23101255]
1.1490268;83.74519;-0.24108201;[ 2.2180018  85.5235     -0.23070483]
1.7172712;83.04416;-0.24350461;[ 2.176876   85.29809    -0.23099242]
2.102088;76.34436;-0.24492632;[ 2.2664528  78.26196    -0.23377793]
1.0774081;84.005905;-0.24062762;[ 2.2082245 85.778404  -0.2305693]
1.6874676;83.33887;-0.24288753;[ 2.1688135  85.532745   -0.23085812]
1.4878865;83.7506;-0.24337408;[ 2.169547   85.68258    -0.23070924]
1.5695062;83.79353;-0.2434773;[ 2.161038   85.4428     -0.23083404]
2.1464362;76.93516;-0.2445308;[ 2.2584863  78.44537    -0.23370446]
1.6237335;79.689224;-0.24119945;[ 2.2546408  81.56675    -0.23270684]
1.8542644;79.5562;-0.24317734;[ 2.2582865  81.41915    -0.23281887]
1.7278372;79.82056;-0.24215281;[ 2.248432  81.4378    -0.2327347]
1.6599616;79.405876;-0.24220528;[ 2.3104777  81.177315   -0.23286751]
1.6744498;79.72853;-0.2411105;[ 2.258877   81.43156    -0.23284684]
0.73669887;87.01023;-0.23970522;[ 2.1419828  88.94715    -0.22966364]
1.6563847;79.79675;-0.24041218;[ 2.2973733  81.51498    -0.23267612]
0.49528742;87.315926;-0.24016483;[ 2.1422904  88.99079    -0.22962455]
1.1643484;86.375916;-0.25857365;[ 2.1083424  88.54482    -0.22988676]
1.6536222;79.223915;-0.24267234;[ 2.264355   81.09175    -0.23295774]
1.6466131;83.46213;-0.22511722;[ 2.2556982  85.68884    -0.23126878]
1.7513945;79.190735;-0.24377872;[ 2.2768855  81.10442    -0.23305088]
1.8976802;79.39363;-0.24075964;[ 2.2575173  81.190636   -0.23295748]
1.0851853;83.71884;-0.22389685;[ 2.2949288  85.78469    -0.23112833]
1.6666467;80.00738;-0.24048412;[ 2.2476573  81.51003    -0.23275293]
1.2260039;84.388214;-0.22202887;[ 2.302909   86.156715   -0.23097846]
1.9402019;79.45581;-0.2529105;[ 2.207412   81.384544   -0.23293866]
2.1035013;72.70025;-0.24260086;[ 2.3457787  74.14359    -0.23578297]
1.5447592;86.37536;-0.24405573;[ 2.1702948  88.25329    -0.23015122]
0.698154;86.721405;-0.24146825;[ 2.156246   88.62597    -0.22992821]
0.4952681;87.03283;-0.24207574;[ 2.1566792  88.66854    -0.22988987]
1.6623775;80.198326;-0.24142165;[ 2.3010745  81.196655   -0.23290572]
1.1402773;86.48126;-0.25999826;[ 2.1164334  88.54363    -0.23007518]
1.662724;79.396324;-0.2431894;[ 2.2701175  81.13804    -0.23310772]
1.7510576;85.9962;-0.24213599;[ 2.3330154  87.673454   -0.23011914]
2.2227082;80.06094;-0.23915584;[ 2.4602215  80.85203    -0.23273179]
1.420363;88.60011;-0.24265362;[ 1.9486185  93.59248    -0.22905557]
1.5891657;81.90058;-0.24240184;[ 2.0881395  86.36506    -0.23189315]
1.692045;81.954895;-0.2428954;[ 2.117115 86.738686 -0.231727]
0.40272093;95.32872;-0.24127808;[  1.8581095  100.775246    -0.22611445]
1.0391808;88.683075;-0.24025242;[ 2.0266745  93.89039    -0.22879736]
0.7916461;89.15275;-0.23985152;[ 1.9888215  93.714806   -0.22887176]
2.866466;80.88013;-0.24148545;[ 2.3377724  82.4116     -0.23263128]
2.3616476;74.04971;-0.25382686;[ 2.4833937  75.01823    -0.23562337]
3.430812;84.85893;-0.2397909;[ 2.4273605  86.15244    -0.23150003]
6.549728;77.707306;-0.2330574;[ 2.4894211  79.371666   -0.23408966]
3.29515;78.11076;-0.23715504;[ 2.5671778  78.786064   -0.23443957]
7.315562;78.01622;-0.2318579;[ 2.4853618  79.502556   -0.23400062]
3.5240612;78.38614;-0.23694094;[ 2.557642   79.04228    -0.23430157]
3.7088544;76.12521;-0.22925334;[ 2.7164967 76.533844  -0.2354362]
2.4353209;79.68852;-0.24701992;[ 2.4166036  80.270164   -0.23307914]
2.0888233;74.60659;-0.249042;[ 2.5219705  75.161835   -0.23544656]
3.6729324;75.5692;-0.23321265;[ 2.6764688 76.415535  -0.2356158]
1.624951;83.26912;-0.24418297;[ 2.1730921  85.12681    -0.23103464]
1.5702505;83.41003;-0.24385919;[ 2.174364   85.46642    -0.23086967]
0.7877018;90.13863;-0.24467932;[ 2.0837493  92.64709    -0.22793052]
1.0705824;89.9973;-0.24482791;[ 2.082577   92.27706    -0.22810698]
1.5966549;83.179016;-0.24365637;[ 2.18116    85.32795    -0.23099121]
1.06368;83.9669;-0.24141715;[ 2.2131536  85.61271    -0.23069015]
1.1434304;83.85884;-0.24180557;[ 2.2079632  85.3258     -0.23082739]
0.15041995;93.20912;-0.26541573;[ 2.025919   95.725426   -0.22713578]
1.3758982;86.1227;-0.2436465;[ 2.1782553  88.33252    -0.23018065]
0.7094722;90.29424;-0.22208017;[ 2.1758995  92.92306    -0.22847733]
1.518018;79.38369;-0.2417193;[ 2.3144972  81.04041    -0.23310335]
1.5013376;79.37428;-0.24124615;[ 2.3160703  81.01911    -0.23310721]
0.6485956;86.73298;-0.24146825;[ 2.1561396  88.6273     -0.22992708]
1.5810266;79.64657;-0.24128184;[ 2.3084898  81.2358     -0.23297155]
1.5397942;79.94673;-0.24138734;[ 2.3089628  81.27389    -0.23293594]
1.6371362;77.38855;-0.23030148;[ 2.4522402  78.193184   -0.23433551]
1.1435162;86.480515;-0.25999826;[ 2.1164267  88.54263    -0.23007694]
1.77727;79.3941;-0.24378479;[ 2.2687633  81.149734   -0.23312183]
1.5715612;83.56563;-0.22405241;[ 2.266409   85.74031    -0.23141843]
1.4440479;79.75151;-0.2427116;[ 2.253858   81.33498    -0.23288347]
1.7648019;72.6809;-0.24363387;[ 2.4044223  73.971405   -0.23593286]
1.615785;76.85421;-0.22538257;[ 2.4034727  78.54069    -0.23423272]
2.3888614;79.685684;-0.24194157;[ 2.4246986  81.48198    -0.23253793]
4.2167253;85.35051;-0.2440522;[ 2.50881    87.219406   -0.23093368]
0.99428695;86.43527;-0.2447128;[ 2.356412   88.42293    -0.22951528]
0.9822823;86.341965;-0.24357475;[ 2.3427773  88.29203    -0.22962786]
3.7454247;81.05478;-0.2605087;[ 2.5067945  82.68316    -0.23259449]
1.0913746;79.99937;-0.24406734;[ 2.480904   81.432365   -0.23227051]
0.7818648;86.917076;-0.24374959;[ 2.331418  88.58816   -0.2294583]
4.1930246;79.03876;-0.23948118;[ 2.6508682  80.0064     -0.23380658]
1.0750672;80.20351;-0.24368744;[ 2.4681158  81.340294   -0.23234934]
1.552191;79.613785;-0.24592693;[ 2.433298  81.14166   -0.2325556]
3.8233554;74.32661;-0.26291382;[ 2.5973153  75.5328     -0.23552221]
2.6839442;87.78926;-0.24618922;[ 2.2058346  90.06436    -0.22949494]
4.3118563;81.46222;-0.26684892;[ 2.3461654  82.75356    -0.23245324]
2.5508718;81.0422;-0.24294083;[ 2.3452148  82.71674    -0.23242114]
3.7206726;79.04643;-0.2369243;[ 2.5052335  80.128944   -0.23370463]
4.1725473;74.99139;-0.25533915;[ 2.475027   75.67543    -0.23525009]
2.804983;81.61328;-0.24305193;[ 2.336508   83.00528    -0.23225087]
3.7178571;79.34213;-0.23697528;[ 2.5058672 80.17669   -0.2336609]
2.6538954;75.0759;-0.24447599;[ 2.470549   75.91038    -0.23510794]
2.6259732;74.51902;-0.246768;[ 2.431792   75.763954   -0.23528726]
2.49069;74.30098;-0.24556573;[ 2.4351013  75.561714   -0.23536403]
3.6461763;68.062225;-0.2587874;[ 2.5679953 68.43954   -0.2382024]
0.15652466;96.86751;-0.2692114;[ 1.9469702  99.79534    -0.22516131]
1.5373815;83.3903;-0.24337044;[ 2.175932   85.295845   -0.23102248]
0.992246;83.98002;-0.24069442;[ 2.2109206  85.4943     -0.23081498]
1.1041601;84.21645;-0.24065271;[ 2.207857   85.63812    -0.23070782]
1.0883062;83.92159;-0.24060687;[ 2.2060962  85.620155   -0.23074788]
1.6365414;77.25154;-0.24295007;[ 2.3041105  78.37017    -0.23366763]
1.6167166;77.25184;-0.24295007;[ 2.3014417 78.343925  -0.2337427]
1.0998853;77.84157;-0.24150978;[ 2.3363876 78.5415    -0.2335363]
1.7455971;83.41028;-0.2597384;[ 2.1279867  85.4298     -0.23104358]
1.9645253;76.66212;-0.24519669;[ 2.2664523 78.14547   -0.2339502]
2.150827;80.99716;-0.25193346;[  2.9798622  122.02689     -0.21888852]
2.879213;81.04353;-0.2485131;[  3.060264   122.5268      -0.21831873]
2.1993072;77.98222;-0.26475656;[  3.1394236  124.04363     -0.21816887]
2.5743294;77.05413;-0.27003154;[  3.1249187 122.68961    -0.2187255]
2.880888;73.47351;-0.2858723;[  3.2360277  121.874344    -0.21929038]
3.113007;78.19612;-0.22110155;[ 2.7812257 78.7456    -0.233513 ]
2.7226095;79.01821;-0.23138545;[ 2.8864017  79.7578     -0.23202144]
6.3064957;73.10196;-0.253762;[ 3.0043144  74.69386    -0.23486729]
2.3390949;71.041824;-0.2722557;[ 3.0830336  70.33083    -0.23677121]
3.2442598;78.0236;-0.22001275;[ 2.8197863  78.60803    -0.23333593]
3.6396918;73.9503;-0.24194232;[ 2.949841   74.18245    -0.23566636]
5.106939;73.05773;-0.253762;[ 3.0133958  74.54437    -0.23485732]
3.9173017;65.279434;-0.29788655;[ 3.2573566  63.949      -0.24003646]
3.808434;69.25607;-0.2760957;[ 3.08142    69.5852     -0.23704854]
4.037021;65.02474;-0.29558098;[ 3.2299664  65.31857    -0.23922715]
5.0381126;71.24422;-0.24803743;[ 2.9900656  71.84087    -0.23671497]
2.9402874;72.53147;-0.24483342;[ 2.974083 72.375404 -0.236411]
4.7622323;71.648834;-0.24345265;[ 2.9684281  72.34969    -0.23647863]
2.5057406;74.36116;-0.2596111;[ 2.9826894  74.21328    -0.23524402]
2.4444985;74.15324;-0.25991344;[ 2.9863834  74.10616    -0.23540688]
2.423561;75.10452;-0.24867545;[ 2.7912858  75.21143    -0.23492308]
2.653898;75.18792;-0.24602766;[ 2.8614073  74.95899    -0.23500589]
2.2308962;75.128334;-0.24627632;[ 2.862505  75.10325   -0.2349015]
2.860032;67.47306;-0.28364685;[ 3.0337543  67.06367    -0.23933646]
4.2690477;74.34308;-0.24162897;[ 2.8885655  76.02827    -0.23513477]
2.990456;75.8856;-0.24450563;[ 2.8914192  76.03742    -0.23498502]
1.8576391;75.08121;-0.24571928;[ 2.8986173  75.77001    -0.23519385]
2.6069126;70.953735;-0.26074672;[ 3.033599   70.28968    -0.23788072]
2.6651254;76.165924;-0.206391;[ 2.860183   77.40944    -0.23413174]
3.9616466;72.516495;-0.22431129;[ 2.900292   73.04209    -0.23610881]
2.876639;69.329735;-0.24719405;[ 3.0445929  68.49179    -0.23843093]
2.638209;68.01678;-0.2401882;[ 3.1148105  68.40553    -0.23834705]
2.9264367;72.565254;-0.22511263;[ 2.8976953  73.08402    -0.23606093]
3.9662561;68.46789;-0.24409775;[ 3.0347447  68.87821    -0.23833959]
2.0146856;68.032196;-0.24061552;[ 2.9737258  68.058754   -0.23752233]
2.3079112;71.5621;-0.2168725;[ 2.873526   72.9437     -0.23562682]
2.8517065;64.536;-0.25279546;[ 3.0496328  63.85438    -0.24021481]
2.736906;71.76963;-0.2151856;[ 2.8909588  72.1964     -0.23623535]
2.4960647;68.46387;-0.24597885;[ 3.013969   67.51534    -0.23827511]
1.93886;67.29326;-0.23329422;[ 3.001442   67.650215   -0.23830599]
2.6775737;61.33009;-0.2782541;[ 3.1789596  59.600773   -0.24266155]
2.5810614;79.13866;-0.22608282;[ 2.5679214  79.584435   -0.23349316]
2.3919864;75.21655;-0.24561086;[ 2.620417   75.25094    -0.23533356]
3.226181;71.39178;-0.25846592;[ 2.7233133  71.390945   -0.23752293]
2.5647883;75.39652;-0.24284679;[ 2.617435  75.23849   -0.2353336]
2.2117403;71.75882;-0.2588812;[ 2.746347   70.43803    -0.23798318]
2.2754068;79.057785;-0.22324441;[ 2.5636494 80.21903   -0.2331048]
2.4726124;75.2342;-0.24382555;[ 2.6884623  75.140816   -0.23536296]
2.6426625;71.15545;-0.2635911;[ 2.7381792  71.3038     -0.23756853]
2.7992687;79.11008;-0.22488634;[ 2.5893493  80.8178     -0.23331273]
3.2371583;75.96009;-0.24214928;[ 2.7228591  76.03341    -0.23546419]
2.5656083;72.29492;-0.23131467;[ 2.778356   72.10479    -0.23681796]
4.6597986;71.98128;-0.2259225;[ 2.8456774  72.80674    -0.23674113]
3.3939748;68.47014;-0.24091609;[ 2.8813486  68.23985    -0.23901007]
2.7728355;76.095245;-0.21693566;[ 2.7226832  76.47023    -0.23494223]
3.8056037;71.854645;-0.22621727;[ 2.8495514  73.04858    -0.23649046]
3.2267427;68.58363;-0.23966402;[ 2.8863866  68.52995    -0.23872335]
2.3751438;68.84329;-0.24050653;[ 2.9047046  67.28546    -0.23946978]
2.6043944;76.14308;-0.21620044;[ 2.7222805  77.06553    -0.23458892]
2.1146824;69.17595;-0.2402994;[ 2.9070425  67.41219    -0.23935468]
2.8106737;68.239914;-0.24548306;[ 2.8970685  68.15149    -0.23904958]
4.361169;71.526794;-0.23036784;[ 2.8781645  72.88871    -0.23708457]
5.0601697;67.34897;-0.24252187;[ 3.0021422  67.93924    -0.23949823]
2.3882775;68.137695;-0.24504115;[ 2.7707703  67.88499    -0.23839355]
3.51923;67.69742;-0.23694475;[ 2.8436806  68.735435   -0.23813017]
2.5227234;68.22123;-0.24351339;[ 2.839749   67.53419    -0.23858666]
1.9041845;67.441376;-0.24008396;[ 2.8305278  68.16192    -0.23826323]
2.6073065;72.07419;-0.2255821;[ 2.7433033  73.3885     -0.23639277]
4.202046;67.38182;-0.24045254;[ 2.873989   68.596695   -0.23869306]
5.7544575;68.01614;-0.23574862;[ 2.8728862  68.64034    -0.23856266]
4.910367;63.225063;-0.2585025;[ 2.9979146  63.653206   -0.24110137]
2.9084256;63.99691;-0.25805157;[ 3.018775   62.868713   -0.24142657]
4.004472;60.720943;-0.27402556;[ 3.1203828  58.283016   -0.24395096]
2.3877745;76.00507;-0.20900966;[ 2.693362   76.98771    -0.23485091]
3.4138043;71.7679;-0.21860904;[ 2.822835   73.536995   -0.23639661]
2.2791836;72.31981;-0.22102305;[ 2.820548  72.30624   -0.2368473]
1.9028544;71.51746;-0.21886164;[ 2.8107314 72.940575  -0.236532 ]
2.4295077;64.628494;-0.2463691;[ 2.9947953  64.35906    -0.24120757]
4.5423594;73.11101;-0.23163153;[ 2.9184499 73.21203   -0.2356789]
4.2443104;68.86223;-0.25413716;[ 3.043237   68.02299    -0.23831466]
2.4071393;77.81294;-0.2145685;[ 2.7956142  77.85453    -0.23330346]
2.6384902;73.61087;-0.23599596;[ 2.8965702  74.287224   -0.23532829]
4.12342;72.99103;-0.23176284;[ 2.919155   73.1009     -0.23567773]
3.7321253;68.85317;-0.25266123;[ 3.026219   69.483635   -0.23768833]
4.201901;69.30342;-0.25208506;[ 3.028661  68.982346  -0.2378401]
3.259335;70.4406;-0.24550627;[ 3.027852   69.28554    -0.23775798]
3.3213995;74.03393;-0.23680079;[ 2.9069066  73.75657    -0.23537351]
2.8498216;70.39949;-0.25399676;[ 3.0258956  69.568016   -0.23748419]
2.7503076;73.433975;-0.23732297;[ 2.9196367  72.68077    -0.23592371]
4.14935;68.701294;-0.2543351;[ 3.0427558 67.92927   -0.2383127]
2.2678428;62.503967;-0.2844842;[ 3.2913563 58.59725   -0.2427671]
2.503487;75.408844;-0.22206277;[ 2.700285   76.66301    -0.23490724]
2.695383;76.08348;-0.2172318;[ 2.6650546  75.171715   -0.23503062]
3.8656511;71.20143;-0.2366;[ 2.793477   68.08856    -0.23880816]
5.404917;71.1217;-0.23497334;[ 2.8278127 71.493706  -0.2373873]
3.2840405;71.97741;-0.2375025;[ 2.8322146  71.61683    -0.23725097]
2.7804198;72.2135;-0.2366834;[ 2.7369323  70.98957    -0.23649363]
2.7860653;72.12279;-0.23656501;[ 2.7701201  71.079796   -0.23611067]
3.2071831;64.65651;-0.24180467;[ 2.9816346  64.4301     -0.24055658]
2.6481967;76.09601;-0.21787077;[ 2.6692784  75.18873    -0.23504803]
4.327682;71.75317;-0.22949108;[ 2.78383    71.8695     -0.23665059]
2.9930096;72.15518;-0.23707522;[ 2.7716234  70.983826   -0.23621207]
2.4945145;75.96584;-0.21433069;[ 2.6593778  75.87075    -0.23466308]
2.6455948;68.537056;-0.22949564;[ 2.8760576  68.34298    -0.23832957]
3.2586818;71.98123;-0.23918328;[ 2.83423  71.70348  -0.237217]
2.4459004;72.064926;-0.20504144;[ 2.80416    73.342735   -0.23620519]
2.0594728;71.3814;-0.22531423;[ 2.7626114  71.94321    -0.23639056]
1.929816;67.63728;-0.21832131;[ 2.9195356  69.21603    -0.23799016]
2.6394722;72.19062;-0.23684548;[ 2.738325  71.09353   -0.2364659]
3.3251796;67.9736;-0.25968838;[ 2.8344555 67.03784   -0.2390487]
2.6679192;64.35239;-0.2493461;[ 2.9900963  64.30964    -0.24066766]
3.4735286;73.85241;-0.23405191;[ 2.6717503  75.80277    -0.23502767]
3.730007;67.88597;-0.23654847;[ 2.9341006  65.14698    -0.24037224]
2.4686673;68.701675;-0.22542769;[ 2.8603542  68.45377    -0.23828475]
1.9918786;67.98443;-0.21621303;[ 2.9175172  69.26435    -0.23790099]
2.6881337;68.95015;-0.22813582;[ 2.874886   68.433075   -0.23819335]
2.4714012;72.32641;-0.21588805;[ 2.8388727  73.85696    -0.23640923]
2.2751172;72.6406;-0.20993237;[ 2.7752624 72.6047    -0.2365952]
2.3665667;68.73012;-0.22632577;[ 2.8473063 68.32992   -0.2381467]
3.0027587;67.80455;-0.23458485;[ 2.9307094  65.1409     -0.24032362]
3.7147741;68.29701;-0.22028118;[ 2.8985686  69.25799    -0.23815858]
2.4517312;68.79621;-0.2266311;[ 2.8337665  68.39807    -0.23826611]
2.9084468;64.57571;-0.24332161;[ 2.9476771  64.48375    -0.24052884]
2.8117852;72.680984;-0.21371359;[ 2.7853003 72.40821   -0.2365561]
2.3850915;67.93859;-0.2197636;[ 2.8846803  69.137505   -0.23787962]
3.0405521;68.8361;-0.22958514;[ 2.8511093  68.22543    -0.23811549]
3.9211867;64.6295;-0.24823546;[ 2.9566834 64.216995  -0.2405372]
4.4626517;64.92106;-0.24392036;[ 2.966719   64.16347    -0.24044284]
4.181612;67.796936;-0.23696536;[ 2.948916   64.73774    -0.24045986]
5.125205;68.06988;-0.23312023;[ 2.9578395  68.6547     -0.23879744]
2.8109546;72.572;-0.21408837;[ 2.788598   72.95059    -0.23618534]
2.8936486;68.81348;-0.23255372;[ 2.8660278  68.04017    -0.23816743]
4.54725;68.58779;-0.21250486;[ 2.920084   69.142235   -0.23813635]
3.1716788;72.52018;-0.21327718;[ 2.8330767  73.617096   -0.23645419]
5.960714;67.8918;-0.22644098;[ 2.9649763  68.92161    -0.23875077]
3.327652;68.958755;-0.21964362;[ 2.8578577  68.3681     -0.23814563]
2.8206627;74.17712;-0.22118174;[ 2.7410083  75.13601    -0.23598129]
3.569761;70.75512;-0.22886102;[ 2.83068    72.55933    -0.23659053]
4.0942574;64.245964;-0.23899609;[ 2.9266732  64.54007    -0.23989156]
2.4726171;64.73606;-0.24559571;[ 2.908368   63.8809     -0.23924392]
2.8990483;64.63002;-0.24486816;[ 2.9698882  63.691204   -0.23887753]
3.7021828;64.22516;-0.23829573;[ 2.9413245  64.30493    -0.24003349]
3.6315222;61.029076;-0.2593256;[ 3.004778   59.777176   -0.24195145]
2.4129815;68.45475;-0.2201023;[ 2.826477   68.32902    -0.23791765]
2.3963962;64.69858;-0.2447282;[ 2.924643  63.7113    -0.2393168]
2.9067297;64.96007;-0.24397269;[ 2.978816   64.467865   -0.24036674]
2.6666534;64.69812;-0.2453352;[ 2.8985167  63.545628   -0.23979019]
2.9892652;60.86775;-0.26668826;[ 2.99175    59.51098    -0.24240279]
3.9279664;63.962456;-0.22687255;[ 2.9293525  64.428665   -0.24000786]
4.09247;61.016727;-0.24750346;[ 2.9978669  59.00793    -0.24260038]
2.642436;68.01485;-0.20982787;[ 2.8302686  68.58485    -0.23754317]
2.6955783;64.24278;-0.23401198;[ 2.9698222  63.565975   -0.23889351]
3.20014;64.58416;-0.23327726;[ 2.9155204  63.107906   -0.23992944]
3.675222;60.806408;-0.2566427;[ 2.9959302  58.717945   -0.24293222]
2.3939767;69.98084;-0.22964182;[ 2.7481265 70.74489   -0.2375355]
2.93362;66.59746;-0.23896958;[ 2.8336735  68.244225   -0.23809345]
4.243184;73.14246;-0.2281655;[ 2.822819   74.16889    -0.23562957]
3.0013561;74.06154;-0.23519088;[ 2.8577292  74.25456    -0.23602414]
2.699263;73.59173;-0.23654252;[ 2.767715   73.43073    -0.23556617]
2.81335;69.39122;-0.25837207;[ 2.8725953  69.38038    -0.23801884]
2.5666387;79.299774;-0.2246067;[ 2.568903   79.546715   -0.23344494]
2.549755;75.47806;-0.24148197;[ 2.6212938  75.21043    -0.23524766]
3.1453786;71.616394;-0.2562317;[ 2.7285273  71.631615   -0.23718534]
2.6000009;75.305016;-0.24257039;[ 2.6885636  74.905      -0.23547286]
2.6052423;75.246956;-0.24265972;[ 2.6899705  75.04507    -0.23536864]
2.69025;70.43466;-0.25036517;[ 2.8166046  70.69593    -0.23762965]
2.2914548;75.40032;-0.24471687;[ 2.6089067  75.3468     -0.23524094]
3.2758994;67.56352;-0.2810477;[ 2.860629   67.054085   -0.23975661]
2.947563;78.84019;-0.22539894;[ 2.5993211  80.59116    -0.23340306]
5.476214;69.968185;-0.2614891;[ 2.8538382  70.82978    -0.23814197]
2.3604403;69.19389;-0.2397001;[ 2.892534   67.573654   -0.23926035]
2.5009508;72.0002;-0.22623736;[ 2.70906    72.272255   -0.23646384]
2.2646642;64.69002;-0.25935867;[ 2.88444    63.195827   -0.24099894]
2.5955384;68.175026;-0.24534008;[ 2.826215   67.923065   -0.23837774]
1.9152188;67.48895;-0.24133466;[ 2.8171449  68.33858    -0.23817867]
2.5350087;64.132225;-0.26556215;[ 2.8786573  64.01294    -0.24057564]
2.840063;61.029964;-0.27956006;[ 3.0000029  59.81176    -0.24282014]
5.3187943;71.804184;-0.23907816;[ 2.8219998  71.79681    -0.23720483]
2.7955174;76.7426;-0.22436054;[ 2.669067   77.05581    -0.23460802]
3.3495874;72.88904;-0.23818547;[ 2.8056102  72.462685   -0.23683427]
4.1194706;68.777466;-0.26949692;[ 2.94268    69.06546    -0.23830725]
4.595998;70.15689;-0.22347355;[ 2.832852   68.63131    -0.23868492]
2.9168463;66.43639;-0.25178275;[ 2.9034066  65.77488    -0.24012184]
2.900323;76.11316;-0.21151796;[ 2.7054312  77.11324    -0.23474443]
2.7667694;75.84703;-0.20626734;[ 2.7008543  77.103806   -0.23477486]
2.1879327;75.955376;-0.20400785;[ 2.7017283  77.59193    -0.23446271]
2.9884071;67.68224;-0.23674677;[ 2.954724   68.137      -0.23897658]
2.2289608;67.636;-0.23821379;[ 2.812902   67.7777     -0.23818208]
2.813741;63.876812;-0.2518962;[ 2.8902621  63.959698   -0.24060667]
2.4672616;71.19422;-0.21714066;[ 2.709292   72.61149    -0.23635261]
3.315584;64.149025;-0.2511127;[ 2.882145   63.532383   -0.24095918]
2.5597882;64.52154;-0.26158053;[ 2.9047375  62.672874   -0.24143063]
3.230304;68.064766;-0.24505119;[ 2.8456128  67.21857    -0.23901755]
2.1164298;66.907585;-0.23245412;[ 2.8332694  67.33609    -0.23905182]
2.4294746;74.30289;-0.23561038;[ 2.7762282 73.8203    -0.2351011]
2.5974994;72.76713;-0.2232872;[ 2.7231226  71.999794   -0.23645979]
3.9182765;68.46786;-0.23614326;[ 2.8425634  68.634834   -0.23805577]
2.9624062;68.88477;-0.2430865;[ 2.8198502  67.990135   -0.23745397]
3.3535564;65.096855;-0.25672373;[ 2.8866696  64.11851    -0.24010867]
2.4634745;78.2596;-0.21575801;[ 2.69553    78.04218    -0.23367941]
3.7076778;73.873116;-0.2277438;[ 2.8136392  74.66244    -0.23527676]
3.3933368;70.36222;-0.25056812;[ 2.8588517  70.07213    -0.23748228]
2.4245608;78.18762;-0.21208261;[ 2.6797836  79.02245    -0.23312254]
2.874797;74.65488;-0.23412804;[ 2.8576005 74.622536  -0.2358482]
2.2471392;72.647446;-0.21959442;[ 2.7155704  72.65185    -0.23605287]
1.9178402;68.106316;-0.23466419;[ 2.8180416  68.843834   -0.23772848]
2.658834;68.901474;-0.24336018;[ 2.7942657 67.91097   -0.2378264]
1.9360142;75.28965;-0.21216388;[ 2.6381927  75.07415    -0.23540758]
2.3703537;73.455795;-0.24159679;[ 2.745049   74.601685   -0.23590511]
3.170399;75.68294;-0.23929441;[ 2.6738605  75.11327    -0.23478405]
1.9521432;74.93681;-0.23000711;[ 2.6884294  76.050095   -0.23474169]
2.8828335;75.76738;-0.2394874;[ 2.6540308  75.15549    -0.23498473]
2.1740189;69.202896;-0.24218147;[ 2.8961096  68.039894   -0.23922609]
2.849379;71.37938;-0.24203856;[ 2.9740472  71.40774    -0.23724371]
3.3525388;65.58581;-0.2530352;[ 3.0951705  66.40667    -0.23983073]
2.9249449;71.2764;-0.24278635;[ 2.9728553  71.483284   -0.23729418]
2.626782;72.93063;-0.22365297;[ 2.7476697  73.16724    -0.23629843]
4.656582;68.27612;-0.23845387;[ 2.8790479  68.50038    -0.23858453]
4.9842386;71.93562;-0.23773432;[ 2.8930407  69.14971    -0.23869348]
4.881044;72.575516;-0.20749235;[ 2.849638   73.235054   -0.23645891]
4.4629116;72.88793;-0.21661821;[ 2.781193   72.36062    -0.23667246]
5.2154403;69.878204;-0.19414237;[ 2.9852006 70.81039   -0.237653 ]
3.1939635;76.912636;-0.20478608;[ 2.748344   77.97512    -0.23454577]
6.095869;72.28154;-0.21815303;[ 2.8809185  73.27386    -0.23683356]
2.2775495;69.410736;-0.18762518;[ 2.9718323  70.59954    -0.23754694]
3.6171222;72.98419;-0.21559392;[ 2.7800875 72.47442   -0.2365455]
2.54448;72.256676;-0.209947;[ 2.7214212  72.18116    -0.23647001]
3.6434164;68.03616;-0.22452565;[ 2.8324094 68.84603   -0.2381155]
3.7519007;64.67068;-0.24196541;[ 2.9148908  63.85516    -0.24021077]
4.881245;68.25685;-0.22202978;[ 2.8387203  68.19898    -0.23857647]
4.4010944;64.82905;-0.24345931;[ 2.8932714  63.376385   -0.24076574]
4.8020625;65.656906;-0.20831333;[ 2.9540148  64.94592    -0.23949642]
3.681615;65.49238;-0.21042842;[ 2.9286504  65.522194   -0.23923278]
5.7337923;62.10739;-0.22028905;[ 3.020471   61.109867   -0.24210674]
2.3871622;64.95101;-0.20148143;[ 2.8733685  65.37124    -0.23884954]
4.578301;67.80806;-0.22840078;[ 2.8594444 68.84512   -0.2385646]
2.5113504;69.33571;-0.18840005;[ 2.8521466  70.33146    -0.23726022]
3.34056;65.62884;-0.2083843;[ 2.9543145  65.30792    -0.23901734]
2.3219213;67.679634;-0.2194486;[ 2.831243   67.77394    -0.23857777]
2.993019;64.99393;-0.1980145;[ 2.9745939  65.0864     -0.23993582]
4.7082996;65.83946;-0.20957361;[ 2.9124222 64.74471   -0.2400371]
3.820755;60.059795;-0.24471739;[ 3.0328982  55.06229    -0.24468745]
2.4939992;67.39679;-0.24090126;[ 3.1291776  64.14357    -0.24078542]
3.8910728;64.68944;-0.23291019;[ 3.1000714  63.881573   -0.24079038]
2.8050728;72.226364;-0.20010093;[ 2.9264061  72.70563    -0.23651911]
2.0813856;67.66412;-0.20966597;[ 3.0422578  68.62531    -0.23821257]
2.1636167;64.191895;-0.23478583;[ 3.100332   62.401066   -0.23999526]
2.326483;60.911316;-0.24854925;[ 3.1524262  58.68825    -0.24262019]
2.1902223;64.11428;-0.23658882;[ 3.1153307  63.082684   -0.23905122]
2.318173;67.86776;-0.21041358;[ 2.95461    67.92004    -0.23812667]
2.4273448;64.39336;-0.23613843;[ 3.0302634  62.097084   -0.24095614]
2.3453503;60.89597;-0.25806832;[ 3.1346962  57.9876     -0.24343282]
2.6955845;73.78207;-0.22511643;[ 2.8258631 73.814384  -0.2361953]
4.801714;69.08993;-0.23997521;[ 2.9562137  69.16804    -0.23847656]
4.8716908;70.140274;-0.22964823;[ 3.004562   67.657005   -0.23911707]
3.6926641;71.58811;-0.21522912;[ 2.8632865  71.28704    -0.23700318]
4.1366982;71.554596;-0.21496662;[ 2.8724782 71.1859    -0.236912 ]
5.849838;70.97038;-0.21494947;[ 2.9805799  71.96608    -0.23726965]
2.724072;75.456856;-0.19347966;[ 2.8009343  76.52716    -0.23449469]
2.2584617;75.4283;-0.19379565;[ 2.8030002  76.225525   -0.23469475]
2.3538618;70.87562;-0.20245369;[ 2.9154413  72.404175   -0.23623823]
5.6028585;65.164764;-0.23291475;[ 3.0866456  64.66146    -0.24031131]
4.1884418;72.61076;-0.19794282;[ 2.9127755  73.288666   -0.23614435]
4.5417647;64.68513;-0.24890764;[ 2.95654    64.58272    -0.24020354]
3.3896744;61.731594;-0.27223513;[ 3.0814152  61.814022   -0.24138732]
2.8012435;67.1879;-0.25892174;[ 2.9646206  66.74374    -0.23895591]
5.0411115;66.00299;-0.24894705;[ 3.0024054  63.138172   -0.24075183]
2.3924596;67.38828;-0.22739767;[ 2.9678204  66.636      -0.23768146]
4.33515;67.06883;-0.22027186;[ 2.9414058  67.13012    -0.23879233]
2.5644617;71.192696;-0.20956247;[ 2.8395536  72.34825    -0.23666516]
3.2228875;68.21803;-0.23183334;[ 2.9867196  67.38059    -0.23906043]
2.9522343;71.08454;-0.206187;[ 2.8320742  70.57353    -0.23707172]
2.031736;68.1461;-0.21537003;[ 2.7792885  67.71273    -0.23859066]
2.3440318;68.66149;-0.22238809;[ 2.9327369  67.7866     -0.23837444]
2.357446;64.84517;-0.23701543;[ 2.9884348 64.10533   -0.2396991]
2.150926;64.84106;-0.23713057;[ 2.9682987  64.21106    -0.23984092]
2.5182867;72.40538;-0.22581017;[ 2.7133572  71.97168    -0.23653798]
2.5300093;72.233734;-0.22286911;[ 2.7105308  72.005424   -0.23647824]
2.5273547;68.59806;-0.24132743;[ 2.7669854  67.62124    -0.23832563]
2.2677717;64.88223;-0.25634512;[ 2.8903008  62.834095   -0.24104705]
2.4305131;72.31821;-0.2213072;[ 2.710112   72.544014   -0.23618773]
2.3458648;68.37508;-0.24263243;[ 2.8349283  67.472725   -0.23846494]
2.3145776;68.50257;-0.24440816;[ 2.7545712  67.749855   -0.23833528]
2.6434774;61.09853;-0.27639386;[ 3.006824   59.46913    -0.24284042]
4.743431;63.243958;-0.2593331;[ 2.9976473  63.33849    -0.24120742]
2.01096;68.09871;-0.2454741;[ 2.88518   67.95477   -0.2388853]
3.8864055;60.740265;-0.27573916;[ 3.11825    57.932243   -0.24407455]
3.7952647;61.52774;-0.23142861;[ 2.9754732  60.803204   -0.24166468]
3.181534;60.088375;-0.2532742;[ 3.0392506  55.71156    -0.24390884]
2.3236253;61.727413;-0.23819071;[ 3.034479   60.533108   -0.23995121]
2.754971;65.249794;-0.21386826;[ 2.8728962  64.24023    -0.23986335]
2.009559;61.555172;-0.24004687;[ 2.9914947  60.723568   -0.24015187]
2.7053194;60.079777;-0.26132214;[ 3.035625   55.762646   -0.24410631]
2.6287966;84.139534;-0.21870671;[ 2.4622135  86.06651    -0.23123118]
4.656475;79.8777;-0.22950393;[ 2.575319   82.78045    -0.23288342]
3.2877684;76.42872;-0.25107235;[ 2.6099036  78.36725    -0.23503317]
2.7957363;81.6138;-0.20276846;[ 2.594313   83.73174    -0.23259804]
4.9223566;77.270294;-0.21281905;[ 2.7354767  79.96465    -0.23427907]
3.3744164;77.35054;-0.2178098;[ 2.6751406  78.89593    -0.23450935]
2.6248932;84.874725;-0.21674144;[ 2.4841278  87.47187    -0.23087187]
2.869006;79.10527;-0.25513312;[ 2.7007055  80.62531    -0.23391491]
2.7490253;78.89005;-0.25490874;[ 2.690404   80.868706   -0.23384508]
2.3076801;84.163155;-0.21427089;[ 2.4260824  87.29921    -0.23074253]
1.8755357;81.382;-0.19586492;[ 2.5870821  84.254      -0.23231454]
2.0470285;76.82434;-0.20319177;[ 2.5442793  78.97819    -0.23456272]
2.210232;76.46678;-0.2588884;[ 2.654278   77.2196     -0.23557834]
2.037548;77.26291;-0.2223576;[ 2.7370236  78.88424    -0.23479652]
1.9335425;72.979515;-0.23138858;[ 2.69013    74.252266   -0.23660877]
2.8981187;78.77151;-0.25708142;[ 2.6857257  80.79673    -0.23398805]
3.2762935;74.42964;-0.26834694;[ 2.8118804  75.65832    -0.23647144]
3.5712008;81.279396;-0.23705938;[ 2.5756083  83.78005    -0.23289073]
2.9906645;81.64695;-0.20263621;[ 2.622044   83.96348    -0.23220587]
3.2774045;77.456436;-0.2250406;[ 2.7386217  78.99849    -0.23467731]
2.9146576;84.12244;-0.21659188;[ 2.4442806 87.21058   -0.2305917]
2.6891193;81.16201;-0.19806467;[ 2.6023836 84.47788   -0.2319687]
2.052298;79.52479;-0.23186477;[ 2.5631292  83.10294    -0.23229599]
2.214231;76.70645;-0.25717497;[ 2.6166573  77.74692    -0.23555411]
3.3145075;77.50624;-0.22016987;[ 2.6552317  79.29032    -0.23465589]
2.592417;81.290504;-0.22012407;[ 2.4069092  85.08921    -0.23220477]
2.5476062;81.195175;-0.21838637;[ 2.4020054  85.20934    -0.23211923]
2.1604233;77.560036;-0.23885167;[ 2.454393   80.810646   -0.23403507]
2.3803234;77.449005;-0.23870036;[ 2.525903  80.42226   -0.2342233]
2.2827015;77.39493;-0.23886056;[ 2.5274029  80.54147    -0.23413186]
2.7337866;69.76582;-0.27472016;[ 2.7000775  72.4278     -0.23859045]
2.7058268;81.457115;-0.22444518;[ 2.4216132  86.29659    -0.23200504]
4.36856;76.76494;-0.2399182;[ 2.552734   81.481804   -0.23432101]
3.0237813;78.30713;-0.24361399;[ 2.5560262  81.483475   -0.23417117]
4.255292;71.68021;-0.22261243;[ 2.903766   72.36518    -0.23655519]
3.4043927;68.44773;-0.24643004;[ 3.0442133  67.96803    -0.23880951]
2.3714173;75.43296;-0.20141661;[ 2.863552  77.24431   -0.2342617]
2.5492637;70.94412;-0.21503232;[ 2.9810166  72.53922    -0.23634219]
4.121475;67.623215;-0.24202107;[ 3.0373518  68.23159    -0.23878177]
4.2638493;64.21743;-0.26208287;[ 3.1582403 64.11365   -0.2409245]
2.2444792;71.19792;-0.22219814;[ 2.8017094 71.49601   -0.2368386]
2.60715;67.38376;-0.2522849;[ 3.0181947  63.913624   -0.24049914]
3.2667127;67.1523;-0.23294783;[ 2.9262528 67.53007   -0.2387596]
2.0784357;67.28086;-0.24028826;[ 2.9014194  67.120094   -0.23798311]
2.6520395;67.79208;-0.24763033;[ 2.9397504  66.291145   -0.23917252]
2.5774791;63.26337;-0.25350228;[ 3.0619981  62.00162    -0.24149597]
2.1353972;67.58754;-0.24232624;[ 2.8543415  66.65923    -0.23896912]
2.3451006;63.5125;-0.26217118;[ 2.9811027  62.39295    -0.24140051]
2.8464746;74.38025;-0.23198964;[ 2.7558746  74.0104     -0.23542097]
3.6763864;67.46975;-0.22819635;[ 2.965335  67.12868   -0.2385081]
3.6017396;63.89077;-0.23678124;[ 3.0689867  63.36662    -0.24061725]
3.1405444;66.545044;-0.2416005;[ 3.0969043  63.286877   -0.24101864]
2.5383935;60.477715;-0.25265464;[ 3.029782   58.33975    -0.24258259]
2.6806855;74.45018;-0.23037685;[ 2.761029   74.487854   -0.23513727]
2.6882899;70.47866;-0.24815623;[ 2.8419952  69.91131    -0.23673142]
2.8560827;67.1952;-0.22081107;[ 2.8697944  66.51451    -0.23872739]
2.5930822;69.10842;-0.2610489;[ 2.9955177  68.89541    -0.23786336]
2.6883385;63.58051;-0.27400833;[ 3.120746   63.848934   -0.24038461]
2.9847744;74.20851;-0.22641014;[ 2.7410307  74.94436    -0.23491493]
2.8971725;64.424355;-0.24816874;[ 3.0855033  62.63553    -0.24117689]
3.6050239;63.493774;-0.24788947;[ 3.010642   63.36233    -0.24066815]
2.6964912;62.375828;-0.22971521;[ 2.9562945  63.05353    -0.24021217]
2.924801;66.37832;-0.2659334;[ 2.9204342  66.30009    -0.23916622]
2.6188674;60.406895;-0.26048416;[ 3.0268316  58.306553   -0.24278823]
2.503517;69.58634;-0.24524479;[ 2.8324242  69.255356   -0.23777694]
2.6416285;69.6692;-0.24498121;[ 2.9012878  68.90183    -0.23796806]
2.133652;66.45193;-0.2559794;[ 2.962716   64.451614   -0.24037367]
2.5430138;65.519455;-0.26198345;[ 2.952362   65.20696    -0.24005711]
3.5510015;68.816605;-0.2416284;[ 2.9277914  70.02919    -0.23812076]
2.9199352;61.321346;-0.27355054;[ 3.1735742  59.703526   -0.24338296]
2.3632612;71.186356;-0.25681636;[ 2.915532   70.98632    -0.23733683]
2.815336;64.35;-0.25686306;[ 3.0446258  64.07974    -0.24066319]
2.6197963;68.55102;-0.24704851;[ 3.0738025  67.877716   -0.23889972]
4.1266403;68.21065;-0.24485616;[ 2.9661174  69.00347    -0.23800388]
3.35402;63.635647;-0.25958148;[ 3.218868   62.027363   -0.24181387]
3.4483993;69.83863;-0.25419647;[ 2.9185202  70.52351    -0.23762491]
3.894753;67.15112;-0.24029192;[ 3.0764797  67.65051    -0.23905551]
3.4345825;63.420246;-0.25990775;[ 3.1017296  64.536575   -0.24016699]
3.5771403;63.244823;-0.24842483;[ 3.0562134  63.3633     -0.24098516]
3.189639;70.71799;-0.22151867;[ 2.896421  71.89439   -0.2368163]
3.221004;67.23569;-0.24667178;[ 3.0177484 67.16099   -0.2388376]
2.201023;62.62408;-0.25145033;[ 3.0052636 62.086956  -0.2403556]
2.459055;60.343193;-0.26364774;[ 3.081304   58.29388    -0.24277519]
2.2807364;60.47907;-0.27201098;[ 3.0948133  56.88921    -0.24371555]
2.2694948;60.789227;-0.26686144;[ 3.0945656  56.80079    -0.24378903]
2.658148;59.84807;-0.2879084;[ 3.179542   53.68961    -0.24546428]
2.2525043;75.34066;-0.24980955;[ 2.771309   75.444695   -0.23464014]
3.5123081;74.878174;-0.24032968;[ 2.8380454  76.43565    -0.23425539]
2.1260123;75.41331;-0.25018996;[ 2.7535791  75.64838    -0.23454878]
1.9064547;72.15086;-0.26262742;[ 2.8995137  70.63244    -0.23721059]
2.4041188;71.26265;-0.26882884;[ 2.8858511  71.50767    -0.23683223]
2.6864653;79.18334;-0.23062187;[ 2.742774  80.92907   -0.2325693]
3.524558;69.50502;-0.25961998;[ 2.9962134  70.47386    -0.23754314]
3.633882;73.63918;-0.24822184;[ 2.8712149  74.230064   -0.23565741]
2.4868808;66.282265;-0.28508523;[ 3.0618186  64.772766   -0.24036503]
3.944173;73.667206;-0.24698746;[ 2.8733292  74.66324    -0.23543395]
3.4899545;69.77951;-0.2688015;[ 3.0011096  69.5007     -0.23774607]
3.1671565;69.907425;-0.27073863;[ 2.915896   69.88534    -0.23758851]
2.697677;66.64498;-0.28502694;[ 3.0621572  64.890236   -0.24023747]
2.482604;62.307293;-0.3085885;[ 3.1738605 61.42634   -0.2421746]
3.3126585;73.749664;-0.25141448;[ 2.907297   75.09104    -0.23568657]
2.714106;70.594086;-0.2691353;[ 3.0415578  70.291336   -0.23784368]
3.4747646;64.879036;-0.28862047;[ 3.1622312  65.31928    -0.24043033]
2.851133;65.642105;-0.2888331;[ 3.1842215  64.41877    -0.24083343]
4.8370504;78.5565;-0.2389886;[ 2.5731087 80.048256  -0.2331597]
2.8289142;79.07583;-0.24281266;[ 2.5070949 79.324974  -0.2331695]
2.494207;78.92016;-0.24577533;[ 2.5793366  79.080444   -0.23337294]
2.4531271;79.053635;-0.24688895;[ 2.4932768  79.44115    -0.23320964]
2.0224488;75.71421;-0.26090467;[ 2.6403403  74.45333    -0.23586443]
2.855339;82.96;-0.22478074;[ 2.4785874  84.79252    -0.23120065]
4.439654;78.265205;-0.23873465;[ 2.6086981  79.998955   -0.23351169]
2.247477;78.905914;-0.2452792;[ 2.621549   79.57908    -0.23365895]
2.5696416;72.03885;-0.24990146;[ 2.6196673  72.3402     -0.23599964]
2.4880424;75.66727;-0.22780123;[ 2.5593235  76.58357    -0.23426604]
3.6830575;71.517586;-0.24027064;[ 2.6842365 73.20956   -0.2357959]
2.59313;72.031845;-0.24622527;[ 2.619369   72.217155   -0.23606855]
2.1051323;68.72274;-0.26412237;[ 2.7463746  67.46426    -0.23872931]
3.0730684;67.868515;-0.26893777;[ 2.7320876  68.258484   -0.23839596]
4.618994;78.88669;-0.23355666;[ 2.5965273  80.261215   -0.23284075]
3.53901;75.46061;-0.25365427;[ 2.6429145 75.58571   -0.2350729]
3.385448;76.41645;-0.22136752;[ 2.6742198  76.42198    -0.23478231]
2.4597082;75.95073;-0.21368282;[ 2.5972083  76.56048    -0.23393577]
3.9713929;71.719246;-0.22597577;[ 2.6936188  72.560356   -0.23637249]
3.1975787;68.31506;-0.24543229;[ 2.7502527  67.68762    -0.23860595]
2.2482293;83.25054;-0.21971224;[ 2.47793    84.09155    -0.23097391]
1.9878602;75.99173;-0.20794375;[ 2.5861554 76.09771   -0.23458  ]
2.4065256;72.11918;-0.23496313;[ 2.6616905  71.71357    -0.23616737]
2.5589054;83.91536;-0.21933362;[ 2.4914784  85.06336    -0.23087654]
3.0284736;77.90575;-0.25662845;[ 2.7190158  78.22538    -0.23376407]
1.4600227;80.221565;-0.1981007;[ 2.6177638  81.405815   -0.23236269]
1.7971183;75.64111;-0.20544764;[ 2.5786726  76.14539    -0.23452732]
2.3835175;79.073135;-0.24115829;[ 2.592963   79.25138    -0.23335434]
1.8988426;72.206474;-0.23376058;[ 2.7029395  71.808556   -0.23665158]
2.119392;68.76505;-0.2538195;[ 2.7738345  67.04419    -0.23909412]
2.8487759;80.32942;-0.23870341;[ 2.6253738  80.766685   -0.23290622]
2.2047338;82.95701;-0.21616976;[ 2.4648993 84.254524  -0.2309009]
2.0063038;75.843414;-0.20940183;[ 2.5886464  77.18212    -0.23356591]
1.7722898;71.08998;-0.21706417;[ 2.6841338  72.20213    -0.23631449]
3.5760894;76.36984;-0.21991372;[ 2.669493   76.73657    -0.23443414]
4.1684546;72.41358;-0.23588403;[ 2.8020644  72.53836    -0.23672737]
2.6583345;82.70598;-0.22622299;[ 2.482066   83.57596    -0.23147093]
2.459632;78.77713;-0.24541463;[ 2.5346029 79.22982   -0.2333267]
4.6363235;78.463486;-0.2360561;[ 2.600898   79.9567     -0.23322828]
3.3132555;74.95235;-0.25808665;[ 2.6370285  75.37171    -0.23551938]
2.5910153;82.58342;-0.22454667;[ 2.4771986  83.632904   -0.23142995]
3.6410747;78.33686;-0.23602541;[ 2.603833  80.20699   -0.2329765]
2.630094;78.94837;-0.24279489;[ 2.5315409  79.238846   -0.23330902]
2.2219312;75.3255;-0.25883496;[ 2.660387  74.41855   -0.2359766]
2.3509836;78.80087;-0.24460527;[ 2.6024475 79.12598   -0.2333512]
2.4862494;74.001274;-0.25120917;[ 2.7293928  74.73444    -0.23564187]
1.951939;75.658165;-0.25847018;[ 2.6611097  74.56849    -0.23584409]
2.6779072;74.72213;-0.26333568;[ 2.6514978  75.30756    -0.23553887]
3.2938304;79.53406;-0.24276914;[ 2.6331875 80.05599   -0.2334375]
6.216996;78.64221;-0.23443529;[ 2.6287904  80.11178    -0.23343702]
2.7989106;83.32149;-0.21901745;[ 2.495509   84.71393    -0.23110954]
2.5135465;80.44249;-0.2018939;[ 2.653529  82.02184   -0.2324553]
2.7405102;80.03074;-0.23861308;[ 2.629411  80.52341   -0.2330402]
2.662561;73.11098;-0.23438086;[ 2.7428808  72.771736   -0.23646525]
2.518961;80.60346;-0.20683913;[ 2.6563425  81.93153    -0.23248768]
2.8812876;79.89317;-0.23875555;[ 2.6304367 80.31606   -0.2331518]
4.632353;71.54074;-0.23879431;[ 2.7097008  72.67083    -0.23649131]
4.606168;78.67034;-0.23318684;[ 2.6309083  80.10889    -0.23333842]
3.038494;72.4674;-0.24017902;[ 2.8163006  74.294304   -0.23583242]
3.1721704;69.45408;-0.26503158;[ 2.8866167  69.60556    -0.23847936]
3.2146876;67.71802;-0.26727465;[ 2.8559432  68.75608    -0.23869866]
2.8186266;80.18794;-0.20682888;[ 2.60461    81.292046   -0.23263218]
2.6547604;79.92204;-0.20157826;[ 2.6012216  81.27109    -0.23266292]
4.415207;75.82749;-0.21080871;[ 2.7285485 77.59463   -0.2343503]
4.0560875;76.272644;-0.21828616;[ 2.6414988  76.903206   -0.23463812]
3.026064;76.63948;-0.2235106;[ 2.7261562  76.71132    -0.23455131]
3.257072;73.06444;-0.23845658;[ 2.7834637  72.39361    -0.23695154]
2.6598153;76.544205;-0.22258735;[ 2.7233381  76.99328    -0.23438758]
3.1217802;76.30913;-0.21874553;[ 2.6379607  76.95431    -0.23459068]
4.111965;68.85399;-0.2544778;[ 2.89567    68.59331    -0.23903447]
2.1590154;75.53429;-0.21808702;[ 2.6044383  76.860054   -0.23437656]
2.60487;67.94084;-0.2492063;[ 2.7880187  68.33146    -0.23834282]
2.370206;75.25302;-0.21541832;[ 2.6050413  77.037384   -0.23406693]
3.4006414;71.47807;-0.22824559;[ 2.7287483 72.88925   -0.2363075]
2.9131384;68.21034;-0.24862841;[ 2.7785032  67.95453    -0.23867458]
2.2841392;68.58914;-0.26017678;[ 2.801866   67.07078    -0.23915926]
2.5309615;72.13142;-0.24408872;[ 2.7409487  71.65522    -0.23672244]
1.929681;70.971596;-0.23080423;[ 2.7292328  71.76629    -0.23676611]
1.9975252;71.913315;-0.23739813;[ 2.656513   72.02451    -0.23651242]
2.1210446;69.758064;-0.24973154;[ 2.7863638  69.549355   -0.23749316]
1.6906831;65.926384;-0.26145115;[ 2.888571   65.712654   -0.23965283]
2.420683;73.56031;-0.23459996;[ 2.7271907  73.98905    -0.23554863]
2.0288088;69.92428;-0.24776448;[ 2.7835295  69.56559    -0.23743704]
2.5348396;73.58716;-0.23335682;[ 2.7274678  74.46026    -0.23530583]
2.4558892;69.704834;-0.24922185;[ 2.8531764  69.36009    -0.23759477]
2.1185064;69.033;-0.24504311;[ 2.8413222 69.892265  -0.2373292]
2.3280795;69.03631;-0.24504939;[ 2.8811848  70.30519    -0.23784064]
1.9238617;70.568405;-0.24722281;[ 2.8847513  70.30344    -0.23768902]
2.3481123;64.852646;-0.2616516;[ 3.0052657  65.35131    -0.24026303]
2.5583525;75.93112;-0.22970486;[ 2.5670605  76.299545   -0.23446384]
4.5601387;71.677475;-0.23941024;[ 2.6863728  72.675514   -0.23622781]
3.2561615;68.184395;-0.26060233;[ 2.723312   68.16256    -0.23842011]
2.5494885;75.80589;-0.22688475;[ 2.5637057  76.35027    -0.23438805]
2.582106;72.17004;-0.24487592;[ 2.619193   71.953865   -0.23625824]
2.2678018;68.44973;-0.26020858;[ 2.7461126  67.138824   -0.23896663]
2.4111362;75.840866;-0.2251147;[ 2.5632017  76.880516   -0.23411256]
2.3016834;72.0699;-0.24823418;[ 2.6066766  72.09066    -0.23626772]
3.0239167;64.300446;-0.2825127;[ 2.860821   63.756866   -0.24079527]
3.9829974;72.51022;-0.22200945;[ 2.9759395 72.774925  -0.236325 ]
2.9339929;70.52271;-0.2263451;[ 2.9864066  68.55304    -0.23889849]
2.4704397;66.22411;-0.23327701;[ 2.9452496  63.797783   -0.24076712]
2.6323695;69.57602;-0.21821713;[ 2.8878167  68.81118    -0.23678719]
3.1408207;68.55195;-0.25804406;[ 2.743554  68.74695   -0.2378717]
2.6271844;76.13023;-0.22311856;[ 2.5763211  76.56478    -0.23421788]
3.875845;71.829636;-0.23599039;[ 2.6960533  73.25294    -0.23577894]
2.6561944;72.203835;-0.24336;[ 2.642144  72.514336  -0.2356085]
2.4233096;73.23416;-0.20460166;[ 2.729007   73.87588    -0.23566811]
3.55301;69.40185;-0.2230802;[ 2.7882183  69.65412    -0.23731929]
3.808896;69.17291;-0.21427035;[ 2.854422   70.2562     -0.23738456]
4.0714636;65.80751;-0.23194529;[ 2.894719  65.828384  -0.2394344]
2.1855414;68.81869;-0.2147761;[ 2.6805913 69.63754   -0.2370933]
1.9189895;73.58704;-0.20190442;[ 2.733998   74.13248    -0.23549387]
3.018014;69.63664;-0.22306398;[ 2.8096492  69.609726   -0.23705238]
4.0515184;72.27898;-0.2370533;[ 2.7234416 73.6529    -0.2359581]
4.614522;72.24335;-0.23809649;[ 2.7232144  73.351074   -0.23617387]
1.934739;73.22439;-0.2011949;[ 2.7224743  74.289795   -0.23540306]
2.0208433;68.649734;-0.20869209;[ 2.686506   69.108086   -0.23745778]
2.5711408;72.33149;-0.243627;[ 2.643581   72.52299    -0.23565467]
2.8260427;69.53293;-0.2209037;[ 2.789674   69.53312    -0.23735736]
2.3216524;65.110855;-0.23636054;[ 2.778722   64.91111    -0.23866764]
2.089441;69.57995;-0.22868985;[ 2.849289   69.570305   -0.23770568]
2.5717776;70.88693;-0.26100639;[ 2.831477   70.992165   -0.23690666]
2.628126;73.24357;-0.24146703;[ 2.7270515  73.57315    -0.23598334]
2.278111;76.756454;-0.22237073;[ 2.593824  78.40629   -0.2336627]
2.0591874;69.12059;-0.21354239;[ 2.670164   70.15641    -0.23692292]
1.9516965;71.46955;-0.23421381;[ 2.6751704 73.366554  -0.2355176]
2.6871548;72.27611;-0.24517876;[ 2.6316261  72.356865   -0.23593704]
3.4346714;69.39728;-0.22296514;[ 2.7712092 69.70095   -0.2374254]
2.5814328;75.881516;-0.22848308;[ 2.5855315 76.48542   -0.2344447]
2.423293;71.952675;-0.24755272;[ 2.6366777  72.22608    -0.23623604]
4.454998;71.63903;-0.23823482;[ 2.7047465  72.85682    -0.23621222]
2.3356366;68.501045;-0.259989;[ 2.7634296 67.351654  -0.2389319]
2.4275017;75.800835;-0.22537354;[ 2.581357 77.11446  -0.234062]
2.1147256;68.83371;-0.25965342;[ 2.7658486  67.46455    -0.23882334]
4.3436637;71.15979;-0.24161461;[ 2.738827   72.929634   -0.23654905]
3.1782253;67.77464;-0.26095575;[ 2.8835752  67.20278    -0.23928177]
2.9453685;79.84905;-0.222969;[ 2.5960248  80.36483    -0.23301747]
5.3435593;75.14428;-0.23780152;[ 2.7245102  75.72614    -0.23531125]
4.47464;75.3717;-0.23411982;[ 2.6660433  76.29507    -0.23490071]
3.894689;75.29882;-0.23257102;[ 2.67032    76.50284    -0.23463984]
3.2361848;72.02455;-0.25353006;[ 2.708696  71.92896   -0.2368969]
2.508434;75.65806;-0.23995319;[ 2.6693068  75.19036    -0.23524226]
2.3985944;79.610565;-0.21936654;[ 2.544983 80.42314  -0.232829]
2.869711;71.64087;-0.26064968;[ 2.71846    71.555176   -0.23722948]
5.425006;70.46538;-0.2600557;[ 2.835183   71.06796    -0.23785505]
2.653305;75.280334;-0.24493517;[ 2.7230613  75.631294   -0.23556477]
4.8794527;65.83202;-0.27965674;[ 2.959196   65.59592    -0.24078602]
2.685121;72.842896;-0.23537692;[ 2.752983   72.46975    -0.23648266]
4.250974;72.4226;-0.23109788;[ 2.814799   73.28352    -0.23637263]
2.6741128;76.57763;-0.21795762;[ 2.690923  76.978096  -0.2345123]
3.998845;72.38004;-0.22924861;[ 2.8193069  73.51899    -0.23608094]
2.566372;72.94232;-0.23216267;[ 2.7481017  72.5507     -0.23639688]
3.4219112;69.10936;-0.24503523;[ 2.8567135  68.9585     -0.23834002]
2.9570189;72.775024;-0.23348331;[ 2.8209605  72.33692    -0.23655905]
2.3782053;69.57105;-0.24603428;[ 2.882318   67.73413    -0.23903447]
2.3779364;68.49265;-0.24808326;[ 2.7603028  68.2538     -0.23777148]
4.057866;68.0667;-0.24169523;[ 2.808527   68.891365   -0.23797464]
2.3336997;68.58013;-0.24439116;[ 2.7543144  68.13859    -0.23789051]
3.1384196;64.757805;-0.2600191;[ 2.8511114 64.570404  -0.2399283]
2.2670863;64.8761;-0.2603695;[ 2.8673275 63.438805  -0.2406775]
2.0346956;65.240135;-0.26060447;[ 2.872539   63.449375   -0.24059002]
2.692743;64.3805;-0.26677617;[ 2.8600583  64.1991     -0.24027635]
2.6593437;61.1342;-0.2812453;[ 2.9838037  59.981293   -0.24252899]
4.967267;68.2204;-0.24790166;[ 2.8234048  68.64563    -0.23834503]
3.6933372;64.28922;-0.257244;[ 3.1949322  65.17516    -0.23624665]
2.4136205;78.253944;-0.22040044;[ 2.755307   80.307594   -0.23326631]
5.710751;76.742256;-0.23124222;[ 2.838409   77.23282    -0.23398285]
2.7664804;74.29123;-0.24056496;[ 2.864085   77.07324    -0.23474243]
3.1353827;81.45688;-0.21754722;[ 2.6670206  82.72126    -0.23099507]
2.9697144;77.48148;-0.24061;[ 2.7429376  78.01107    -0.23284654]
5.751872;71.44358;-0.26301247;[ 2.9232383  71.60849    -0.23604247]
5.4693666;74.07811;-0.2329398;[ 2.8149178  74.603966   -0.23360197]
4.1191244;66.83082;-0.25917628;[ 2.991108  66.030525  -0.2380039]
5.197941;71.15357;-0.24832839;[ 2.7970998  70.53985    -0.23640047]
2.4373693;76.67413;-0.21573776;[ 2.5699658  77.324486   -0.23365963]
2.79741;75.61685;-0.23702306;[ 2.636244   75.424934   -0.23468572]
2.9313493;71.70438;-0.25779238;[ 2.8954244  71.813515   -0.23649544]
3.3479867;70.155396;-0.26348108;[ 2.9465866  69.97291    -0.23728472]
3.2755036;66.324265;-0.27683458;[ 3.0443158  66.2057     -0.23945725]
3.4811363;74.00936;-0.24388406;[ 2.889945   74.05864    -0.23572202]
3.1571412;66.41329;-0.27694675;[ 3.0535998  66.12783    -0.23951113]
2.1631844;66.30235;-0.25782692;[ 2.8967488  66.065384   -0.23940048]
3.3151188;69.82443;-0.24080773;[ 2.8636658  70.603134   -0.23721941]
4.0365105;72.0921;-0.23383917;[ 2.7017298  73.09792    -0.23585135]
4.2703447;72.18404;-0.23432721;[ 2.7023163  73.08917    -0.23588811]
2.7839196;69.8346;-0.2177991;[ 2.8661501 70.67222   -0.2352359]
2.1181538;69.24127;-0.20453244;[ 2.7349539 69.811424  -0.2361464]
1.92325;73.9026;-0.1977404;[ 2.7280748  74.277954   -0.23526405]
2.0682185;69.290474;-0.20511694;[ 2.6927445 69.09494   -0.2373298]
3.0586505;69.962326;-0.21868253;[ 2.834446   69.917      -0.23642719]
3.19199;72.072296;-0.23058386;[ 3.058908   73.97315    -0.23579866]
2.2895083;77.94626;-0.20260571;[ 2.875762   78.478806   -0.23335324]
3.0116591;71.437454;-0.22762276;[ 3.0723815  73.37619    -0.23626412]
4.4316053;67.36888;-0.23206341;[ 3.0025969  67.522705   -0.23699278]
4.011012;67.199554;-0.22888291;[ 3.000039   68.00962    -0.23822117]
5.2775474;67.66173;-0.23143618;[ 3.0224705 67.02803   -0.2374437]
5.2969265;63.936783;-0.24041268;[ 3.1002686 63.141308  -0.240053 ]
5.9805846;68.253716;-0.23083363;[ 2.9292803  67.676414   -0.23820485]
3.9846048;72.35148;-0.22383995;[ 2.8991163  73.04946    -0.23632544]
3.8299599;72.44441;-0.22942367;[ 2.8967488  72.88991    -0.23644105]
4.7119684;67.934326;-0.23530994;[ 3.0363019  68.30086    -0.23863971]
3.165211;71.01898;-0.24811618;[ 2.9634356  73.62055    -0.23609902]
7.244186;72.7629;-0.2266326;[ 2.9985924 73.5934    -0.2356209]
3.865835;77.86332;-0.19927023;[ 2.86986   78.66531   -0.2332011]
7.6239243;67.704636;-0.2313545;[ 3.0025163  67.392586   -0.23864025]
6.409332;68.38126;-0.23282047;[ 2.9357526  67.46719    -0.23844779]
2.9043255;69.911224;-0.22228648;[ 2.7854276  69.5794     -0.23743202]
4.8686757;67.42194;-0.23422375;[ 3.03934    67.48981    -0.23673391]
5.050384;68.23731;-0.2327379;[ 3.0159056  68.48037    -0.23848379]
3.4561982;71.69467;-0.22132908;[ 2.8675108  71.65488    -0.23693684]
3.357563;71.744415;-0.2264854;[ 2.862599   71.7589     -0.23687468]
3.620772;67.72602;-0.23938943;[ 2.9125297  67.32982    -0.23893481]
2.5359883;72.40321;-0.2239693;[ 2.7131531  72.18694    -0.23635958]
3.6752126;72.29971;-0.21389371;[ 2.8818748  71.962746   -0.23637234]
3.5224755;67.30426;-0.22937721;[ 3.0538812  67.22634    -0.23887877]
2.6396859;67.82115;-0.23185715;[ 2.9548738  68.8822     -0.23811436]
3.4554625;63.06554;-0.2509891;[ 2.982937   63.666042   -0.24016048]
4.2880263;63.3704;-0.24446037;[ 3.2378614  59.875507   -0.23608606]
2.1869302;73.82686;-0.19156797;[ 2.7929091  73.897575   -0.23513256]
4.1442137;72.41918;-0.20842092;[ 2.9343703  72.95748    -0.23470588]
2.3301547;65.78984;-0.25879616;[ 2.9000063  66.15989    -0.23938169]
5.659534;71.42634;-0.2127098;[ 2.9645162  70.86245    -0.23514158]
2.2577393;68.065636;-0.23757818;[ 2.9731376 68.43991   -0.236744 ]
2.398816;64.46948;-0.24991454;[ 3.0362215 63.84151   -0.2402699]
4.0652103;72.4742;-0.21430953;[ 2.9558034 72.24436   -0.2360665]
2.4509702;72.269394;-0.22430994;[ 2.7677221  72.71148    -0.23667479]
3.458388;63.83811;-0.24448699;[ 2.9802916  62.956474   -0.23885229]
2.9882438;64.814445;-0.25674334;[ 2.886877  64.37185   -0.2399059]
2.6613889;72.989456;-0.22214791;[ 2.7091196  73.180725   -0.23604934]
2.6494598;78.649086;-0.20937645;[ 2.6923969  79.48072    -0.23222741]
2.956428;78.67767;-0.21237804;[ 2.7182882  79.154945   -0.23346506]
3.0185874;80.1008;-0.21462849;[ 2.6166997  80.42217    -0.23305415]
5.0933714;75.518845;-0.22968222;[ 2.7472293  76.048485   -0.23518524]
2.8755903;74.355995;-0.22904016;[ 2.6782117  76.414055   -0.23546135]
3.608943;73.112404;-0.21354273;[ 2.8448071  73.431046   -0.23463097]
3.5065932;72.61636;-0.20288818;[ 2.7703466  72.13088    -0.23569895]
3.4469433;68.79137;-0.22744848;[ 2.9327917  68.49358    -0.23555228]
2.3708363;67.99376;-0.2115429;[ 2.929796   66.40824    -0.23868826]
2.636938;60.37546;-0.27298367;[ 3.1039553  57.17202    -0.24311103]
4.975265;68.09671;-0.22299594;[ 2.9348853 66.32283   -0.2386414]
5.690324;72.685196;-0.21458307;[ 2.8824515  73.56507    -0.23645256]
3.1848302;68.2943;-0.21357593;[ 3.0115194  66.97799    -0.23715861]
2.720607;72.756294;-0.20740639;[ 2.743205   73.30926    -0.23612007]
4.1001425;68.27786;-0.22433408;[ 2.8678892  69.05707    -0.23821491]
2.1555302;61.720215;-0.222473;[ 3.1271331  60.304707   -0.23902342]
2.9395325;60.528286;-0.2695356;[ 3.2147837  57.367077   -0.24160865]
4.2134185;73.22412;-0.19965222;[ 2.8373578 73.85836   -0.2350808]
2.2255588;73.61094;-0.20803656;[ 2.8484712  73.766014   -0.23497432]
3.5808563;74.70536;-0.22948048;[ 2.932957   76.93035    -0.23482803]
2.8620336;76.68359;-0.21090981;[ 2.7167838  77.08728    -0.23440163]
3.0966349;72.66496;-0.21571231;[ 2.9480324 72.66981   -0.2358323]
2.7348006;72.73547;-0.22985797;[ 2.7722843  72.435814   -0.23637445]
5.1547613;71.48614;-0.21325845;[ 2.9349418  71.94207    -0.23553924]
5.2444577;70.69712;-0.24943279;[ 2.906249   69.99659    -0.23553708]
2.4367847;70.18147;-0.24796629;[ 2.7991564  69.80569    -0.23730873]
2.990779;73.76172;-0.23005538;[ 2.8862605  74.36025    -0.23604386]
5.4242487;67.906624;-0.23098244;[ 3.1227176  67.377      -0.23593104]
3.5201206;67.88095;-0.23842573;[ 2.9153128 67.53033   -0.2386154]
2.7943268;68.10057;-0.23649895;[ 2.8555126  68.05916    -0.23831727]
2.8449712;68.90945;-0.24622369;[ 2.8314922  69.64797    -0.23793392]
3.350627;72.107704;-0.21330093;[ 2.859076   71.58614    -0.23686147]
2.388873;75.25054;-0.230504;[ 2.7621973  74.937294   -0.23452127]
2.8197956;75.87573;-0.19045995;[ 2.8126407  74.980995   -0.23449405]
4.207826;71.96762;-0.20949042;[ 3.010658   70.974174   -0.23438893]
4.6651254;70.727615;-0.20039962;[ 2.8854482  71.379      -0.23629543]
5.3775578;71.613754;-0.20864058;[ 2.9021738  71.88018    -0.23613158]
2.2378643;67.711655;-0.2237546;[ 3.348772   66.22522    -0.23009835]
3.558584;63.95007;-0.24005944;[ 3.3072722 63.109524  -0.2355143]
4.8526034;74.45267;-0.22868526;[ 2.825401   75.631134   -0.23545794]
2.2481964;75.31111;-0.23097749;[ 2.7370849  75.030655   -0.23470928]
3.060067;75.6575;-0.23222364;[ 2.822384  76.03716   -0.2352248]
2.466164;75.34447;-0.230971;[ 2.7389119  75.26536    -0.23452632]
2.6007216;75.041504;-0.23073238;[ 2.746357   75.08475    -0.23457989]
2.9016242;78.56083;-0.21540716;[ 2.7319689  79.40038    -0.23349367]
2.4528053;78.93497;-0.2097295;[ 2.6536255  80.202644   -0.23261148]
4.827652;74.44399;-0.22811973;[ 2.8226929  75.51162    -0.23550889]
2.9081757;67.893974;-0.23677254;[ 2.8509498  67.881035   -0.23851834]
2.7976327;79.61658;-0.22727029;[ 2.7509916  81.03835    -0.23251447]
3.0093715;69.792496;-0.24192926;[ 2.8933814 70.73525   -0.2375885]
3.0547965;71.893234;-0.23320785;[ 2.9558218  71.88262    -0.23711815]
3.862229;70.48296;-0.19362442;[ 2.8370447 71.00478   -0.2368789]
3.835413;66.17823;-0.20299762;[ 2.8975904  66.74435    -0.23789626]
5.0061245;74.43414;-0.22858317;[ 2.8528888  75.067986   -0.23579775]
6.1206303;61.819687;-0.21626352;[ 2.9846163 63.68985   -0.2394771]
4.6620703;67.27276;-0.23462662;[ 2.960276   66.16979    -0.23941465]
3.8584483;67.2704;-0.24375983;[ 3.0933285  67.20857    -0.23935694]
4.923205;74.61242;-0.23537205;[ 2.7402825 75.860115  -0.2354913]
4.5534763;71.888;-0.23620759;[ 2.7395096 72.946465  -0.2363998]
3.6821408;71.72359;-0.21100666;[ 3.2636745  72.491264   -0.22878991]
5.1649084;71.48924;-0.20819096;[ 2.8898551  71.84332    -0.23623808]
3.9187384;71.42941;-0.19867039;[ 2.865448  71.16512   -0.2369537]
4.5061426;73.992355;-0.19894901;[ 2.8889468  75.050026   -0.23537812]
3.0116954;77.84282;-0.19266057;[ 2.8725305  79.13456    -0.23292677]
2.2848716;79.46453;-0.21468252;[ 2.5634758 80.17776   -0.2328689]
2.5074196;72.28871;-0.21821769;[ 2.7026052 72.89031   -0.2359723]
4.1584044;73.89807;-0.24050082;[ 2.8794317  74.77983    -0.23530585]
3.3801732;63.909454;-0.241174;[ 3.301203  63.04661   -0.2355358]
3.8520012;66.36994;-0.20361736;[ 2.8977     66.31571    -0.23826084]
5.022524;61.71104;-0.21841039;[ 2.9837375  63.047054   -0.24006341]
2.7721977;75.4814;-0.2341368;[ 2.9078958  78.286545   -0.23400936]
3.325106;63.159863;-0.24424656;[ 3.1451519  62.66852    -0.23685399]
3.6183958;70.165794;-0.2644487;[ 2.9437337  69.91626    -0.23736973]
3.5418563;72.0269;-0.21865575;[ 2.9033344 71.863686  -0.2365805]
3.6703157;67.87127;-0.237776;[ 2.9159977  67.36443    -0.23872401]
3.6849995;63.5755;-0.25703055;[ 2.9368327 62.149223  -0.2405882]
4.706272;74.08862;-0.21008837;[ 2.9657135  74.93307    -0.23517685]
5.017953;68.024254;-0.2289978;[ 2.9772587  67.96128    -0.23837636]
2.5925903;75.40654;-0.24206898;[ 2.8520098  75.390076   -0.23477527]
1.9451121;72.038315;-0.2611715;[ 2.9163113  70.92986    -0.23709595]
2.10679;66.69;-0.2600753;[ 2.9263766  65.16344    -0.24001329]
2.7968943;72.444305;-0.24174063;[ 2.6991775  72.11125    -0.23635653]
2.100892;69.05619;-0.25927135;[ 2.7643888  67.66794    -0.23867664]
2.0508332;74.6524;-0.21724857;[ 3.005149   74.967125   -0.23530214]
2.9356039;68.09934;-0.23266983;[ 3.0055847  68.01651    -0.23848814]
4.10563;69.59093;-0.23691826;[ 3.0406566 67.94939   -0.2387993]
3.0152864;64.660614;-0.25801405;[ 3.0479774  62.93465    -0.24117799]
2.3627503;64.84847;-0.2546596;[ 2.9902465 64.03741   -0.2403113]
1.8855182;70.37059;-0.22842845;[ 2.9587986  70.34533    -0.23709182]
5.0431004;63.780933;-0.26089495;[ 2.997477   61.941334   -0.24108395]
3.3141756;61.10607;-0.27517027;[ 3.0605762 57.484997  -0.2433655]
3.6167176;71.82704;-0.20975325;[ 2.864378   71.52476    -0.23662452]
3.6902385;62.95783;-0.26677868;[ 3.0885196  59.093204   -0.24231829]
1.9786599;64.195274;-0.24274407;[ 2.992359   62.361263   -0.24031699]
2.177729;64.49427;-0.23760921;[ 3.1868176  62.468197   -0.23791702]
2.5647514;61.10574;-0.2653673;[ 3.1131985  57.374027   -0.24318226]
2.4947822;76.48194;-0.2556717;[ 2.9455025  76.386246   -0.23422034]
3.3963504;70.92963;-0.2662084;[ 3.0482938  70.86397    -0.23761399]
2.3009934;70.88123;-0.24548477;[ 2.8936467 70.7779    -0.2375085]
2.7593186;73.10562;-0.24121282;[ 2.738292   73.184425   -0.23619834]
2.863626;71.82501;-0.23312975;[ 2.960283   72.24358    -0.23690927]
2.705482;68.62545;-0.24786401;[ 3.0907044  67.66489    -0.23907006]
2.6891603;76.33785;-0.24578501;[ 2.885761   76.8283     -0.23445678]
3.561296;74.30555;-0.24837577;[ 2.9163733  75.67367    -0.23532951]
3.329515;71.09383;-0.2656189;[ 3.0472353  71.0953     -0.23749667]
2.1510115;66.331894;-0.2580106;[ 3.0435433  65.10903    -0.24030644]
2.5967355;68.55336;-0.2552204;[ 2.88792   67.53389   -0.2389835]
3.245463;71.22424;-0.25643376;[ 2.8900743  70.31234    -0.23816514]
2.3997695;76.67336;-0.21925443;[ 2.6524153  78.84159    -0.23413469]
2.3588386;78.74812;-0.21240029;[ 2.7267673  79.45225    -0.23325326]
3.3725328;70.686646;-0.19416444;[ 2.8406472 70.696144  -0.2371011]
2.489541;69.23503;-0.24185988;[ 2.8449736  69.2285     -0.23806961]
2.3425636;80.41558;-0.21076043;[ 2.6185644  80.91949    -0.23252551]
2.1626725;73.19823;-0.2052595;[ 2.7578058  73.620995   -0.23532824]
2.3521585;80.16487;-0.21456635;[ 2.6243453  80.74207    -0.23282047]
6.067834;61.102577;-0.23381516;[ 3.0665758  61.438183   -0.24122609]
2.3718936;60.74318;-0.28615588;[ 3.2140617  56.87215    -0.24392375]
5.857843;72.23399;-0.20324723;[ 2.9877872  72.04734    -0.23705842]
6.0735497;66.80587;-0.22646858;[ 2.992097   65.92494    -0.23914094]
4.2896914;69.020164;-0.23621778;[ 3.0876758 68.75855   -0.2384955]
3.1188312;64.01453;-0.24929222;[ 3.0904925 61.782207  -0.2413732]
2.7440867;60.461758;-0.2879628;[ 3.220039   57.128086   -0.24375133]
2.144993;79.756;-0.21769136;[ 2.5766292  80.02268    -0.23293222]
2.6745014;78.03102;-0.20137456;[ 2.869216   79.19619    -0.23297456]
3.8474834;69.62238;-0.24552776;[ 2.9578242  69.70289    -0.23781128]
1.9731543;72.54788;-0.22304092;[ 2.8337162  72.85257    -0.23663989]
4.9430504;63.331093;-0.2544316;[ 2.966106   63.201065   -0.24072872]
2.746424;65.85363;-0.23906377;[ 2.9897447  66.41838    -0.23862492]
2.2170315;81.411545;-0.2166591;[ 2.6752782  82.259674   -0.23125808]
3.2184339;72.40415;-0.2205335;[ 3.013284   73.043205   -0.23592989]
2.4454093;81.63901;-0.21511132;[ 2.6519637  83.55319    -0.23032205]
3.0076766;72.14841;-0.21423349;[ 2.8788517  72.20426    -0.23627587]
2.0822136;75.40212;-0.24251667;[ 2.849411   75.45008    -0.23475443]
2.3655658;74.1699;-0.23050882;[ 2.744371   74.46888    -0.23532324]
2.1839952;76.52939;-0.22058019;[ 2.5827713  76.95966    -0.23398943]
2.2024276;72.44497;-0.24217895;[ 2.6972003  72.14316    -0.23634982]
2.2338638;74.57834;-0.19960156;[ 2.8090684  75.512596   -0.23468806]
2.1570458;73.81814;-0.1986059;[ 2.726756  74.524376  -0.2351447]
3.7667134;77.93796;-0.19774646;[ 2.8735518  79.23176    -0.23287034]
3.1587138;71.90295;-0.22543964;[ 2.8684473 72.34333   -0.2364641]
2.2656353;77.17351;-0.19754782;[ 2.7193959  77.983536   -0.23364854]
2.2260017;77.240326;-0.19378486;[ 2.7246456  77.28999    -0.23430677]
1.967912;67.96451;-0.21788228;[ 2.9896266  66.64363    -0.23713219]
2.3242912;72.508095;-0.20324656;[ 2.7559369 72.842674  -0.2354173]
3.4417055;66.86847;-0.22841106;[ 2.979897   65.90089    -0.23845516]
2.8762927;77.66214;-0.19352323;[ 2.8635828  79.41679    -0.23281264]
2.0073378;79.4298;-0.21519141;[ 2.560754   80.323875   -0.23275457]
2.229096;76.46459;-0.2103859;[ 2.701153   77.38584    -0.23423727]
2.2100067;76.02242;-0.20208254;[ 2.7114744  77.79847    -0.23421493]
2.337669;75.787636;-0.1977585;[ 2.8450422  76.87619    -0.23437433]
1.9595966;76.43608;-0.22199158;[ 2.821078   77.34792    -0.23357329]
1.8681545;67.76416;-0.23311636;[ 2.8116775  69.00538    -0.23761104]
1.9270902;71.74563;-0.23345535;[ 2.680198   73.23119    -0.23555863]
1.831001;71.62914;-0.21487938;[ 2.8282263  73.64474    -0.23600614]
2.761166;71.95088;-0.20746669;[ 2.9654293  73.38736    -0.23579867]
3.7595477;72.57938;-0.21602213;[ 2.9574184  72.2289     -0.23610887]
2.9890606;65.52073;-0.2551406;[ 3.0910807  65.813      -0.24018782]
2.858054;61.62605;-0.27792922;[ 3.0910275  61.077457   -0.24201289]
2.406115;76.092575;-0.23705184;[ 2.7173417  77.27447    -0.23466569]
2.5865486;73.42001;-0.25901383;[ 2.796218 76.0893   -0.234696]
3.2861047;73.687355;-0.23083533;[ 2.8402746 76.37887   -0.2347174]
3.2482505;66.0338;-0.27193227;[ 2.9123735  68.37845    -0.23800807]
4.110338;70.64651;-0.24846436;[ 2.964507   73.049      -0.23617917]
2.4560432;65.69855;-0.24805668;[ 3.0104637  65.561615   -0.23981394]
5.508885;65.865654;-0.2376562;[ 3.022722   64.527214   -0.23972628]
6.66317;60.643787;-0.24543539;[ 3.1192045  57.48849    -0.24188726]
4.99349;67.24082;-0.2685293;[ 2.9029663  66.15514    -0.23920204]
3.0465133;77.30058;-0.2424396;[ 2.7539735  77.5328     -0.23301156]
4.994397;71.31763;-0.2650979;[ 2.9303474 71.04475   -0.2363635]
3.1966758;71.61708;-0.26412752;[ 3.0146627  72.74639    -0.23370025]
2.8301625;72.65194;-0.23992299;[ 2.7428706  73.6473     -0.23330633]
4.5690627;71.059494;-0.24903144;[ 2.854899   70.47585    -0.23578253]
4.6958365;67.62042;-0.23470223;[ 3.02039    67.27549    -0.23734738]
4.8154087;64.61391;-0.2515133;[ 3.0658324  62.717083   -0.24106222]
3.6993847;72.02375;-0.22334418;[ 2.9029639  72.072655   -0.23658931]
3.2993639;68.79197;-0.24421023;[ 3.0385294  67.744995   -0.23886795]
2.2756975;64.92918;-0.26380527;[ 3.0389953  62.745815   -0.24121678]
3.5066729;63.494534;-0.25802985;[ 3.0012765  62.59103    -0.23961693]
2.8747005;60.928814;-0.27991253;[ 3.0617032  57.64702    -0.24321637]
2.559413;74.71449;-0.23496637;[ 2.9302423 74.95567   -0.2318987]
3.670092;71.71151;-0.21239357;[ 3.2480245  72.26112    -0.22932117]
2.3911524;67.647934;-0.22621521;[ 2.7637954  55.12553    -0.22909668]
3.6865869;68.793686;-0.22640051;[ 3.021786   68.592964   -0.23471226]
4.3821573;73.2777;-0.21497893;[ 2.8004327  72.44624    -0.23626734]
2.3451579;63.07649;-0.2572913;[ 3.232449   61.375977   -0.23815124]
4.7803574;62.560406;-0.24460122;[ 3.0252328  60.229073   -0.24186426]
4.41163;62.058876;-0.24629584;[ 3.0192358  60.632465   -0.24171367]
2.4390488;72.77411;-0.2273327;[ 2.771959   72.48745    -0.23630333]
3.1571736;63.40883;-0.25654754;[ 2.9910269  62.929626   -0.23925886]
2.6029494;64.49582;-0.2644446;[ 2.8828373  64.11684    -0.24027583]
3.0823932;66.09294;-0.2851591;[ 3.060773   65.99012    -0.23962371]
2.9609976;68.45338;-0.263481;[ 2.7511568  68.344      -0.23824158]
4.171599;68.04595;-0.23882413;[ 3.02949    67.93609    -0.23874989]
2.9739568;79.45714;-0.22165386;[ 2.5981054  80.317245   -0.23297834]
5.468659;74.75471;-0.23697852;[ 2.7266304  75.67747    -0.23527415]
1.9915493;75.2264;-0.21175054;[ 2.6352236  74.99       -0.23523648]
2.6912112;74.07083;-0.21860392;[ 2.7868671  76.56869    -0.23492792]
2.720498;78.30979;-0.21746519;[ 2.7030225 79.08671   -0.2334048]
2.3076026;78.14301;-0.21319418;[ 2.6646545  78.708405   -0.23307443]
3.7633739;74.78363;-0.23326337;[ 2.6832047  76.171684   -0.23474419]
3.1636748;71.51251;-0.25480747;[ 2.7210822  71.61808    -0.23699644]
2.5107155;75.19314;-0.24082065;[ 2.6811905  74.89829    -0.23528154]
2.3901138;79.100945;-0.21950907;[ 2.558217   80.116066   -0.23289791]
2.6696935;75.140015;-0.24090515;[ 2.6825233  75.03806    -0.23517884]
2.1656;71.97586;-0.25670183;[ 2.7425804  70.444115   -0.23766746]
3.1992111;75.49505;-0.2430371;[ 2.7263126  75.76558    -0.23540969]
2.5121036;74.648285;-0.24520145;[ 2.734139   75.43909    -0.23565575]
3.5854232;70.52487;-0.26194435;[ 2.8684337 69.95962   -0.238358 ]
3.04165;75.540115;-0.24068743;[ 2.67848    75.07537    -0.23450601]
3.9099083;71.697426;-0.25481173;[ 2.7502623  71.25027    -0.23705688]
2.8394728;76.65517;-0.20135064;[ 2.7141738  76.695915   -0.23468183]
4.456948;72.73511;-0.21906465;[ 2.7730107  72.312675   -0.23651186]
5.3239384;68.98;-0.2280978;[ 2.8768055  68.6223     -0.23852766]
3.9486828;72.67338;-0.21975753;[ 2.7655358  72.41751    -0.23657157]
5.033821;71.75679;-0.23790152;[ 2.879081   69.15877    -0.23851536]
2.5636044;72.00492;-0.2137256;[ 2.7318833  72.152084   -0.23632574]
3.895255;67.80086;-0.22836116;[ 2.8371675  68.810936   -0.23803398]
2.7212243;72.81981;-0.21095426;[ 2.72748    73.27151    -0.23570253]
2.7672992;71.92907;-0.21242422;[ 2.741943   72.27475    -0.23601232]
2.6141741;68.04677;-0.23388356;[ 2.9345195  68.29946    -0.23594509]
4.87434;68.03491;-0.22593358;[ 2.843821  68.15964   -0.2384936]
4.493022;64.6064;-0.2474027;[ 2.9033527 63.369236  -0.2406095]
2.8180795;75.62671;-0.24090622;[ 2.6512806  75.127106   -0.23475888]
2.2579014;74.8028;-0.23382644;[ 2.8016431  75.517876   -0.23534504]
4.2655487;67.944405;-0.23835525;[ 2.823187  68.1485    -0.2386318]
2.496804;76.554146;-0.19953787;[ 2.7036712  77.43539    -0.23425165]
4.023123;71.38422;-0.24988021;[ 2.7277842  74.26873    -0.23587489]
3.7855115;64.2999;-0.2566294;[ 2.9030166 63.11958   -0.240941 ]
4.5488944;75.15157;-0.2335432;[ 2.6973598  75.89144    -0.23486131]
2.949906;79.60726;-0.22098413;[ 2.608783   80.29535    -0.23320681]
2.9397745;75.63197;-0.2404766;[ 2.6440628  75.0928     -0.23479167]
2.0089135;74.77574;-0.23019485;[ 2.6756487  75.98376    -0.23459204]
3.2933683;71.40646;-0.26261392;[ 2.7474358  71.06809    -0.23726003]
3.1651123;75.83441;-0.23961999;[ 2.7345264  75.88775    -0.23527505]
5.430401;74.90175;-0.23543365;[ 2.7307987  75.75289    -0.23541145]
3.1625786;71.50188;-0.22618717;[ 2.8276374  73.46204    -0.23640972]
2.1908913;71.7922;-0.2240589;[ 2.7460947  72.77212    -0.23660704]
2.7075229;68.22219;-0.24055432;[ 2.865793   69.0062     -0.23856412]
2.6905997;75.573105;-0.21071717;[ 2.7047644  77.62056    -0.23435923]
2.4751284;67.379265;-0.2365094;[ 2.952325   68.189156   -0.23890178]
2.6042109;64.47651;-0.2598488;[ 2.9992712  64.38578    -0.24108623]
4.062432;67.9072;-0.23948376;[ 2.825336   67.99326    -0.23872593]
2.9599628;76.13767;-0.2373823;[ 2.7413807  76.35288    -0.23494601]
3.0766172;79.91439;-0.21721356;[ 2.6051357  80.42489    -0.23286605]
2.8148978;77.00229;-0.20038113;[ 2.759043   77.74561    -0.23423105]
5.163487;75.33012;-0.23292609;[ 2.734317  76.062164  -0.2350011]
6.168162;72.11693;-0.22132878;[ 2.8700447  73.264175   -0.23670009]
3.9458694;72.66512;-0.22043929;[ 2.760474   72.46429    -0.23654097]
4.993114;71.86279;-0.24089658;[ 2.8839695  69.076256   -0.23856325]
2.4120126;76.514565;-0.19975159;[ 2.7016277  77.39866    -0.23426953]
4.106146;72.79733;-0.21988666;[ 2.7564893  72.508064   -0.23642357]
3.5808692;73.42012;-0.22451873;[ 2.8762364  73.24125    -0.23663531]
2.5495803;68.12702;-0.23416002;[ 2.8513317  67.749344   -0.23710346]
2.436622;67.4731;-0.22234988;[ 2.8274026 67.50892   -0.2385371]
2.7658286;75.95291;-0.21628863;[ 2.695627   76.664085   -0.23467554]
2.4458094;72.31688;-0.22994903;[ 2.7505317  72.24865    -0.23656648]
2.7594566;75.9884;-0.21526606;[ 2.6954992  77.19555    -0.23437807]
2.124849;71.44029;-0.22671355;[ 2.8100522 72.613106  -0.2364   ]
4.2698216;72.45387;-0.219395;[ 2.8204396  73.20737    -0.23626703]
4.300115;69.01735;-0.23560576;[ 2.8634965 68.6088    -0.2384893]
2.259309;72.060524;-0.21593264;[ 2.7974718  73.37907    -0.23596232]
2.2549653;68.03688;-0.2473482;[ 2.7993946  67.97275    -0.23784593]
3.8076904;67.69272;-0.23957567;[ 2.8362982  68.57041    -0.23824576]
3.718906;67.5581;-0.23912667;[ 2.8403974  68.84851    -0.23795083]
2.983727;64.28756;-0.25936553;[ 2.879396   64.29807    -0.24015611]
2.154705;68.106316;-0.24764796;[ 2.7580009 68.03451   -0.2382254]
2.6844628;61.021957;-0.28028026;[ 3.0087547  59.752747   -0.24275397]
1.9982513;64.61341;-0.2081601;[ 2.9039743  65.1709     -0.23866524]
3.9854462;68.297226;-0.23964554;[ 2.830734   68.82295    -0.23791099]
2.5247161;68.77816;-0.24526751;[ 2.7874944  68.08692    -0.23761326]
2.6578348;84.08525;-0.22272591;[ 2.3644452  86.538605   -0.23141406]
2.8338728;83.98489;-0.2222271;[ 2.3649123 87.39841   -0.23085  ]
2.841164;75.30661;-0.25057182;[ 2.614911   77.658455   -0.23548634]
2.5222487;76.037056;-0.26374888;[ 2.533023 77.980675 -0.23555 ]
2.9969707;72.456436;-0.27959275;[ 2.6495087  73.11331    -0.23799802]
2.4171522;73.809494;-0.23502351;[ 2.7580576 73.77268   -0.2357418]
2.8937697;66.224205;-0.2599342;[ 2.9115384  66.192795   -0.23929903]
2.6699643;65.83733;-0.26696527;[ 2.919567   65.849815   -0.23964693]
2.3795695;70.645424;-0.26019925;[ 2.9118645  70.33318    -0.23777737]
2.818512;65.4281;-0.27859032;[ 3.05119   64.50179   -0.2407103]
2.5599794;78.735855;-0.2451917;[ 2.5314553  79.20056    -0.23329534]
4.816164;78.39238;-0.23620456;[ 2.5954459  80.00582    -0.23314479]
2.41757;78.6658;-0.24442913;[ 2.598457   79.103355   -0.23331183]
2.88503;74.64085;-0.26391596;[ 2.64614    75.33787    -0.23545179]
3.1217842;71.01628;-0.28223225;[ 2.7694955  71.078606   -0.23772298]
2.8413959;82.618095;-0.2238408;[ 2.500535   84.778244   -0.23124596]
4.4864054;77.9306;-0.23783308;[ 2.6308353  79.980705   -0.23355784]
6.320332;78.55298;-0.23426093;[ 2.627768   80.12975    -0.23336422]
5.352776;73.74694;-0.26064277;[ 2.755155   75.01348    -0.23598616]
2.3680506;71.873985;-0.24954113;[ 2.6475723  72.29575    -0.23595679]
4.130035;71.50389;-0.24048342;[ 2.6964774  72.844124   -0.23627184]
3.4725385;71.34663;-0.24006526;[ 2.7005525  73.130424   -0.23597114]
2.2498665;68.28371;-0.26331127;[ 2.7542908  67.39907    -0.23894824]
2.3477068;71.7796;-0.24817577;[ 2.697817  72.10394   -0.2363308]
2.2174401;71.88785;-0.24998923;[ 2.617336   72.31999    -0.23624942]
3.0693183;76.71357;-0.21400927;[ 2.7179675  76.75814    -0.23401439]
2.761709;72.271904;-0.22796157;[ 2.6964905  72.19883    -0.23540317]
4.863617;79.6256;-0.22669142;[ 2.6348164  80.82671    -0.23283128]
1.4161777;80.61973;-0.19203302;[ 2.63658    81.849236   -0.23183474]
3.0384169;79.44922;-0.23360588;[ 2.6131797  80.5597     -0.23097089]
3.9516995;71.08675;-0.26835284;[ 2.9092603 71.08788   -0.2367075]
3.2866971;68.63967;-0.25834543;[ 2.7361152  68.630615   -0.23793443]
1.6873972;73.23286;-0.18385905;[ 2.7504165 73.46436   -0.2358959]
1.1644819;77.9893;-0.18056181;[ 2.7844808  79.08191    -0.23333205]
3.008727;76.666626;-0.21650934;[ 2.7073355  77.22395    -0.23379582]
2.526259;69.42673;-0.21055683;[ 2.8390896  69.61126    -0.23688285]
6.7600117;70.71925;-0.2557849;[ 2.9847972  71.663536   -0.23666629]
3.1644933;73.353386;-0.25799024;[ 2.845798   73.660835   -0.23552853]
2.6259317;81.00406;-0.1948269;[ 2.628039  81.381905  -0.2324843]
4.350054;73.375565;-0.2204556;[ 2.791005   73.38784    -0.23626536]
4.467361;76.77812;-0.20947742;[ 2.7510252  78.186455   -0.23386353]
3.541222;75.00687;-0.24802005;[ 2.8574436  75.02058    -0.23505092]
3.3177009;76.690216;-0.23800248;[ 2.8032944 78.019875  -0.2334069]
3.9413805;70.37649;-0.24490856;[ 2.8452232  70.765755   -0.23700316]
3.2159472;72.11572;-0.221413;[ 2.7183049  73.49612    -0.23571151]
2.3046236;77.08895;-0.20617747;[ 2.6167798  78.15179    -0.23348953]
2.0006342;76.8681;-0.20540383;[ 2.5946355  78.25866    -0.23368172]
1.652836;68.721466;-0.19346458;[ 2.7575872  69.97899    -0.23594037]
3.451211;72.3775;-0.21919024;[ 2.7253175  72.85707    -0.23616035]
2.915596;68.99712;-0.24001646;[ 2.7754216  68.05346    -0.23837265]
4.831359;71.03119;-0.268516;[ 2.9182794  70.75092    -0.23675945]
4.298249;70.770355;-0.2512739;[ 2.836586  70.10876   -0.2363116]
2.7696426;73.08819;-0.2598277;[ 2.842203  73.57186   -0.2354991]
4.1604357;67.11785;-0.28254914;[ 3.015696  67.199234  -0.2387816]
3.0956635;80.110565;-0.21468987;[ 2.6150281  80.33323    -0.23298588]
4.9864993;75.42996;-0.23020591;[ 2.7453148 75.909935  -0.2351431]
2.2779593;77.16826;-0.22424081;[ 2.7784646  78.91146    -0.23368432]
6.037928;76.3504;-0.23586555;[ 2.844434   76.90011    -0.23424336]
3.205854;81.15885;-0.22298545;[ 2.683163   82.085396   -0.23142879]
5.738821;73.86771;-0.2378399;[ 2.769995   74.26416    -0.23452619]
4.2113533;70.006134;-0.25253612;[ 2.8914683 70.00829   -0.2354904]
3.8276196;69.74843;-0.24791285;[ 2.843505   70.545685   -0.23703043]
4.063048;66.50178;-0.2644632;[ 2.9533231  65.74108    -0.23871249]
1.8638499;84.27516;-0.21197864;[ 2.5100791 85.516716  -0.2304855]
2.4337916;83.271065;-0.21641353;[ 2.4861135  84.01927    -0.23105404]
2.765048;72.52944;-0.24781181;[ 2.6449785  72.25019    -0.23586816]
3.2910197;77.15869;-0.21388428;[ 2.691977   77.14429    -0.23411183]
3.4851706;74.94446;-0.24502216;[ 2.7412143  75.55828    -0.23519197]
2.1206267;80.60962;-0.22840102;[ 2.716291   81.12454    -0.23210248]
1.9341778;84.21056;-0.21127424;[ 2.4953313  85.708374   -0.23047766]
3.4009008;74.83522;-0.24401686;[ 2.7366004  75.551575   -0.23522648]
2.530948;73.15955;-0.24758677;[ 2.814208   74.14474    -0.23610502]
2.8857455;81.04776;-0.22190127;[ 2.6594372  82.64956    -0.23115185]
2.227971;76.246864;-0.2201967;[ 2.5601258  77.27272    -0.23382469]
1.9738817;76.258644;-0.2040458;[ 2.6134028 76.25947   -0.2344904]
2.6720042;77.2887;-0.24313837;[ 2.7321959  77.70867    -0.23329306]
2.6672096;77.812904;-0.23708685;[ 2.702318   81.384636   -0.23271465]
3.0772681;70.66057;-0.2634309;[ 2.9987884  72.36309    -0.23671989]
2.590611;78.94618;-0.2396581;[ 2.6047845  79.11892    -0.23346227]
2.0421557;75.50729;-0.25754094;[ 2.6729357  74.59103    -0.23582134]
2.3241491;77.17522;-0.21464811;[ 2.7475376  77.29617    -0.23431887]
2.193813;72.783356;-0.23638;[ 2.7379758  71.7109     -0.23665139]
2.1623268;69.44756;-0.24806112;[ 2.8050382  67.13263    -0.23899128]
2.293061;73.18134;-0.2691186;[ 2.8067725  75.04105    -0.23536806]
2.3856974;80.53237;-0.23274027;[ 2.6394897  81.170105   -0.23274007]
2.2000175;78.02337;-0.21677431;[ 2.7978935  78.17381    -0.23427689]
1.5852892;76.91272;-0.20616582;[ 2.5944207  78.63155    -0.23345715]
1.9956001;84.0724;-0.2116978;[ 2.4981587  85.64239    -0.23049591]
2.855603;74.66329;-0.24442364;[ 2.7435656  75.84864    -0.23504415]
3.3084452;70.60849;-0.25977337;[ 2.8772173  71.00562    -0.23736124]
3.7966318;75.05788;-0.24688748;[ 2.866097  75.29609   -0.2348729]
2.0302026;80.759094;-0.22682662;[ 2.7174706 81.52579   -0.2320305]
3.0367076;72.27516;-0.23322982;[ 2.729586   72.82446    -0.23650493]
2.2919686;83.41624;-0.21020055;[ 2.4798553  84.40841    -0.23071687]
2.047899;80.54216;-0.1931186;[ 2.6351166  81.652245   -0.23217824]
2.0289066;76.23599;-0.20390753;[ 2.6235607  77.243355   -0.23333222]
3.3422465;74.79003;-0.23542196;[ 2.7285688  74.60067    -0.23514038]
1.7132316;77.94692;-0.18164739;[ 2.7921283 78.89824   -0.2335723]
1.8417407;68.9633;-0.1979394;[ 2.7797666  70.33957    -0.23556244]
2.3704858;81.05371;-0.21961114;[ 2.639865   82.707245   -0.23142892]
4.7669506;74.92771;-0.24407867;[ 2.8278968  76.17533    -0.23461373]
1.9399588;80.901886;-0.19301413;[ 2.6177943  82.12172    -0.23205212]
1.895252;76.359085;-0.20198818;[ 2.734121   78.057915   -0.23373777]
4.4026437;67.326385;-0.2903347;[ 3.0578716  65.955696   -0.23955308]
3.0922456;66.644485;-0.2615288;[ 2.9051175  65.59232    -0.23944083]
5.0299025;68.38241;-0.2444363;[ 2.7913153  68.335014   -0.23867196]
2.136396;68.80774;-0.2614155;[ 2.7594118  67.62278    -0.23866639]
3.2198498;77.05872;-0.21620001;[ 2.6810026  77.24156    -0.23429088]
2.5127134;71.00399;-0.26092374;[ 2.7010372  74.60001    -0.23510844]
3.9641118;71.14887;-0.26842085;[ 2.8934233  71.27494    -0.23670134]
3.009562;69.945404;-0.25191584;[ 2.8594646  70.0763     -0.23574454]
2.5620444;73.11797;-0.24731676;[ 2.8029156  74.13964    -0.23578896]
3.1974123;66.98095;-0.2629805;[ 2.8979402  65.12493    -0.23981299]
2.815812;75.01846;-0.2611169;[ 2.6538107 75.44463   -0.2352733]
2.8368611;68.286354;-0.26583678;[ 2.7435565  68.39158    -0.23819676]
3.1601443;71.7811;-0.2592971;[ 2.9033437  76.49102    -0.23420654]
3.737337;62.498344;-0.28276232;[ 3.0032206  61.961765   -0.24156334]
5.3825426;74.65966;-0.23672256;[ 2.7491665 75.601265  -0.2354674]
2.936151;79.68921;-0.22002855;[ 2.6089272 80.45455   -0.2330074]
3.3388531;75.86461;-0.23927571;[ 2.7416692  75.936584   -0.23517491]
3.4245012;75.46208;-0.2510646;[ 2.6539006  75.708015   -0.23510846]
2.770869;83.10094;-0.21665153;[ 2.4888759 83.680275  -0.2312989]
2.9524589;79.18771;-0.23675066;[ 2.5493894  79.4976     -0.23291448]
4.011609;76.15425;-0.20699841;[ 2.770593   77.340614   -0.23443474]
3.856154;71.74466;-0.22197431;[ 2.7104259  72.596375   -0.23643897]
2.074253;75.79973;-0.20860825;[ 2.5904148 76.70063   -0.2342558]
2.647431;79.30827;-0.23999889;[ 2.5621805  79.472466   -0.23287372]
1.8830385;76.00267;-0.20452859;[ 2.602565   76.16317    -0.23462169]
2.4336524;83.95268;-0.21588421;[ 2.5090632 85.1276    -0.2309205]
2.479637;83.92022;-0.21517248;[ 2.5025551  85.19414    -0.23090516]
2.8637981;79.316;-0.23708862;[ 2.5495687  79.557335   -0.23290516]
2.3340576;72.08269;-0.22977336;[ 2.673531   71.89336    -0.23608959]
2.5183513;73.16388;-0.24033982;[ 2.8284566  71.91713    -0.23723304]
1.8873812;72.30348;-0.23090251;[ 2.7176318  71.91975    -0.23665932]
3.5405555;73.54014;-0.26899344;[ 2.8692849  72.933685   -0.23650062]
2.8662138;80.39299;-0.23627956;[ 2.6388626  80.91416    -0.23292834]
3.4261546;68.06604;-0.24664839;[ 2.784527   67.71447    -0.23865032]
2.3614058;83.24925;-0.21528926;[ 2.4933124  84.18553    -0.23098768]
2.5827727;79.16948;-0.23828852;[ 2.609862   79.32049    -0.23337369]
2.5839303;76.63081;-0.22333954;[ 2.7704346  76.428535   -0.23486035]
1.7742645;76.10158;-0.2077991;[ 2.5862947  77.256996   -0.23396054]
2.132832;82.987595;-0.21398771;[ 2.4802513  84.345924   -0.23093851]
1.7630465;75.737114;-0.20545274;[ 2.7525346  77.40897    -0.23413244]
1.7467295;71.13243;-0.21465836;[ 2.699804  72.290016  -0.2363495]
1.9900239;75.77878;-0.2566456;[ 2.6742551  74.88839    -0.23568857]
2.7122142;76.539734;-0.2209356;[ 2.7014644 76.46578   -0.2348233]
3.4847074;76.37227;-0.21708089;[ 2.685707  76.81518   -0.2344824]
2.635693;82.808495;-0.22336401;[ 2.4870505  83.6648     -0.23154011]
2.4723349;78.88065;-0.24418426;[ 2.535948  79.34103   -0.2334184]
2.5353014;82.682434;-0.22159179;[ 2.4822114  83.71685    -0.23150899]
3.5799675;78.43901;-0.23394911;[ 2.6103587  80.27121    -0.23305476]
2.6998525;79.04739;-0.24122675;[ 2.534752   79.326866   -0.23339655]
2.774366;78.96405;-0.24395874;[ 2.6063774  79.05987    -0.23351766]
2.144929;75.42914;-0.2595722;[ 2.665559  74.51499   -0.2360307]
3.1062474;71.25162;-0.28233394;[ 2.7803729  71.15432    -0.23785317]
6.2299676;78.777016;-0.23148371;[ 2.6350546  80.19167    -0.23348089]
2.1483846;78.850235;-0.24147414;[ 2.6462493  79.89029    -0.23367025]
3.1045814;74.72277;-0.25759557;[ 2.7811842  74.41144    -0.23635572]
2.6203918;76.19446;-0.21008053;[ 2.6028423  77.90415    -0.23399757]
3.604982;71.6046;-0.2379926;[ 2.7307956  72.359665   -0.23675534]
2.173858;76.004684;-0.21005745;[ 2.5965354  77.9096     -0.23413269]
4.985484;75.89143;-0.21866976;[ 2.8033917  77.30102    -0.23484755]
4.319896;71.4146;-0.22487767;[ 2.7266915  73.27129    -0.23640388]
4.603859;74.062965;-0.21624291;[ 2.7457478  73.03823    -0.23655446]
2.5579329;70.43817;-0.24988656;[ 2.81327    70.29244    -0.23793775]
2.6360455;79.78709;-0.19976029;[ 2.6181068 81.26774   -0.2327712]
4.3567553;75.707695;-0.2089039;[ 2.746272   77.582245   -0.23445912]
3.128214;76.51461;-0.22185922;[ 2.7445211  76.68871    -0.23466322]
2.9815743;71.63719;-0.23045298;[ 2.8721147  72.28217    -0.23698142]
4.2966366;72.087776;-0.23267604;[ 2.7927876  72.74297    -0.23697801]
4.195508;68.72716;-0.25339684;[ 2.9143715  68.55988    -0.23914868]
2.0636942;71.70984;-0.23247157;[ 2.708606   71.987465   -0.23613627]
2.305884;75.225876;-0.21083637;[ 2.6093736  76.82107    -0.23427027]
2.3691983;68.60212;-0.25707698;[ 2.8067276 66.90375   -0.2393104]
3.0175695;67.511856;-0.24640243;[ 2.87106    67.11843    -0.23923764]
2.0529523;71.90454;-0.2334221;[ 2.6625035  71.83369    -0.23667775]
2.6031032;67.81076;-0.25358847;[ 2.7904515  67.55017    -0.23911525]
2.67527;80.14604;-0.20307063;[ 2.6158626  81.79973    -0.23247132]
2.6926897;72.535416;-0.24248432;[ 2.7904458  73.22723    -0.23673594]
2.4799893;70.90744;-0.20685324;[ 2.8119538  71.43154    -0.23690975]
5.462917;68.23368;-0.24498343;[ 2.7891452  68.19916    -0.23874284]
5.720325;65.70143;-0.23488325;[ 2.944396   65.23934    -0.24028318]
5.225502;79.73304;-0.22337581;[ 2.646719   80.46015    -0.23305097]
4.6960006;74.726875;-0.1991373;[ 2.9616008 74.54179   -0.2361207]
5.0360985;66.217926;-0.21083978;[ 2.8360527  66.38075    -0.23927486]
4.5576906;75.13414;-0.23429811;[ 2.7446647  75.265236   -0.23525071]
4.2359233;78.88937;-0.23111758;[ 2.6347766  80.326515   -0.23323208]
4.0868454;72.16286;-0.2369876;[ 2.7247927  73.27155    -0.23615837]
2.6923394;81.42708;-0.1954999;[ 2.6467116  82.670555   -0.23216051]
4.5120587;76.91152;-0.20926751;[ 2.7829707  78.05524    -0.23435943]
2.0535684;76.71423;-0.20620944;[ 2.6120179  78.28149    -0.23350595]
2.6405687;76.69382;-0.20685351;[ 2.61025    78.18217    -0.23376514]
3.9201436;72.55706;-0.22122283;[ 2.7559152  72.935555   -0.23646036]
6.80283;75.2467;-0.24308342;[ 2.8816037  76.7712     -0.23459896]
2.1847491;76.98413;-0.20668626;[ 2.6322682  77.42533    -0.23425263]
2.8748481;72.81294;-0.2295011;[ 2.7558622  73.98269    -0.23621918]
1.8566673;79.84157;-0.23273173;[ 2.639769   80.94158    -0.23278378]
1.7480212;77.10412;-0.21043263;[ 2.7990303  77.96438    -0.23428288]
1.8547136;73.64984;-0.22377376;[ 2.738972   73.80277    -0.23594886]
4.7555723;72.09898;-0.23282716;[ 2.7243583  72.92412    -0.23640972]
1.7526504;69.98009;-0.20412245;[ 2.9078944  69.87953    -0.23792312]
1.4880195;81.163086;-0.1934346;[ 2.6656377  82.39454    -0.23212065]
1.2272465;78.45344;-0.18214238;[ 2.8214858  79.54395    -0.23357703]
3.0178914;72.04973;-0.20949271;[ 2.9179468  72.16067    -0.23710528]
1.8712313;65.58407;-0.21733454;[ 2.861657   64.47603    -0.24019635]
1.5589272;74.023865;-0.19395827;[ 2.773084   74.446266   -0.23567209]
2.1215594;73.48529;-0.22712319;[ 2.752494   73.29585    -0.23619342]
1.8079895;66.72398;-0.21935686;[ 2.8533823  66.034424   -0.23937738]
2.4388509;67.712524;-0.21686138;[ 2.879965   67.069695   -0.23898238]
3.9095304;66.40329;-0.2622178;[ 3.0090866  65.35958    -0.24007002]
2.4549198;81.089905;-0.20049219;[ 2.659704   82.12901    -0.23232253]
1.9866141;72.76224;-0.24269827;[ 2.732402   73.19346    -0.23616712]
2.1357017;78.25508;-0.18450254;[ 2.8196094  79.44388    -0.23365004]
1.8906739;73.71667;-0.18997955;[ 2.7496376  75.26966    -0.23527247]
2.551961;76.76943;-0.2064663;[ 2.6170537  77.95253    -0.23362292]
4.586864;75.34113;-0.24693266;[ 2.8877497 76.024734  -0.2349364]
4.072246;75.101326;-0.23526299;[ 2.745903   75.332634   -0.23519327]
2.3054316;76.835815;-0.20813918;[ 2.612829   78.10278    -0.23387747]
2.663274;76.67062;-0.23924583;[ 2.8422966  77.45789    -0.23432074]
2.1997168;76.78684;-0.23364122;[ 2.8459642  77.304016   -0.23427556]
4.5312653;79.317535;-0.22636805;[ 2.6387248 80.58408   -0.2329678]
4.40149;67.15405;-0.2619124;[ 3.0184047  65.77117    -0.23982984]
2.2665052;75.34546;-0.25140917;[ 2.7879145  74.60323    -0.23602468]
4.0615263;72.17242;-0.21962379;[ 2.7402434 72.7517    -0.2365385]
4.470463;70.416;-0.24555969;[ 2.8760226  70.6442     -0.23751648]
5.0712185;78.88794;-0.23154639;[ 2.635801  80.10068   -0.2333819]
2.3215644;73.63423;-0.23993826;[ 2.87667    74.728065   -0.23601153]
4.144433;69.770294;-0.23361334;[ 2.8814325 69.94964   -0.2379686]
3.812077;78.352066;-0.20760141;[ 2.7196002  80.482574   -0.23302205]
3.4651785;79.381325;-0.240347;[ 2.8264265  73.35848    -0.23594013]
2.4141822;75.15936;-0.23091383;[ 2.84504    77.300385   -0.23440102]
3.8187811;68.78803;-0.25449303;[ 3.0340116  72.19129    -0.23637882]
4.6389856;74.647934;-0.21130696;[ 2.7459989  73.146706   -0.23645002]
2.5704455;80.05633;-0.20775647;[ 2.6853254  80.1675     -0.23282678]
2.5502908;75.94481;-0.22450602;[ 2.788146   75.45498    -0.23501354]
3.7651706;75.74919;-0.21777153;[ 2.8122218 75.847374  -0.2349473]
2.528995;74.49754;-0.20817494;[ 2.739068   73.878075   -0.23600398]
2.9201496;70.82322;-0.25880003;[ 2.6910746  73.74555    -0.23561536]
3.7983017;63.162323;-0.2528855;[ 2.937237   63.343266   -0.24077038]
3.4963996;77.22647;-0.21987051;[ 2.7336564  79.80865    -0.23321982]
2.480022;73.329765;-0.23799741;[ 2.8531063  74.3461     -0.23576765]
3.2286918;71.52773;-0.24763662;[ 2.9538784  74.03795    -0.23576996]
3.9859967;69.68517;-0.23542956;[ 2.8739078  69.43951    -0.23836645]
4.4236035;73.00323;-0.22072594;[ 2.773174   73.245674   -0.23646316]
2.3421528;77.78656;-0.18345381;[ 2.7740343  78.65878    -0.23389697]
5.039852;70.24969;-0.20739686;[ 2.9387558  70.5831     -0.23785904]
2.456644;77.975555;-0.18354237;[ 2.7782521  78.43232    -0.23403095]
4.3143682;73.811325;-0.19246218;[ 2.9046464  74.91317    -0.23561566]
3.5250661;73.89662;-0.19921531;[ 2.8186016  74.01136    -0.23620173]
2.6146522;73.99154;-0.1988595;[ 2.8209963  74.16982    -0.23600619]
2.4627943;81.373795;-0.1953885;[ 2.6340842  82.76917    -0.23216896]
4.2370253;75.71055;-0.22694738;[ 2.871957   75.62475    -0.23514742]
5.615156;76.744644;-0.21466537;[ 2.7683449  78.093155   -0.23440497]
3.2214048;74.011154;-0.19608228;[ 2.8173335 74.12922   -0.2359454]
3.3382733;70.991295;-0.22176057;[ 2.9579523  69.85424    -0.23822995]
3.5227704;75.690544;-0.23619646;[ 2.8715892  75.66041    -0.23519653]
4.2753043;71.340614;-0.24374019;[ 2.996345   70.48353    -0.23772758]
1.8939307;81.28624;-0.19391859;[ 2.6358829  83.0239     -0.23201668]
3.5181737;73.50441;-0.2281456;[ 2.9153748  72.75082    -0.23691675]
4.0532603;65.902435;-0.23077181;[ 2.9094086 65.78883   -0.2396244]
2.5725775;76.99986;-0.21477893;[ 2.735687   77.20815    -0.23441651]
1.7241467;78.15698;-0.18118277;[ 2.7798684  78.91042    -0.23370418]
2.4634714;74.4612;-0.20324291;[ 2.8971827  74.29025    -0.23591235]
1.9925814;70.098694;-0.20881438;[ 2.8388276  70.186485   -0.23746602]
1.8721311;80.46242;-0.19287202;[ 2.6108842  81.78034    -0.23230694]
1.6696411;77.635956;-0.17688237;[ 2.7690728  79.146      -0.23361431]
1.8236933;68.69748;-0.19291532;[ 2.8348043  69.66831    -0.23768929]
5.7701554;61.648685;-0.24600008;[ 3.028355   60.2066     -0.24170592]
2.4406085;73.56086;-0.23372364;[ 2.7986894  72.51467    -0.23687497]
4.04433;72.7775;-0.22831616;[ 2.7939653  73.00288    -0.23659647]
2.6184206;71.95419;-0.22091632;[ 2.7243037  73.526985   -0.23581956]
3.282045;72.08548;-0.21840516;[ 2.7298863  72.91715    -0.23621918]
2.7742238;68.693474;-0.2395695;[ 2.7703018  68.1141     -0.23850608]
3.633681;69.396805;-0.20748404;[ 2.8536577  69.48834    -0.23727618]
3.6754637;65.87897;-0.21527176;[ 2.953918   65.58713    -0.23953456]
2.2142792;73.36019;-0.19423074;[ 2.7636404 74.21969   -0.2354194]
2.579566;69.34745;-0.20995677;[ 2.8266993 69.78681   -0.2373136]
2.019271;68.716255;-0.19983105;[ 2.745904   69.94101    -0.23652586]
2.1385179;72.39877;-0.22899833;[ 2.734793   72.32136    -0.23543394]
2.0979028;76.86577;-0.20779747;[ 2.6143262  78.4332     -0.23377758]
2.7126546;71.44685;-0.24641046;[ 2.8591595  70.75544    -0.23715352]
3.6141007;72.27109;-0.22371213;[ 2.7421887  73.86097    -0.23602973]
2.1395288;69.15874;-0.252664;[ 2.8040338  67.4863     -0.23885962]
2.6456602;71.51285;-0.2503118;[ 2.8684733  70.65515    -0.23724207]
2.0902913;73.888535;-0.23092242;[ 2.7611578  73.475746   -0.23617208]
3.0671864;67.16246;-0.26039952;[ 2.9931915  65.43469    -0.23983061]
2.3296714;77.00038;-0.20629163;[ 2.6343043  77.72393    -0.23417921]
3.0377412;74.02055;-0.22876264;[ 2.7704117  73.21793    -0.23632002]
2.7791631;69.32865;-0.24080692;[ 2.9141552  67.61945    -0.23908009]
2.4206865;72.67822;-0.2358157;[ 2.739972   71.85734    -0.23666593]
2.489346;70.139565;-0.22071391;[ 2.900003   68.99834    -0.23813906]
2.1765313;73.13485;-0.18821117;[ 2.770927   73.639145   -0.23594975]
1.77374;71.53854;-0.21673308;[ 2.7243502  72.45365    -0.23624016]
2.666088;63.536884;-0.27730978;[ 2.9773316  62.767796   -0.24136165]
2.7306676;69.709984;-0.21235017;[ 2.827012   69.12112    -0.23799841]
2.3560696;68.448746;-0.24890381;[ 2.789071   67.87928    -0.23869847]
2.1395864;72.4082;-0.24523923;[ 2.6624248  72.43632    -0.23605688]
3.3418636;71.90131;-0.23672025;[ 2.733112   73.332924   -0.23587365]
2.2861006;72.45254;-0.24261114;[ 2.6637866  72.32393    -0.23616461]
2.6665974;68.62792;-0.25651246;[ 2.7701817  68.80411    -0.23808268]
1.8711512;71.65408;-0.24022284;[ 2.7185462  72.774536   -0.23600318]
2.6880631;81.06526;-0.20625947;[ 2.6226845  81.999306   -0.23229194]
2.8111825;80.984695;-0.19935971;[ 2.6270146  81.96259    -0.23226807]
2.5052261;78.195145;-0.19026983;[ 2.781691   79.32633    -0.23362465]
2.1851318;73.68467;-0.19348882;[ 2.7202446  74.96204    -0.23530811]
2.3433242;81.18531;-0.2051867;[ 2.626391  82.62028   -0.2318776]
2.5399075;77.260086;-0.22097795;[ 2.674672   77.827995   -0.23414747]
1.7145252;78.49567;-0.18771568;[ 2.7831438  79.68399    -0.23339991]
2.0664253;73.95806;-0.19623347;[ 2.7342985  74.60966    -0.23551017]
2.6277294;81.78272;-0.19935426;[ 2.6432266  83.50303    -0.23182681]
2.988718;76.259705;-0.23747513;[ 2.8814602  76.27815    -0.23487546]
3.9543738;70.466125;-0.24745472;[ 3.0025616  71.27881    -0.23746237]
1.849635;73.49462;-0.1882874;[ 2.730597  74.45225   -0.2356128]
2.9395375;77.20247;-0.21681735;[ 2.6715355  77.77233    -0.23406267]
3.0708756;74.40324;-0.20042841;[ 2.8250587  74.8472     -0.23560594]
2.4927168;69.95697;-0.21167149;[ 2.781426  69.98028   -0.2375354]
2.2203727;77.426346;-0.21781413;[ 2.7408144  77.75472    -0.23424734]
1.9373993;74.84307;-0.204956;[ 2.8976483  75.00761    -0.23567182]
2.5241609;71.47398;-0.22367094;[ 2.9621499  70.5242     -0.23797512]
1.8744227;70.559685;-0.2112149;[ 2.8505147  70.322716   -0.23754261]
2.7264123;78.53421;-0.2181538;[ 2.7761793  78.93694    -0.23397052]
2.8819046;78.65775;-0.21978411;[ 2.774034   79.25698    -0.23382096]
2.4952037;74.86388;-0.20596774;[ 2.9023073  74.79184    -0.23577519]
1.8927605;70.50137;-0.21145855;[ 2.8447464  70.64523    -0.23735778]
2.1554074;74.06861;-0.23607439;[ 2.8077154  73.22058    -0.23659423]
2.7135897;71.54145;-0.22374298;[ 2.969787   70.38113    -0.23806854]
3.5096223;74.45953;-0.206335;[ 2.8253505  74.9876     -0.23553634]
4.3466005;76.746796;-0.20812467;[ 2.7438638  78.0632     -0.23427981]
2.5209303;77.160095;-0.21567886;[ 2.6593041  77.59682    -0.23430458]
2.9633133;73.00822;-0.22814244;[ 2.7932339  73.47017    -0.23656754]
3.1832702;68.17571;-0.24100396;[ 3.0077155  68.72735    -0.23865812]
2.2293286;71.28167;-0.22365296;[ 2.9693074  72.508675   -0.23645708]
3.0714827;68.04679;-0.25003475;[ 3.0271358  68.13486    -0.23891234]
2.5072188;71.69505;-0.23633343;[ 2.8690012  72.2799     -0.23674597]
2.2393308;67.781105;-0.24624532;[ 2.906457   67.92638    -0.23886403]
2.3966508;64.23921;-0.2563346;[ 3.03083   64.08784   -0.2406882]
2.525352;71.58027;-0.23014154;[ 2.8685887  72.72195    -0.23647575]
2.1513472;67.08753;-0.2430997;[ 2.9859874  68.022385   -0.23855755]
2.27099;67.958954;-0.2470895;[ 2.9060283  67.9276     -0.23869243]
2.243836;63.847054;-0.2615754;[ 3.0440125  63.646923   -0.24101304]
2.1011088;61.14978;-0.27646142;[ 3.1649265  59.461624   -0.24320312]
2.5830202;65.060486;-0.2430441;[ 2.9938989  65.571175   -0.23958518]
3.286553;65.04592;-0.24404968;[ 3.0586276  65.33631    -0.23979938]
3.065242;62.02316;-0.25671294;[ 3.1224384  60.97295    -0.24199888]
3.4387329;69.76459;-0.24403828;[ 3.0922441  70.05804    -0.23748656]
2.483398;69.81256;-0.253744;[ 3.0845861  72.37801    -0.23663351]
4.5148783;66.14734;-0.2510309;[ 2.9989817  66.126816   -0.23920004]
4.608355;61.87866;-0.24935503;[ 2.880809  61.25973   -0.2416134]
2.1637602;74.97477;-0.20923086;[ 2.7806678  75.78958    -0.23473525]
4.4018035;73.39528;-0.21903042;[ 3.00711    74.58344    -0.23572299]
5.4612055;76.50903;-0.2293661;[ 2.8432403 77.50059   -0.2340294]
6.619951;76.06305;-0.23816395;[ 2.8694382  77.39536    -0.23417152]
6.36479;75.78087;-0.23062012;[ 2.7375755  76.436485   -0.23448326]
2.2189038;77.35217;-0.2170904;[ 2.5893595 78.52201   -0.2334576]
2.988078;75.08377;-0.22729081;[ 2.770165   75.51452    -0.23505047]
2.5291162;73.258224;-0.22022709;[ 2.7282069  73.69169    -0.23592749]
4.0720754;75.872856;-0.23015329;[ 2.7411833  76.24079    -0.23458058]
2.552628;80.20244;-0.21925156;[ 2.744075   81.35076    -0.23223051]
4.80736;70.18349;-0.25441003;[ 3.0382454  71.13354    -0.23742297]
2.4823098;74.8312;-0.22931191;[ 2.7539492  75.5122     -0.23520295]
1.9950335;70.13317;-0.20991199;[ 2.703385   70.341385   -0.23710996]
2.9234157;77.723816;-0.19276765;[ 2.868752   79.50129    -0.23299745]
7.201657;67.90424;-0.22748102;[ 3.030163   67.82422    -0.23878913]
2.1530755;74.43432;-0.20051022;[ 2.745697   75.83094    -0.23482044]
4.5274696;75.714615;-0.23109569;[ 2.7203734  76.603645   -0.23493396]
4.8037205;72.10449;-0.2142896;[ 3.0057259  73.11311    -0.23651123]
2.017435;74.528786;-0.19373333;[ 2.7804344  75.17168    -0.23515147]
5.318488;63.694565;-0.24960409;[ 3.0155458  63.34512    -0.24078226]
2.2853441;79.32693;-0.21254963;[ 2.697104   80.10233    -0.23277079]
3.1502886;73.57549;-0.204932;[ 2.7501519  72.941345   -0.23629077]
4.253117;64.08711;-0.2445591;[ 3.078819   62.714657   -0.24101233]
4.8361635;72.72353;-0.20172617;[ 2.894641   72.2235     -0.23643544]
2.2330725;77.8026;-0.19553553;[ 2.740474   78.636314   -0.23395695]
2.5010428;73.11472;-0.20528442;[ 2.7433534  74.05363    -0.23551264]
2.906676;66.10438;-0.19850829;[ 2.9029918  65.753494   -0.23908943]
2.5112872;73.062454;-0.22103529;[ 2.7303476 74.08959   -0.2357215]
2.7142944;76.93759;-0.20812994;[ 2.737369   78.84864    -0.23408672]
5.191781;74.81907;-0.23136501;[ 2.7765477  76.12002    -0.23400389]
4.739259;72.090065;-0.21281582;[ 2.9185987  73.14893    -0.23569208]
3.8934555;74.65894;-0.24089763;[ 2.9068406  75.93217    -0.23510513]
2.3325427;76.53771;-0.19818598;[ 2.8715355  77.96432    -0.23416243]
4.231867;71.568825;-0.20713092;[ 2.9380143  71.20306    -0.23536465]
4.5827026;71.29981;-0.20340395;[ 2.915384   71.616776   -0.23657748]
2.9076176;75.615715;-0.19621173;[ 2.7892876  75.04603    -0.23446998]
4.5656977;67.54616;-0.23036656;[ 3.1205997 67.42129   -0.2395311]
3.671405;73.81146;-0.22660317;[ 2.8656864  73.81281    -0.23630022]
5.455075;74.18007;-0.21768156;[ 3.0072274  73.93485    -0.23606959]
5.025184;65.111145;-0.25548628;[ 3.0279696 63.327503  -0.2407116]
4.8024306;67.5;-0.22381563;[ 3.0115137  67.2634     -0.23859817]
5.6409836;68.128426;-0.22068135;[ 2.9969354  67.94151    -0.23830947]
4.874798;71.84211;-0.2005463;[ 2.9064822  71.78402    -0.23652245]
5.155469;68.35701;-0.2190199;[ 2.9516234  67.11823    -0.23860344]
4.568757;64.37015;-0.24796492;[ 3.0869582 62.72702   -0.2409777]
3.8394148;67.15699;-0.22554444;[ 3.0060368  65.34423    -0.23957984]
2.6870055;78.26229;-0.2327897;[ 3.0632365  79.84826    -0.23371755]
4.6351285;64.90804;-0.23666342;[ 3.0207496  64.805916   -0.23964144]
2.482405;76.53163;-0.20919168;[ 2.7019272  77.127525   -0.23460452]
3.9854045;72.28477;-0.21769845;[ 2.821751   73.50945    -0.23635256]
2.5010386;76.40028;-0.2079474;[ 2.6961956  77.237816   -0.23451637]
4.2350082;72.73582;-0.2098501;[ 2.823784   73.81883    -0.23611191]
2.1551852;72.37133;-0.20715189;[ 2.8004193  74.01437    -0.23577948]
3.509532;69.00398;-0.2310912;[ 2.8713017  69.109436   -0.23845807]
4.2888393;72.76575;-0.21734245;[ 2.8554206  73.60283    -0.23622918]
2.744299;76.914116;-0.20938751;[ 2.7227461  77.290886   -0.23448502]
4.8733835;72.40039;-0.23630023;[ 2.8675532 69.763695  -0.238345 ]
2.8200312;73.18892;-0.22385335;[ 2.7867286  72.92408    -0.23627226]
2.7103903;72.99106;-0.22058882;[ 2.7745948  72.96226    -0.23630072]
2.8464675;73.7124;-0.22308266;[ 2.883373   73.84032    -0.23645474]
1.5047911;81.7193;-0.1962298;[ 2.654284   83.06723    -0.23168479]
3.9961793;71.800156;-0.24569954;[ 2.869423   72.2035     -0.23651479]
1.6025494;81.60138;-0.19154432;[ 2.6622238 83.08059   -0.2316529]
3.2470157;75.81213;-0.23103668;[ 2.7524357  76.06057    -0.23459402]
2.0610704;81.01067;-0.2180284;[ 2.7250714 82.29607   -0.2316657]
6.5324802;68.79792;-0.2321952;[ 2.970488   70.28081    -0.23718011]
7.0722375;75.74249;-0.23083371;[ 2.7471    76.3782    -0.2344428]
6.3744073;65.583145;-0.24163854;[ 2.9690883  65.17016    -0.23968154]
1.9561708;71.40423;-0.20808043;[ 2.9094148  70.649605   -0.23761228]
2.4026198;73.84477;-0.23813818;[ 2.72857    74.18844    -0.23562723]
3.2230973;65.53464;-0.23821697;[ 2.815182  66.11906   -0.2392174]
2.2061357;68.02194;-0.22859263;[ 2.8557477  67.84692    -0.23850173]
2.378122;75.34211;-0.21315974;[ 2.9841518  76.48393    -0.23455882]
4.479539;69.31927;-0.23337635;[ 3.1684947  70.05638    -0.23772134]
1.1287043;74.42082;-0.18375522;[ 2.7522902  75.88926    -0.23475936]
2.044901;70.613556;-0.21493948;[ 2.881434   71.365486   -0.23694305]
1.1512756;78.85498;-0.17359272;[ 2.8191774  80.12387    -0.23316607]
3.8707423;73.068344;-0.21363991;[ 2.905749   73.12538    -0.23612346]
3.6709352;72.5129;-0.21425742;[ 2.898826   73.185974   -0.23602113]
2.3722405;75.82914;-0.22394666;[ 2.9973588  76.04084    -0.23489307]
4.373126;69.82281;-0.236859;[ 3.0299945  69.13443    -0.23824196]
2.77039;71.56223;-0.23240118;[ 2.934194   72.10435    -0.23632617]
6.696496;65.66908;-0.2549487;[ 3.1170807  65.74806    -0.23946589]
4.0111303;63.941772;-0.24495065;[ 2.955551   64.04922    -0.24029775]
2.0110598;70.87629;-0.23041569;[ 2.936539   71.36939    -0.23668365]
1.6622097;77.25221;-0.20129065;[ 2.6174335  77.64477    -0.23389822]
1.9642993;66.19238;-0.23119926;[ 2.830874   66.28853    -0.23904401]
1.2455177;71.71095;-0.17400247;[ 2.9275608  72.07394    -0.23680001]
1.3507828;67.1709;-0.1794795;[ 2.8603992  67.9194     -0.23836023]
1.872717;70.13902;-0.19599552;[ 2.7765799  70.36875    -0.23641105]
3.4100277;68.883286;-0.23412068;[ 2.999344   68.74796    -0.23794365]
3.1580281;68.63899;-0.22461058;[ 2.859861   68.03639    -0.23817688]
1.9389653;72.119316;-0.20157449;[ 2.8512483  73.09636    -0.23633714]
4.193549;65.536545;-0.25602153;[ 3.1384175  64.886795   -0.23987977]
1.9213003;70.49117;-0.22457984;[ 2.9639583  70.41853    -0.23719525]
4.622849;61.277336;-0.26813143;[ 3.1700053  60.551598   -0.24175522]
2.9467993;69.49513;-0.22522312;[ 2.8770752 68.83544   -0.2382825]
2.552422;73.72899;-0.21930476;[ 2.8594909  74.31626    -0.23602499]
2.179594;65.25981;-0.23665956;[ 3.0767221  62.826603   -0.24071313]
2.2662096;73.94617;-0.20667131;[ 3.0048046  74.93781    -0.23522212]
3.4071965;73.49654;-0.2027959;[ 2.8088093  75.346306   -0.23450649]
4.691616;77.21465;-0.23524605;[ 2.8414145  78.51947    -0.23362021]
2.588357;71.1037;-0.24451159;[ 2.8998246 71.53261   -0.2369259]
2.8382893;73.22143;-0.21210411;[ 3.0464144  73.87967    -0.23584138]
2.1351223;69.18549;-0.2413353;[ 2.8622372  69.46218    -0.23791625]
5.8392572;74.95265;-0.23194793;[ 2.780921   75.906425   -0.23403327]
6.441602;71.57444;-0.24696007;[ 2.8703563  71.648254   -0.23686801]
5.630985;64.814125;-0.24365246;[ 2.9710999  64.37888    -0.24004076]
2.8591125;82.22657;-0.21628214;[ 2.666534  83.70638   -0.2311895]
4.887809;76.10057;-0.2398528;[ 2.8547728 77.16757   -0.2343716]
3.1753893;75.85774;-0.23134969;[ 2.7466486  75.73528    -0.23480879]
2.348802;77.45432;-0.2175651;[ 2.592687  78.061745  -0.2336839]
2.537632;77.39441;-0.23496018;[ 2.8431     78.267914   -0.23381534]
4.686782;72.9995;-0.21872905;[ 2.8978527  73.000435   -0.23624836]
2.0436475;76.10272;-0.24134623;[ 2.883242   76.89565    -0.23433243]
2.1763794;70.76786;-0.24497625;[ 2.8936892  71.11152    -0.23726177]
2.1520553;73.13479;-0.24061726;[ 2.7315862  73.602844   -0.23593847]
2.297816;79.239044;-0.19975677;[ 2.8530102  80.41616    -0.23261058]
3.4304187;73.1305;-0.22162208;[ 3.0356097  73.92107    -0.23586285]
4.397241;69.13346;-0.23546776;[ 3.0233026  69.12936    -0.23818891]
3.6742122;73.50456;-0.21810538;[ 3.01089   73.88289   -0.2360816]
4.0231147;67.69534;-0.22973774;[ 2.9725614  66.59731    -0.23879871]
3.5285625;72.66941;-0.2080749;[ 2.8921154 72.202545  -0.236452 ]
2.4380136;69.065094;-0.22270688;[ 2.9779382  68.07238    -0.23755917]
4.0132084;64.09596;-0.2530375;[ 3.080379   62.674686   -0.24094744]
2.9144328;76.120544;-0.19968398;[ 2.7965665  76.22666    -0.23410471]
4.1880455;67.0682;-0.2324972;[ 3.003916   67.60142    -0.23840795]
2.3943172;68.75906;-0.21854725;[ 2.9299245  68.5358     -0.23784739]
2.5336075;80.17126;-0.22013322;[ 2.7498336  81.249      -0.23228273]
2.3598185;72.76857;-0.21637452;[ 2.8465457  73.760086   -0.23608527]
3.6187365;68.012955;-0.24130696;[ 2.8726425 68.588036  -0.2381147]
2.8357673;73.25224;-0.21778473;[ 2.9394903  74.57654    -0.23589492]
3.2429562;64.48544;-0.26159033;[ 3.2143834  64.24925    -0.24086207]
1.9630473;77.311134;-0.22824526;[ 2.842768   78.10076    -0.23375414]
2.858032;68.82153;-0.22324026;[ 3.0135074  68.907616   -0.23823765]
2.8013163;68.84646;-0.23292965;[ 3.08205    67.84541    -0.23894179]
2.5157757;71.148636;-0.24456216;[ 2.8919585 70.96567   -0.2373557]
2.4776673;69.73281;-0.24072583;[ 2.9940617  68.76698    -0.23849635]
3.2105138;70.20877;-0.24543789;[ 3.03657   71.393     -0.2376508]
3.5721695;69.947;-0.22616217;[ 3.143109   70.17346    -0.23754755]
6.1682405;76.48801;-0.22915359;[ 2.850245   77.491035   -0.23397236]
5.5350437;66.39049;-0.24397662;[ 3.076223   65.85141    -0.23945265]
3.416739;72.01963;-0.25021452;[ 2.868724   71.08244    -0.23762071]
2.9596157;69.10008;-0.23617724;[ 3.014323  68.62039   -0.2390035]
5.1721926;64.24233;-0.24145268;[ 3.165982   63.343678   -0.24091193]
7.6944213;70.83337;-0.24357748;[ 2.8798728  70.59956    -0.23731402]
6.749927;63.636787;-0.23879671;[ 2.963719   63.687206   -0.24027584]
7.8536553;67.604034;-0.261475;[ 3.0106933  66.42435    -0.23946065]
6.6389832;61.231464;-0.2581916;[ 3.1112757  59.15907    -0.24263768]
5.1947117;77.53577;-0.23148863;[ 2.8276372 78.933235  -0.2333039]
6.9248033;71.48639;-0.2517832;[ 3.0097623  72.53715    -0.23646647]
3.920043;71.48838;-0.25491583;[ 3.0134845  72.15664    -0.23666124]
4.284801;72.88065;-0.23263529;[ 2.7251034  73.68101    -0.23580812]
6.5426097;71.20259;-0.24161579;[ 2.871822   71.66481    -0.23678166]
2.6200109;71.971504;-0.25544265;[ 3.0296576  71.2421     -0.23712063]
3.4971092;66.64894;-0.275052;[ 3.188553   65.59367    -0.24010731]
4.350957;70.079384;-0.21900049;[ 2.8810258  70.990456   -0.23713252]
3.6421258;65.54525;-0.22544658;[ 2.810565   66.86572    -0.23869702]
4.226802;68.72854;-0.22967112;[ 3.1730683  69.17457    -0.23818198]
2.9402964;73.64589;-0.21348111;[ 3.006474   74.67091    -0.23540764]
3.5082374;70.62891;-0.23478475;[ 3.1357324  70.011215   -0.23789163]
4.358935;65.105675;-0.25214252;[ 3.1604576  63.758446   -0.24079707]
3.4419446;64.60176;-0.2537417;[ 3.1641483  63.19204    -0.24120733]
4.5620775;64.27294;-0.24775349;[ 3.1179578  64.25844    -0.24025473]
3.2172425;66.23983;-0.24451321;[ 3.0856748  65.50854    -0.23964114]
3.0029323;65.17508;-0.25212905;[ 3.1474838  62.90276    -0.24140988]
4.9121923;71.38825;-0.2035028;[ 2.901591   71.358925   -0.23685111]
4.746436;63.30686;-0.24716082;[ 3.0894704  61.460888   -0.24166992]
4.924898;76.08945;-0.22833881;[ 2.7395692  76.37148    -0.23494296]
4.33109;69.16917;-0.23566885;[ 2.864047   69.264      -0.23794511]
5.146913;67.62345;-0.22321786;[ 3.0037022  67.141914   -0.23874277]
3.3370383;60.64596;-0.27257234;[ 3.21483    57.624134   -0.24346633]
4.7538533;66.81124;-0.23536146;[ 3.0080707  66.91725    -0.23877738]
3.8926735;63.13129;-0.24901474;[ 3.0717182 62.57928   -0.2409892]
5.166655;62.037697;-0.22759971;[ 3.0951924  59.9737     -0.24155107]
4.632172;66.92396;-0.23077986;[ 3.036181  67.12927   -0.2387496]
4.403694;67.70612;-0.21904688;[ 3.0065856  68.04556    -0.23696715]
2.4077163;76.21903;-0.23419204;[ 2.845327   77.31136    -0.23414014]
3.283403;73.3166;-0.21595183;[ 3.0049276  74.60064    -0.23548384]
3.753144;67.54895;-0.22933781;[ 3.0825176 67.28121   -0.239275 ]
4.979767;75.72081;-0.23190652;[ 2.7195168  76.369896   -0.23510978]
4.670452;72.65736;-0.2256346;[ 2.863556   73.373886   -0.23660439]
5.8191395;72.011986;-0.22046286;[ 3.0032825 73.05242   -0.2365469]
4.1606817;63.420254;-0.2523607;[ 2.9999452  64.01772    -0.24036804]
2.8992968;64.991066;-0.2663379;[ 3.117371   65.35793    -0.24016874]
4.7277985;60.24801;-0.26687327;[ 3.2346408  57.12853    -0.24363935]
3.0030193;66.344284;-0.25355443;[ 3.128932   68.60545    -0.23860149]
3.1217866;64.23126;-0.24065778;[ 3.075526   65.52955    -0.23965058]
3.2305677;70.101845;-0.25389525;[ 3.1901178  72.51161    -0.23672622]
2.953765;69.55566;-0.22898944;[ 3.0556467 68.939995  -0.2382558]
2.7341666;73.13875;-0.21198142;[ 2.9936976  73.78707    -0.23556845]
3.7819362;76.56122;-0.23231024;[ 3.0341032  70.62772    -0.23730054]
2.5269108;80.80361;-0.19487002;[ 2.6957567  81.78162    -0.23193082]
4.167512;78.5329;-0.21868692;[ 2.8092575  78.59014    -0.23293158]
2.4668884;80.770615;-0.19520348;[ 2.6889188  81.66041    -0.23178191]
2.0877867;77.96921;-0.17835118;[ 2.8482976  78.64762    -0.23334277]
3.4239137;77.23332;-0.20809048;[ 2.8275208  77.40572    -0.23403206]
3.380337;77.17607;-0.20850271;[ 2.8218389  77.94999    -0.23373678]
3.0830078;76.63129;-0.20737636;[ 2.7914605  76.91918    -0.23409967]
2.4345899;73.65782;-0.1914372;[ 2.787891   73.96624    -0.23511143]
2.8602555;77.79637;-0.18075833;[ 2.847946   78.204605   -0.23357992]
2.1873405;76.60871;-0.20671344;[ 2.8069592  76.15416    -0.23432946]
2.6768656;72.15631;-0.23045082;[ 3.0484123  72.81179    -0.23643509]
2.984313;67.73333;-0.243622;[ 2.9871259  68.88765    -0.23771214]
3.850817;78.326584;-0.22586651;[ 2.6946938 81.01892   -0.2325956]
4.1164994;76.77342;-0.18852523;[ 2.925786   78.40864    -0.23408638]
3.2800422;75.245735;-0.22745693;[ 2.7859511 79.05863   -0.2330261]
2.345622;70.10685;-0.20506969;[ 3.007366   69.17418    -0.23777264]
2.9712477;75.56715;-0.25011146;[ 2.9693785  70.91297    -0.23695561]
3.1646676;73.41913;-0.21134596;[ 3.0343857  75.61675    -0.23502973]
2.768511;71.86515;-0.24628675;[ 2.8874824 76.40995   -0.2340437]
2.7686634;70.26549;-0.23548563;[ 3.1406922  72.96304    -0.23599957]
2.5475068;69.61432;-0.24864472;[ 3.1095254  73.19068    -0.23587087]
1.9914083;73.20234;-0.23428907;[ 3.09765    74.69105    -0.23550233]
2.4751163;69.49278;-0.24954627;[ 3.0860922  72.034645   -0.23666665]
5.5583687;66.64315;-0.2387743;[ 3.1411748  65.07396    -0.23980314]
3.3307548;69.11638;-0.21451639;[ 2.935763   69.389626   -0.23761857]
3.9365385;64.344696;-0.23203307;[ 3.0445638  65.27286    -0.23944753]
2.8634763;73.48685;-0.23189026;[ 3.0785995  74.85018    -0.23566528]
6.388787;65.73332;-0.21594676;[ 2.9950018  64.32327    -0.23966597]
2.8493934;71.48128;-0.20670368;[ 2.812563  71.493355  -0.2364945]
2.843002;74.5902;-0.1984992;[ 2.9924748  74.24137    -0.23559435]
2.9550447;75.80997;-0.20658012;[ 2.9315581  76.21046    -0.23415846]
2.372275;73.64439;-0.19198933;[ 2.814458   73.3505     -0.23549274]
1.6637784;71.51043;-0.18957883;[ 2.8048038 71.68337   -0.236512 ]
5.0209455;69.061935;-0.21606217;[ 2.93796    69.23942    -0.23760796]
2.7937124;74.10723;-0.19714114;[ 2.953422   73.88636    -0.23566952]
2.907465;77.76426;-0.18636319;[ 2.8521488  78.07079    -0.23359053]
2.3672934;69.98929;-0.20301294;[ 2.928756   69.29551    -0.23749751]
2.4781392;77.904724;-0.2254222;[ 3.061028   79.400406   -0.23381609]
2.4691868;72.20913;-0.23690704;[ 3.0796742 73.134895  -0.2361533]
5.025774;73.59069;-0.19605064;[ 2.9798574  73.8596     -0.23569399]
3.3186219;61.718536;-0.25463116;[ 3.0966542  61.540005   -0.24136584]
3.1631758;60.216248;-0.2703847;[ 3.1954978  58.46298    -0.24274734]
2.3108144;75.13851;-0.2033778;[ 2.7525613  75.16138    -0.23513861]
2.0979366;72.55505;-0.19212227;[ 2.9081044  72.53028    -0.23654135]
1.909817;68.218796;-0.19901341;[ 2.8705165 67.41014   -0.2384269]
2.9339583;76.31753;-0.2399495;[ 2.6540637  80.00564    -0.23257945]
4.0083113;71.745895;-0.20017146;[ 2.9235194 71.41012   -0.2371819]
2.9063296;69.64897;-0.23813556;[ 2.8715215 71.181595  -0.2367563]
3.6602852;67.42629;-0.20581186;[ 2.8642697  67.31737    -0.23872744]
2.795899;67.4267;-0.26679227;[ 2.9663928  70.73379    -0.23620883]
2.976677;62.154858;-0.25569072;[ 3.1018474  61.912132   -0.24108616]
2.733483;76.78183;-0.22438514;[ 2.7389033  79.22067    -0.23348977]
2.6321156;73.78426;-0.22651392;[ 2.8761756  75.75988    -0.23490146]
3.8816288;64.96398;-0.23977515;[ 2.996261   64.49668    -0.24013925]
3.3777173;60.464355;-0.27667168;[ 3.2057192  58.47701    -0.24279469]
2.6526;73.707016;-0.24251601;[ 2.7830303  77.34944    -0.23392662]
3.145716;66.99331;-0.23307234;[ 2.9835258  68.4175     -0.23801476]
3.7543316;61.543694;-0.2628046;[ 3.1228743  60.556087   -0.24213088]
3.9937973;72.44553;-0.21933378;[ 2.8731294  73.28683    -0.23621148]
4.1666155;68.72921;-0.22964878;[ 2.9941409  69.6285     -0.23806565]
2.7911897;69.23545;-0.24150233;[ 3.0156903  68.82819    -0.23846637]
2.5175176;67.92676;-0.23448949;[ 3.0874286  68.74764    -0.23837432]
2.9397092;72.48985;-0.21992356;[ 2.8712862 73.351265  -0.2361347]
2.0884445;69.52071;-0.24150103;[ 3.0151217  68.56176    -0.23858418]
3.733331;68.3891;-0.23778918;[ 3.008223   69.15233    -0.23841055]
2.405415;68.09919;-0.22833645;[ 2.9310968 68.65994   -0.2371852]
2.6182039;64.95427;-0.2519844;[ 3.0382438  63.1349     -0.24083495]
3.7528749;71.92595;-0.20786248;[ 2.8537652  72.40908    -0.23633397]
3.623906;68.58202;-0.23673788;[ 2.977024   67.75584    -0.23835456]
3.0963733;61.51202;-0.265911;[ 3.142032   59.84965    -0.24273379]
4.551659;68.99199;-0.22802408;[ 3.0323353 69.1161    -0.2381151]
6.7034326;72.820984;-0.19709796;[ 3.0013819 72.270226  -0.2364083]
2.9728324;73.015755;-0.21820354;[ 2.9154031  73.32284    -0.23574837]
3.8129275;68.827896;-0.2336043;[ 3.052598   69.10073    -0.23804137]
2.7181444;71.689095;-0.22101535;[ 2.918304   71.42394    -0.23697959]
2.6782155;67.77579;-0.23432451;[ 2.9628134  67.22725    -0.23877239]
3.3212662;64.13345;-0.24235664;[ 3.0728974  63.82598    -0.24053982]
3.951169;71.615295;-0.21780075;[ 2.9040952  72.542076   -0.23632236]
2.7809544;67.0848;-0.22991417;[ 3.020895   67.876144   -0.23838383]
2.8647718;64.87513;-0.24465474;[ 3.0900846  63.09515    -0.24098024]
3.1045716;63.746586;-0.24908453;[ 3.0826783  63.505962   -0.24084234]
2.9213128;61.006573;-0.25949714;[ 3.2105489  59.373863   -0.24297814]
2.8759053;71.967255;-0.23127492;[ 2.9391842  72.89591    -0.23665622]
2.8663301;67.816734;-0.24497133;[ 3.076444   67.82111    -0.23900414]
3.5353541;60.495342;-0.2741217;[ 3.2871068 57.6657    -0.2440727]
2.6620955;76.79092;-0.22021608;[ 2.7449594  76.73865    -0.23445156]
2.3856843;73.6673;-0.2327901;[ 2.8040233  72.18305    -0.23692831]
2.031951;81.40941;-0.1938881;[ 2.6198525  82.37745    -0.23177743]
1.7656062;74.01393;-0.18006486;[ 2.742109   73.939964   -0.23566936]
3.646358;77.487564;-0.2112499;[ 2.6837826  77.39316    -0.23398553]
2.7207477;74.67752;-0.19417673;[ 2.835311   74.48161    -0.23553541]
3.0369644;70.22312;-0.20582025;[ 2.7958233  69.65326    -0.23738883]
5.453939;72.931145;-0.22503123;[ 2.9818742 73.34325   -0.2361001]
3.3168147;75.07801;-0.21827397;[ 2.8467042  75.460045   -0.23495175]
4.699237;68.63841;-0.22981028;[ 2.9257042  67.695175   -0.23843147]
2.606956;74.24763;-0.20002389;[ 2.71813    74.264      -0.23544529]
3.75586;70.3802;-0.21811524;[ 2.782207   70.06211    -0.23702624]
4.1389546;66.62698;-0.22655283;[ 2.8853266  66.39665    -0.23903067]
4.1839476;74.83922;-0.19528016;[ 2.9427173  75.70208    -0.23537917]
7.220448;68.71762;-0.23192243;[ 3.1340652  69.58781    -0.23764214]
2.84307;72.97839;-0.23978585;[ 3.045412   70.44326    -0.23733017]
3.896573;74.90587;-0.1947298;[ 2.8179965  74.952324   -0.23556513]
3.84348;74.65341;-0.20810023;[ 2.9538083 75.66178   -0.2346215]
4.905738;68.61674;-0.22820906;[ 3.13395    69.221565   -0.23784581]
3.7807522;70.1656;-0.19584104;[ 2.8682556  71.18986    -0.23687828]
1.8600168;74.77833;-0.18576615;[ 2.7375276  76.055336   -0.23486061]
1.5970136;66.71727;-0.17419396;[ 2.8380983  66.94959    -0.23865631]
2.442566;74.23772;-0.19029085;[ 2.745889   74.91721    -0.23493013]
3.2761629;70.241875;-0.2057014;[ 2.8126187  70.51542    -0.23673025]
4.0866876;66.8764;-0.21435481;[ 2.9164655  66.14262    -0.23946074]
5.429992;68.63642;-0.22915514;[ 2.9365754  67.70806    -0.23814656]
2.837036;74.898605;-0.2380262;[ 3.014758   69.42062    -0.23813032]
4.036141;73.46184;-0.23161612;[ 3.0230749 76.421036  -0.2348071]
3.2671175;79.12502;-0.20337869;[ 2.828103   80.09035    -0.23239598]
3.6576896;74.95789;-0.21916775;[ 2.8781214  75.33995    -0.23472409]
7.170527;68.94735;-0.23716253;[ 3.0560627  68.99061    -0.23791818]
6.1098633;71.84675;-0.21899286;[ 2.9080334  72.232956   -0.23559654]
5.4580703;67.81343;-0.23276025;[ 2.9693213  67.86992    -0.23745957]
7.9423833;68.11392;-0.22988714;[ 2.9912643  68.002144   -0.23839931]
1.9149779;79.11753;-0.17711917;[ 2.7777662  79.88038    -0.23309036]
3.2798262;74.974976;-0.19553982;[ 2.8227992  75.07048    -0.23540889]
3.8652306;72.78032;-0.22788273;[ 2.8855622  73.483665   -0.23620705]
1.7972398;82.06802;-0.19130108;[ 2.6462505  83.43496    -0.23164298]
5.3959455;68.133736;-0.23832946;[ 3.0206983  68.688126   -0.23852965]
2.938384;78.90662;-0.1987362;[ 2.809364   80.356766   -0.23233771]
6.2700458;72.827675;-0.22074741;[ 2.9867067 74.03196   -0.2355049]
2.0294614;74.15079;-0.18435983;[ 2.757237   74.09758    -0.23563114]
3.694423;78.155136;-0.19449846;[ 2.8536034  79.12313    -0.23314744]
5.6387973;74.40781;-0.21047415;[ 2.9853115  74.85653    -0.23528963]
7.0887837;67.81848;-0.225275;[ 2.9892974  67.81554    -0.23853771]
6.436148;69.100006;-0.23366831;[ 3.0460649  69.068886   -0.23777562]
3.6091614;75.03842;-0.19267832;[ 2.818417   74.95041    -0.23541799]
3.3237383;77.190605;-0.19629875;[ 2.9383934  79.02386    -0.23386164]
4.9305105;67.90221;-0.22964977;[ 2.9672644  67.63221    -0.23744914]
3.5142193;74.02029;-0.21647416;[ 3.034984   76.54011    -0.23474476]
3.5594764;71.905594;-0.23033156;[ 3.0454798  72.13062    -0.23697154]
6.3840895;65.71501;-0.26001725;[ 3.198196   64.4973     -0.24025774]
4.6337075;64.39475;-0.24602592;[ 3.1003754  63.52595    -0.24060012]
2.215727;78.77863;-0.20985734;[ 2.7842202  79.04283    -0.23376419]
3.7554574;74.01256;-0.21149184;[ 3.0511198  73.31202    -0.23617841]
3.1300538;69.59746;-0.22368066;[ 2.9909563  68.653404   -0.23809889]
3.0998607;69.50879;-0.24328542;[ 3.022019   68.88532    -0.23833725]
2.2067614;74.91003;-0.20904934;[ 2.9876006  75.21918    -0.23507175]
3.1236138;68.385956;-0.22305137;[ 2.9874167 68.4134    -0.2381812]
2.5076146;72.9005;-0.20508704;[ 2.9049335  73.28593    -0.23639148]
1.4459636;79.388855;-0.17874382;[ 2.8091335 80.507545  -0.233029 ]
1.955619;76.24812;-0.20028216;[ 2.9421713  76.04415    -0.23530217]
1.866011;78.09245;-0.20592232;[ 2.7832274  79.06802    -0.23365459]
1.6699915;75.36441;-0.1879707;[ 2.9431252  76.09973    -0.23514377]
3.1298146;72.647224;-0.22123829;[ 2.888078  73.65553   -0.2361417]
2.6894255;69.56153;-0.24382602;[ 3.0207622  69.06671    -0.23826565]
2.2279494;78.04252;-0.19299442;[ 2.7685857  78.34478    -0.23393115]
4.3230214;72.9309;-0.21929458;[ 3.0119798  73.163246   -0.23593289]
4.7252216;68.355225;-0.22891715;[ 2.9776993  67.6749     -0.23858005]
1.9435915;81.27799;-0.18883912;[ 2.6245553  82.1366     -0.23191217]
4.5270367;68.84044;-0.23543409;[ 2.9777813  68.162704   -0.23832144]
1.5515214;73.98923;-0.18296823;[ 2.7270286  75.17622    -0.23483846]
4.715167;72.46143;-0.21299224;[ 2.8632874  72.56998    -0.23619299]
2.1226456;74.02797;-0.1975825;[ 2.7114434  74.86723    -0.23506394]
1.8076019;74.08502;-0.18371941;[ 2.7428038  75.365654   -0.23464705]
6.040273;71.62103;-0.21266699;[ 2.894909   72.51979    -0.23555717]
2.336533;74.01289;-0.20384485;[ 2.9727733 74.20885   -0.2353229]
3.5117373;74.86124;-0.21778573;[ 2.889202   74.822655   -0.23474753]
6.3112416;68.89548;-0.23589885;[ 3.0620265  68.40458    -0.23805334]
2.776641;71.55284;-0.23134202;[ 3.030135   72.718025   -0.23662838]
3.84858;72.14348;-0.21255612;[ 2.9224277  72.05303    -0.23711626]
3.296152;74.55028;-0.19475365;[ 2.832912   74.65056    -0.23541783]
4.801094;65.41945;-0.24750921;[ 3.0485628  63.39144    -0.24073778]
2.5089254;67.49525;-0.2295654;[ 2.9445963  65.18237    -0.23991247]
2.896119;70.37062;-0.2036499;[ 2.8388722  70.324776   -0.23647916]
2.9092689;73.64699;-0.21004303;[ 2.8872674 74.20148   -0.235078 ]
3.8927298;70.92367;-0.2341323;[ 3.0031738  71.20971    -0.23685648]
5.064875;64.630714;-0.24429946;[ 3.040391   63.97181    -0.24040483]
3.8956904;70.60642;-0.21501495;[ 2.9730868  69.84092    -0.23819825]
3.8352163;66.27946;-0.2340185;[ 2.8925135 66.12413   -0.2393386]
3.4207397;66.63539;-0.219316;[ 2.9339652  65.52946    -0.23975477]
4.2468815;63.841125;-0.24532124;[ 3.036904   63.28148    -0.24063712]
3.5461316;70.57264;-0.24040574;[ 3.1540797  73.62763    -0.23576722]
4.7167473;61.11652;-0.25532508;[ 3.1529236  59.70219    -0.24268758]
3.2030013;73.727066;-0.22238414;[ 2.8883843  73.54956    -0.23635861]
3.2286067;72.71889;-0.2188226;[ 2.8924203  72.74995    -0.23647705]
7.581822;72.27777;-0.2071575;[ 2.964543   72.48381    -0.23634082]
4.358677;70.6331;-0.21326864;[ 2.9554927  70.823456   -0.23766994]
2.551653;73.95044;-0.19530016;[ 2.755106   74.29078    -0.23520237]
2.6847339;66.88406;-0.22550526;[ 2.9350817  64.88221    -0.24020551]
3.202088;75.924255;-0.23151883;[ 2.8923225  75.782875   -0.23510508]
3.5764666;71.57945;-0.2383865;[ 3.0178328  70.62481    -0.23762108]
2.9527712;77.17077;-0.21358839;[ 2.7575462  77.01421    -0.23449248]
3.0092216;74.63211;-0.20308241;[ 2.9180913  74.12186    -0.23597693]
2.379303;73.85877;-0.19348739;[ 2.7448893  75.02804    -0.23475753]
2.8344736;68.03159;-0.23946825;[ 2.9849513  67.80563    -0.23928821]
3.2469745;71.2803;-0.21960273;[ 2.9825306  69.79913    -0.23826003]
5.7501526;71.668945;-0.21415369;[ 2.8729708 71.563705  -0.2357478]
3.244549;67.651855;-0.24408326;[ 3.015751   68.2228     -0.23841529]
3.1933973;63.082256;-0.2706668;[ 3.1471877  63.260128   -0.24089746]
2.2521327;60.837406;-0.26731083;[ 3.0698247  57.969135   -0.24288984]
3.2007604;67.22777;-0.23535642;[ 2.8865228  67.873184   -0.23792431]
3.4314916;63.2947;-0.2639622;[ 3.0439296  63.130787   -0.24075903]
3.434112;60.299557;-0.29093617;[ 3.1727922  58.236805   -0.24320076]
3.4439127;59.78035;-0.309976;[ 3.24972   52.95109   -0.2457381]
4.433972;72.22656;-0.23764643;[ 2.7223065  73.165794   -0.23595543]
2.5523443;76.3477;-0.22418661;[ 2.602388   76.802      -0.23412716]
2.504005;72.711365;-0.24237241;[ 2.6610322  72.42972    -0.23594764]
2.1578286;69.05992;-0.2576266;[ 2.7814975 67.69325   -0.2386506]
1.9269136;71.84338;-0.2395798;[ 2.7124004  72.84339    -0.23584023]
2.5982273;68.4728;-0.26351157;[ 2.7733538  68.522514   -0.23824242]
1.9637617;76.70999;-0.20174047;[ 2.6040008  77.6243     -0.23350947]
1.5280526;73.94025;-0.18463777;[ 2.7590532  74.61035    -0.23512363]
2.1571002;77.48263;-0.20376307;[ 2.6178222  78.44431    -0.23354194]
1.5253015;73.88425;-0.1834468;[ 2.7731578  74.703606   -0.23483536]
2.427622;69.97088;-0.20492779;[ 2.9017377 70.388695  -0.2355987]
3.273605;64.265076;-0.24372596;[ 3.017993   63.056644   -0.23868129]
3.3146958;65.62155;-0.22608863;[ 2.8149114  65.728096   -0.23910162]
2.4665875;65.61995;-0.23413672;[ 2.8939054  65.82416    -0.23668432]
1.367477;71.17448;-0.16865095;[ 2.9139988  71.930725   -0.23652142]
3.139042;62.89586;-0.19950145;[ 2.9765925  62.01575    -0.24017543]
1.9633255;74.628815;-0.1877577;[ 2.7700815  75.809      -0.23489971]
1.2967122;71.301315;-0.17197558;[ 2.92078    71.94448    -0.23633045]
1.9728022;67.22081;-0.19007646;[ 2.9868684  67.19202    -0.23839177]
3.5867157;70.07032;-0.227701;[ 2.9210286  71.3066     -0.23631074]
1.9305398;68.581924;-0.26035482;[ 3.0216799  65.77457    -0.23896025]
2.7762828;70.2637;-0.22780637;[ 2.9259343 70.63581   -0.2366824]
3.393275;65.938675;-0.21176444;[ 2.850908   66.07811    -0.23923983]
1.7219143;62.18857;-0.18487835;[ 2.9338083  62.622066   -0.23863615]
2.3420787;65.78537;-0.21700944;[ 2.9744418  65.16404    -0.23696218]
2.7884212;62.695084;-0.22906947;[ 2.943646   60.23507    -0.24148962]
4.513774;64.10466;-0.25815108;[ 3.083784   64.2815     -0.23864791]
3.934027;63.866226;-0.24539009;[ 3.0567613 63.458965  -0.23776  ]
2.7577362;66.699066;-0.24912287;[ 2.9709086  66.00565    -0.23882109]
3.9342875;61.250465;-0.271792;[ 3.1429334  59.669857   -0.24207121]
2.8823206;73.21702;-0.20558554;[ 2.7422795  73.573044   -0.23562339]
5.3927493;69.93556;-0.22820084;[ 2.9512646  70.15655    -0.23709741]
2.0877202;70.543945;-0.25529143;[ 2.988326   64.76089    -0.23974024]
2.2245667;70.53606;-0.23587327;[ 2.912255  70.31852   -0.2359981]
4.8644;64.52551;-0.25826794;[ 3.0910993  63.953327   -0.23919065]
2.333168;69.78288;-0.21208034;[ 2.6896784  70.30515    -0.23674683]
1.4860646;74.80774;-0.18540195;[ 2.7729678  75.919685   -0.23480234]
2.5521789;71.07814;-0.22233815;[ 2.9088387  74.28002    -0.23540622]
1.62409;74.581696;-0.18432105;[ 2.771221  76.01283   -0.2346929]
2.6923277;67.98785;-0.23893821;[ 2.8487885  68.917465   -0.23789825]
2.700629;65.32014;-0.23807073;[ 2.9740975  63.68189    -0.24006146]
3.7774963;63.602245;-0.25326163;[ 2.981194   64.148766   -0.24028607]
2.4978688;66.858055;-0.2442754;[ 3.0167317  67.73435    -0.23851794]
4.578613;64.01878;-0.24485563;[ 2.9639602  63.492317   -0.23882811]
2.5103424;68.62046;-0.23866284;[ 3.0140579  72.00576    -0.23618734]
3.6281042;70.21715;-0.23331292;[ 2.9303136  70.00406    -0.23719367]
4.852806;66.56914;-0.24551475;[ 3.067381   64.803955   -0.23982726]
2.4237432;67.03868;-0.24939649;[ 3.0337715  67.04545    -0.23886018]
2.7084978;64.03374;-0.265743;[ 3.1315513  63.801945   -0.24036235]
4.809417;61.58545;-0.2857812;[ 3.1816015  59.022602   -0.24248728]
3.932634;60.964645;-0.2645027;[ 3.0342803  57.78661    -0.24304768]
2.2870598;63.300316;-0.24485339;[ 2.9373548  59.800903   -0.24209751]
2.651616;72.43349;-0.2455107;[ 2.8773353  71.020134   -0.23679388]
2.752047;65.326904;-0.23793682;[ 2.9736986  63.412945   -0.24022853]
2.0681336;71.97717;-0.2098449;[ 2.9310663  70.601906   -0.23749673]
1.6780639;74.77945;-0.18629472;[ 2.78654    75.11999    -0.23528656]
1.9393017;66.58937;-0.21317574;[ 2.874815   65.44661    -0.23954049]
2.693367;67.51625;-0.22982827;[ 2.8630004  66.77372    -0.23849657]
2.690535;64.19787;-0.24571112;[ 2.984921   62.861774   -0.24062878]
2.0457988;73.877975;-0.1844643;[ 2.7750354  73.66683    -0.23572645]
2.194457;69.47895;-0.2093849;[ 2.7101822  69.15359    -0.23736638]
3.700645;70.08975;-0.22721545;[ 2.9318042  69.96787    -0.23710763]
3.8798084;63.67442;-0.25108433;[ 3.0907102  64.239174   -0.23964636]
2.0497901;69.52345;-0.21850742;[ 2.958041   68.490814   -0.23777041]
3.3274522;63.8843;-0.24809422;[ 2.9948773  62.326595   -0.23945695]
3.66818;64.248825;-0.24654189;[ 2.958252   62.78133    -0.23958127]
2.3799593;67.096664;-0.22727633;[ 2.9768145  63.751743   -0.24078432]
2.4232993;66.00431;-0.23691347;[ 2.7974658  65.093544   -0.23851992]
2.2691693;62.791;-0.2546116;[ 2.8913336  60.164337   -0.24183993]
2.3199446;67.348434;-0.19218366;[ 2.9750764  66.55055    -0.23914322]
3.8686225;64.69525;-0.25816464;[ 3.028118   63.799126   -0.23993444]
2.3215537;65.94844;-0.23411998;[ 2.7935991  65.07189    -0.23853323]
2.5093741;69.24625;-0.22487818;[ 2.872348   68.989365   -0.23714949]
3.1373727;63.53486;-0.24658118;[ 3.0229497  62.50481    -0.23869541]
2.756433;66.195465;-0.22844923;[ 2.9550781  64.46341    -0.24040543]
2.6123452;62.071766;-0.25618383;[ 2.8749878 60.711216  -0.2415308]
2.5669107;62.57727;-0.23910052;[ 2.9191594  59.948544   -0.24203889]
2.5982118;68.57955;-0.23445886;[ 3.0433364 71.2024    -0.2367256]
3.423011;59.930492;-0.27507752;[ 3.1300845  54.322388   -0.24484928]
2.7120948;72.63951;-0.22099636;[ 2.8116708  72.87945    -0.23586322]
2.7796736;72.45857;-0.21443903;[ 2.7986975  73.19832    -0.23575488]
4.7415376;68.32978;-0.22415277;[ 2.9339447  69.23167    -0.23756257]
2.8376098;65.560555;-0.25597498;[ 3.0001485 63.5112    -0.2404479]
2.9075904;72.46122;-0.21210444;[ 2.8095596  73.29626    -0.23561253]
2.5325017;67.971436;-0.22733316;[ 2.9255     68.65402    -0.23766457]
2.7980652;61.690838;-0.27618408;[ 3.1059628  60.111824   -0.24229053]
2.5812163;76.83636;-0.22086039;[ 2.613448   76.66925    -0.23417799]
2.7207408;72.92891;-0.23998831;[ 2.6775851  72.55512    -0.23562491]
3.107345;69.17313;-0.2529873;[ 2.7678602  68.89805    -0.23784338]
2.47294;74.22716;-0.20593542;[ 2.7690907  73.864586   -0.23559833]
4.216732;69.98353;-0.2173605;[ 2.8936126  70.655266   -0.23702036]
3.4265037;65.49382;-0.22576067;[ 2.8334436  65.61911    -0.23924921]
2.6319146;73.12839;-0.24316669;[ 2.6960294  72.64697    -0.23540494]
2.2756128;65.93819;-0.23569424;[ 2.8113408  65.03908    -0.23865859]
4.1838202;73.04816;-0.23343614;[ 2.7620645  73.8309     -0.23582105]
2.8138309;71.90757;-0.25623074;[ 2.8644595  71.26794    -0.23662198]
1.9989117;76.7463;-0.21717231;[ 2.6063447  77.3493     -0.23374178]
1.8557087;69.36609;-0.20634696;[ 2.7256422  69.17797    -0.23739035]
2.586731;73.055176;-0.24038124;[ 2.6795342 72.60076   -0.2356133]
2.8834689;70.25593;-0.21838327;[ 2.8271492  69.605965   -0.23730338]
2.709962;71.74294;-0.25654098;[ 2.8667169  71.26934    -0.23671639]
2.1846693;77.521484;-0.21892594;[ 2.631781   78.60486    -0.23351572]
2.7386897;70.45185;-0.2265372;[ 2.8894277  69.676636   -0.23756148]
1.9245168;69.86486;-0.21124285;[ 2.7066655  70.39811    -0.23674484]
2.0708432;73.88846;-0.19990402;[ 2.756056   74.81846    -0.23508634]
2.0764794;69.638115;-0.21074225;[ 2.7221537  70.43606    -0.23635803]
1.8256497;64.89878;-0.21849445;[ 2.8211164  65.379616   -0.23913127]
2.6377654;63.87992;-0.26360446;[ 2.9599504  63.330624   -0.24091846]
2.385879;73.04083;-0.24295636;[ 2.6694257  72.64778    -0.23575924]
2.6601007;73.00612;-0.24110337;[ 2.6678722  72.56714    -0.23579517]
2.6723816;76.63306;-0.22352889;[ 2.6178982  76.54899    -0.23435101]
2.7769818;72.85732;-0.24026196;[ 2.6667135 72.20994   -0.2362002]
3.1715937;68.99256;-0.25333723;[ 2.7779348  68.6474     -0.23809901]
2.2816608;69.25369;-0.254766;[ 2.7957096  67.41699    -0.23883799]
2.0989594;72.7225;-0.24194223;[ 2.7785501  72.81483    -0.23644266]
4.5271497;63.60698;-0.26845485;[ 3.0155876  62.753017   -0.24165285]
3.912383;70.607704;-0.2897082;[ 2.8954213  79.965996   -0.23630273]
5.9889474;74.16965;-0.26214337;[ 2.8909461 84.946465  -0.233851 ]
4.0894547;74.8932;-0.2735111;[ 2.8013902  84.159584   -0.23439918]
6.08316;78.45962;-0.25167227;[ 2.7459383  85.73385    -0.23352528]
5.174127;74.50118;-0.27183467;[ 2.870594   82.62259    -0.23466867]
3.866754;70.51178;-0.29326248;[ 2.946942   82.66981    -0.23507212]
3.7656481;67.068565;-0.31049508;[ 3.0859053  81.694145   -0.23558272]
4.497994;66.98449;-0.2797714;[ 3.2122889 66.86801   -0.2387788]
4.590163;63.410904;-0.3039788;[ 3.2693825  62.557674   -0.24055265]
5.040859;66.90079;-0.2790481;[ 3.2395465  67.021194   -0.23844162]
5.2621393;63.310238;-0.3050021;[ 3.298182   62.247627   -0.24058935]
5.5116615;63.57879;-0.30160648;[ 3.2633352  63.15861    -0.24023692]
3.0540671;66.78237;-0.270501;[ 3.1544626  66.18119    -0.23968723]
2.4757595;68.82055;-0.279329;[ 3.1340983  68.71176    -0.23820247]
2.5235965;64.48587;-0.29317698;[ 3.2708309  63.29633    -0.24091093]
3.8100283;73.61693;-0.2470608;[ 2.897138   74.02682    -0.23596002]
3.7109594;69.3851;-0.25723377;[ 3.0246854  70.588875   -0.23750374]
3.2529855;69.850555;-0.26690894;[ 3.0236764 69.49944   -0.2378794]
3.3176334;69.91329;-0.26909885;[ 2.9404166  69.792114   -0.23780085]
2.5514188;65.77074;-0.2875026;[ 3.0722396  65.69319    -0.24006365]
3.6300907;64.86875;-0.281885;[ 3.175238   65.48464    -0.24051446]
2.528204;69.7847;-0.26417997;[ 3.0610785  70.17977    -0.23815523]
4.2786083;68.55111;-0.23883636;[ 3.1194336  68.13413    -0.23852308]
2.4989085;64.07572;-0.26640087;[ 3.205233  62.783646  -0.2414737]
3.536879;71.034454;-0.22503673;[ 3.0216193 72.18833   -0.2368623]
3.0318537;63.24151;-0.2621464;[ 3.195755   63.166092   -0.24138297]
2.4807916;60.81121;-0.28631318;[ 3.2987523  59.111244   -0.24335478]
3.3716033;66.67779;-0.24360827;[ 3.0303583  67.064606   -0.23902214]
2.7702465;62.763153;-0.26000503;[ 3.122215  62.63583   -0.2402972]
2.3240428;60.64605;-0.28434363;[ 3.2252407  57.306835   -0.24376853]
2.8150992;60.384724;-0.27290648;[ 3.2842078  57.578465   -0.24362439]
2.6057923;60.900864;-0.27870023;[ 3.223657   57.25808    -0.24380316]
2.2820299;78.44654;-0.21336311;[ 2.8951159  77.432274   -0.23141758]
2.6793766;74.19613;-0.22647701;[ 2.9384155  73.0702     -0.23488879]
5.009963;69.63673;-0.20755678;[ 2.9958627  67.98368    -0.23762076]
2.1580927;74.10513;-0.2247739;[ 2.944404 73.71096  -0.234185]
2.150865;74.06343;-0.2247739;[ 2.911796   73.29769    -0.23494801]
4.6370783;74.044044;-0.21440044;[ 3.0035543  73.32017    -0.23405896]
2.3833675;69.940926;-0.23794997;[ 2.998168   70.07853    -0.23706341]
6.27611;66.84489;-0.22326273;[ 3.0879254 64.561066  -0.2395979]
1.9304211;73.7808;-0.22833982;[ 2.8965366  73.4266     -0.23449993]
2.0834591;69.52034;-0.24105932;[ 2.9980352  69.36737    -0.23697007]
2.1567469;65.86397;-0.25013888;[ 3.1148374  65.165054   -0.23908679]
2.3559961;65.583176;-0.25234258;[ 3.126918   65.218285   -0.23916472]
2.5058413;78.47646;-0.21630166;[ 2.9240227  76.67093    -0.23162983]
2.485118;74.06929;-0.22877343;[ 2.8921297 73.337     -0.2352776]
2.1972146;70.10269;-0.24208932;[ 2.9956706 67.643684  -0.2380836]
2.8316875;66.79769;-0.22618976;[ 3.083712   63.346657   -0.24003728]
3.3785183;74.62059;-0.20188752;[ 2.9539704  72.925415   -0.23445973]
3.7967215;70.82076;-0.21320248;[ 2.9574037  69.034      -0.23738152]
4.0668397;67.024376;-0.23560987;[ 3.0721319  64.115555   -0.23962675]
3.54026;69.81124;-0.24125698;[ 3.008825  69.489975  -0.2370998]
4.1827188;66.319824;-0.22767703;[ 3.1087365  63.69096    -0.23987406]
2.3639247;75.80826;-0.21097545;[ 2.8543258 79.51327   -0.2337586]
3.8318732;69.5942;-0.21469322;[ 3.002788   68.004944   -0.23757274]
2.7885299;70.39143;-0.26071823;[ 3.1187751  73.103355   -0.23556739]
3.043542;69.59994;-0.24303912;[ 3.0521798  70.68993    -0.23711354]
2.277584;68.154495;-0.25753522;[ 3.0836182  68.074585   -0.23837674]
2.3936865;70.35378;-0.24609162;[ 3.178776   71.559875   -0.23719673]
3.2308655;78.022285;-0.22237886;[ 2.920953   78.85891    -0.23273729]
2.365024;76.63035;-0.2223611;[ 3.1516101  78.6724     -0.23388685]
3.769906;73.96851;-0.248248;[ 3.0143478  74.61443    -0.23497733]
4.7066417;70.631516;-0.23735492;[ 3.0125005  70.05665    -0.23707718]
2.7149677;76.8066;-0.23367128;[ 3.1335273  79.49466    -0.23331763]
2.0939689;74.18884;-0.23864606;[ 3.010962   74.795586   -0.23443331]
2.4400048;73.64328;-0.23709911;[ 3.0303354  75.66345    -0.23453496]
2.9356656;67.33251;-0.2394589;[ 2.954749   68.013664   -0.23849332]
2.8510075;69.83574;-0.24448301;[ 3.038723   71.78756    -0.23611805]
3.6500149;64.33206;-0.26546842;[ 3.1962535  66.07193    -0.23918363]
3.0384054;64.15855;-0.24718355;[ 3.0277822  65.98117    -0.23919578]
3.072676;69.722435;-0.25229916;[ 3.2554493  71.81182    -0.23647952]
3.631318;68.63189;-0.22705506;[ 2.969699   67.30123    -0.23871222]
3.8622785;68.33594;-0.22381629;[ 3.0335608  68.48489    -0.23827103]
2.197695;64.85075;-0.24483266;[ 3.0847397 62.96155   -0.2411856]
4.3478284;67.989174;-0.22933754;[ 3.0728865  68.16305    -0.23891503]
4.031374;63.968525;-0.2819413;[ 3.2170632  62.93028    -0.24091247]
4.335315;74.70166;-0.24615902;[ 2.986843   76.01707    -0.23399171]
2.4842076;69.90496;-0.25437224;[ 3.0669532  70.33395    -0.23689356]
3.3332286;64.43086;-0.27863353;[ 3.226208  64.62377   -0.2399442]
4.546891;67.55556;-0.2377793;[ 3.1142554  69.73708    -0.23769483]
2.964158;70.49748;-0.2558094;[ 3.142257   70.642044   -0.23650473]
3.340151;72.72549;-0.26439512;[ 3.1428392 67.38633   -0.2385562]
3.3031216;61.7455;-0.28792885;[ 3.2980845  62.94325    -0.24063203]
2.7576303;61.459255;-0.26179975;[ 3.128159   62.901722   -0.24061158]
3.8465874;63.578423;-0.2705719;[ 3.329048   61.609936   -0.24165215]
3.7121727;72.84592;-0.22688814;[ 3.0682864  75.2546     -0.23525184]
4.216216;69.03332;-0.22707044;[ 3.1189477  72.81814    -0.23634735]
2.0341868;78.66436;-0.23456682;[ 2.9147103  79.54662    -0.23244071]
3.905992;72.5972;-0.2588735;[ 3.0924299  73.21645    -0.23561046]
3.8900163;68.54251;-0.27065408;[ 3.1880891  68.364235   -0.23809168]
3.530571;72.3222;-0.24311832;[ 2.9542127  72.38619    -0.23597449]
2.8069425;62.47992;-0.24783468;[ 3.1211529  61.462322   -0.24146816]
2.064052;78.65277;-0.23436743;[ 2.9032805 79.090515  -0.2327752]
3.4063995;72.533066;-0.25904167;[ 3.0893025  72.548096   -0.23598924]
2.4254587;79.69151;-0.21858358;[ 3.012514   81.79158    -0.23247239]
2.550312;74.61611;-0.24736726;[ 3.0031116 74.63917   -0.2350387]
4.306749;68.26611;-0.25274417;[ 3.0411954  67.564186   -0.23849647]
2.6562457;71.50375;-0.23506305;[ 3.0081265  72.66988    -0.23652284]
3.1692958;69.01622;-0.2545222;[ 3.120912   69.3982     -0.23816884]
3.5168877;68.86933;-0.26645702;[ 3.2138238  69.1735     -0.23765434]
2.3656664;76.89994;-0.23402369;[ 3.1557858  78.26504    -0.23402375]
2.348178;68.79385;-0.24646705;[ 3.1413016  69.20817    -0.23819348]
2.8580122;72.9339;-0.24496977;[ 3.2394497  76.109024   -0.23479575]
2.606192;68.2391;-0.2521781;[ 3.1123917  69.8996     -0.23761009]
2.7062275;65.55553;-0.2560091;[ 3.256245   66.2992     -0.23924506]
3.8388233;67.98704;-0.25321487;[ 3.079862  67.8029    -0.2381351]
5.160556;64.33522;-0.26473564;[ 3.1778808  62.908012   -0.24073678]
3.530166;68.34704;-0.26932356;[ 3.1915705  68.68694    -0.23804092]
2.9801998;68.02725;-0.25205538;[ 3.0784059  67.36364    -0.23848422]
2.5393424;76.28533;-0.22650486;[ 3.1252995  79.04598    -0.23350067]
2.6055598;68.20658;-0.24150105;[ 3.1151433  69.974434   -0.23762336]
2.987977;64.42696;-0.2586413;[ 3.0031433  62.727005   -0.23987436]
3.1826575;74.06183;-0.24368736;[ 2.9690497  76.4616     -0.23413509]
2.843883;70.0125;-0.26168433;[ 3.0504124  71.56231    -0.23627627]
2.8792424;64.36356;-0.25750685;[ 3.047      65.711075   -0.23927368]
2.3679705;66.28373;-0.27032715;[ 3.079484   65.97285    -0.23969065]
3.247753;68.35068;-0.26326892;[ 3.110876  71.38204   -0.2375858]
3.0454242;72.376915;-0.2412371;[ 3.171611  74.07763   -0.2356764]
3.5569499;65.09499;-0.26829308;[ 3.2958646  66.65265    -0.23931167]
4.18769;69.28245;-0.23743334;[ 2.8647723  69.71672    -0.23835894]
3.3406863;64.53174;-0.30003345;[ 3.215174   66.09644    -0.23931609]
2.7311556;64.36551;-0.27076092;[ 3.0501547  65.86745    -0.23934324]
3.0496364;72.12468;-0.2513762;[ 3.1240942  74.52593    -0.23534651]
3.077338;67.08198;-0.2688516;[ 3.2354493 69.3195    -0.2375466]
4.0382648;64.76362;-0.23146752;[ 3.1757948 56.626884  -0.2432759]
2.9795735;69.000404;-0.2666291;[ 3.2584944  71.17353    -0.23692702]
4.3617287;70.70564;-0.23663852;[ 3.100737   70.703514   -0.23725893]
3.9222124;70.94815;-0.24616851;[ 3.1081629  70.61564    -0.23733139]
6.6654105;67.698326;-0.21807821;[ 3.1880956  66.756256   -0.23949149]
3.885443;63.068596;-0.25443447;[ 3.2064233 62.9625    -0.2414025]
2.2110803;61.79547;-0.26886117;[ 3.2097015  61.051437   -0.24207033]
2.1122746;63.066647;-0.2710793;[ 3.2261333  60.713562   -0.24216408]
2.424632;60.638893;-0.2854024;[ 3.2049375  58.279552   -0.24359488]
4.344453;67.75052;-0.24842854;[ 2.976946   68.21379    -0.23858982]
3.1589284;68.156624;-0.25528595;[ 2.9124277 67.48734   -0.2386016]
2.3787155;67.38321;-0.2509694;[ 2.9662693  67.9548     -0.23843452]
2.3921692;65.005424;-0.26958948;[ 3.0367165  62.92415    -0.24113739]
7.4195466;66.551125;-0.20334288;[ 3.1935456  63.632797   -0.23934461]
3.5236514;70.09508;-0.1979695;[ 3.1730347  69.564705   -0.23770551]
3.3102221;63.448517;-0.25161925;[ 3.2498708  63.26892    -0.24096861]
4.678316;64.45578;-0.23722365;[ 3.1506011  64.66163    -0.24008425]
3.3409655;68.80729;-0.22623433;[ 3.252239   66.43232    -0.23972765]
3.3546965;65.89592;-0.2343563;[ 3.2204597 65.01954   -0.2402194]
3.2235484;64.81246;-0.21903542;[ 3.125415   63.562428   -0.24080902]
3.1292682;68.89557;-0.200102;[ 3.0917583  68.12722    -0.23855436]
3.8274617;64.89136;-0.2182356;[ 3.143925   63.503857   -0.24048968]
3.2488465;61.10921;-0.25865674;[ 3.2991276  60.3838     -0.24225472]
2.8462563;65.067825;-0.22140272;[ 3.1986837  63.730186   -0.24073017]
3.073391;62.206924;-0.25676465;[ 3.30797    60.382404   -0.24223506]
4.0236254;69.02818;-0.20467524;[ 3.0825124  68.720726   -0.23818879]
2.9602501;60.28378;-0.21522084;[ 3.1327443  59.664036   -0.24205847]
4.057681;64.81685;-0.21871354;[ 3.1194034  64.17462    -0.24024233]
3.063823;63.020927;-0.2520876;[ 3.1140661  61.954525   -0.24178895]
3.1976497;63.10866;-0.25093287;[ 3.1208496  62.188057   -0.24151252]
3.0114603;66.92238;-0.24320294;[ 3.0811987  65.49048    -0.23975573]
3.1818337;70.68167;-0.22567554;[ 2.957435   70.72209    -0.23737428]
2.5898616;63.696495;-0.2528934;[ 3.1418955  61.049854   -0.24215715]
2.5269368;66.84955;-0.24448642;[ 3.1185055  66.29313    -0.24000609]
3.1423635;65.54687;-0.23714489;[ 3.162809   65.01307    -0.24006349]
2.7928922;61.001064;-0.24388106;[ 3.1989238  59.37645    -0.24280041]
3.230681;69.21371;-0.22063942;[ 3.1153908  69.16646    -0.23845023]
2.7850757;61.821423;-0.24457172;[ 3.1897464  60.310265   -0.24226317]
3.6954322;61.65586;-0.24878225;[ 3.3696046  58.81702    -0.24333248]
4.3610063;64.58289;-0.23168834;[ 3.251068   64.32915    -0.24079058]
3.1132948;68.19557;-0.2197409;[ 3.0751708  68.23644    -0.23871365]
3.116718;64.558044;-0.23690744;[ 3.1937048  63.954998   -0.24046564]
3.3271084;60.761555;-0.24348146;[ 3.323752   59.31411    -0.24291241]
3.2194552;64.3352;-0.2299736;[ 3.1093383  63.866093   -0.24068981]
2.8811836;61.52935;-0.24822411;[ 3.2523274  59.08386    -0.24315605]
2.8218763;59.804615;-0.25473246;[ 3.2544591  54.96957    -0.24464373]
2.3457406;60.62316;-0.24396949;[ 3.1753368  59.137035   -0.24182673]
2.554875;59.841263;-0.2636162;[ 3.2561615  53.694557   -0.24537155]
2.4922018;60.751633;-0.24492413;[ 3.1300592  58.599087   -0.24286407]
2.7057455;59.78035;-0.27738267;[ 3.3200371  50.783573   -0.24682337]
2.3374505;72.54847;-0.23418206;[ 3.0112386  72.077995   -0.23627175]
1.9799151;71.86691;-0.22973572;[ 2.9970925  72.653755   -0.23599814]
3.3570583;70.93447;-0.23677789;[ 3.0407286  70.962776   -0.23735599]
3.7821212;66.68538;-0.2460714;[ 3.1705058  67.467316   -0.23891883]
2.6909525;67.29814;-0.25170356;[ 3.09359    66.53701    -0.23927724]
2.3512256;63.64321;-0.26581594;[ 3.2308922  61.593903   -0.24197613]
3.7769454;70.96749;-0.23548229;[ 3.0427926  71.44843    -0.23707403]
3.116;67.23058;-0.2542608;[ 3.08458    66.668915   -0.23923737]
3.455997;65.54528;-0.24241148;[ 2.8958077  64.76592    -0.24027407]
2.2019575;66.195045;-0.24347967;[ 2.9249496 63.88683   -0.2406223]
4.656514;72.62117;-0.22825862;[ 2.8416286  73.15964    -0.23649791]
3.0991015;69.86551;-0.21519004;[ 2.9146745  69.40855    -0.23822567]
3.0058756;65.74605;-0.2232005;[ 2.924066   64.99094    -0.23977481]
2.9609191;69.40781;-0.20780672;[ 2.919324   69.86965    -0.23821388]
3.9740129;65.60397;-0.21788904;[ 3.125708  64.980515  -0.2390165]
4.9047513;65.07238;-0.21005346;[ 3.0403528  64.62013    -0.23876409]
2.618012;76.7831;-0.20651534;[ 2.8837023 77.09151   -0.2340501]
4.2292547;72.461464;-0.21896805;[ 3.0120497 73.62827   -0.235616 ]
3.8052437;72.55309;-0.22123134;[ 2.937263   72.73928    -0.23596144]
4.3412647;68.9658;-0.23105437;[ 3.0482202  68.91297    -0.23802878]
3.9503484;67.36076;-0.24008176;[ 3.0901842 66.93782   -0.2392081]
5.1891756;67.13848;-0.23631066;[ 3.1693273  67.982735   -0.23861054]
3.5879164;71.13271;-0.22301608;[ 3.0441887  71.40543    -0.23708403]
4.294887;67.074776;-0.22971755;[ 3.1699228  67.77603    -0.23880434]
4.1979556;63.68793;-0.24831747;[ 3.206369   63.229736   -0.24104378]
2.8764973;67.31553;-0.23086885;[ 2.9444273  66.775986   -0.23914579]
2.979631;63.540928;-0.24047606;[ 3.0601404  63.378872   -0.24087419]
3.93429;69.429085;-0.21179807;[ 2.8594337  70.13242    -0.23742181]
3.7046895;69.58636;-0.22111148;[ 2.7868278  69.51507    -0.23745637]
2.0573611;66.61362;-0.19306123;[ 2.865967   66.89362    -0.23799036]
2.475072;62.635918;-0.21538341;[ 2.9648483  62.675007   -0.23927824]
2.0291262;66.47691;-0.18905602;[ 2.8406994  66.35596    -0.23884451]
2.8367484;62.71705;-0.21433604;[ 2.9156127  62.209934   -0.24018139]
3.568788;74.966896;-0.18328342;[ 3.0283093  75.83547    -0.23468702]
6.186458;69.84312;-0.2114031;[ 3.1610217  70.80944    -0.23702589]
3.5412393;71.79679;-0.20470825;[ 3.0379753  72.18842    -0.23631449]
3.1867566;65.196526;-0.23640558;[ 3.2341197  56.04346    -0.24442752]
5.6834836;64.752884;-0.21683015;[ 3.1438346 64.212524  -0.2393257]
2.2872143;71.205315;-0.18684436;[ 2.8808637  71.84174    -0.23650746]
2.8760915;67.09334;-0.20642099;[ 2.9348755  66.877174   -0.23889714]
4.0585084;69.47564;-0.20622958;[ 3.0075655 70.688835  -0.2377168]
3.8167586;69.17909;-0.20377968;[ 3.0525234  68.96105    -0.23836218]
4.6286497;69.073944;-0.19699198;[ 3.140001   69.8491     -0.23776984]
5.2691884;65.520195;-0.21299274;[ 3.1730165  65.542274   -0.24000344]
3.9326777;65.01751;-0.2241826;[ 3.0663934  64.45888    -0.24050543]
3.5322244;68.884476;-0.21050665;[ 3.0217452  69.10176    -0.23819299]
2.3404455;76.68487;-0.20107424;[ 2.7261624  76.859505   -0.23462021]
2.454601;69.522964;-0.20394939;[ 2.8658857  69.541824   -0.23773496]
2.5865932;69.0946;-0.19857988;[ 2.9901204  69.53181    -0.23791678]
3.7823904;64.33899;-0.22570287;[ 3.0179372  64.32288    -0.23995921]
3.0792117;65.09718;-0.20744395;[ 3.111865   65.90937    -0.23964313]
2.3644912;70.75612;-0.19730775;[ 3.0050466  71.367134   -0.23606741]
4.410819;60.85029;-0.23028162;[ 3.3120465  59.711807   -0.23802301]
5.290787;60.95061;-0.22729565;[ 3.3279743  59.068012   -0.23866591]
6.273394;65.22941;-0.21265785;[ 3.005758   65.31523    -0.23881544]
3.2689629;65.41861;-0.22383511;[ 3.001729   65.88467    -0.23926988]
3.6556182;65.16189;-0.20389076;[ 3.0054588  65.14835    -0.23864855]
2.973031;66.66812;-0.20729959;[ 3.101294   66.72965    -0.23889916]
4.3449154;59.832672;-0.23616277;[ 3.206499  55.31896   -0.2435395]
5.4004436;65.18287;-0.21625912;[ 3.0982618  66.62465    -0.23860389]
2.9145615;70.440186;-0.1893261;[ 2.9601078 71.62789   -0.2362844]
4.1247425;68.82513;-0.20618844;[ 3.0662265 71.38117   -0.2370496]
5.511896;64.091705;-0.2439014;[ 3.1636555  62.29193    -0.24096796]
2.699069;65.31687;-0.2184672;[ 3.0567088  65.2218     -0.23953909]
4.0194674;65.407196;-0.21293522;[ 3.118674   65.47873    -0.23989192]
3.922741;72.783;-0.21870631;[ 2.7839723 72.4138    -0.2365155]
3.281195;67.17484;-0.21411656;[ 3.002923   67.06943    -0.23805441]
3.4650497;65.873795;-0.21624647;[ 3.037292   66.3453     -0.23997095]
1.6738532;72.63899;-0.19145477;[ 2.7918224  72.39988    -0.23659043]
3.1938882;72.05439;-0.21492007;[ 2.963376   74.35012    -0.23620453]
2.3098054;75.99472;-0.19884954;[ 2.8439045  76.44393    -0.23386258]
3.1553783;71.87909;-0.21688338;[ 2.920193   71.75674    -0.23586343]
4.6804414;71.30948;-0.20972258;[ 3.008646  71.75317   -0.2371365]
2.4091096;72.01767;-0.20978379;[ 2.894061   72.998604   -0.23694558]
3.3540404;69.984924;-0.19141696;[ 2.910241 69.254364 -0.237405]
3.2137063;70.36042;-0.2085279;[ 2.928517   70.039894   -0.23742409]
2.9223485;66.24967;-0.22387932;[ 2.9635139  65.73671    -0.23852089]
5.1709547;68.71264;-0.18832633;[ 3.0428202  68.96493    -0.23781343]
3.03955;62.079243;-0.21917364;[ 3.2607145  59.549877   -0.24028105]
2.67515;69.91501;-0.19132611;[ 2.8941636  70.6798     -0.23749128]
2.7632241;60.255756;-0.20455515;[ 3.170114   57.2084     -0.24210101]
4.142593;59.867203;-0.2421817;[ 3.2825708  54.148434   -0.24447672]
3.408189;73.352516;-0.21272449;[ 3.1165817  75.90023    -0.23530838]
5.4833746;68.54429;-0.22398622;[ 3.0628877  71.11657    -0.23733234]
2.7285938;69.983604;-0.20660827;[ 2.871705   69.89128    -0.23749146]
3.0125253;72.97108;-0.22207227;[ 2.7851443  72.315674   -0.23672903]
3.2544572;69.9883;-0.21701308;[ 2.9250236  69.39448    -0.23820455]
5.3782787;68.92253;-0.20342101;[ 3.085177   69.05246    -0.23710877]
4.622774;64.85168;-0.21894038;[ 3.1540813  64.301865   -0.23915598]
3.9188948;64.18545;-0.20679255;[ 2.9948323 64.06358   -0.2397263]
2.4151154;76.90298;-0.2058069;[ 2.8923535  77.43896    -0.23381634]
4.3387733;71.59598;-0.2268066;[ 3.0503078 71.7598    -0.23682  ]
3.0116854;71.59075;-0.21753547;[ 2.901957  71.62447   -0.2367673]
2.4332314;73.94939;-0.20633942;[ 2.7400293  74.1227     -0.23543154]
3.6988816;65.14375;-0.223776;[ 3.0730743 64.47191   -0.2404224]
3.1124144;65.37842;-0.22252966;[ 3.0101783 65.205315  -0.2397837]
2.1435673;70.81168;-0.19257736;[ 2.986956   70.99847    -0.23664698]
3.4473066;69.54613;-0.20126137;[ 3.0167384  68.71638    -0.23833965]
5.2390375;64.79051;-0.22659205;[ 3.0426238 63.555634  -0.2403662]
3.7297935;69.206665;-0.19967669;[ 3.1168942  68.14979    -0.23635246]
6.1338234;68.22664;-0.21979226;[ 3.1692462  65.6263     -0.24010049]
2.8400564;64.95583;-0.20827428;[ 3.4069724 62.83466   -0.2330491]
3.0674195;64.829636;-0.2078673;[ 3.4082205  62.779636   -0.23353815]
2.6363292;76.89467;-0.2126596;[ 2.9119992  78.232765   -0.23390469]
2.5772848;73.8222;-0.2088975;[ 2.764085   74.79028    -0.23554467]
3.8495831;69.47406;-0.20762902;[ 3.0563595 70.39945   -0.237706 ]
2.6297977;73.67333;-0.20386538;[ 2.7612638  74.898285   -0.23550472]
4.193842;69.32006;-0.21628468;[ 2.89615    70.132324   -0.23782714]
2.9643457;76.38457;-0.20389575;[ 2.7629118  77.77218    -0.23461133]
3.4948664;63.457684;-0.18772857;[ 3.024068   63.452084   -0.24028672]
3.6417713;64.16625;-0.19166699;[ 3.0310013 63.0316    -0.2404277]
2.6046934;68.35377;-0.18695584;[ 2.9922826  68.22025    -0.23827165]
3.49927;69.09872;-0.2343914;[ 2.9956608  68.45404    -0.23805417]
4.042014;73.58438;-0.23476075;[ 3.1062937  73.37176    -0.23573263]
6.88332;67.69124;-0.25371352;[ 3.290028   67.00404    -0.23886745]
3.288303;68.551674;-0.19314384;[ 2.9983537  67.84749    -0.23843789]
3.2498848;63.92632;-0.20499271;[ 3.1156032  64.145294   -0.24013627]
5.2803974;71.932556;-0.22227776;[ 2.8977737  72.97063    -0.23694074]
5.1019425;67.035645;-0.24332306;[ 3.2066405  67.75621    -0.23925313]
3.571271;66.98725;-0.2296448;[ 3.0520835  67.671074   -0.23914573]
4.784277;69.21164;-0.22265735;[ 2.8968182  70.07865    -0.23783362]
2.9259062;72.768555;-0.1824461;[ 3.1080594  73.1636     -0.23297083]
4.217306;68.83217;-0.19379136;[ 3.0819077  68.291695   -0.23667215]
3.5566146;68.31558;-0.18187201;[ 2.995481   67.81692    -0.23847291]
6.4680147;62.670918;-0.19157358;[ 3.097591   65.3966     -0.23965488]
3.5411282;70.376465;-0.18397337;[ 2.9784088  71.165794   -0.23654313]
2.2482865;76.35228;-0.2004562;[ 2.8762503  77.80028    -0.23365986]
3.07591;71.033455;-0.21298036;[ 2.8850749  71.98345    -0.23662259]
2.1176744;72.90112;-0.18114977;[ 3.00438    74.08154    -0.23576869]
5.045556;64.28261;-0.22272427;[ 3.0301144  63.766594   -0.24029721]
3.510172;64.69936;-0.2075808;[ 3.0039387  55.654865   -0.22925681]
3.7924166;63.704964;-0.19154316;[ 3.0377417  63.475773   -0.23988205]
3.0137324;70.40173;-0.19388354;[ 3.0615342  70.881874   -0.23663704]
3.9522102;64.6889;-0.21600597;[ 3.1593676  64.58511    -0.23859954]
3.538958;72.61108;-0.22114488;[ 2.926598  72.92334   -0.2358478]
4.7982836;61.21237;-0.23752147;[ 3.0724292  59.48034    -0.24211569]
3.412291;66.47699;-0.20457469;[ 3.1573157  65.41575    -0.23973656]
3.6578333;70.02282;-0.21534608;[ 2.996516   69.32048    -0.23827067]
3.0777686;69.575874;-0.24073984;[ 2.9189584  67.87624    -0.23909937]
2.92173;62.552425;-0.24589816;[ 3.0562434  60.701756   -0.24213192]
3.553773;64.188835;-0.26392126;[ 3.236543   62.45367    -0.24155578]
3.1328952;67.54501;-0.23745315;[ 3.0214586 66.71231   -0.2391879]
2.433848;64.16307;-0.2490808;[ 3.0877047  62.341496   -0.24148256]
2.9455996;69.90565;-0.22813244;[ 2.85975    69.2193     -0.23784319]
2.7283146;62.374584;-0.24451609;[ 3.147952   61.074757   -0.24183339]
2.5709634;61.349564;-0.22128646;[ 3.1136923  60.499226   -0.24177626]
3.7525296;59.841934;-0.23770735;[ 3.1750906  55.72327    -0.24373929]
4.304408;60.036484;-0.26085988;[ 3.216252   54.75424    -0.24475716]
4.0625114;71.98366;-0.20377819;[ 2.9226024  71.106346   -0.23712812]
4.0199947;68.75218;-0.22374207;[ 3.016943   68.495316   -0.23813461]
6.2142205;68.0476;-0.24025746;[ 3.1123602  66.01653    -0.23969774]
6.059837;67.1068;-0.23816144;[ 3.1503296 64.71537   -0.2402642]
