prop1;prop2;prop3;allprop
-0.250099;0.92344314;-1.0149062;[-0.17299773  0.6760089  -0.86280245]
0.04742772;0.9952827;-0.20100054;[-0.01122494  0.8147868  -0.21589342]
-0.18484594;0.088820584;-0.60517853;[-0.05050911 -0.03043275 -0.5860468 ]
-0.5492426;0.77742124;-0.34899446;[-0.42469412  0.6296104  -0.32032496]
-0.6318876;0.811964;-0.5587195;[-0.49478483  0.6011143  -0.54948354]
-0.30282378;0.3560906;-0.1754427;[-0.03251202  0.24293268 -0.14039385]
-0.41629845;-0.09106824;-0.2844786;[-0.27573    -0.1347862  -0.28110516]
-0.5241876;1.238407;-0.09201302;[-0.40255356  1.072055    0.00109306]
-0.64593685;0.81305164;-0.39362994;[-0.64694035  0.78557175 -0.37461635]
-0.83992416;1.6406775;-0.7329558;[-0.87272036  1.4752699  -0.7462892 ]
-0.16602613;0.36836672;-0.07149483;[ 0.00291002  0.2437443  -0.10805956]
-0.8346587;1.6501142;-0.31025398;[-0.7877799  1.4923393 -0.4747067]
-1.2410938;2.2341049;0.81625193;[-0.9691819  2.0199697  0.7229255]
-0.69227034;1.3387207;0.72950613;[-0.57347226  1.1844729   0.52530426]
-0.46173102;1.2562904;0.012474179;[-0.37573177  1.0843898   0.0544184 ]
-0.64564675;0.8090538;-0.62184083;[-0.48147357  0.67979276 -0.511644  ]
-0.44518584;0.43490022;0.5863787;[-0.20160367  0.3463956   0.31090716]
-0.89662796;1.4157454;0.85004556;[-0.8706466   1.2947416   0.74277586]
-0.5848768;0.7317876;-0.17704362;[-0.46765012  0.60818195 -0.16049232]
-0.42461342;-0.09596072;-0.18922585;[-0.3351773  -0.12816596 -0.17183962]
-0.9432648;1.6339828;-0.07948905;[-0.88204515  1.4487041  -0.13718711]
-0.9448549;1.63884;-0.6642718;[-0.9301188  1.4808806 -0.7062545]
-0.68839663;0.7688195;-0.095788255;[-0.5896092   0.63700914 -0.11538917]
-0.7535772;1.850408;-0.09313175;[-0.7823888   1.7911316  -0.21592593]
0.11777072;0.0813803;-0.13190697;[ 0.21245654 -0.03983547 -0.27868557]
0.66965455;0.5843319;-0.06453335;[ 0.5767195   0.44011867 -0.04938943]
-0.3315876;0.10444845;-1.0908706;[-0.37389022  0.02094436 -0.9413913 ]
0.62136596;0.058559373;-0.023055244;[ 0.6979681   0.01839212 -0.0626243 ]
0.50265765;1.3555939;-0.023504194;[ 0.50979936  1.1677017  -0.09706348]
0.51403975;0.9947057;0.11966327;[0.55587643 0.8352417  0.09391288]
2.9897456;0.43573582;-0.39670444;[ 3.9818473 -0.0369315 -0.5939123]
14.819362;0.76688534;5.2842674;[19.029428   0.4936067  7.598837 ]
-0.08585413;1.0206226;-0.031593766;[-0.04899104  0.85138464 -0.06448399]
-0.5839731;1.2790352;-0.5602006;[-0.46234667  1.0390462  -0.5518957 ]
-0.8419684;1.6308471;-0.91808754;[-0.92761064  1.4883932  -1.0044196 ]
-0.61477184;1.288271;0.25826436;[-0.44530398  1.1412015   0.26576737]
-0.6412434;0.7763884;-0.07776691;[-0.5309726   0.6437533  -0.25710467]
-0.59732497;0.7931193;-0.61745405;[-0.52175176  0.64143    -0.6695651 ]
-0.9897384;1.6715462;0.10518205;[-0.96632445  1.5100294  -0.02842247]
-0.9367834;1.6595489;-0.7091415;[-0.94418263  1.4982399  -0.74943614]
-0.61439556;0.79888016;-0.5138021;[-0.49478918  0.65807974 -0.4471776 ]
-1.2304244;1.7302809;-0.31118685;[-1.0807165  1.6397885 -0.2885622]
-0.7794766;0.87241715;-0.21812195;[-0.71822554  0.7942309  -0.2392157 ]
0.065936096;1.0609515;-0.36385933;[ 0.13217033  0.90519637 -0.41547835]
0.8902654;0.16214418;-1.4243112;[ 0.8267134   0.07386816 -1.3391082 ]
-0.5780124;0.72189325;-0.619612;[-0.4982711  0.6059872 -0.6614226]
-1.3912493;2.4816358;-0.8228138;[-1.3994144  2.2886086 -0.9240522]
1.0334599;1.8332151;-3.152607;[ 0.8559908  1.4496632 -2.369638 ]
-1.0463914;1.7035904;-0.48483312;[-0.9985701   1.5834258  -0.42980608]
-1.0214466;1.6722168;-0.35870105;[-1.0441841   1.6043946  -0.32115343]
1.0496819;1.0237963;-1.1174331;[ 0.9238414  0.7701799 -1.1374593]
0.5448631;-0.23912571;-0.28321564;[ 0.56437695 -0.2740044  -0.35348812]
0.89261264;-0.725031;-1.3329328;[ 0.9226276  -0.74085844 -1.342755  ]
0.139759;0.84037954;-0.24384335;[ 0.05850406  0.6867734  -0.4178041 ]
-0.055211857;0.84372574;-0.27938685;[-0.05278231  0.73843014 -0.49720293]
-0.0070589483;-0.2953658;-0.46999472;[ 0.03324814 -0.36775833 -0.5159914 ]
-0.0015899017;0.6045906;-0.31719995;[-0.00456581  0.482769   -0.34347486]
0.30642688;0.098367885;-0.2977023;[ 0.30359998  0.04468831 -0.27047852]
0.030467898;-0.70958805;-0.4843421;[ 0.1413593  -0.7549596  -0.53841776]
0.13962811;-0.6537704;-0.21251631;[ 0.156077  -0.7640674 -0.3503107]
-0.084039584;0.0721491;-0.22270423;[-0.04603206 -0.06861262 -0.49491507]
0.052131817;0.49810994;-0.25094545;[ 0.10095485  0.36943346 -0.39809576]
0.08464107;1.4008869;-0.1323464;[ 0.0128717   1.1976391  -0.23173168]
-0.03435974;0.52221507;-0.36174044;[ 0.04341547  0.3595429  -0.42299557]
-0.29096806;-0.35092592;-0.5788007;[-0.12462552 -0.39955378 -0.6775823 ]
-0.014441267;0.11794591;-0.12992924;[-0.05027775  0.10152329 -0.2689838 ]
0.7026466;0.38348055;-1.5788696;[ 0.7941836  0.23731   -1.594261 ]
1.114771;-0.25530595;-2.9146452;[ 1.2826146  -0.39661402 -2.902561  ]
0.6901832;1.2201415;-1.681246;[ 0.7855915  0.9351574 -1.7179123]
1.3015829;0.61237925;-3.9789596;[ 1.2971002   0.35729724 -3.171972  ]
0.65647703;0.82965636;-1.008389;[ 0.51987606  0.5954285  -1.0569892 ]
1.1750659;0.28644615;-0.8535213;[ 1.157648    0.18941191 -0.9799589 ]
0.6255387;0.38766992;-1.4901906;[ 0.55993855  0.2497804  -1.4227306 ]
1.1538669;-0.20974506;-2.884778;[ 1.3059081  -0.34140044 -2.510242  ]
0.67495185;-0.07255787;-1.1817856;[ 0.54672486 -0.13732877 -1.1745701 ]
0.888045;-0.66313726;-2.0356503;[ 1.1504573  -0.72778547 -2.024604  ]
1.0922841;-0.26113433;-1.1349772;[ 1.3108318  -0.29849088 -1.100239  ]
0.7153354;-0.081559524;-0.6921446;[ 0.53421295 -0.09402123 -0.7970323 ]
-0.6012957;0.17340581;-0.84072;[-0.59124625  0.12173477 -0.94929975]
0.625761;-0.50739914;-1.7320215;[ 0.5708493 -0.5141588 -1.7148118]
-0.19613008;0.39040518;-0.3084919;[-0.23354249  0.26954818 -0.54879206]
-1.1238941;2.1520667;0.0017065443;[-1.0737313   1.9092175  -0.09876904]
-0.8063628;2.1232674;-0.13374235;[-0.9096533   1.908559   -0.14940804]
2.6411822;-0.53005785;-0.45838904;[ 2.8883173  -0.6209782  -0.61312336]
0.28712726;0.46710545;0.16762201;[ 0.16943839  0.32316285 -0.09387544]
0.4075001;0.40090984;-0.070127785;[ 0.34326112  0.32017857 -0.22488679]
0.3682381;-0.4505849;-0.22229123;[ 0.317912   -0.49819005 -0.3937144 ]
1.6299255;-0.38424116;-0.22654575;[ 1.8419513 -0.5931357 -0.6610628]
0.3901261;-0.39980096;0.003345143;[ 0.30369067 -0.4342755  -0.27925888]
-0.3789174;0.3207655;-0.5507554;[-0.2990318   0.12190445 -0.6960467 ]
-1.6805472;2.9810247;-2.1906137;[-1.5829737  2.6905665 -1.5136579]
-0.93859035;2.0814612;-0.7044608;[-0.98999286  1.8296331  -0.7998905 ]
-0.6515232;1.2139491;-0.55219233;[-0.5652834   1.0129558  -0.56377524]
-0.39679825;0.33268028;-0.526536;[-0.30539107  0.17128469 -0.6101906 ]
-0.41376698;0.4001274;-0.36066997;[-0.40757757  0.2609596  -0.4882355 ]
-0.5029063;0.77931875;-0.596569;[-0.4136575   0.64161193 -0.6262432 ]
-0.40700132;0.4332304;0.24603388;[-0.18084826  0.33789122 -0.03496099]
-0.7401262;1.6780175;-0.9018469;[-0.77418506  1.476059   -0.72405475]
-1.1809579;1.7374448;-0.12007655;[-1.015445    1.5602614  -0.22638644]
-0.68020135;0.87343407;-0.30511117;[-0.6931597   0.73789895 -0.34857866]
-0.6213744;0.8054543;-0.47709453;[-0.5119922  0.5874136 -0.5964444]
-0.30529374;0.35715312;-0.1105717;[-0.0715728   0.19319896 -0.31675127]
-0.66655904;0.8408477;-0.30059865;[-0.6076592   0.7025801  -0.39464873]
-0.32152706;0.40570235;-0.07777783;[-0.20687886  0.32292557 -0.15338574]
-0.084490135;-0.48264813;-0.23720726;[-0.0030023  -0.5859558  -0.49552342]
-0.48622066;0.6559835;-0.67936;[-0.4030857   0.59999925 -0.6867089 ]
-1.0079093;1.5981854;-0.41097254;[-1.0184094   1.5005144  -0.42672768]
-0.8175714;1.5065774;-0.7278227;[-0.77991104  1.4115772  -0.70669657]
-0.88922983;1.5254534;-0.6731178;[-0.90699947  1.4037831  -0.66757447]
0.9080008;0.8926241;-1.6909349;[ 0.9213021   0.68515915 -1.7886095 ]
0.1327405;0.095500566;-0.3445194;[ 0.14909393 -0.0224352  -0.4560196 ]
0.5051441;-0.254138;-0.36214226;[ 0.55570984 -0.25521857 -0.423919  ]
0.60549843;1.5285095;-0.1849413;[ 0.5638437  1.2214168 -0.1158026]
0.9527183;1.083337;-1.2971963;[ 0.9443694  0.7755722 -1.3304566]
0.15187305;0.9614354;-0.2819293;[ 0.16436127  0.7679273  -0.35634992]
0.5633125;0.5902609;-0.27206042;[ 0.63073343  0.4603181  -0.27526546]
0.13660914;0.96916395;-0.2569129;[ 0.10823926  0.77646947 -0.3346419 ]
0.13734442;0.0878337;-0.31146622;[ 0.11506747 -0.07592069 -0.48591748]
0.1259273;0.11281186;-0.3350877;[ 0.11535141 -0.0137679  -0.4104106 ]
0.051394343;-0.8259508;-0.38536224;[ 0.04454796 -0.8807206  -0.6449078 ]
0.9760449;-0.15342952;-0.6358316;[ 0.89731896 -0.22367729 -0.66099757]
1.1968294;-0.03657414;-0.8681737;[ 0.9539176  0.0470949 -0.8262379]
1.3014956;-0.5580558;-1.160083;[ 1.4376913  -0.55609983 -1.1649541 ]
0.03240732;1.3512243;-0.37365663;[-0.11219789  1.1328919  -0.4259883 ]
0.91925126;0.44176328;-1.7742335;[ 0.9295736  0.329476  -1.8775533]
0.04173818;0.4690327;-0.46209192;[ 0.01967801  0.32258588 -0.56819195]
-0.10757844;-0.24249436;-0.57407033;[ 0.04565117 -0.33296508 -0.58045596]
0.14355212;-0.56179327;-0.6071264;[ 0.3066117  -0.55195266 -0.6256785 ]
0.12476403;-0.45497;-0.8433969;[ 0.18616915 -0.40716493 -0.8630149 ]
0.41759217;-0.96331984;-1.3387735;[ 0.5519412 -1.0107492 -1.2654725]
0.05076071;0.6948001;-0.4367082;[ 0.03558528  0.5062885  -0.39706612]
-1.1425836;1.6248037;-0.002781622;[-1.0514995   1.4742812  -0.17700566]
-0.24082051;0.7593346;0.27058733;[-0.38094193  0.6738968   0.16340487]
-0.9406422;1.0714625;-0.3004199;[-1.0481933   0.9464284  -0.45585623]
-0.052974418;0.50807256;-0.23695791;[-0.11353688  0.26275566 -0.31317857]
-0.027790949;0.037490156;0.5067145;[-0.02838321 -0.06114102  0.08263978]
-0.99485666;1.160837;0.57300365;[-0.9585142  1.0099893  0.0197765]
-0.29044843;-0.11287245;1.0437325;[-0.55602276 -0.18725353  0.41299468]
-0.32418257;-0.020130321;0.47973806;[-0.40210432 -0.14640398  0.21676923]
-0.9635704;1.4536036;-0.06355199;[-0.9618733   1.3703643  -0.10338414]
0.039074473;0.09673143;0.31432173;[ 0.137188   -0.02680764  0.07146779]
0.26963854;0.019374762;-0.05393901;[ 0.22913158 -0.1385831  -0.23217748]
-0.37342203;-0.008806504;0.5603788;[-0.12406416 -0.10750614  0.12329036]
2.512282;-0.88446814;-0.13056149;[ 2.7414334 -1.2753109 -0.9810235]
-0.8055386;3.2924535;0.45764098;[-0.6883225  2.9788566  0.1829996]
20.90006;1.0084759;6.1706424;[23.540154    0.67345524  9.928271  ]
0.58471614;0.7689323;-0.6354542;[ 0.590714    0.4438247  -0.60159457]
0.60078543;0.7706769;-0.7747127;[ 0.5760214  0.4280504 -0.65659  ]
1.7689832;-0.2921027;-1.0258088;[ 2.0714664 -0.4841751 -1.2264194]
-0.60269904;1.3034282;-0.6434642;[-0.49829268  0.96869165 -0.6537911 ]
-1.5167814;2.7221665;0.40856987;[-1.2385887  2.4441938  0.1910209]
-0.63024914;0.91848654;-0.5616493;[-0.49706632  0.67439216 -0.6003194 ]
-0.7243083;1.506967;-0.03578792;[-0.59897876  1.2790903  -0.01123086]
-0.77797085;0.9820573;-0.32519895;[-0.6281245   0.7357514  -0.41758627]
-0.43555707;-0.017064542;-0.65950906;[-0.30842024 -0.13682513 -0.723149  ]
-1.2685697;2.3999445;-0.19975993;[-1.2521213  2.204595  -0.3916852]
-0.5529792;0.6030924;-0.68178123;[-0.5323342   0.44980437 -0.82760996]
0.7152435;-0.050635472;-1.3936961;[ 0.5578454  -0.19809736 -1.3884159 ]
0.014813811;0.9855269;-0.3637787;[ 0.03472583  0.6602378  -0.48275942]
0.0326792;0.03860586;-0.5422411;[ 0.03530791 -0.21554436 -0.7174896 ]
0.42578548;1.1648501;-0.55592406;[ 0.6216702  0.8859089 -0.6429285]
0.42737246;0.17385095;-0.92860997;[ 0.64685804  0.06966649 -1.014096  ]
-0.1515344;-0.012363479;-0.3441687;[-0.09071015 -0.0446259  -0.28543165]
-0.51310545;0.40634406;0.18647037;[-0.3503657   0.44945037  0.13524626]
-0.15624042;0.6162155;0.18730642;[0.05109929 0.584067   0.26343128]
0.006320536;-0.8262822;-0.4579866;[ 0.00748646 -0.8203427  -0.5176004 ]
-0.032316998;0.0682358;-0.6888964;[-0.09584357 -0.1574195  -0.46424165]
-0.054040775;0.07768437;-0.6928262;[-0.04355495 -0.10941732 -0.48088488]
-0.15779437;0.93195015;-0.61437625;[-0.25548857  0.6948391  -0.31775582]
0.42414165;0.70393914;-0.20589218;[ 0.39508826  0.51203054 -0.18468839]
0.35284817;1.6079148;0.25404477;[0.18127865 1.2934564  0.20503604]
0.50544846;0.6867871;-0.19050348;[ 0.5885359   0.51134276 -0.09164494]
-0.22317244;0.12713727;-0.30001965;[-0.2050068   0.02093465 -0.38156906]
-0.088488474;1.3754721;0.24523205;[-0.05190112  1.1369153   0.20932205]
-0.25965822;0.5055201;-0.43950835;[-0.00915135  0.33211613 -0.10816759]
-0.37211257;-0.3518921;-0.80759573;[-0.2459342  -0.40278077 -0.5173731 ]
0.46177822;1.1411648;0.32607996;[0.34096202 0.9171009  0.28287342]
0.38455772;0.25585663;0.085210726;[0.43640164 0.18130125 0.00097748]
-0.46944505;-0.3309607;-0.007136997;[-0.3210926  -0.27362806 -0.18429133]
0.27830994;0.266305;-0.12760471;[ 0.09249507  0.16293286 -0.13046765]
1.0100898;-0.25762814;-1.1713737;[ 0.8166776 -0.2904691 -1.0097884]
-0.22618456;0.37072474;-0.8224604;[-0.21737014  0.23929246 -0.6552635 ]
1.0356395;-0.24924292;-1.9545474;[ 0.85363954 -0.31851697 -1.3759097 ]
-0.2680443;-0.38769394;-1.5057142;[ 0.07283153 -0.45496178 -1.421141  ]
0.5870558;0.9947783;-0.38106492;[ 0.39750952  0.85398227 -0.2416827 ]
0.2057589;1.0056256;-0.24383661;[ 0.19189373  0.7884426  -0.28929082]
0.0048185736;-0.22371362;-0.87513506;[-0.06068651 -0.3232302  -0.59333384]
0.45146298;0.104759194;-0.67567956;[ 0.43775284 -0.06744929 -0.6556801 ]
0.6557665;0.15113267;-0.43579733;[ 0.30493382  0.0171507  -0.34378707]
0.20797986;0.22563608;-0.21441835;[ 0.11210918  0.09100854 -0.31003755]
-0.49440235;-1.1944655;-1.7476163;[-0.05277325 -1.2508565  -1.7383608 ]
0.8369659;0.44367045;-1.7982914;[ 0.8578087  0.2882967 -1.6369597]
-0.97989136;1.123684;-0.6504772;[-1.0410455   1.0581853  -0.76005095]
0.7792167;0.43818182;-1.4120286;[ 0.6630087   0.32072294 -1.4531132 ]
0.7859839;-0.013869643;-0.8345438;[ 0.7265567  -0.10781698 -0.8875528 ]
0.7922261;-0.44076377;-1.8004518;[ 0.7773899 -0.507277  -1.7274557]
-0.5642709;0.7022581;-0.7253866;[-0.5000768   0.49205714 -0.7276906 ]
-0.85161924;1.5389963;-0.679935;[-0.8144572  1.4107906 -0.6473635]
-0.58157486;0.7057699;-0.7707516;[-0.4661116  0.6104928 -0.7412239]
0.80638355;0.067257516;-1.7540823;[ 0.82219243 -0.04103331 -1.5501682 ]
0.736147;-0.8123338;-1.7324784;[ 0.677137   -0.84824884 -1.6412215 ]
0.8686126;1.7589215;-3.0989957;[ 0.84528923  1.3375437  -2.3817184 ]
0.90542334;0.88643324;-1.7994133;[ 0.8963129   0.62978387 -1.8313878 ]
0.7550267;0.5003497;-0.8166295;[ 0.51045614  0.3267256  -0.82157725]
-0.7422642;0.7650326;-0.5167316;[-0.7252738   0.66624546 -0.63221884]
0.7613335;0.08409612;-1.358935;[ 0.61663216 -0.04368705 -1.3525809 ]
0.065671444;0.90463454;-0.28941682;[ 0.13556258  0.71754456 -0.3479931 ]
-0.14747517;0.05131405;-0.49212122;[ 0.0029407  -0.08001988 -0.6234626 ]
0.00080960244;0.9800906;-0.23637158;[-0.05345018  0.77645737 -0.27581963]
-0.56027955;1.2120157;-0.611711;[-0.44887644  1.0006354  -0.5654925 ]
-0.769491;1.2543808;-0.3166685;[-0.75589895  1.1147463  -0.35235655]
-0.8524382;2.0670164;-0.98049426;[-0.88414276  1.8451647  -1.0282964 ]
-0.939194;2.0874007;-0.7854081;[-0.94782174  1.8483374  -0.78290534]
-0.6166652;1.1974703;-0.6539306;[-0.49678326  0.98220706 -0.6680047 ]
-0.4857248;1.1902307;-0.64462;[-0.3885165  0.9960542 -0.5906682]
-0.7085255;1.2580011;-0.39909407;[-0.7135555   1.137262   -0.34426928]
-0.46148878;0.4236042;-0.43832335;[-0.35377038  0.2625572  -0.45921347]
-0.95451933;1.3467053;-0.29377708;[-0.9953531   1.2316023  -0.21679012]
-0.18995063;0.28556734;-0.36671725;[-0.22813089  0.10951792 -0.5967675 ]
-1.1453624;2.1653597;0.051838826;[-1.0632787   1.9499329  -0.05397615]
-0.6052598;1.269238;-0.14121613;[-0.6725151   1.0754837  -0.35047004]
0.6008288;-0.40193206;-0.17066388;[ 0.54487836 -0.46162266 -0.27971363]
0.03840719;0.9371013;-0.022476058;[ 0.19567807  0.7670564  -0.12896422]
0.46886605;0.44724602;-0.6407933;[ 0.5294579   0.30887818 -0.38768685]
0.6834256;1.643425;0.3961591;[0.47457075 1.3155816  0.3146602 ]
2.7170415;0.4160064;-0.38527095;[ 3.8837712  -0.01283838 -0.39176193]
0.506091;-0.39628232;-0.59418553;[ 0.48283613 -0.42744368 -0.4714652 ]
2.2834282;0.55511063;0.20535064;[ 2.3856168   0.279531   -0.10532741]
1.6597985;-0.39709395;-0.46384066;[ 2.149828  -0.6648843 -0.9552893]
0.45050573;-0.33365726;-0.39588767;[ 0.3717417  -0.41687554 -0.37527987]
-0.57666296;1.2446388;-0.780588;[-0.4224975  0.9722155 -0.7742337]
-0.33697307;0.4000486;-0.6683278;[-0.22252734  0.17383339 -0.6814311 ]
-0.5299903;1.2726451;-0.67466474;[-0.3580194  1.0140592 -0.6413055]
-0.89750344;2.1591682;-0.87719476;[-0.89363706  1.8853613  -0.92845345]
-0.50223106;1.2826046;-0.6023779;[-0.40042382  1.0269976  -0.60022503]
-0.5917867;1.2605605;-0.6346136;[-0.46084553  0.99756765 -0.6487082 ]
-0.5536994;0.81733996;-0.6874709;[-0.47818565  0.6201023  -0.7320532 ]
-0.66153497;1.3733991;0.44747788;[-0.46467197  1.1617761   0.38666803]
-1.7069119;2.5841954;-1.7529178;[-1.632485   2.3645954 -1.4718269]
-0.79732865;1.7165923;-1.0092741;[-0.8062546  1.5076656 -0.746772 ]
-0.55366963;0.8192014;-0.7802896;[-0.4681514   0.66566396 -0.6349341 ]
-0.5690571;0.82137924;-0.5506489;[-0.42735952  0.6269187  -0.61563283]
-0.21780373;0.39258575;-0.2280502;[ 0.0051218   0.25948873 -0.32220873]
-0.7310999;0.90888304;-0.20244706;[-0.66254663  0.7473358  -0.32681158]
-0.8413096;1.6161726;-0.7277713;[-0.778599   1.424524  -0.7304158]
1.014002;1.8567202;-3.129385;[ 0.8456953  1.4413462 -2.390647 ]
0.9587244;0.13163519;-1.5539787;[ 0.99323434 -0.00924556 -1.5408047 ]
-1.0296808;1.705878;-0.31228507;[-1.036063   1.5433666 -0.417018 ]
0.94907427;0.17840779;-1.2648007;[ 0.87016225  0.01164734 -1.3153082 ]
0.8735478;-0.7502652;-1.5412778;[ 0.89871114 -0.87834305 -1.5923585 ]
0.91066486;0.22142616;-1.3200508;[ 1.000454    0.12202788 -1.2288762 ]
0.093225345;0.7154798;0.77393895;[0.08065154 0.5829422  0.6389521 ]
0.09406374;1.0223448;-0.3336784;[ 0.13498083  0.7945911  -0.42519507]
0.58496314;0.6612519;-0.26542956;[ 0.6218808   0.4875958  -0.26361424]
0.14522696;1.1150597;-0.16966216;[ 0.01725264  0.86374336 -0.17027926]
0.07025551;-0.75006384;-0.46672118;[ 0.06459187 -0.8669367  -0.6467901 ]
0.041038178;1.3840243;-0.4124425;[-0.11295302  1.10014    -0.6051905 ]
-0.016665414;0.47605062;-0.4848206;[ 0.02704409  0.3007164  -0.6435154 ]
0.63168454;-0.19646285;-1.5873547;[ 0.63241935 -0.30845445 -1.4381714 ]
-0.04699807;0.507075;-0.40675598;[-0.07003947  0.36399388 -0.5369949 ]
0.5286492;-1.0285107;-1.6017306;[ 0.58478457 -1.113267   -1.487346  ]
-0.046191722;-0.1758872;-0.5892341;[ 0.10811962 -0.28349227 -0.6243401 ]
0.8847704;1.1416909;-0.2972167;[ 0.7577682   0.98660666 -0.2915937 ]
0.01834312;-0.17416248;-0.65035975;[ 0.08197509 -0.29999965 -0.6531212 ]
0.7308307;0.1326598;-1.6603668;[ 0.997042    0.00737274 -1.5564312 ]
-0.85334563;1.6488528;-0.6362364;[-0.7983345  1.4462537 -0.6283484]
-0.55451614;0.7617362;-0.71215487;[-0.46876216  0.5489855  -0.7254815 ]
0.8497984;1.6249825;0.53855544;[0.6296236 1.2728513 0.3702854]
-1.3834288;2.5405953;-0.7047187;[-1.3757892  2.2809587 -0.757246 ]
0.78790337;0.95359725;-2.0454254;[ 0.9569078  0.7434598 -2.0360005]
-0.8117234;1.6553829;-0.6744197;[-0.8173504  1.4288167 -0.653393 ]
0.7866153;0.6089837;-0.31472912;[ 0.7540015   0.47870082 -0.2845378 ]
-0.6651035;0.8228207;-0.6999899;[-0.6925947   0.64551604 -0.7343046 ]
1.0257028;1.1820282;0.40714407;[0.55952835 0.9403762  0.63663167]
-0.44039506;-0.08627732;-0.74579644;[-0.43570435 -0.18596365 -0.8142289 ]
0.717473;0.13988526;-1.5820946;[ 0.763618    0.00280682 -1.4189004 ]
0.72854227;-0.30690688;-0.7520088;[ 0.77529573 -0.43399578 -0.84359854]
0.035387598;1.0876194;-0.20937932;[-0.00545461  0.8298067  -0.24596398]
0.12707117;0.13810918;-0.34175575;[ 0.14840496 -0.07540107 -0.48547533]
-0.018898845;0.17893197;-0.26818556;[-0.0077932  -0.04738718 -0.53133726]
-0.53626573;1.2531109;-0.7661978;[-0.38763195  1.0368824  -0.7229169 ]
-0.70418614;1.3401872;-0.46182;[-0.6732637  1.0716966 -0.5143233]
-1.250692;2.244437;-0.33105135;[-1.069294    1.9734674  -0.37168255]
-0.24288417;0.42269784;-0.70788586;[-0.14638396  0.24538825 -0.67912495]
-0.40711015;0.4911701;-0.4138208;[-0.38384008  0.25950235 -0.5453549 ]
-0.37002182;0.4808032;-0.39112806;[-0.28349495  0.29570448 -0.46681488]
0.042245593;-0.4584325;-0.7318655;[ 0.01940142 -0.51992834 -0.73504907]
-0.48456472;0.84155023;-0.2019614;[-0.3058176   0.66788584 -0.34968448]
-0.6334049;1.3790125;0.73795605;[-0.48952502  1.1785593   0.6441252 ]
-0.53709596;0.81144476;-0.6043308;[-0.3843705   0.72515535 -0.48875824]
-0.58371884;0.8284905;-0.23803458;[-0.431238    0.65725374 -0.3258145 ]
-0.34506005;-0.036239557;-0.6014834;[-0.25708425 -0.04031201 -0.5133252 ]
-1.6947924;2.6149113;-0.67683;[-1.613556   2.3553972 -1.188244 ]
-1.222142;2.2767918;0.9043975;[-0.9383385   2.0432189   0.81381524]
-0.75716597;1.7066692;-0.73139703;[-0.738013    1.5388349  -0.63229376]
-0.6369;1.373798;0.7098971;[-0.5348317  1.1847347  0.6116615]
-0.44187963;1.3067205;-0.037092667;[-0.36354876  1.1069406   0.04586136]
-0.4176523;-0.06649144;0.008533072;[-0.27949828 -0.11128247 -0.1657552 ]
-0.8451141;1.4344091;0.8481896;[-0.84610116  1.2825898   0.7661337 ]
-0.5758713;0.8206438;-0.68930703;[-0.48164618  0.6274291  -0.6925493 ]
-0.37598133;-0.050220907;-0.21113092;[-0.31176436 -0.11572181 -0.17138843]
-0.66573083;1.6346425;-0.13002726;[-0.7296668   1.433881   -0.28551263]
-0.95869154;1.6713578;-0.53807276;[-0.92105603  1.4928066  -0.6800372 ]
-0.37335896;-0.061570197;-0.47782218;[-0.29489273 -0.17478308 -0.5336557 ]
-0.20122214;-1.0030106;-0.40066558;[-0.21504702 -1.067661   -0.53485847]
-0.27901137;-0.007372007;-0.735342;[-0.20915769 -0.0585221  -0.71235967]
-1.6951926;2.6620927;-0.8583112;[-1.6352563  2.3654244 -1.2210394]
-0.83453244;1.7477084;-0.64394134;[-0.84771895  1.4933493  -0.79924476]
-0.4567964;0.82129043;-0.8049704;[-0.459297   0.6577083 -0.7082596]
-0.8538793;1.7663299;-0.5969633;[-0.858711    1.5040063  -0.66059947]
-0.4912941;0.8809408;-0.5277687;[-0.36631733  0.6556788  -0.50766814]
-0.29718262;0.40772015;-0.39703438;[-0.13954075  0.23812124 -0.4049776 ]
-1.1715069;1.8095105;-0.29743135;[-0.9899498   1.609472   -0.31029004]
-0.5798927;0.88766557;-0.6152987;[-0.46214765  0.6274878  -0.61539894]
-0.62165076;0.90603966;-0.4769143;[-0.6336881   0.7780951  -0.48425856]
-0.62842435;0.90235305;-0.29029328;[-0.5500185   0.74408793 -0.3481612 ]
-0.43602538;0.022508074;-0.5688554;[-0.44705105  0.01236632 -0.56975347]
-0.5988819;0.91181487;0.0777393;[-0.6201458   0.7341174  -0.05817327]
-0.25680584;0.03876361;-0.61013967;[-0.15934853 -0.11641133 -0.5706134 ]
0.84732467;0.5992962;-1.4119288;[ 1.0757949  0.5622388 -1.4558848]
0.82278156;0.18057987;-1.2221394;[ 0.7294619   0.08384101 -1.1080389 ]
0.91352713;1.4915391;-1.7467954;[ 1.0074997  1.2673663 -2.0635962]
-0.8115485;1.78449;-0.13611442;[-0.8404926   1.6096741  -0.25215122]
0.8893803;1.0603819;-1.300519;[ 0.6800921   0.79402494 -1.2271471 ]
0.92120117;0.6367311;-0.588189;[ 0.71455646  0.40756834 -0.42366865]
-0.4938504;0.8973533;-0.29182196;[-0.46082819  0.7714357  -0.36000782]
0.8375489;0.17595044;-1.3987572;[ 0.70358     0.07528828 -1.2090676 ]
0.5972892;-0.26839316;-1.9730754;[ 0.6851926  -0.29371375 -1.7217124 ]
1.0057117;0.74621636;0.018152375;[0.7191902  0.5633815  0.03331178]
0.75219613;0.21547785;-0.031597484;[ 0.8104954   0.26305223 -0.13684456]
0.60508746;-0.6887197;-0.90366966;[ 0.61525095 -0.6481595  -0.9802589 ]
-0.3352893;-0.46429664;-0.8130749;[-0.30938417 -0.43606722 -0.847846  ]
-0.1437756;-0.29483038;-0.74994934;[ 0.00162745 -0.2871986  -0.73971134]
0.13120449;1.5036591;-0.20127413;[ 0.06352197  1.2810327  -0.25403386]
-0.10303672;0.5995228;-0.7655803;[-0.13406701  0.43832338 -0.7979001 ]
0.11610439;0.6194761;-0.28309122;[ 0.16922025  0.48874056 -0.29414865]
0.05601981;0.6620618;-0.22317457;[ 0.03745006  0.5450447  -0.24913077]
-0.042871445;-0.67307466;-0.7270397;[ 7.0753694e-04 -7.5247324e-01 -6.6564542e-01]
-0.16370301;-1.1377468;-0.8750969;[-0.07329287 -1.1050252  -0.89493   ]
-0.8701217;1.3530916;-0.82316923;[-0.9180608   1.1485201  -0.67830133]
-0.85780233;1.3549739;-0.74320376;[-0.864241   1.1484802 -0.5815862]
-0.47355604;0.91687816;0.40529197;[-0.39460373  0.77180994  0.46014208]
-0.62292933;0.95538473;0.4448294;[-0.679724    0.898955    0.56393844]
-0.30204225;0.036661103;0.26484534;[-0.17225112 -0.02543151  0.29805493]
-0.43769175;0.42247444;0.18527041;[-0.3252586   0.29716915 -0.01162075]
-0.8561832;1.3553213;-0.28900957;[-0.84802103  1.1476073  -0.41302636]
-0.5586949;0.4548114;-0.4126528;[-0.47879398  0.30380428 -0.33344004]
-1.1457407;1.3993479;-0.13612269;[-0.9617387   1.2681471  -0.25171673]
-0.7114987;0.9585249;0.18312517;[-0.6608255   0.82764184  0.12496382]
-0.7011067;0.50546587;-0.3016119;[-0.6638442   0.3766713  -0.28176218]
-0.73521864;0.9697016;0.4663804;[-0.80087566  0.8063101   0.40680403]
-0.48158783;0.81185895;0.26627177;[-0.44439387  0.6826611   0.09711193]
-0.5159759;1.1434636;-0.1365066;[-0.6462034   1.0119236  -0.06174767]
-0.17359199;0.2457531;-0.56609094;[-0.29807335  0.12878086 -0.45252028]
-1.2099345;1.7301555;0.39650744;[-1.1352681   1.613465    0.45048538]
-0.41352504;0.359739;-0.16616102;[-0.67779434  0.26033044 -0.08677756]
-0.54589564;0.7822326;0.020488266;[-0.4417202   0.59934825 -0.14076294]
-0.06414023;-0.1625451;0.61688876;[ 0.02534744 -0.22680546  0.11166283]
-0.868913;1.7025682;-0.6633346;[-0.8729671  1.4840901 -0.7063125]
-0.5551127;0.8298928;-0.5178002;[-0.39864188  0.60367537 -0.5960179 ]
-1.6938661;2.5926354;-0.9369776;[-1.6059402  2.3267784 -1.2019548]
-1.2803957;2.2891362;1.0456817;[-0.9658495   2.0392535   0.90000933]
-1.2181932;1.7847646;-0.18681023;[-0.99661934  1.6001148  -0.28539896]
-0.97030085;1.4954458;1.044714;[-0.89089835  1.3113782   0.86598027]
-1.7065529;2.1427932;-1.045423;[-1.6389519  1.9700278 -1.1634341]
-1.2261162;1.335399;-0.2395302;[-0.9971243   1.2430199  -0.29991958]
-0.5628578;0.37405896;-0.58562243;[-0.4726017   0.20212044 -0.627808  ]
-0.33536947;-0.038582087;0.3230306;[-0.22120582 -0.10285702  0.3175626 ]
-0.8805477;1.2394861;-0.54487836;[-0.8820622   1.1023492  -0.56568485]
-1.2236637;1.3224298;-0.12719786;[-0.99669707  1.2301952  -0.24278131]
0.6951203;-0.41394836;-1.3147094;[ 0.84592736 -0.433995   -1.1970859 ]
0.22298443;1.3930849;0.19169459;[0.05907708 1.154254   0.01389594]
0.7033164;0.96960753;-0.18845049;[ 0.59916633  0.7440236  -0.13441116]
0.68902284;0.09171844;-0.20229042;[ 0.64135844 -0.02106807 -0.21573296]
0.23322345;0.2887801;-0.742062;[ 0.09946695  0.13312313 -0.71027035]
0.9057749;-0.31898624;-1.0434499;[ 0.7884422  -0.40334368 -1.0390694 ]
-0.4371732;0.8282319;-0.56958795;[-0.3039257  0.6538452 -0.6394776]
-0.43220824;0.45440537;1.0556011;[-0.36320424  0.37237883  0.56812406]
-0.81940407;1.7012615;-0.6612121;[-0.7960293   1.5049344  -0.76363367]
-0.57764924;0.89105946;-0.18496512;[-0.5714155   0.75633305 -0.25549853]
-0.87643266;1.693409;-0.5173157;[-0.87732196  1.5040737  -0.6902329 ]
-0.6288946;1.3367869;0.8320526;[-0.56889236  1.1823181   0.5501748 ]
-0.5693879;0.826786;-0.46080744;[-0.4225369   0.62470996 -0.5969432 ]
-0.93056864;1.6888449;-0.23357931;[-0.85477877  1.4930879  -0.42804697]
-0.85586494;1.7002043;-0.37261653;[-0.8023437  1.4949969 -0.581437 ]
-0.39175957;1.3062345;-0.016066011;[-0.32604086  1.0955067   0.07747087]
-0.7010749;0.82694083;0.43832153;[-0.6115102   0.7476194   0.17201383]
0.7515308;0.15089107;-0.45761758;[ 0.78566533  0.11500441 -0.40696427]
1.060153;1.4191364;-2.0610428;[ 0.9633274  1.1691409 -2.2391987]
-0.7020007;1.2077316;-0.9049545;[-0.71282864  1.0552095  -0.80399686]
0.889465;1.0347865;-0.29030013;[ 0.82846844  0.8498404  -0.25223446]
0.87512577;-0.30986512;-1.8939174;[ 0.8432208 -0.3603658 -1.7008222]
1.0648681;0.6144435;-0.9842713;[ 0.957028   0.427078  -1.1579294]
-0.65169686;0.3722399;-0.6654111;[-0.62720746  0.38324594 -0.6604451 ]
-0.16472526;-0.08113401;-0.371192;[-0.05759878 -0.11448045 -0.44687507]
0.108775854;-0.3239557;-0.82147205;[ 0.08620559 -0.33458108 -0.644471  ]
0.7494927;1.1642587;-0.35440868;[ 0.7490829   0.9036951  -0.27197647]
-0.04038754;1.077109;0.26089504;[-0.01848717  0.9091145   0.23403586]
0.7628018;0.23300636;-0.44177136;[ 0.7521447   0.19746284 -0.41018155]
0.24417257;0.13022673;-0.4188663;[ 0.24169968  0.04468779 -0.30950996]
0.13364747;-0.29642463;-0.8374165;[ 0.06209287 -0.34920102 -0.6486023 ]
0.22350089;-0.31872278;-0.19695315;[ 0.188149   -0.38686222 -0.30843887]
-0.5115106;0.427922;0.4790457;[-0.30917734  0.35704994  0.29522848]
-1.709654;2.5983193;-1.1595931;[-1.6380119  2.3464017 -1.369649 ]
-0.8687637;1.7000887;-0.7157106;[-0.8609047   1.4807209  -0.87829584]
-0.6624893;1.3350811;0.69454086;[-0.5819798  1.1407661  0.5171042]
-0.85408777;1.7135447;-0.6080796;[-0.8336117  1.4800831 -0.7431528]
-0.6091581;0.86431277;0.07970176;[-0.57933027  0.69448483 -0.10562246]
-0.5752662;0.8497583;-0.7139548;[-0.42532086  0.6592118  -0.6000758 ]
-0.6477402;1.3927345;0.06468715;[-0.64442587  1.1706398   0.18815516]
-0.35503966;0.010331467;-0.71071535;[-0.25779092 -0.0917449  -0.6208312 ]
-0.9168481;1.4744922;0.82723165;[-0.95371044  1.3012882   0.710177  ]
-0.42099035;0.4551745;0.49987507;[-0.2574823   0.3200506   0.26200578]
-0.92638665;0.946437;0.16730936;[-0.8614943   0.7991278   0.06762587]
-0.2503364;0.45530552;-0.1292983;[-0.20542915  0.32985967 -0.0898689 ]
0.17663923;-0.439475;-0.39661497;[ 0.24781956 -0.5224085  -0.3772988 ]
-0.72269684;0.8140471;0.5164683;[-0.46792227  0.6511557   0.34812507]
-0.2726528;0.81061316;0.39313722;[-0.14780332  0.6334722   0.15916969]
-0.7356324;1.2191526;-0.50486183;[-0.6506587   1.0795726  -0.51487845]
-0.68063635;0.821145;0.53204364;[-0.53802294  0.6594768   0.3571299 ]
-0.49870223;0.353705;-0.3209362;[-0.35302603  0.26351535 -0.25741556]
-0.54832727;0.35491264;0.12644185;[-0.44606924  0.2004806   0.06089435]
-0.9327746;0.9060587;0.614642;[-0.8913517   0.7805313   0.51076716]
0.06506547;-0.07400863;0.2742575;[ 0.12031849 -0.10265015  0.02650656]
-0.28353786;-0.5689629;-0.4147837;[-0.16048278 -0.5263735  -0.34758604]
-0.37532902;-0.040485717;0.27595145;[-0.18542863 -0.13296498  0.15475978]
-1.6884938;2.3236716;0.118389964;[-1.4853216   2.127833   -0.05924255]
-0.8589943;1.4402531;0.009665318;[-0.8429091   1.267842   -0.13914663]
-0.5800452;0.22602622;-0.3412547;[-0.47400486  0.21363991 -0.3015893 ]
-0.5950993;0.5791295;-0.111380175;[-0.43793106  0.4211278  -0.23032102]
0.6470476;-0.4326383;-1.2335315;[ 0.78980654 -0.44689894 -1.1294664 ]
0.3731637;0.19460294;-0.06890078;[ 0.5098941   0.097286   -0.11868924]
0.59257823;0.9608554;-0.15203732;[ 0.53591275  0.7402527  -0.10243987]
-0.28372282;0.98300606;0.12559278;[-0.20736639  0.7823456   0.22445591]
-0.017838411;0.1111708;0.11135845;[0.00024182 0.01574269 0.09838991]
-0.321203;0.8232538;0.7872948;[-0.1182902  0.6831665  0.8178156]
0.6391689;0.1213587;-0.07551466;[ 0.4735487   0.00342605 -0.18088076]
0.7643383;-0.37960976;-1.0115228;[ 0.68768215 -0.3882454  -1.0012108 ]
-0.12901393;-0.69022506;-0.9662168;[-0.03159444 -0.72519875 -0.928074  ]
0.5194715;-1.2791142;-1.3146045;[ 0.6492034 -1.2695227 -1.2721794]
-0.00033887476;-0.74677044;-0.08283487;[ 0.00934015 -0.855745   -0.13243517]
-0.47480863;0.8121519;-0.53474957;[-0.30735612  0.6428101  -0.5274799 ]
-0.4898265;0.8234628;-0.17970605;[-0.37049836  0.629802   -0.18898888]
-1.7067116;2.5834196;-1.579757;[-1.6343845  2.3475018 -1.3928429]
-0.8308149;1.6800886;-0.6665267;[-0.79070485  1.480558   -0.70082575]
-0.7618589;1.7082354;-0.07421687;[-0.80766964  1.4826809  -0.18633974]
-0.15138279;-0.042069174;-0.5266713;[-0.11273174 -0.12083061 -0.5242435 ]
-0.878814;1.4254665;0.04077808;[-0.8925661   1.2695476  -0.04521425]
-1.6902134;2.3162026;0.19591285;[-1.5060309   2.1050253   0.10205661]
-0.83566767;1.497187;0.10090992;[-0.8560492   1.2944609  -0.01474313]
-1.1973934;1.5085163;0.15814242;[-1.0616552   1.3983711   0.10859092]
-0.3475501;-0.8057044;-0.5655521;[-0.28974593 -0.92344844 -0.6734678 ]
-0.6513403;-0.047932282;-0.54059863;[-0.48154277 -0.10476725 -0.48725453]
-1.7203665;2.5709317;-1.9507794;[-1.656271   2.3846614 -1.5133411]
-0.97666746;1.7057279;-0.010539781;[-0.9171481   1.4601564  -0.08770996]
-0.8873705;0.82613355;-0.48737633;[-0.80945706  0.7111858  -0.44841635]
-0.85121536;1.6867982;-0.7768369;[-0.8833498   1.4950887  -0.89462906]
-0.82997394;0.9360102;-0.053718906;[-0.8437046   0.763411   -0.08981156]
-0.6889661;0.085076764;-0.48382324;[-0.7779517  -0.03039568 -0.35587865]
-0.29388297;-0.013792977;-0.26530826;[-0.24400733 -0.17197175 -0.2828129 ]
-0.41043526;-0.95523185;-0.566942;[-0.38825935 -1.0555844  -0.5728542 ]
0.8201558;1.2320784;-0.66445917;[ 0.6364647   0.8459308  -0.44702885]
-0.077951774;1.2604173;-0.0027748458;[-0.04721726  1.0317749   0.02645074]
0.59756005;-0.36694825;-1.2804208;[ 0.5401809 -0.3873611 -1.0287572]
0.7199332;0.61279976;-1.1454087;[ 0.6081752   0.4385532  -0.92531365]
-0.77120847;2.4961376;-0.14138994;[-0.7494739   2.2274847  -0.21966757]
1.5705605;1.6088287;-1.5894917;[ 1.5836036  1.2377976 -1.6589088]
-1.0000539;2.5720458;0.027335968;[-1.0666794   2.372902   -0.02099738]
-0.5216937;1.5540539;-0.25966305;[-0.42609096  1.3584749  -0.36522382]
1.3871866;0.5933824;-1.589783;[ 1.4103804  0.3951345 -1.7466999]
0.6175328;1.3099455;-0.98682;[ 0.7044234   0.9185165  -0.96820265]
0.8096191;2.200883;-0.9916638;[ 0.58328795  1.6960255  -1.0555899 ]
0.6802457;0.23503944;-0.55481315;[ 0.6767853   0.13990936 -0.5608698 ]
-0.43441433;-0.121505395;-1.5319518;[ 0.37334847 -0.31513643 -1.5320622 ]
0.6652053;1.2077292;-0.45212185;[ 0.64993054  0.8866209  -0.4633666 ]
-0.19224663;1.2438859;-0.8278708;[-0.10064544  1.0406388  -0.8798994 ]
0.76116323;0.54764616;0.16438262;[0.71384495 0.4046691  0.05820288]
-0.40104908;-0.15678523;-0.40374365;[-0.14665414 -0.31546974 -0.4035795 ]
-0.07335217;-0.46162558;-0.43580288;[ 0.2410303  -0.61976576 -0.46783236]
0.36444622;1.0578915;-0.008429062;[ 0.10876766  0.90665674 -0.10220931]
-0.027812794;0.40605408;-0.3376948;[ 0.17565379  0.24307619 -0.27631858]
0.06956877;0.59303373;-0.91967565;[ 0.49460733  0.28284615 -0.8655997 ]
-0.49600923;0.49649602;0.73498404;[-0.47185683  0.46287256  0.65891886]
-0.3109007;-0.9567819;-0.52838117;[-0.2807395  -1.1797104  -0.66462165]
-0.18992211;-0.32209575;-0.5315417;[ 0.0628058  -0.48642337 -0.49378785]
0.23794104;-0.752929;-1.4423765;[ 0.64988184 -0.7258847  -1.4019891 ]
-0.086740166;0.7308864;-0.78214824;[-0.02323136  0.51110953 -0.8359379 ]
-0.1335033;1.0669557;-0.012462471;[-0.1364368   0.8814777   0.01243332]
-0.2551595;0.13219276;-1.1683488;[ 0.02390094 -0.06036772 -1.0743474 ]
0.2756945;0.98380524;-0.6680943;[ 0.346128    0.74602485 -0.36119387]
-0.80479413;1.0472533;-0.9955677;[-0.6274078   0.95233727 -0.6953525 ]
-0.07426469;0.7174564;-0.8211802;[ 0.1781764  0.540211  -0.8423677]
-0.52843755;1.0546719;-1.0554491;[-0.17429565  0.86039805 -0.9105262 ]
-0.1812758;0.7269873;-0.7666609;[-0.19022141  0.5679181  -0.81163985]
0.2882363;0.69779783;0.73579574;[0.16564682 0.59940577 0.66607   ]
0.46352863;0.7884839;-0.002338592;[ 0.25007677  0.54731977 -0.06521611]
0.6543706;0.27068222;0.0054200552;[0.63168275 0.16506334 0.0124277 ]
-0.263404;-0.72284496;-1.0190027;[-0.23386385 -0.81612486 -1.0038109 ]
-0.0414557;-0.22701879;-0.49069226;[ 0.18948165 -0.26498717 -0.43387976]
-0.27078068;0.4337492;-0.62075835;[-0.19672222  0.25912762 -0.5809879 ]
-0.87307787;2.1017418;-0.9786539;[-0.8800025  1.8657647 -1.0815953]
-0.7420757;1.3354453;-0.34116697;[-0.70260763  1.1813296  -0.32750186]
-1.6845907;2.9867878;-2.415439;[-1.5764837  2.7384071 -1.551212 ]
-1.2785665;2.2309988;-0.10505761;[-1.1339447   2.054153   -0.07320118]
-0.51470464;1.2653042;-0.56807315;[-0.46432877  1.0408374  -0.5600136 ]
0.94234693;0.9819713;-1.7947116;[ 0.95713586  0.72065425 -1.8048795 ]
0.8648456;0.53423655;-0.9242171;[ 0.6770803  0.3605194 -0.8811443]
0.80989236;0.18465304;-1.4819818;[ 0.7834646  0.0197469 -1.368255 ]
-1.3940209;2.5281508;-0.78685325;[-1.4094774   2.3037276  -0.89616716]
1.0430449;1.5219134;0.11026235;[ 0.8043642  1.1940696 -0.0774287]
-0.80034274;1.6572021;-0.6554957;[-0.8148341   1.4656667  -0.64647627]
0.92170674;0.13945061;-1.7257177;[ 9.39771414e-01 -1.15558505e-04 -1.58702409e+00]
0.8646127;0.59279853;-0.65027857;[ 0.5594885   0.35826612 -0.69089323]
0.122764185;0.17621186;-0.3722423;[ 0.1448708  -0.05083348 -0.46980813]
0.08901603;1.0457623;-0.28425962;[ 0.15835458  0.79131657 -0.36908627]
-0.08643542;0.17780985;-0.97946525;[ 0.06033973 -0.03342196 -0.7150433 ]
0.0797748;1.940993;-0.25399506;[-0.09814684  1.6052456  -0.37779334]
-0.05148004;1.1475772;-0.2513971;[-0.08766247  0.9150754  -0.2414155 ]
-0.037092716;-0.73578984;-1.0141497;[ 0.02328777 -0.81238043 -0.80769765]
-0.48569638;0.5235357;-0.5524461;[-0.3891136   0.31310683 -0.50327855]
-0.56014353;1.2767713;-0.838091;[-0.4552636   1.0126173  -0.78615576]
-0.4843011;1.2977893;-0.69769466;[-0.35647112  1.0163742  -0.6569577 ]
-0.6646566;1.364829;-0.3745983;[-0.64961225  1.1541275  -0.38904998]
-1.0109406;1.446095;-0.14893039;[-1.017614   1.2860152 -0.1707594]
0.04744471;-0.4170227;-0.76483023;[-0.01386292 -0.5134748  -0.7679265 ]
-0.88444406;1.7381281;-0.8377545;[-0.92428434  1.5286427  -0.9391293 ]
-0.568176;0.8698557;-0.6911886;[-0.49436784  0.66019493 -0.71757936]
-0.74254817;1.7059146;-0.80512416;[-0.75886714  1.5499932  -0.70794076]
-0.9450806;1.7039675;-0.40163943;[-0.9032146   1.5223389  -0.63575137]
-0.9970918;1.776189;0.18298434;[-0.99418867  1.5544754   0.06577273]
-0.856299;1.7496852;-0.6684695;[-0.87649786  1.5255705  -0.77916986]
-0.28025275;0.00878197;-0.43891126;[-0.19846486 -0.10986197 -0.48775858]
-0.47058886;0.82761616;-0.46734673;[-0.303729   0.6529352 -0.5722699]
-0.56477684;0.85654086;-0.6261108;[-0.40423942  0.7104871  -0.53512555]
-0.5539677;0.83914167;-0.746891;[-0.48474675  0.63546145 -0.7462055 ]
-1.2777289;2.3006625;0.7904501;[-0.96669364  2.0595691   0.65838915]
-0.849057;1.7251741;-0.7675597;[-0.8802588   1.4944016  -0.84658563]
-0.5525731;0.86281735;-0.58810115;[-0.41822565  0.71169245 -0.5191752 ]
-1.2759639;1.7951051;-0.3620935;[-1.100048    1.6465691  -0.34139705]
-0.6187627;0.89119273;-0.1350894;[-0.6127651   0.76213956 -0.21187478]
-0.77591306;0.93769544;-0.21987751;[-0.7051971   0.82052785 -0.31155226]
-0.63678676;0.82531375;-0.1872599;[-0.46177948  0.625342   -0.22042288]
-1.7183281;2.585828;-2.013437;[-1.6589001  2.3934822 -1.5209062]
-1.2843823;1.7849294;-0.35954502;[-1.1160984  1.6642462 -0.35965  ]
-0.7183593;0.9088519;-0.045968402;[-0.70825815  0.7480961  -0.06466967]
-0.4167189;1.1324695;-0.2020143;[-0.4129935   0.9756011  -0.31059068]
-1.5982207;2.9130309;0.022645947;[-1.3249527   2.689608   -0.22417124]
-1.0523703;2.1260002;-0.058604542;[-0.9853182   1.8968754  -0.08491091]
-0.7078981;2.04382;-0.10538229;[-0.8135797   1.8214228  -0.18600154]
-1.1406429;2.1188967;0.06264363;[-1.0889357   1.9613177   0.06401938]
0.008306369;-0.12757857;-0.8862542;[-0.08829935 -0.30676943 -0.9568432 ]
0.6356636;-0.20564063;-0.22162026;[ 0.5746476  -0.38766354 -0.24633451]
0.61657375;0.535841;-0.12343007;[ 0.63327986  0.4364069  -0.16893026]
-0.03172016;0.7300525;-0.71222067;[ 0.06431207  0.5227634  -0.7314139 ]
-0.09932996;1.9140455;0.0106348805;[-0.05422579  1.6143092  -0.14596717]
0.4904455;1.4340583;-0.054862913;[ 0.4833601   1.1977968  -0.11814593]
0.54301083;1.5333884;-0.030114714;[ 0.5132167   1.202703   -0.01935059]
-0.6082352;1.0676128;-1.137938;[-0.5857433   0.91916984 -0.8351501 ]
0.3385632;0.60805255;0.05193071;[ 0.31998777  0.4479478  -0.11500806]
2.4157076;0.64333135;0.08868158;[ 2.9746144   0.25806248 -0.26755452]
0.52721983;0.63325447;-0.0044198893;[ 0.3994584   0.48175156 -0.08473893]
-0.21110596;0.85270053;-0.54442596;[-0.18568052  0.6718415  -0.6282808 ]
-0.5115449;0.28464943;-0.83578366;[-0.46179318  0.21960448 -0.6636055 ]
-0.2375852;-0.23649688;-0.58978444;[ 0.03914793 -0.2568907  -0.5591127 ]
2.552557;-0.39004695;-0.39131638;[ 4.090533   -0.65192723 -0.51258385]
-0.46124512;0.52594036;-0.44850385;[-0.3537948   0.28161243 -0.5125719 ]
-0.2665673;0.49255967;-0.740135;[-0.14261742  0.28392723 -0.6623249 ]
-1.7148798;3.0478194;-2.3716173;[-1.6104808  2.7553933 -1.5762742]
-0.72998166;1.4087653;-0.3117714;[-0.66447943  1.1098826  -0.35516334]
-0.49984926;1.3279448;-0.68301976;[-0.3869294  1.0325611 -0.6290705]
-0.7179992;1.3971214;-0.34437385;[-0.6873652   1.1714472  -0.36225113]
-0.8804861;1.7037685;-0.93239194;[-0.9699739  1.5154668 -1.0633181]
-0.6553946;1.39859;0.28998628;[-0.42736763  1.1801356   0.2867593 ]
-0.6066436;0.8265025;-0.16937247;[-0.46060163  0.584872   -0.2188865 ]
-0.5981932;0.86575806;-0.27607733;[-0.52574944  0.66665196 -0.34942228]
-0.8489053;1.7185992;-0.8223419;[-0.9272994  1.5072933 -0.9227899]
-0.55732745;0.86117536;-0.57952595;[-0.43862116  0.6757366  -0.5103986 ]
-0.54769766;0.83357614;-0.8127905;[-0.5208061   0.65087193 -0.76991993]
0.115508094;0.26211768;-0.53893536;[ 0.12113354  0.00172772 -0.60335034]
0.08484018;1.2779483;-0.26447386;[ 0.02561495  0.9691079  -0.28568724]
0.99305624;1.0146415;-1.797622;[ 0.94318146  0.7794999  -1.8285828 ]
-0.648338;0.84288335;-0.5852879;[-0.5171037   0.6370214  -0.58483976]
0.9190571;0.18522756;-1.355469;[ 0.8496878   0.04107374 -1.279648  ]
-1.4149289;2.543699;-0.83432484;[-1.4345584   2.3211255  -0.94371754]
0.8103513;1.1235732;-1.1006577;[ 0.7323101   0.73530453 -1.0080076 ]
1.0584055;1.0287591;-1.6449642;[ 0.99943715  0.7706739  -1.6521894 ]
1.1084429;0.6248826;-0.21068224;[ 0.84222937  0.47061366 -0.23343393]
-1.0580395;1.7490691;-0.33454496;[-1.068715    1.6125696  -0.35604268]
1.0464493;1.1022686;-1.1412418;[ 0.91309583  0.7576913  -1.2069597 ]
-0.869358;0.94245046;-0.4767683;[-0.84654665  0.8351673  -0.48407343]
0.9992587;0.19945306;-1.5951984;[ 0.93185943  0.00908013 -1.5093373 ]
1.0511959;-0.17290263;-0.34753728;[ 0.70855474 -0.35231996 -0.47654322]
0.8945568;-0.68229514;-1.515203;[ 0.69059706 -0.74501216 -1.4764324 ]
0.10973196;1.0662242;-0.33832076;[ 0.14702922  0.80876774 -0.4060897 ]
0.57769394;0.7332067;-0.32157752;[ 0.65781534  0.5179858  -0.2763563 ]
-0.10033502;0.24922112;-0.428435;[ 0.03375804  0.00327948 -0.46079308]
0.07535665;1.1086675;-0.34723336;[ 0.03420413  0.8414371  -0.32378325]
-0.11601451;1.1742606;-0.28681248;[-0.05105539  0.8713778  -0.23064746]
1.0982969;0.36365914;-0.8903012;[ 1.0219327   0.08343071 -1.0529672 ]
0.084514625;0.3257702;-0.29818252;[ 0.07472108  0.13443297 -0.34128144]
0.14106576;0.21144743;-0.41096595;[ 0.15192403  0.00264441 -0.49017748]
0.024299249;0.52167535;-0.022088941;[ 0.14944667  0.4011699  -0.19314538]
0.008035332;-0.35693634;-0.30224973;[ 0.09347111 -0.36938745 -0.37847403]
-0.05520527;1.4236814;0.18046623;[-0.01065724  1.2073514  -0.00884422]
0.54750854;0.5393831;0.07505083;[ 0.38579988  0.48595154 -0.06547776]
0.48257595;0.032598913;-0.14011128;[ 0.42479247  0.00686799 -0.25389236]
0.41873676;-0.2752368;0.061322883;[ 0.27671662 -0.27562714 -0.21826997]
0.39818227;-0.7153854;-0.059269857;[ 0.29738718 -0.75161517 -0.3266183 ]
0.5838388;-0.34431154;-0.12630035;[ 0.4177658  -0.3723147  -0.31067833]
0.49513775;-0.7996829;-0.30334228;[ 0.4112988 -0.765511  -0.413515 ]
-0.7740709;1.2694052;-0.8326936;[-0.7917838   1.1205806  -0.63848966]
-0.89483315;0.9461821;0.29117212;[-0.6389763   0.77181715  0.31884933]
-0.27118355;0.5043259;0.07568394;[-0.20619766  0.43259132  0.00992515]
-0.8721183;1.2378234;-0.6778765;[-0.8962482  1.0909106 -0.8690546]
-0.20320968;0.8204725;-0.6578256;[-0.19588895  0.6894524  -0.835303  ]
-0.046236053;0.49287438;0.026227783;[-0.06921251  0.55166787 -0.25894177]
0.7305227;-0.7265783;-1.6880362;[ 0.8163681  -0.74986184 -1.7562485 ]
0.310058;-0.6137983;-1.707392;[ 0.4667654 -0.7011621 -1.7981533]
0.64085054;-1.2012552;-2.8025727;[ 0.68331546 -1.2748159  -2.668622  ]
-0.17626218;-0.09444924;-0.8118136;[-0.17808034 -0.10195273 -0.97850347]
-0.22559343;-0.6390538;-0.8070092;[-0.20316236 -0.7260096  -0.9599578 ]
-0.0652255;-1.302974;-1.9812961;[ 0.11465193 -1.3170048  -1.809256  ]
-0.06412436;-0.6897376;-0.5040906;[-0.06634913 -0.8155184  -0.62156504]
0.06108988;0.80829155;0.64362323;[0.14475074 0.6234268  0.3184558 ]
-0.03800364;0.6647884;0.16592783;[-0.03109007  0.6423598  -0.02135549]
0.34225982;0.049466245;0.034473214;[ 0.09010726  0.03354886 -0.13677737]
0.87439996;1.435502;-1.3413751;[ 1.2477751  1.1423695 -1.6401105]
-0.100802004;1.3787137;-0.41230384;[ 0.04782225  1.2164472  -0.47491288]
0.22439006;0.31686556;-0.76646423;[ 0.09087171  0.17600268 -0.8387652 ]
0.25151497;0.7502642;-0.46268523;[ 0.5608122   0.81506455 -0.35214457]
0.2982294;-0.044655114;-0.12630334;[ 0.1321765  -0.09741831 -0.28942835]
-0.20703815;-1.2170733;-0.58324814;[-0.4079759  -1.4497386  -0.74210066]
0.11721893;0.7093356;-0.3220961;[-0.03040685  0.55525994 -0.28311792]
-0.4782573;1.087875;-0.16898271;[-0.0168151   0.9689865  -0.16262692]
0.49103123;0.11217719;-0.5361788;[ 0.50667757  0.16246511 -0.3684806 ]
0.3498495;0.49505424;-0.39062303;[ 0.74123436  0.4265206  -0.5025397 ]
0.19922805;0.027422648;-0.26915765;[ 0.8298095   0.01415247 -0.15002488]
0.85332763;-0.35867703;-0.8332715;[ 1.268175   -0.33167964 -0.8584862 ]
0.019462392;0.041827265;0.11640741;[-0.15619631  0.09093735  0.12868191]
-0.09131764;-0.5006377;0.15184367;[-0.23829551 -0.44382107 -0.06066146]
-0.044809654;-0.99668354;-0.96821773;[-0.20207538 -1.080757   -0.96321243]
-0.00815025;-0.43248576;-0.7992903;[-0.18564565 -0.5182696  -0.82760614]
-0.117374584;-0.9651343;-0.700315;[-0.44456184 -1.0474709  -0.8814624 ]
0.16126478;-1.0294008;-1.0192213;[ 0.14875448 -1.0544605  -0.79656833]
0.0976844;1.8135085;-0.19933996;[ 0.00231157  1.5294948  -0.23070414]
-0.0465464;0.99431664;-0.20682654;[-0.11497118  0.71186763 -0.41904697]
0.1890938;1.3984714;0.085071355;[0.23033017 1.2744553  0.04006729]
-0.042077616;0.43166333;-0.47076458;[-0.03321902  0.2513979  -0.6321848 ]
0.68040806;-0.21175866;-1.1231501;[ 0.6519088  -0.37412935 -1.2647606 ]
-0.0036688969;0.4539668;-0.40626535;[ 0.03994234  0.28483492 -0.6037973 ]
0.8073655;0.32063162;-0.18269452;[ 0.6650729   0.16982476 -0.41728833]
-0.050070003;-0.4440714;-0.58943737;[-0.02498184 -0.48398632 -0.8118876 ]
0.365668;-1.0514396;-1.3618065;[ 0.52841806 -1.0937706  -1.4680511 ]
-0.07306819;-0.1946959;-0.53518236;[ 0.06438231 -0.32925457 -0.55750257]
0.040163778;-0.13724777;-0.36173546;[ 0.00966464 -0.31137735 -0.52231395]
0.12542984;0.1610677;-0.14094938;[ 0.05474697  0.11899695 -0.20136009]
-0.042469338;-0.3326307;-0.28207397;[-0.03440763 -0.31820524 -0.5770332 ]
0.12000589;-0.3192286;-0.21857482;[ 0.12662116 -0.38503176 -0.3956469 ]
0.2011298;0.14174525;-0.22960019;[ 0.2094699   0.05259847 -0.22041307]
0.06769137;0.59259725;-0.33317205;[ 0.10961165  0.42845547 -0.39034006]
0.7356562;1.2150385;0.25706118;[0.72444963 0.9630233  0.17006645]
-0.015196174;0.20481567;0.25810486;[0.0819546  0.18229145 0.05694939]
0.039631434;0.57019913;-0.2088921;[ 0.08076526  0.35364395 -0.15606342]
-0.011987954;-0.34231794;-0.3720172;[ 0.07653406 -0.45095748 -0.3844454 ]
-0.017277025;-0.34636843;-0.38363504;[ 0.10221402 -0.46228242 -0.3994511 ]
-0.28694916;0.9743032;0.24464326;[0.02606034 0.87013626 0.13534372]
-0.40011114;0.2207142;3.1365447;[-0.37579405 -0.4147572   2.9663467 ]
1.0851914;1.8459603;-0.7011907;[ 0.9075091  1.4636428 -0.9206359]
1.1566471;1.5297043;0.07306284;[ 0.7783583   1.1687446  -0.07410356]
1.1084032;0.9740916;-0.935884;[ 0.8004128  0.6694621 -1.0759789]
1.3030142;-0.120351866;-0.62356853;[ 1.0749435  -0.09716547 -0.59958655]
1.8110981;-0.05494471;-0.30010766;[ 2.088881   -0.33440268 -0.7588621 ]
0.49561083;-0.053360768;-0.30452555;[ 0.4639706  -0.10947609 -0.37011352]
2.8338537;-0.11204837;-0.59314716;[ 3.263213   -0.31803644 -0.5962525 ]
1.0092609;0.1426059;-1.4658651;[ 0.9809811   0.02190909 -1.4511632 ]
0.9998789;1.8613747;-3.1336462;[ 0.86616355  1.4340044  -2.417336  ]
-1.0437648;1.7126924;-0.40841478;[-1.0390121  1.4652411 -0.5233972]
-1.380348;2.0673294;-0.7497816;[-1.4327637  1.9277705 -0.8523185]
1.0216507;1.416484;-2.5927758;[ 0.79834145  1.096263   -2.3453002 ]
1.1156089;1.0148239;-0.7550489;[ 0.96279395  0.81253904 -0.7129048 ]
0.922698;1.0950629;-0.17812094;[ 0.6911555   0.82800984 -0.19780865]
0.9941835;0.21170558;0.04894123;[ 0.81359404  0.105471   -0.11354059]
-0.9919248;1.232014;-0.28813624;[-0.95915854  1.1265827  -0.49135467]
-0.67207164;0.36466616;-0.56924486;[-0.6964189   0.30082297 -0.58721995]
-0.5280313;0.29842997;-0.6565839;[-0.43142152  0.27493703 -0.5866526 ]
-0.7015211;0.8428183;0.12266864;[-0.54129624  0.68061113 -0.03097973]
0.95222884;0.49340546;-1.2742863;[ 0.77657557  0.26992774 -1.3613142 ]
1.5173515;-0.107938156;-2.2621384;[ 1.6035726 -0.2524237 -2.2346735]
-1.0050842;1.5674555;-0.21190462;[-1.0338796  1.4549829 -0.3901691]
0.81052285;0.86732554;-0.81039107;[ 0.64709616  0.6652267  -1.019496  ]
0.17420505;0.8112265;0.12077767;[0.00917311 0.7344949  0.10639717]
0.44253963;0.33477575;-0.24647424;[ 0.18096423  0.21374442 -0.18986101]
0.44445914;-0.07736798;-0.22878438;[ 0.23727304 -0.22944592 -0.2542511 ]
0.030594796;-0.08915068;0.1619315;[-0.10916628 -0.08954357 -0.05698726]
1.056054;-0.011043012;-0.8802377;[ 0.6154554  -0.08208887 -0.69405407]
-0.17703582;0.19415879;-1.0250363;[-0.21033154  0.051358   -1.126641  ]
0.7098159;-0.17536487;-0.87827444;[ 0.8469521 -0.2535032 -1.018753 ]
1.2850093;-0.14066781;-0.5052749;[ 1.0072478  -0.28578633 -0.4789808 ]
1.19371;-0.527714;-1.1885287;[ 0.9720496 -0.6446489 -1.0276437]
0.5955651;-0.5342616;-0.9836738;[ 0.5087994 -0.6416796 -0.8727621]
1.2802242;0.23853926;-0.88512087;[ 1.2210073   0.14413978 -0.89826924]
1.2182684;0.2972014;-0.9931598;[ 0.90087444  0.15903689 -0.7915699 ]
-0.45785028;1.1326891;-0.8812925;[-0.34896278  0.9253379  -0.97705096]
0.7693911;0.42918956;-1.7501755;[ 0.7218406   0.21102192 -1.7632898 ]
0.8148114;-0.5551215;-1.834782;[ 0.82847846 -0.6657215  -1.6038109 ]
0.7241518;0.3501178;-0.191677;[ 0.65917325  0.2292736  -0.17214686]
0.4908648;0.009462196;-0.24752274;[ 0.3840659 -0.0811951 -0.3305129]
1.2595323;-0.6285812;-0.95620346;[ 1.2429781  -0.71714073 -1.0141183 ]
0.56997633;-0.3870728;-0.35012472;[ 0.59021986 -0.44703716 -0.37057433]
-0.16440906;-0.7847696;-1.0496681;[-0.00170562 -0.8580266  -1.0447717 ]
0.8207506;-0.951914;-0.8932198;[ 0.76755077 -1.0608172  -0.7901521 ]
0.119841754;0.7512631;-0.25450712;[ 0.16239354  0.55394715 -0.19705175]
-0.028706267;-0.55643564;-0.8821225;[ 0.08698069 -0.6943588  -0.6523997 ]
0.7359269;0.4634086;-0.14920263;[ 0.6779024   0.41019213 -0.13720839]
1.3011086;-0.036049604;-0.16029677;[ 1.1346381  -0.01677442 -0.18024553]
2.8437831;0.062027734;-0.20685387;[ 2.6844003  -0.27583843 -0.97979426]
0.5021327;-0.5746857;-0.22096369;[ 0.34379062 -0.67057633 -0.34259483]
0.8551689;0.60118985;-0.31268996;[ 0.85953677  0.46194518 -0.41420802]
0.8551745;1.8790804;-3.112046;[ 0.87822366  1.435586   -2.4227078 ]
-0.8738863;1.704286;-0.62225944;[-0.82772136  1.4754062  -0.6201974 ]
0.8919319;1.5349642;0.018334512;[ 0.76000047  1.1746126  -0.17235184]
0.7121467;1.0935534;-1.5582503;[ 0.74927497  0.7627939  -1.4967014 ]
0.75434726;1.0430187;-1.9423704;[ 0.7186488   0.71704453 -1.7004917 ]
0.7853926;0.8035843;0.5580441;[0.5417516  0.6531958  0.48661456]
0.10874565;0.18489356;-0.38384682;[ 0.1684181  -0.02038233 -0.4805339 ]
-1.2803413;2.058746;-0.7992373;[-1.2981801   1.8812121  -0.66851264]
0.6535391;1.3571975;-1.8622304;[ 0.8087575  1.0319219 -1.8218493]
0.65925425;0.45894969;-1.8252258;[ 0.7873734  0.3019892 -1.7410542]
0.95185363;-0.18859239;-3.0482655;[ 1.0480853  -0.32406968 -2.9531791 ]
-1.0421964;1.2356318;-0.80276704;[-1.1058426  1.0893441 -0.8109589]
0.7377415;0.6318365;-0.22657067;[ 0.6214656   0.4591804  -0.07770348]
0.7009534;0.12407839;-0.5895824;[ 0.6768153   0.09417684 -0.7108066 ]
0.82961696;-0.48041397;-1.4008076;[ 1.0061339 -0.5272973 -1.509435 ]
0.6870511;0.07411176;-0.69827425;[ 0.5139769  -0.02091506 -0.7949284 ]
1.0730855;-0.52181643;-1.4177781;[ 0.98091173 -0.64603    -1.4729807 ]
0.6381747;-0.34995174;-1.7735345;[ 0.5705313 -0.4972924 -1.6879934]
0.91645443;-0.94202286;-2.8161778;[ 0.968923  -1.0957011 -2.6598933]
-0.53755504;0.24338652;-0.8773304;[-0.5521702   0.14255795 -1.0034086 ]
0.3922764;0.6854944;-1.5798182;[ 0.53802896  0.393593   -1.5138882 ]
-0.16685264;0.5445155;-0.34144953;[-0.22171287  0.34047842 -0.6846978 ]
0.25343978;-0.16906466;-1.6221972;[ 0.43910158 -0.3307072  -1.4886194 ]
-0.00080259144;0.10345556;0.10197547;[ 0.0468494   0.02052365 -0.20459025]
-0.026322976;0.7113204;-0.5574913;[-0.03617369  0.4884209  -0.63558495]
-0.112703234;-0.21941607;-0.7469339;[-0.03016169 -0.36194086 -0.79670256]
0.62163943;1.8712958;-2.9376717;[ 0.83899933  1.402301   -2.3255746 ]
-0.8196573;1.6622965;-0.67368984;[-0.8180057   1.3981975  -0.69981974]
-1.0882401;1.759291;-0.58323485;[-1.1120119   1.5626699  -0.49531388]
0.5523112;1.0403378;-1.7442605;[ 0.58180195  0.7344576  -1.5175934 ]
0.57788837;0.57481617;-0.48755562;[ 0.4854275   0.36034936 -0.554448  ]
-0.5071828;0.7558534;-0.71952313;[-0.46048415  0.5615475  -0.79112965]
0.6942687;0.59548575;-0.25523138;[ 0.67885524  0.45082211 -0.4158044 ]
-0.6781399;0.82505614;-0.65013987;[-0.69563395  0.654628   -0.665747  ]
0.5897098;0.13687219;-1.6644435;[ 0.5971575  -0.05857557 -1.4621705 ]
0.74164456;0.18976137;-0.19541243;[ 0.6461592   0.09208731 -0.04949502]
0.59300923;-0.7274093;-1.6755836;[ 0.5430197 -0.7927815 -1.5456359]
-0.26100963;-0.12444802;-0.73059654;[-0.25467134 -0.1818685  -0.86304367]
0.44236565;-0.80385107;-1.673704;[ 0.66404337 -0.7612729  -1.6650554 ]
-0.19633593;1.0692505;-0.13263893;[-0.1743731  0.8263111 -0.3362536]
0.039316274;0.083634764;-0.40096056;[ 0.04724133 -0.09825559 -0.6243419 ]
-0.12438938;-0.73654443;-0.45216167;[-0.0616477 -0.7954936 -0.7267675]
-0.18963836;-0.42029244;-0.44249475;[-0.2891541 -0.5291939 -0.6809758]
0.06013292;-0.52823037;-0.6174832;[ 0.01392837 -0.53466916 -0.72434086]
0.8447477;0.13986796;0.4698774;[ 0.6929002   0.12628183 -0.14652775]
1.4200908;1.7126566;-1.5631609;[ 1.654831   1.358919  -1.6819812]
1.7142483;1.3689543;-0.41540223;[ 1.7926497  1.1417415 -0.5331381]
-0.52576053;1.6638643;-0.29353055;[-0.42540264  1.5351304  -0.3555222 ]
1.1952467;0.7030645;-1.6369393;[ 1.5026064  0.5973377 -1.760299 ]
0.8257349;2.3436759;-0.87787884;[ 0.65767074  1.8207937  -0.89200455]
0.79713005;0.81329197;-2.237697;[ 0.8512087   0.46929276 -1.8538867 ]
0.7292364;-0.07646118;-1.9499481;[ 0.8225694  -0.23385148 -1.6613922 ]
0.6661344;-0.057898;-1.5752048;[ 0.63600314 -0.25924814 -1.5260376 ]
1.3093444;0.568767;-1.0345176;[ 1.2548916   0.40302318 -0.82133085]
0.6945065;-0.3788203;-0.48577827;[ 0.7978461  -0.5205166  -0.65449077]
0.6040383;-0.83395326;-1.5818512;[ 0.5545489 -0.9610485 -1.7416824]
0.252967;-0.24314292;-1.0475438;[ 0.11909033 -0.34155715 -1.0289457 ]
0.5808287;-0.9179228;-1.9722338;[ 0.7395706 -0.9773686 -1.8030497]
-0.54886967;-0.12376058;-0.18481387;[-0.49693865 -0.15437323 -0.3091101 ]
0.15403962;1.1258124;0.33345088;[-0.05223124  0.9926535   0.09254745]
-0.45873147;-0.9153994;-0.33879256;[-0.3892616 -1.1098046 -0.6186725]
0.0043928027;0.0975401;-0.25417;[-0.0118843  -0.10046294 -0.36533746]
-0.2577933;1.8718599;0.11126575;[-0.23684488  1.5401244   0.07250735]
0.14261988;1.590384;0.07319339;[0.22654994 1.2333857  0.00964085]
-0.46692562;0.113282725;-0.9872173;[-0.43745208  0.01142849 -0.8212558 ]
-0.746242;0.69060785;0.7252766;[-0.5913105   0.62501097  0.43033484]
-0.46045536;1.038003;0.22150484;[-0.4085893   0.852872    0.02024404]
0.11377566;0.14693162;-0.36739063;[-0.01056142  0.00673573 -0.43733248]
-0.7245874;0.19202831;-0.5009502;[-0.7963207   0.21603896 -0.6393995 ]
0.15625608;1.3382496;0.5717125;[0.21027863 1.0798341  0.46992943]
-0.237785;-0.16466592;-0.9242085;[-0.1873673  -0.34755772 -1.019053  ]
0.18922824;-0.8075654;-0.9426786;[ 0.13629547 -0.78495675 -0.7254286 ]
-0.54641944;1.1819049;-0.77470267;[-0.37141693  1.0019119  -0.7050011 ]
-0.26923364;0.39457613;-0.6540805;[-0.16168655  0.24292777 -0.548964  ]
-1.2941734;2.148065;-0.25080362;[-1.0959902   1.8965522  -0.32602933]
-0.47126758;0.44013655;-0.41185224;[-0.42663705  0.24709159 -0.47573617]
-0.721384;0.82925946;-0.5027932;[-0.6883773   0.65083766 -0.691497  ]
0.78045183;0.15948905;-1.3657343;[ 0.7067717  -0.03536277 -1.3992544 ]
-0.6959139;0.806402;-0.52066;[-0.67588425  0.5560834  -0.6765062 ]
0.87567544;0.14042047;-1.3268411;[ 0.7983029  -0.06962411 -1.3796812 ]
0.76314014;-0.27313626;-0.91672695;[ 0.5203921  -0.39882898 -0.9477896 ]
-0.47780162;-0.07815461;-0.6305265;[-0.45688486 -0.14132075 -0.82055694]
0.7356893;-0.3296317;-1.0877466;[ 0.61031646 -0.42319673 -0.9997166 ]
0.7137607;-0.7883266;-1.6553674;[ 0.792269  -0.7822884 -1.6456581]
0.116488956;1.0089552;-0.26427644;[ 0.16949664  0.76242566 -0.3379483 ]
0.081700146;0.17756228;-0.34358966;[ 0.08556911 -0.04766535 -0.43924192]
-0.11338891;-0.66219056;-0.8405046;[-0.04279645 -0.84287053 -0.80027425]
-1.2317382;1.7891124;-0.21844777;[-1.0256566   1.5633327  -0.29882792]
-0.7032868;0.88741547;-0.4101954;[-0.61558175  0.69800174 -0.4680966 ]
-0.5423097;0.82094926;-0.66909575;[-0.41014367  0.65564847 -0.6404439 ]
-0.069462225;0.4160241;-0.16877384;[ 0.10305022  0.24587949 -0.13363683]
-0.31633097;0.0022371858;-0.657046;[-0.19716491 -0.03638701 -0.5447581 ]
-1.7080287;2.6023014;-1.1854901;[-1.6402649  2.3495064 -1.37361  ]
-0.8318456;1.6961001;-0.3253923;[-0.80619395  1.5049684  -0.57902473]
-0.79006904;1.7396649;-0.9376565;[-0.77738035  1.5243064  -0.71316004]
-0.91881186;1.4982733;0.7252803;[-0.8587767  1.280552   0.6596461]
-0.7066896;1.4016157;0.095459774;[-0.6359006   1.1666219   0.17450635]
-0.36130148;0.48622358;0.5136895;[-0.11433487  0.38442022  0.29349422]
-0.6954542;0.88766223;-0.32640356;[-0.58985037  0.69807017 -0.46923074]
-0.14505386;-0.023119979;-0.34530714;[-0.07270344 -0.10220672 -0.42696646]
-0.61369926;0.8180682;-0.18641314;[-0.45946926  0.60991377 -0.21477409]
-0.5317437;0.046111744;-0.18988554;[-0.5305916  -0.06313962 -0.22571151]
-0.3735996;-0.028230824;-0.28690183;[-0.2419204  -0.14357515 -0.2870417 ]
-1.5755402;2.895938;0.019490834;[-1.324652    2.6769333  -0.19264393]
-0.6076055;1.1956257;-0.16542181;[-0.6496428   1.0199192  -0.27165878]
-0.051742017;-0.11578043;-0.98318446;[-0.09510632 -0.2901438  -0.9819965 ]
0.123241246;0.15710253;-0.18150584;[ 0.25859502  0.00992927 -0.2684007 ]
0.6370703;-0.20751838;-0.2850845;[ 0.56107527 -0.34629446 -0.26382294]
2.8894398;0.58556855;-0.118506715;[ 3.4826677   0.07583882 -0.34861127]
-0.14643075;0.75302833;-0.8050039;[-0.05759402  0.51152563 -0.8154904 ]
-0.39201248;0.1770932;-1.2145655;[-0.31655914 -0.00991215 -0.9896535 ]
-0.15100761;-0.2908802;-0.96280766;[ 0.17563814 -0.4004706  -0.7635074 ]
0.5842943;-0.2784531;-0.16179132;[ 0.45022327 -0.40886074 -0.26953062]
-0.04968621;-1.1340877;-1.0309141;[ 0.0631011 -1.254473  -0.9340314]
-0.71594;1.3908834;-0.26945034;[-0.6700036   1.1225609  -0.37631884]
-1.7045804;3.0600488;-2.3138127;[-1.624425   2.7571898 -1.548042 ]
-0.86974734;2.164166;-0.9902054;[-0.8885797  1.8732903 -1.0617104]
-0.53997976;1.3068419;-0.71077144;[-0.3589536   1.031786   -0.65838116]
-1.7202166;2.6013885;-1.9513855;[-1.667662   2.3867302 -1.5032789]
-0.6619254;0.8597334;-0.16348013;[-0.5210525   0.60542583 -0.27131662]
-0.18601088;0.43482262;-0.19982097;[ 0.08859736  0.3098231  -0.20581137]
0.0038564652;2.0454514;-0.26739752;[-0.02174819  1.6449827  -0.26181448]
0.06810897;0.26550692;-0.62951285;[ 0.086051    0.00205062 -0.62119776]
-1.407779;2.552808;-0.8142766;[-1.4408466  2.3149085 -0.926112 ]
0.89409095;1.1225879;-1.327504;[ 0.8345177  0.7627953 -1.3017578]
0.84321433;0.21416537;-1.5146265;[ 0.79652995  0.03512429 -1.3528353 ]
-0.684961;0.84640044;-0.44961917;[-0.6525495  0.6678005 -0.5797965]
1.0048828;0.20721349;-1.2011987;[ 0.81561756  0.01893101 -1.2573074 ]
0.111357346;1.151599;-0.19753227;[ 0.0082645  0.8552543 -0.1803035]
0.54060984;0.82314485;-0.17581695;[ 0.4274149   0.5272629  -0.20928837]
0.55742556;-0.099512175;-0.2900916;[ 0.475779   -0.24316917 -0.35063726]
0.9411841;-0.57809657;-1.2459496;[ 0.8352273  -0.66989887 -1.2219763 ]
-0.36876172;1.403551;-0.08007944;[-0.33119398  1.1536126  -0.11478461]
-0.60299605;1.4467973;-0.17129631;[-0.7514256   1.3087907  -0.32418826]
-0.68417716;1.1545037;0.2470552;[-0.6970242   1.0700248   0.26085636]
-1.396773;2.0992541;-0.6292691;[-1.4136401   1.9361986  -0.77913064]
0.9169181;1.0259331;-0.64737195;[ 0.8776835   0.83959246 -0.73843896]
-1.0160865;1.766547;0.20439178;[-0.92796147  1.5846277   0.17055923]
-0.72500813;0.36034775;-0.56148034;[-0.6456164   0.35500592 -0.53501546]
0.79455453;-0.31449485;-1.4173566;[ 0.67950785 -0.33767605 -1.2703882 ]
-0.8642569;0.9604237;0.213028;[-0.8306565   0.86417335  0.09058858]
1.2015525;0.6090058;-0.034565087;[0.84041524 0.42055583 0.15162049]
0.9968809;0.10482648;-0.44093394;[ 0.672436   -0.01202168 -0.39857396]
-0.59124607;0.329758;-0.6314856;[-0.48324788  0.28108403 -0.600203  ]
-0.677067;0.8664976;-0.013389494;[-0.48321503  0.7091576  -0.0453661 ]
-0.018281937;-0.310602;-0.4225381;[ 0.10363793 -0.38934135 -0.4634741 ]
-0.110302195;0.21015161;-0.14821973;[ 0.00101788  0.08829863 -0.15676819]
0.5570712;0.7272667;-0.6596085;[ 0.41056606  0.56380713 -0.7613596 ]
0.62238175;1.5388263;-0.11745845;[ 0.48564386  1.1888834  -0.23379484]
1.1218823;1.0415826;-0.89388245;[ 0.98076314  0.75753    -1.0740732 ]
0.15184978;1.0327934;-0.2752726;[-0.01150204  0.7783063  -0.2784026 ]
0.24300195;-0.41573077;-0.6092942;[ 0.22076279 -0.3901264  -0.65658695]
0.68978333;-0.9342485;-1.1862731;[ 0.71645856 -1.0011384  -1.0559143 ]
0.6384258;0.2397274;-0.20995173;[ 0.42823935  0.2152338  -0.16888669]
0.6754146;-0.30684656;0.06402051;[ 0.5916417  -0.347035   -0.11872491]
0.66307527;-0.028731473;-0.42126125;[ 0.60145336  0.02632958 -0.51068324]
0.7800452;-0.13335364;-0.9831455;[ 0.74183184 -0.1781709  -0.8147653 ]
1.1934355;-0.56309247;-0.9400414;[ 1.2067893  -0.6735214  -0.86561745]
0.5275157;0.43769127;-0.13665836;[ 0.25749823  0.4234041  -0.04963914]
0.98915493;-0.94386536;-0.4564947;[ 0.91753936 -1.0336558  -0.543961  ]
16.524971;-0.6108662;5.075937;[18.638172   -0.02766396  7.567868  ]
-0.40011114;0.22071409;3.1365447;[-0.37579393 -0.41475677  2.966347  ]
0.57458484;0.6605703;-0.37134084;[ 0.6250342   0.4428928  -0.31789032]
0.40082902;-0.06891352;-0.9856961;[ 0.34039658 -0.1346993  -0.8970285 ]
0.20311075;1.0472527;-0.25833234;[ 0.18288335  0.7887062  -0.32434186]
0.65437293;0.67867607;-0.29257607;[ 0.64094484  0.46725446 -0.23921753]
0.089503735;1.1220174;-0.2468352;[-0.0145724   0.80857605 -0.29033542]
-0.010813907;1.1616522;0.09452936;[-0.04618554  0.9183978   0.20674166]
0.51025444;0.39814883;-0.87719226;[ 0.43487927  0.244847   -0.836655  ]
0.9811458;0.6923316;-1.3417146;[ 0.9689257   0.40695196 -1.3102436 ]
0.87005705;-0.18670444;-1.520635;[ 0.93846977 -0.27914882 -1.3019211 ]
0.60046405;0.26064605;-0.32277465;[ 0.60835135  0.14952165 -0.2722241 ]
0.6283348;-0.17088093;-0.3543069;[ 0.50258595 -0.21929975 -0.37491542]
0.42445165;0.3616705;-0.87050796;[ 0.41697645  0.25269616 -0.80652416]
0.96486133;-0.6021909;-0.95731854;[ 0.9048823  -0.65764964 -0.90574247]
0.55738264;1.0697705;-0.3566084;[ 0.5213959  0.7614949 -0.3504211]
0.8066447;0.57175535;-1.3857155;[ 0.9575193   0.35057998 -1.3223269 ]
1.1663147;0.39256346;-0.9589709;[ 1.1253327   0.26087397 -0.8695132 ]
1.2614279;0.5283924;-1.5184488;[ 1.0935593   0.37432724 -1.5741978 ]
0.66327673;-0.3750586;-1.4932961;[ 0.8353778  -0.38964212 -1.4291356 ]
0.637168;-0.14718477;-0.98326516;[ 0.66540945 -0.23802932 -1.0729672 ]
0.18396215;0.8027022;-0.3495923;[ 0.1016995   0.6558157  -0.27010435]
0.14874765;0.46551794;0.3308034;[-2.3536384e-04  4.7771978e-01  2.5208756e-01]
0.5724439;-0.8982119;-1.1212506;[ 0.6730126  -0.99606895 -1.1505212 ]
-0.90511197;1.4393041;0.6204519;[-0.6900012  1.271482   0.3400925]
-0.08595015;1.51028;-0.5096496;[-0.11174516  1.274916   -0.5434719 ]
0.61001796;0.8775269;-1.2993635;[ 0.79505754  0.63270235 -1.3177402 ]
0.75682956;0.41530687;-0.59845144;[ 0.6667943   0.29555118 -0.47844607]
0.5456385;-0.08004941;-1.4571028;[ 0.7759677  -0.16089602 -1.4064265 ]
-0.55979246;0.93403584;0.6127483;[-0.7926302   0.92083424  0.10064141]
0.7491253;0.74636656;-3.8360376;[ 1.3111105   0.43963057 -3.1070411 ]
-1.0075738;1.2366694;-0.8285199;[-0.95649207  1.0649608  -0.7990729 ]
0.79386437;0.53715485;-1.6452973;[ 0.79206896  0.37911808 -1.4914871 ]
0.62775564;0.49658436;-1.388232;[ 0.63561106  0.34430158 -1.3727194 ]
0.93753546;-0.52282155;-1.4198405;[ 1.3486754 -0.4869184 -1.2944757]
0.5492558;-0.116820306;-2.8402898;[ 1.3533763  -0.29851127 -2.819825  ]
0.83192474;0.08779903;-0.7459547;[ 0.73414856  0.01166831 -0.8088884 ]
0.9228492;-0.51536816;-1.6778724;[ 1.1465461 -0.5778375 -1.6012489]
0.6186764;-0.9340362;-2.8176117;[ 1.1892147 -1.0144223 -2.716129 ]
0.81744474;-0.092168674;-0.8462219;[ 0.64200693 -0.26784748 -0.98950773]
-0.027751982;0.48813862;-0.42487764;[ 0.04062262  0.3238129  -0.5220924 ]
0.35806298;-0.1373539;-1.0332956;[ 0.5965982  -0.26073873 -1.1471676 ]
0.6985037;-0.5049455;-0.7425321;[ 0.56535757 -0.59800637 -0.805497  ]
-0.1346382;-0.3737005;-0.5790807;[-0.13432725 -0.39349335 -0.7895955 ]
0.79387707;0.48989296;-1.6130496;[ 0.918273    0.34610498 -1.7464404 ]
0.27210468;0.40903735;-0.21850348;[ 0.44812542  0.36528462 -0.1456554 ]
0.52680856;-0.089738846;-0.92008215;[ 0.5162373  -0.21461798 -0.9240615 ]
0.48086464;0.20255314;-0.38136825;[ 0.42575642  0.07675542 -0.4497703 ]
0.50720966;0.3179398;-0.8290366;[ 0.31218138  0.22870402 -0.9380525 ]
0.8662061;-0.24395613;-1.3827227;[ 0.85306406 -0.31596673 -1.3477782 ]
0.9820855;-0.85974985;-2.2553406;[ 1.3225497 -0.9693681 -2.1005888]
0.0090188235;0.5230608;-0.4703846;[ 0.04750778  0.34510058 -0.51545364]
0.17076293;-0.13069598;-1.0205696;[ 0.5861652  -0.22316037 -1.1593598 ]
0.42929727;0.11743586;-0.45332968;[ 0.5129591   0.08781168 -0.4619079 ]
0.655189;-0.50848687;-1.0790973;[ 0.9464018 -0.5358444 -1.1546284]
0.61059994;-0.9312845;-2.303298;[ 1.2797812 -1.0134546 -2.2856834]
0.023464978;0.79947364;-0.3596351;[ 0.09504192  0.63258344 -0.26268426]
0.47586125;0.429905;-0.3730526;[ 0.4917605   0.32505107 -0.2668689 ]
0.026045308;-0.059875965;-0.37370616;[ 0.05777389 -0.20168297 -0.3969444 ]
0.30462992;-0.3026294;-0.7608052;[ 0.15820143 -0.39132547 -0.72530586]
-0.046882436;-0.5093525;-0.17488325;[ 0.09488887 -0.6731523  -0.4260208 ]
-0.61561376;0.95797276;0.6349513;[-0.5156122   0.8475363   0.31910107]
-1.3644215;2.2186744;0.29840362;[-1.2515641   2.099043   -0.02733931]
-1.0317955;1.8697037;0.8204651;[-0.9330174   1.7036918   0.54763836]
-0.54741454;0.45285285;0.21162808;[-0.47518408  0.40312666  0.01007311]
0.8424166;0.62951577;-1.2206527;[ 0.8857464   0.51920086 -1.2170871 ]
0.8871945;1.1463524;-0.2532407;[ 0.6633815   0.9236007  -0.26108143]
0.83372676;0.18366107;-0.3262928;[ 0.6461134   0.06762369 -0.44804406]
-0.46299225;-0.37042248;0.27943805;[-0.47922844 -0.34465802 -0.0383569 ]
0.70383567;-0.17063947;-0.95971537;[ 0.6608981  -0.24873038 -1.0761364 ]
0.6553626;-0.23497234;0.1142859;[ 0.57135063 -0.3082829  -0.19959202]
0.6518118;-1.0072252;-0.9402765;[ 0.6573841 -1.0275173 -1.0886812]
0.75933087;-0.25745547;-0.06160928;[ 0.62030166 -0.35442108 -0.27676564]
-0.2769149;-0.4160372;0.06135275;[-0.2259552  -0.33932388 -0.15904637]
0.6080975;-1.05918;-1.0722549;[ 0.67757875 -1.0143439  -1.0724939 ]
0.89822483;0.6574909;-0.44107282;[ 0.7708248   0.4570694  -0.42144537]
1.124791;0.2298498;-0.08041592;[ 0.6846609   0.15339704 -0.00453992]
-0.7938105;0.8746045;-0.43292403;[-0.74577916  0.8152099  -0.32513967]
0.78445214;0.2055382;-1.8920362;[ 0.9922569   0.17153633 -1.5664964 ]
0.83337915;-0.24860238;-0.74422413;[ 0.79344606 -0.28786623 -0.62460166]
-0.6955981;0.87523276;0.43513662;[-0.7428293   0.81203413  0.23056428]
0.8894473;1.1026793;-1.3629782;[ 1.001793   0.9591498 -1.6049236]
0.9313089;0.6398545;-0.65695995;[ 0.8519711  0.4784121 -0.7655615]
0.78650767;0.39662713;0.2929912;[0.8372227  0.22644351 0.13218895]
-1.0509428;0.9711156;0.27927375;[-0.9762424   0.93925714 -0.0475011 ]
-0.63439214;0.02889476;0.5541693;[-0.67394483  0.07489752  0.1854699 ]
0.8126978;0.21575251;-1.2848535;[ 1.0111808  0.2178654 -1.4359015]
0.8354072;-0.18562739;-0.04467709;[ 0.79286665 -0.20512737 -0.29001603]
-0.3048007;-0.9001034;0.35406455;[-0.26962203 -0.99925494  0.09005421]
-1.6763095;2.601847;-0.5245303;[-1.6132474  2.3550692 -0.7239023]
-0.9417798;1.7083951;-0.101355195;[-0.90526056  1.4980706  -0.16216569]
-0.64344394;0.8596211;0.15586607;[-0.5478083   0.65333045 -0.00823462]
-0.9473532;1.6873794;-0.030136827;[-0.9510375   1.5148667  -0.09652287]
-0.71453625;0.8500325;0.25361234;[-0.65580225  0.68258035  0.09873097]
-0.65034014;0.84186846;0.23256767;[-0.6156955   0.66497356  0.04656828]
-0.5247829;-0.046967566;0.44779825;[-0.4488032  -0.11014208  0.24319716]
-0.6376526;1.3243327;1.0553733;[-0.5193007  1.1625551  0.8270833]
-0.6988619;0.86066264;0.54378986;[-0.7679486   0.68520266  0.34788856]
-0.54000825;0.01725322;0.6355443;[-0.5437681  -0.01946199  0.45710447]
1.1427938;0.13660204;-0.30391315;[ 0.85844576  0.02828107 -0.5285574 ]
-0.5785855;0.3723004;-0.0051563717;[-0.48419225  0.27341568 -0.19893526]
1.0894406;0.57183886;-1.3318553;[ 1.1048793   0.50509936 -1.378474  ]
-1.346316;2.1583455;0.07851353;[-1.2724162   2.0120566  -0.30256242]
1.1936127;1.4742867;-1.6625403;[ 1.048858   1.250927  -1.9908918]
-0.7852356;1.2443517;0.035374407;[-0.78368294  1.1245385  -0.19766079]
1.0616678;0.58401835;-1.2585971;[ 0.99115616  0.43769783 -1.399734  ]
-0.927762;1.3093327;0.41452292;[-1.0076576   1.1865877   0.09142187]
0.17166936;-0.30443895;-0.08770871;[ 0.23134638 -0.26055747 -0.18442926]
0.2332819;0.5739297;-0.080275;[ 0.23986489  0.47848648 -0.14360565]
0.17082307;-0.29891616;-0.069687665;[ 0.17235006 -0.3067584  -0.19928288]
0.66975516;0.2244848;-0.34241334;[ 0.7696048   0.20509072 -0.38562062]
0.17384762;0.58635104;-0.0065930746;[ 0.1904225   0.46192122 -0.10664299]
0.13993837;-0.30063832;-0.021468874;[ 0.17996235 -0.28299737 -0.1508947 ]
0.19238883;-0.39980453;0.01696765;[ 0.08703835 -0.3959272  -0.18225239]
-0.16277365;-0.37651742;0.033839077;[-0.07077335 -0.4603327  -0.17505412]
-0.1399811;0.12254234;-0.86481565;[-0.04901876  0.02666716 -0.8629978 ]
-0.37571734;-0.26565796;-0.47750765;[-0.08510511 -0.3362329  -0.5442526 ]
0.7455744;-0.4908256;-1.3133978;[ 0.6634254 -0.4654423 -1.1859457]
-0.0031220317;-1.3154253;-1.2482195;[ 0.3818406 -1.302082  -1.3583975]
0.7639447;0.91733;-0.035038847;[ 0.54688007  0.7372191  -0.08321133]
0.96414536;0.3975103;-1.1973796;[ 0.8434323   0.22963877 -1.0876967 ]
-0.17457081;1.0311583;0.9259429;[-0.25205362  0.8329751   0.7909033 ]
0.23673649;-0.45322615;-1.2176862;[ 0.39561754 -0.46050066 -1.2742265 ]
-0.1357882;0.1274774;0.73750186;[-0.02841432  0.10450407  0.55907565]
0.92852753;0.042318653;0.38435477;[ 0.67319876  0.01491834 -0.06109866]
0.67603576;0.042385254;0.1953929;[ 0.39643443 -0.03423248 -0.09640351]
-0.23178683;0.17897207;-0.74762666;[-0.1285906   0.12452947 -0.8171205 ]
-0.023288637;-0.3489176;0.36557007;[-0.08611269 -0.3179273  -0.02449795]
-0.61740685;0.8045978;-0.4087979;[-0.48952144  0.5842377  -0.512585  ]
-0.72486085;1.6573086;0.028066698;[-0.7663255   1.4783658  -0.10445999]
-0.43190354;0.8141301;-0.22054815;[-0.35073274  0.6638104  -0.27287328]
-0.37513632;0.4519331;1.2005314;[-0.19823845  0.36911386  0.68172884]
-0.6635267;0.8377357;-0.0395584;[-0.6469562   0.691232   -0.07113136]
-0.31258017;-0.029846415;0.04452887;[-0.34972268 -0.0269495   0.02818504]
-0.12508596;-0.98166746;-0.16934365;[-0.10294794 -0.98106277 -0.34355488]
-1.6845306;1.7325152;-0.14993484;[-1.5994308  1.5688487 -0.3959995]
-0.7557924;0.7734289;0.5211114;[-0.7485248   0.619805    0.41252163]
-0.7831728;1.267527;0.58481693;[-0.7896359  1.0903367  0.6383602]
-0.62707746;0.36815006;0.45357084;[-0.5174859  0.2576871  0.543149 ]
-1.165714;0.878346;0.2419426;[-0.89650524  0.78784823  0.07159017]
-1.6843225;1.7445661;-1.1332157;[-1.5976431   1.5731133  -0.39678758]
-0.7891956;1.2984556;0.6360295;[-0.8188437  1.1264596  0.6990522]
-0.77194846;1.2707506;0.6538559;[-0.7184528  1.0795032  0.6675855]
-0.9740887;0.8242499;-0.25747946;[-0.86640346  0.7211653  -0.09499733]
-0.86467975;0.80843043;0.27015135;[-0.8264322   0.7235007  -0.23036174]
-1.6846006;1.7430075;0.44701448;[-1.6000656  1.5665447 -0.3830966]
-0.78080565;1.2923167;0.8636944;[-0.77881384  1.0619104   0.6822588 ]
-0.70776755;0.7950116;0.1926002;[-0.61441964  0.6639286   0.02747965]
-0.9711488;0.8232233;0.37436458;[-0.91197693  0.70538133 -0.03079413]
-0.613301;-0.100387245;0.678043;[-0.6440152  -0.04949339  0.50811964]
0.302123;0.08078059;0.21690111;[0.264706   0.10036811 0.06594531]
0.32436144;1.0120362;0.3166667;[0.22799575 0.8166429  0.2461145 ]
0.19367298;0.645861;-0.41241968;[-0.02913286  0.4831171  -0.6104442 ]
0.8479338;-0.30517274;0.20268156;[ 0.6098125  -0.35176575  0.05793283]
0.18869126;-0.7675484;0.116732284;[ 0.15647575 -0.76193213  0.0451829 ]
0.6420415;-1.6629385;-1.0915234;[ 0.6948716  -1.6338383  -0.97469896]
-0.38119876;-0.03343971;0.37223783;[-0.36553746 -0.07054017  0.15946347]
-0.43374485;0.40548176;-0.02903204;[-0.25286686  0.2760927  -0.23501468]
-0.84776664;1.2730472;-0.09817581;[-0.81493795  1.102875   -0.39453813]
-0.63198936;0.404063;-0.014488015;[-0.5081652   0.21849276 -0.2352809 ]
-0.6009823;0.8603403;0.57372624;[-0.5358192  0.7154453  0.4127049]
-0.488118;0.39289105;0.40361798;[-0.4039958   0.27841014  0.18108901]
-0.571065;0.8564792;0.6054541;[-0.639137    0.71162     0.35514775]
-0.5462604;0.42951083;0.11566086;[-0.38617748  0.2835214   0.00779086]
-0.28875417;-0.49744898;0.04658089;[-0.17932685 -0.50006664 -0.1579123 ]
-0.86812013;1.2859364;-0.3147372;[-0.8416244  1.1189653 -0.4414986]
-0.4853301;0.857004;0.47676238;[-0.3795941   0.703823    0.45265868]
-0.96177655;1.2798561;-0.16700348;[-0.87666893  1.1324686  -0.22711448]
-0.66859967;0.40591985;0.35875726;[-0.69815993  0.3320269   0.46718684]
-1.1474358;1.3473178;-0.066806406;[-0.96135056  1.1764209  -0.0310761 ]
0.30211234;-0.33335668;-0.19948953;[ 0.06514315 -0.2959212   0.05216272]
0.3882658;0.12601489;0.22079918;[0.02742334 0.07107882 0.22650777]
0.26077372;-0.77835494;0.10140872;[ 0.17465913 -0.7685558   0.01287327]
-0.6333798;0.38547653;-0.25507915;[-0.4970169   0.19571789 -0.3614043 ]
-0.2970438;-0.050811663;0.35827073;[-0.13934918 -0.12965696  0.31386572]
-0.5718679;0.4003027;-0.06319781;[-0.43682158  0.28507406 -0.04200385]
-0.700476;0.9150071;1.5256027;[-0.6687976   0.8202609   0.94132954]
-0.14099745;-0.056426212;0.19471423;[-0.15052356 -0.0955245   0.30104685]
-0.6152703;0.4461047;0.048052024;[-0.5706285   0.33317202  0.16277768]
-0.8495386;0.9760776;1.4380494;[-0.95111275  0.89359915  1.2205876 ]
-0.30153936;-0.52026576;-0.10567099;[-0.20369108 -0.51928926 -0.20424747]
-0.86110723;0.9159493;0.4211793;[-0.8033786   0.8439995   0.18131621]
-0.46710736;-0.02544932;0.023168694;[-0.3422621  -0.01234772 -0.03240928]
-1.6657062;1.8440647;0.60314393;[-1.5458959  1.7113013  0.3926688]
-0.5640573;0.55811644;1.0802864;[-0.50913256  0.42456663  0.5734676 ]
-0.64261615;0.030340523;0.025834482;[-0.5708549   0.13907607 -0.14000614]
-0.54549587;0.30506772;-0.031247448;[-0.4062214   0.22193046  0.03370034]
-1.7035787;2.1553314;-0.93577594;[-1.6436826  1.9742297 -1.0548097]
-0.82371837;1.2177678;0.16167183;[-0.72507846  1.0262271   0.1307383 ]
-0.6308253;0.34986293;-0.37842262;[-0.52512187  0.1778117  -0.48516518]
-0.46830666;-0.57435167;-0.14564121;[-0.44606352 -0.58366823  0.02943463]
0.22336325;0.059320312;0.20126158;[0.20719244 0.09592924 0.07300326]
0.6288352;-0.34267318;-0.25377628;[ 0.52772635 -0.35229826 -0.43521345]
0.012175947;-0.82125914;-0.146955;[-0.04629599 -0.77321774 -0.34967026]
-0.060723647;-0.32604474;0.25677273;[-0.01733488 -0.2927701  -0.02089218]
-0.1274808;-0.7717509;0.11023027;[ 0.00622317 -0.7657814  -0.07615668]
0.09646866;-1.1661726;-0.37091497;[ 0.31652173 -1.2639986  -0.6078996 ]
-0.3895303;-0.06036304;0.1435721;[-0.31268537 -0.06982261  0.1281526 ]
-0.47990268;0.3626954;-0.3066263;[-0.33107793  0.25538567 -0.3284025 ]
-0.23640902;0.8120704;0.56895393;[-0.17673518  0.6178862   0.24532588]
-0.4165979;-0.5696626;-0.3067794;[-0.31785017 -0.53200346 -0.17250757]
-0.5766479;0.8164514;0.5456037;[-0.41874772  0.6585202   0.38597855]
-0.8499179;1.2473978;-0.30121195;[-0.7841401   1.1050943  -0.35571608]
-0.7481509;1.7186185;0.6821257;[-0.8311031   1.5290047   0.58326274]
-0.70373005;1.2271903;-0.39539385;[-0.6460865  1.0539097 -0.3754228]
-0.1709183;-0.070662245;0.47980136;[-0.05218811 -0.11754879  0.22728302]
-0.63924474;0.34979814;-0.27920765;[-0.48894662  0.24218453 -0.10778944]
-1.1612371;1.3172125;-0.0115307085;[-0.96008027  1.1706969  -0.07858199]
-0.118205145;-0.046995588;0.52249974;[-0.20134099 -0.05384097  0.35254115]
-0.6455342;0.37310296;0.15320012;[-0.64716256  0.28888464  0.04076203]
-0.40195233;-0.5283583;-0.16373691;[-0.2702576  -0.57975584 -0.27744734]
-1.125399;1.0507554;0.71251905;[-1.0359842  0.9907569  0.56158  ]
-0.4512772;-1.3027855;-0.0048148446;[-0.49131167 -1.3674761  -0.1794762 ]
-0.5741742;0.41875875;0.10497926;[-0.42510122  0.33213282 -0.02142713]
-0.607213;0.4205804;0.57187325;[-0.6298948   0.30873597  0.37280142]
-0.9567961;1.28644;0.14853247;[-0.9423989   1.1315044   0.00571349]
-0.5612113;0.41026962;0.5995853;[-0.6165912   0.30686283  0.4546656 ]
-0.5766016;0.41760153;0.82459843;[-0.7765075   0.3496998   0.49772683]
-0.53190523;-0.45877653;0.8110765;[-0.6683567  -0.39511257  0.40898845]
-0.8412648;1.249746;-0.24712408;[-0.8328414   1.1141878  -0.49412316]
-0.6747441;0.3963369;0.5362612;[-0.67803174  0.27881825  0.3680828 ]
-1.1691135;1.32173;0.32275826;[-0.9908458   1.1622181   0.06550729]
-0.71841437;0.43141055;0.87316316;[-0.89749753  0.35380793  0.5094986 ]
-0.64117074;0.44517422;0.26764134;[-0.6624354   0.36364412  0.28921777]
-0.5285345;-1.3812522;0.3026616;[-0.5296476  -1.5572633  -0.05106763]
-0.8549658;0.9304593;0.4524576;[-0.83661866  0.84377575  0.17141749]
-0.28735602;0.5293612;0.31112325;[-0.24199273  0.40028894  0.13700463]
-0.45116132;-0.0058163777;-0.33281216;[-0.34962255  0.11052069 -0.2544618 ]
-0.6094678;-0.07168393;-0.065467894;[-0.43890923 -0.04936367 -0.02180384]
0.119815506;-0.60980016;-0.39612085;[ 0.1960057  -0.5607081  -0.40874457]
-0.10877119;0.2047818;0.3686282;[-0.1391659   0.21346487  0.14136423]
0.3631606;-0.9319076;0.5468625;[ 0.3593995  -0.75630844  0.52555376]
-0.5659373;-0.0036854967;-0.42204484;[-0.47339374 -0.03534438 -0.45160684]
-1.6649882;2.3010874;0.27972934;[-1.5436201  2.1172094  0.2261713]
-0.90509135;1.4037163;-0.058105726;[-0.862648    1.2917703  -0.11109547]
-0.6488852;0.5770524;0.07513507;[-0.6057961   0.5229512  -0.04245161]
-0.35795814;-0.37712592;-0.20840964;[-0.20248987 -0.35964984 -0.26675418]
0.22416478;-0.3972919;0.04840208;[ 0.10339346 -0.45056236 -0.16866918]
0.76429635;-0.45048374;-1.2677846;[ 0.77096695 -0.45361668 -1.2028717 ]
-0.087995276;0.48931926;-0.048528757;[ 0.01353611  0.33033562 -0.10921757]
-0.27827173;0.15684149;-1.0253634;[-0.04480492  0.0885988  -0.9240952 ]
0.21028075;-0.429071;-1.3285588;[ 0.5277196 -0.4551025 -1.3378165]
0.32335776;0.4834295;0.17503634;[0.14497939 0.36999744 0.0308353 ]
-0.035536543;-0.37919843;-0.10730128;[-0.07278569 -0.40813452 -0.26363266]
0.23485538;0.51445127;0.13656877;[0.01949172 0.4192379  0.03663491]
-0.09066315;-0.35637432;-0.03823937;[-0.02557839 -0.33558255 -0.17991588]
-0.19103818;-1.2554466;-0.19702283;[-0.13427632 -1.2907587  -0.42295393]
1.4584416;0.53260976;-1.1174698;[ 1.3894906   0.29006872 -0.96966344]
0.6633603;0.4319328;-0.020636577;[ 0.34260088  0.36754864 -0.2971438 ]
-0.92335635;1.7245349;-0.54353464;[-0.86147213  1.5297251  -0.58272636]
-1.1519065;1.7723066;-0.21696198;[-0.9922451   1.5893695  -0.21076107]
-0.6862749;0.8915015;-0.12274709;[-0.66417897  0.7402748  -0.11141941]
0.14099349;0.5008289;0.14136711;[0.12157628 0.38547075 0.04320067]
-0.4409654;-0.33720177;-0.41557604;[-0.35028797 -0.39203423 -0.28786185]
-0.40634054;0.9868292;0.20966019;[-0.25614125  0.78834474  0.21609992]
-0.6972599;0.51930726;-0.29445112;[-0.62164533  0.44289064 -0.02691339]
-0.2863351;-0.33987164;-0.3626326;[-0.24308182 -0.39020652 -0.32740146]
0.3772956;0.19708648;0.12908944;[ 0.35852212  0.10782933 -0.07098784]
0.62761927;0.18876064;0.023005728;[ 0.5232001   0.09368785 -0.07484211]
-0.21825327;-0.07034926;-0.32818466;[-0.1332783  -0.10301226 -0.34268588]
-0.6171029;0.8163255;-0.4125526;[-0.47812402  0.5948622  -0.57739425]
-0.49038154;0.455495;1.1192732;[-0.30518627  0.35584575  0.80829936]
-0.83836997;1.711037;0.15072522;[-0.8966081   1.5165176   0.03655153]
-0.95394963;1.686338;-0.46613556;[-0.9017577  1.4800477 -0.6095656]
-0.6693675;0.8481676;-0.10456358;[-0.6443036   0.69839084 -0.10365728]
-0.40058905;0.54419845;-0.28560895;[-0.24861307  0.46074468 -0.27719146]
-0.84388864;1.4028089;0.06468676;[-0.8499894   1.2621928  -0.06450562]
-0.5709511;0.5812064;0.07859761;[-0.494942    0.48666513 -0.06008813]
-1.658448;2.3217268;0.24890734;[-1.5391564   2.1206458   0.19371973]
-0.4569096;0.57243174;-0.37942532;[-0.28861403  0.48900682 -0.35222965]
-1.1099583;1.4861598;0.17781036;[-1.0310258   1.3896793   0.13934319]
-0.81670076;0.6789897;-0.16974694;[-0.8928071   0.63161373  0.00552468]
-1.3784547;2.1257918;-0.576665;[-1.3788384  1.9487685 -0.6811342]
1.0349156;0.60285074;-0.96452785;[ 0.8555734   0.40689856 -1.0483015 ]
0.96017593;-0.29602933;-1.3105093;[ 0.90773636 -0.3612246  -1.3045629 ]
0.18620211;0.56415766;-0.24410489;[ 0.20559521  0.43812972 -0.27229127]
0.18633935;1.4838537;-0.19767493;[ 0.02408552  1.2460967  -0.24511881]
0.13249479;0.5799561;-0.111194134;[ 0.07054456  0.4206196  -0.21049437]
0.1647412;0.6380044;-0.12150887;[ 0.10005632  0.4451943  -0.06125474]
0.6425758;-0.61168486;-0.11279711;[ 0.55291915 -0.6057322  -0.3962709 ]
0.85008603;-0.2847075;-1.049026;[ 0.87508607 -0.30495358 -1.1600267 ]
0.94252664;0.5514624;-1.3087113;[ 1.0679239  0.4796754 -1.3902797]
-0.55769485;0.4120046;-0.117205545;[-0.43291646  0.35904604 -0.27077276]
0.82219857;-0.29149097;-1.7625872;[ 0.75258166 -0.31005156 -1.5889047 ]
0.8387628;1.0270294;-0.71804357;[ 0.6084403   0.76912594 -0.7907032 ]
-0.92738706;1.2688035;0.024272952;[-0.8753971   1.2035794  -0.28860876]
-0.6790021;0.42678726;0.17752744;[-0.60472393  0.3605398  -0.12432154]
-0.93108815;1.3050314;0.44129884;[-1.0097815   1.1959866   0.09541222]
0.7276503;-0.6808544;-0.55157506;[ 0.5963837  -0.69476503 -0.6359314 ]
0.11717367;-0.30583203;-0.07904342;[ 0.15676825 -0.32775843 -0.20892061]
0.11559858;0.5602882;-0.12794344;[ 0.18802251  0.45156753 -0.18538705]
-0.19145305;-0.29004365;-0.28060383;[ 0.06965756 -0.3145879  -0.3888501 ]
0.124472894;0.12503858;-0.42072928;[ 0.13672411  0.04018657 -0.32053462]
-0.03214845;-0.31895465;-0.65292525;[ 0.01412146 -0.32205218 -0.6039812 ]
0.13776419;1.4672381;-0.08085975;[ 0.06549861  1.2498931  -0.15497172]
-0.2759096;0.5988025;-0.2768478;[-0.06494452  0.44133776 -0.35609427]
0.14263046;0.5805398;0.019276984;[ 0.12465686  0.44469666 -0.08680697]
-0.22087045;-0.26040232;0.075804904;[ 0.02678171 -0.2800814  -0.09302015]
-1.6879834;2.627406;-0.5478636;[-1.6235938  2.3458786 -1.0213281]
-0.84842825;1.7108349;-0.40092698;[-0.8476187  1.4888561 -0.5700288]
-0.94866735;1.70934;-0.12329508;[-0.9143424  1.4919587 -0.3025248]
-0.5226488;0.82348233;-0.5605034;[-0.43107188  0.7106129  -0.4552538 ]
-0.78645825;0.8782174;0.5017113;[-0.79422235  0.7146646   0.29729035]
-0.4424981;-0.056778744;0.089689896;[-0.33411765 -0.15080912 -0.12107827]
-0.8783745;0.93420553;0.75210494;[-1.0279616  0.7865589  0.5281449]
-0.8352272;1.3256134;-0.20138332;[-0.8602185  1.1605567 -0.4643787]
-0.5064526;0.4344849;-0.4667136;[-0.4361151   0.36529702 -0.38780668]
-0.8762673;1.3252672;0.72317374;[-0.9258455  1.185642   0.3779976]
-0.5976257;1.2889572;-0.05025207;[-0.6595838   1.1307873  -0.23553315]
-0.7424729;1.3259746;-0.4183641;[-0.6709366   1.176717   -0.42007554]
-0.9468294;1.3294505;0.027286422;[-0.91839683  1.15421    -0.21227194]
-0.46038884;0.43083358;0.050987873;[-0.40137768  0.28796852 -0.08296251]
-0.55020756;0.4652133;0.23495233;[-0.53915864  0.36821133  0.11256355]
-0.28626752;-0.5084155;-0.036483344;[-0.21813084 -0.5106724  -0.18732344]
-0.41721165;0.8331392;-0.28517783;[-0.42840493  0.6836939  -0.45548466]
-0.77383333;2.2515426;0.42219114;[-0.6788912  2.014105   0.3460794]
-0.6591454;1.7467717;-0.13508132;[-0.62411976  1.5305027  -0.29012856]
0.12143478;0.55219287;0.11755923;[ 0.22185403  0.44518113 -0.02126395]
19.820608;0.47709996;5.9233;[21.62768    0.5593122  9.014246 ]
19.03073;0.018520463;4.5587378;[19.50939    0.2564082  8.01065  ]
0.5056102;-0.2542976;-0.24859405;[ 0.53304935 -0.31043017 -0.25482723]
0.09823775;1.0453951;0.08757292;[0.01678018 0.8476958  0.00623453]
-0.1655723;0.5563029;-0.36333367;[ 0.03422156  0.4531774  -0.28628668]
15.577255;0.36789858;5.0206537;[19.503487    0.21793066  7.521173  ]
0.5575343;-0.76681566;0.018102672;[ 0.5081757 -0.7317627 -0.1386336]
-0.53880256;0.83177215;-0.673329;[-0.42262     0.6588941  -0.58263654]
-0.35448724;0.017151527;-0.6642699;[-0.27580577 -0.02410764 -0.5845786 ]
-1.6890062;2.615454;-0.59976304;[-1.61185    2.3412938 -1.1582592]
-0.43165356;1.3272647;0.022472307;[-0.36042118  1.0827006   0.02848323]
-0.95163757;1.7010996;-0.15434235;[-0.90547335  1.4705491  -0.46367708]
-0.59362626;0.86753947;-0.13248354;[-0.4345042   0.68180466 -0.2563255 ]
-0.8413574;1.2461746;-0.37280315;[-0.8599988   1.0998752  -0.66814816]
-0.6088969;0.8862223;0.6833394;[-0.38923794  0.73507077  0.38667807]
-0.77205867;1.2906154;-0.5296254;[-0.75138104  1.1518552  -0.4643429 ]
-1.1703359;1.7992682;0.8009143;[-0.84390914  1.5736274   0.5835939 ]
-0.34535664;1.3340971;0.63320935;[-0.29890043  1.1371506   0.29130358]
-0.55145675;0.86498445;-0.12788463;[-0.38841498  0.747149   -0.12766859]
-0.9589024;1.2464447;-0.12999804;[-0.9141474   1.121365   -0.39696363]
-0.6335066;0.41002727;-0.2536186;[-0.45708543  0.2862023  -0.18071824]
1.021335;0.5337262;-1.3380104;[ 1.0462536   0.44554418 -1.5489345 ]
-0.4090212;0.76743907;-0.25744116;[-0.2789163   0.61091304 -0.31890804]
-0.819278;1.6966531;0.564904;[-0.9185833  1.5865759  0.3148176]
-0.73414665;1.1874663;-0.7028472;[-0.72158843  1.074903   -0.599325  ]
-0.591953;0.3210256;-0.31571132;[-0.47633916  0.19985802 -0.43835917]
0.17790964;0.5848936;-0.2563849;[ 0.16797905  0.435596   -0.31573102]
0.62919265;0.21128073;-0.07267907;[ 0.6069728   0.1739861  -0.17239408]
0.078338735;1.1093845;0.23107639;[-0.02857481  0.9204347   0.19132389]
0.0919216;0.59956956;-0.3741958;[ 0.1065938   0.4458878  -0.41009936]
0.99552083;-0.24727972;-0.9801959;[ 0.93399036 -0.28318    -1.0580305 ]
0.19927222;0.65716094;0.058046915;[0.07147813 0.46572983 0.01442722]
0.5765034;0.35950798;-0.055839103;[ 0.39601737  0.22602999 -0.26069427]
-0.21694867;0.01891131;0.31712776;[-0.06968708 -0.06204019  0.1575672 ]
-0.40841496;-0.46035397;-0.2952164;[-0.30350822 -0.4603625  -0.14461927]
-0.6390739;0.44166285;-0.10010514;[-0.49630344  0.25392434 -0.41385254]
-0.58111256;0.91815084;0.37112656;[-0.47133464  0.7758676   0.38545075]
-0.7141524;1.327075;-0.35717228;[-0.65218866  1.1117531  -0.31033415]
-0.9612091;1.3019661;-0.035218764;[-0.86931765  1.1474376  -0.30222973]
-0.7990907;1.3262659;0.5640474;[-0.8912884   1.1188035   0.46956626]
-0.5052935;0.9133832;0.4217722;[-0.37442452  0.6997168   0.29767206]
-0.83637255;1.3601798;-0.6902595;[-0.87946105  1.1468092  -0.7580535 ]
-0.8584195;1.3750371;0.5627055;[-0.9272785  1.1878306  0.3689026]
-0.62363154;0.51365423;-0.25176296;[-0.59107447  0.37263882 -0.21215153]
-0.61545926;0.47811615;-0.42324603;[-0.53102016  0.27290678 -0.5700336 ]
-0.45587522;0.38264215;-0.13455719;[-0.2805642   0.25941226 -0.22880806]
-0.2940914;-0.54910594;0.15113318;[-0.32728648 -0.45862687  0.1848068 ]
-0.84743863;1.2610928;-0.45344007;[-0.83327484  1.105535   -0.47151634]
-0.62602246;0.3930661;-0.2199946;[-0.4831702   0.20381826 -0.41610226]
-0.78737664;1.2698421;0.4588439;[-0.84431684  1.0417243   0.38161513]
-0.67908096;0.91427356;0.89447826;[-0.5758898   0.78432614  0.7458022 ]
-0.6408417;0.834337;0.48986858;[-0.61550874  0.6915195   0.3652107 ]
-1.1491274;1.3357674;0.04470482;[-0.93872416  1.1792473  -0.06285782]
-0.59744066;0.45174497;0.107240066;[-0.5596395   0.33484894  0.19522966]
-0.6344938;0.4142418;-0.14514314;[-0.50711894  0.24700618 -0.30378884]
-0.423553;-0.036078602;0.17806551;[-0.32070833 -0.13111411  0.21143728]
-0.48002928;0.36835694;-0.26642156;[-0.36048955  0.30214447 -0.08446239]
-0.7047221;1.2748137;-0.16713446;[-0.6406216   1.103321   -0.21509019]
-0.65766025;0.4015476;0.47461566;[-0.749425   0.3397162  0.5514349]
-0.68819124;0.42306507;0.08556853;[-0.58047575  0.2920078   0.03418563]
-0.48431385;0.8691456;0.6704563;[-0.3967961   0.7078191   0.34040362]
-0.6269664;0.4054206;-0.110007614;[-0.477813    0.29885283  0.01328588]
-0.5718426;0.8603553;0.43756354;[-0.545336    0.69311774  0.4018472 ]
-1.1386839;1.3472729;0.039779373;[-0.95864046  1.1901249  -0.01958524]
-0.6259143;0.9075843;0.6474655;[-0.6428535  0.7906079  0.4908996]
-0.45894712;-0.47167903;0.033793923;[-0.33499485 -0.51494586 -0.1093806 ]
-0.85567015;1.21215;0.18110436;[-0.7612254   1.0322781   0.02080979]
-0.8512204;1.2423639;0.28335068;[-0.8154334   1.0535593   0.21948059]
-0.70439416;0.34052426;0.11779028;[-0.5371897   0.22185992  0.10522556]
-1.160639;1.3150328;-0.09411277;[-0.93997633  1.1904374  -0.20782815]
-0.7337565;0.35790443;0.25129968;[-0.7379302   0.3000421   0.20793417]
-0.5834216;0.8216476;0.5501303;[-0.3864361  0.7070395  0.4027304]
-0.24319638;0.8070467;0.26455873;[-0.15601335  0.6664619   0.10607123]
-0.57155967;-0.56301516;-0.3064933;[-0.57335484 -0.5113249  -0.3491389 ]
-0.85227925;1.2485718;0.3017798;[-0.8118423   1.0513239   0.16870742]
-0.96282846;1.2493447;-0.47824955;[-0.9237745   1.0991824  -0.66144055]
-0.8121039;0.8897907;0.680027;[-0.82090867  0.82402503  0.5951198 ]
-0.6994826;0.36343104;-0.095291585;[-0.6087369   0.32679033 -0.09381344]
-0.49885923;-0.06290533;0.45794618;[-0.27790082 -0.10706277  0.23627938]
-0.40441072;-0.57389927;-0.39907375;[-0.2678941  -0.48731518 -0.35011855]
-0.47493535;0.33687675;-0.06477396;[-0.37629592  0.23267537 -0.05492584]
-0.32482868;-0.051865496;0.47345418;[-0.2497818  -0.04203552  0.19445471]
-1.154628;1.3186492;-0.06046551;[-0.956774    1.1957192  -0.16890994]
-0.3682403;-0.56296515;-0.03206524;[-0.30407727 -0.5333958  -0.08645417]
-1.6806606;2.4488761;0.5317346;[-1.5527718  2.2876525  0.4284231]
-0.75233364;1.0754094;-0.024473537;[-0.89088047  0.97244275 -0.14598925]
-0.94805676;1.5524181;0.28147826;[-0.87247694  1.4353791   0.19622107]
-0.7423002;0.28075352;-0.22879934;[-0.95005584  0.20152874 -0.268925  ]
-0.7448629;-0.098985925;0.60158074;[-0.8307655   0.02521645  0.5205299 ]
0.44266206;0.31813002;-0.0033979304;[ 0.39056832  0.3862844  -0.15218262]
1.1249688;-0.0139145255;0.81416714;[0.9731271  0.22682483 0.7091466 ]
0.5867242;1.2532699;0.17037258;[0.39955497 1.1544302  0.02623713]
1.4947295;0.9216641;0.94832456;[1.2165821 0.9493683 1.0097418]
-0.854747;1.319109;0.03316232;[-0.8357407   1.2443674  -0.10715614]
-0.7976262;1.3476197;-0.21717396;[-0.7440914   1.2684295  -0.33790168]
-0.6902026;0.9052407;-0.21952131;[-0.70420104  0.8271451  -0.26258236]
-0.5703556;0.5254557;-0.24700874;[-0.42496282  0.43584973 -0.30953905]
-0.6094797;0.5487185;-0.14351264;[-0.5624957   0.49874723 -0.20691772]
-0.687958;0.09584704;-0.37537366;[-0.80491173  0.02801187 -0.3842494 ]
-0.10701801;-0.37104565;-0.16902408;[-0.0584576  -0.4593591  -0.24576719]
0.1976535;0.47810602;0.09404254;[ 0.20480849  0.36869848 -0.01803853]
1.2667534;-0.7846051;-0.7928274;[ 1.1005764 -0.7698685 -0.8220485]
0.8958551;-0.6727816;-0.83318967;[ 0.64572555 -0.563854   -0.8458808 ]
1.446614;-0.78250694;-0.7919374;[ 1.240747   -0.80077744 -0.83082014]
-0.1376766;0.5175243;0.07307513;[-0.12207575  0.3554728  -0.0108218 ]
0.26924488;1.0902547;-0.5945099;[ 0.14623281  0.8830074  -0.5683573 ]
0.9655952;0.4724269;-1.0558479;[ 0.9332272   0.30665356 -1.0025461 ]
0.8054258;0.9547764;0.09199637;[ 0.5951028  0.7615849 -0.0185532]
1.0203469;0.53478897;0.12825589;[ 8.24962139e-01  4.47402894e-01 -1.02657825e-04]
1.5035366;0.03216234;-0.697388;[ 1.3311231  -0.05314154 -0.68936366]
1.3817313;0.46657598;-1.1643064;[ 1.2177858   0.23508805 -1.052193  ]
1.729343;0.05762967;-0.7071197;[ 1.5254078  -0.07891186 -0.633675  ]
1.7191426;-0.376006;-1.9266679;[ 1.6029068 -0.459603  -1.6481702]
-0.031657174;0.19017303;-0.8027292;[-0.17057206  0.06836778 -0.83928555]
0.33521527;-0.4238354;-1.0542232;[ 0.19726136 -0.38511497 -0.9355932 ]
0.25130203;0.15765002;-0.7307331;[ 0.18417194  0.07986118 -0.75217086]
0.7310829;0.08655784;0.03163186;[ 0.503499   -0.02300592 -0.10685931]
1.407986;-0.7319576;-0.7214103;[ 0.9744128 -0.7351887 -0.7530026]
0.31546706;0.2234335;-0.73307294;[ 0.12492479  0.1269758  -0.6810296 ]
1.0250579;-0.62621784;-0.65065116;[ 0.56241417 -0.49693477 -0.695     ]
0.1400121;-0.3959781;0.001681637;[ 0.10452513 -0.463405   -0.19171752]
0.712054;-1.2745692;-1.1761525;[ 0.76440173 -1.2767509  -1.1854913 ]
-0.50680596;0.7446961;0.3609416;[-0.46015888  0.66160107  0.16654499]
-0.652831;0.148461;-0.2675339;[-0.5496913   0.02230041 -0.39873207]
-0.88761324;1.6239661;0.31212348;[-0.84850085  1.4744868   0.24922831]
-1.1076131;1.6804374;0.52587193;[-1.0773088   1.5626184   0.44946846]
-0.3334403;-0.011063322;-0.3174135;[-0.33072287 -0.06682947 -0.33943498]
-0.8323162;1.6783546;-0.89833117;[-0.8906033  1.5001734 -0.9675525]
-0.60899025;0.81052095;-0.49362707;[-0.5131984  0.6280903 -0.6403232]
-0.63412553;-0.076985165;-0.626783;[-0.6443974  -0.07064354 -0.45917627]
-0.8697702;1.7059639;0.08327766;[-0.88549185  1.4765192  -0.01952652]
-0.5885164;0.826557;-0.12441483;[-0.5350976   0.6807263  -0.21190217]
-0.7759001;1.6875496;-0.026450258;[-0.8428935   1.4762925  -0.12498119]
-0.8144528;0.8257467;-0.47312367;[-0.85925674  0.73371637 -0.36854413]
-1.1731876;1.7486624;-0.14863577;[-0.99695504  1.58072    -0.26015338]
-0.46491772;0.7269946;-0.14516993;[-0.4040768   0.6103554  -0.20756203]
-0.5349501;0.80238503;-0.464563;[-0.39131403  0.6230557  -0.4068118 ]
-0.5951681;0.765699;-0.06126273;[-0.56424534  0.64067924 -0.17321098]
-0.6085971;0.7636531;-0.13328928;[-0.57236874  0.6635935  -0.2046348 ]
-1.1514453;1.6948997;-0.09246276;[-1.0172668   1.5321741  -0.13025773]
-0.66425586;0.8124687;-0.36155784;[-0.6644389   0.7832066  -0.35028926]
-0.43983978;0.8777803;0.10378863;[-0.2679174   0.7042655   0.02485207]
-0.42978656;0.40739667;-0.5564161;[-0.35849255  0.30813482 -0.4760441 ]
-0.49714512;0.3890884;0.3429426;[-0.43473178  0.3296011   0.1716868 ]
-0.41186804;-0.050416976;-0.25218505;[-0.26579118 -0.00933721 -0.22319452]
-1.6823257;2.237466;-0.5460199;[-1.6254269  2.003381  -0.8228307]
-0.6661291;1.2934741;0.05493099;[-0.6894195   1.1301061  -0.00816725]
-0.6027966;0.8503514;-0.15463546;[-0.5264494   0.7376554  -0.06512398]
-0.6316469;0.39787918;-0.5160688;[-0.46963537  0.40651512 -0.5688034 ]
-0.55785006;0.88979894;0.24629927;[-0.4696377   0.7196984   0.12724005]
-0.60069245;0.43275702;0.46541435;[-0.6087478   0.32566893  0.29063419]
-1.1077441;1.3851501;-0.08937779;[-0.95325625  1.2203397  -0.0782866 ]
-0.4337017;-0.36833155;-0.485367;[-0.27937847 -0.53359485 -0.70225304]
-0.44076705;0.27461582;-0.40857035;[-0.40157622  0.24191867 -0.49884465]
0.97899836;-0.39136595;-1.2943683;[ 0.8187252  -0.40263283 -1.36567   ]
0.92436725;0.112984896;-0.2824254;[ 0.77404314  0.09367894 -0.4813296 ]
0.36923128;-0.37636316;-1.1336654;[ 0.51766926 -0.36436313 -1.2090207 ]
1.2333279;0.057710085;-0.7826181;[ 0.8825061   0.00998206 -0.8945683 ]
0.8099273;-0.35040575;-1.5479176;[ 0.7796835  -0.41560936 -1.4727688 ]
1.3288666;0.70042163;-0.03868637;[ 0.84300417  0.5378305  -0.08229473]
-0.9518418;1.2507551;-0.18131728;[-0.9492899   1.1723063  -0.23189406]
0.8581707;-0.331313;-1.3786299;[ 0.8979155  -0.33922797 -1.3905823 ]
-0.41649318;-0.56596833;-0.5306873;[-0.42680204 -0.5860322  -0.7419303 ]
0.64539254;-1.1959945;-1.4455843;[ 0.66842   -1.2498823 -1.5570194]
0.16986935;0.5364743;-0.16763683;[ 0.2089709   0.41392308 -0.24501874]
0.11685151;-0.41466153;-0.22851998;[ 0.09311312 -0.43824768 -0.45597836]
-0.12328756;-0.37648344;-0.4256461;[-0.00276463 -0.42518598 -0.46703044]
0.85154134;1.162448;0.1459278;[0.76883096 0.9280188  0.07873324]
0.12952697;0.13801692;0.26865894;[0.08580859 0.10039925 0.01622244]
0.14745659;-0.34046155;-0.19143447;[ 0.14925785 -0.38538194 -0.31553   ]
-0.062061146;-1.2159702;-0.3376388;[-0.013759  -1.2854685 -0.634751 ]
-0.6196361;0.8393872;0.62180376;[-0.49041367  0.7142598   0.49024704]
-0.4875784;0.31244293;-0.5764076;[-0.36227465  0.28080142 -0.46396407]
-1.7010229;2.1564765;-0.92598695;[-1.642399   1.9816444 -1.1182756]
-0.72873574;1.2080399;0.32828623;[-0.7023306   0.99806446  0.09909327]
-0.63898665;0.35922343;-0.48352253;[-0.4662354   0.26305658 -0.3463276 ]
-0.6345672;0.36741328;0.21758117;[-0.4758311   0.2281502   0.07323593]
-0.5813661;0.8657046;0.3638891;[-0.56052816  0.7566879   0.33729562]
-0.28228706;-0.022909388;-0.04288424;[-0.57705724  0.05351947  0.11431709]
-0.14404844;-0.092734545;0.13164234;[-0.00242557 -0.09379297 -0.00034918]
-0.52902794;0.62560433;0.37282404;[-0.5033146   0.56159866  0.11325914]
-0.84466606;1.5273002;0.61698353;[-0.93752956  1.445643    0.37788242]
-0.930558;1.4995452;0.24121512;[-0.88948035  1.3987837   0.12210025]
-1.1550943;1.5309347;0.43343592;[-1.063429   1.4802905  0.3552952]
-0.76336056;0.70383674;-0.021483239;[-0.9044976   0.7292886   0.15285803]
-0.84876055;1.3802776;0.02810226;[-0.8531183  1.2824068 -0.1054413]
-0.3868997;0.040147647;-0.30067408;[-0.32091355  0.03401596 -0.34694365]
-1.1542925;1.4614502;0.12062532;[-1.034969    1.4018458   0.09014253]
-0.21653582;-0.83303326;-0.35808754;[-0.27269942 -0.92948115 -0.5588854 ]
0.6226565;0.0538562;-0.029477429;[ 0.560698   -0.0130938  -0.14588279]
0.13248205;0.13963139;-0.77179384;[ 0.14341234  0.02364087 -0.73341215]
-0.3224932;-0.44091362;-0.057949465;[-0.18323363 -0.47964352 -0.2821311 ]
0.06038286;1.3613056;0.24858287;[-0.01797594  1.1580939   0.2125896 ]
0.6693608;0.94272286;0.113545515;[0.48439008 0.76003957 0.02980944]
-0.03925976;-0.49109167;-1.017509;[ 0.17882511 -0.43718654 -1.0366844 ]
0.6872142;0.06148824;0.030235555;[ 0.50891757 -0.02208874 -0.16216156]
-0.1658179;0.1271906;-0.82569087;[-0.00971124  0.03041866 -0.81108016]
0.42859584;-0.45757324;-0.9848285;[ 0.5738021 -0.4278769 -1.1120065]
-0.44475704;-0.38913405;-0.061009552;[-0.369231   -0.46715015 -0.305594  ]
-0.33223683;-0.3342582;0.25967354;[-0.27180952 -0.32740343 -0.14465946]
-0.12633304;-0.720127;-0.8954201;[-0.01516697 -0.73935467 -0.91741854]
0.2610653;-1.3146123;-1.0334452;[ 0.52880055 -1.2896912  -1.2562271 ]
-0.56933945;0.78228086;-0.09302488;[-0.5408147   0.62922716 -0.17413543]
-0.5108513;0.76778406;-0.1315974;[-0.46518594  0.6301009  -0.15193008]
-0.41424215;-0.068599;-0.16126907;[-0.36525398 -0.13303249 -0.21196903]
-1.704547;2.5722077;-1.6691176;[-1.634025   2.3656404 -1.4185103]
-0.84095186;1.6619283;-0.6811509;[-0.84126806  1.4895653  -0.7523461 ]
-0.4974835;0.76827043;-0.17349063;[-0.47077537  0.58288586 -0.30062988]
-0.9581341;1.6595547;-0.56063855;[-0.9427918   1.4862903  -0.68756825]
-0.600827;0.7728916;-0.14772435;[-0.5361539   0.6039915  -0.25832176]
-0.3904742;-0.077524215;-0.20542654;[-0.3953091  -0.13638757 -0.33583495]
-0.74542874;0.85819715;-0.14051291;[-0.8280641   0.73968154 -0.08108144]
-0.6469989;0.8439271;-0.22254694;[-0.7035334   0.6767607  -0.18616341]
-0.35699517;0.13373713;-0.30372253;[-0.3378018   0.04669777 -0.29334927]
-0.57164806;1.0171199;-0.12594378;[-0.60020965  0.8632319  -0.1106092 ]
-0.57705384;0.5999532;-0.1532017;[-0.48715353  0.49191874 -0.17724887]
-1.130735;1.4871088;0.16981871;[-1.0514714   1.403496    0.15530573]
-0.5752234;0.5636364;-0.14512047;[-0.47559667  0.44686335 -0.26290104]
-0.5896945;0.79323095;-0.11664501;[-0.5585768   0.6584295  -0.20326908]
-0.5540735;-0.08588122;-0.5165188;[-0.49686348 -0.02032509 -0.40468585]
-0.46162254;-0.13973145;-0.5023909;[-0.37415844 -0.12482034 -0.5214702 ]
-0.5810576;-0.033711813;-0.44322658;[-0.4810661  -0.0059761  -0.31845182]
-0.91842216;0.86889;-0.08778085;[-0.8168607   0.7299633  -0.24323677]
-0.52122813;-0.09116213;-0.5207958;[-0.50483286 -0.09784099 -0.51080954]
-0.6295108;-0.019679964;-0.49488932;[-0.7350997  -0.05472624 -0.38381043]
-0.4030276;-0.051437646;-0.26347622;[-0.36464512 -0.1170354  -0.24278556]
0.09637;0.61303836;-0.25853235;[ 0.15246162  0.503625   -0.34556392]
0.16412723;1.5189381;-0.1125171;[ 0.11284544  1.3052045  -0.1750022 ]
-0.23516409;0.68967706;0.037704363;[-0.10220115  0.5351036  -0.20702137]
-0.18463211;-0.22361784;0.0027026087;[-0.01700415 -0.2313052  -0.29269305]
-0.1539691;-1.0454043;-0.036951575;[-0.05555342 -1.096142   -0.35098252]
0.16203383;1.0879053;-0.10269973;[ 0.10925896  0.9172008  -0.24747024]
-0.10793652;0.23621048;-0.2512849;[-0.04799832  0.16985056 -0.31467143]
0.085167766;0.17906447;-0.27933753;[ 0.11532025  0.10961787 -0.4030151 ]
0.18464473;1.0968044;-0.07278943;[ 0.13653634  0.9326308  -0.23116429]
0.004687749;0.20979328;-0.07407755;[ 0.12040882  0.13446827 -0.06056128]
-0.12420377;0.25531596;-0.00015124679;[-0.01139383  0.20659544 -0.21773164]
-0.18975706;-0.6618783;0.2195345;[-0.03723352 -0.66465974 -0.17736569]
0.018931262;-0.25366163;-0.27146637;[ 0.05253877 -0.34278685 -0.24388905]
-0.48537016;0.7542006;-0.33797896;[-0.4180069   0.6084668  -0.40763745]
-0.52646893;0.30705798;-0.75482607;[-0.5310401   0.30186397 -0.72285265]
0.9829399;1.0580685;-0.07415213;[ 0.8748332  0.8634506 -0.1277358]
1.018179;0.99526054;-0.79555964;[ 0.9709642   0.8045887  -0.86152935]
0.8792189;0.17372346;-0.2821142;[ 0.830457    0.12366858 -0.35153046]
0.97356075;0.5781241;-0.5905996;[ 0.74704003  0.42629868 -0.8203198 ]
-1.3706023;2.0335002;-0.7937847;[-1.4282751   1.9530021  -0.80469275]
-0.59604585;1.087088;-0.31529567;[-0.6745596   0.98277086 -0.3622702 ]
1.0124357;0.5058614;-0.8162516;[ 0.8723334   0.37523562 -0.9078767 ]
-1.563644;2.415169;-0.021765199;[-1.322863    2.30412    -0.17780246]
-0.9649345;1.581668;0.28893825;[-0.9905813   1.5037163   0.18093605]
0.21490619;0.040202986;-2.0923295;[ 0.3627969 -0.1622865 -2.0656807]
-0.022291675;0.95231396;-0.17536071;[ 0.0182374   0.77284217 -0.11573821]
0.65838987;0.5487167;-0.40391695;[ 0.45467582  0.33852386 -0.4169483 ]
0.8550461;0.012621108;-1.5072458;[ 0.672211   -0.03756915 -1.2782744 ]
0.4754063;-0.6231583;-2.5220623;[ 0.6765152  -0.70086443 -2.4724064 ]
0.0005301237;-0.15852208;-1.1523587;[-0.11677103 -0.26171798 -1.0594889 ]
0.017188966;0.08852637;-0.279396;[ 0.10463607 -0.07554951 -0.28146836]
0.49191868;-0.3390289;-0.54627806;[ 0.47356737 -0.4045161  -0.5453704 ]
-0.28363317;0.2767238;-0.520401;[-0.16912015  0.09264204 -0.39425617]
-0.28361827;-0.99559706;-0.82400906;[ 0.11630331 -1.0550668  -0.7588565 ]
0.066538304;0.15723655;-0.19321829;[ 0.1579006   0.00435219 -0.20573686]
0.633513;0.21698067;0.097573325;[ 0.5459981   0.09468026 -0.0668821 ]
-0.064435706;1.5088587;0.043610383;[-0.00857669  1.2420926  -0.06494774]
0.5297956;1.0281256;-0.019438576;[ 0.47781664  0.8575755  -0.04360821]
0.56849223;0.5941212;-0.028851848;[ 0.4491685   0.4909842  -0.04244881]
0.5109169;0.06491357;-0.19293106;[ 0.46200097  0.05918716 -0.27654493]
-0.4702028;0.16780786;-0.68971694;[-0.02000441  0.10692097 -0.52735335]
2.7812436;0.20287439;0.05568281;[ 3.4082673 -0.1681196 -0.3936418]
0.5103641;0.178286;0.22935152;[ 0.30441523  0.10835482 -0.00635868]
0.6269969;-0.22491784;0.16014346;[ 0.6711501 -0.3214321 -0.0775942]
-0.48066413;1.3242618;-0.285647;[-0.41567236  1.0594381  -0.30449167]
-0.4652484;0.8290462;-0.85066336;[-0.45983672  0.66505116 -0.7428798 ]
-0.5259064;0.9202437;-0.57127905;[-0.34952348  0.68575615 -0.5983275 ]
-0.26720268;0.47106153;-0.31549665;[-0.02670892  0.28136736 -0.31900308]
-1.6942607;2.6667368;-1.0123683;[-1.6305736  2.381731  -1.3649949]
-0.7007001;1.7461418;-0.8899257;[-0.72541845  1.504385   -0.79720694]
-0.9360059;1.8129884;-0.61442846;[-0.91376936  1.5580536  -0.7400025 ]
-1.219638;1.8484699;0.51848793;[-1.1039635   1.6578432   0.23188762]
0.8607592;-0.26746863;-1.3875974;[ 0.8424821  -0.30544925 -1.3014442 ]
-0.83878034;1.320701;-0.30632856;[-0.8678045   1.2351233  -0.19859797]
0.87109107;0.5950605;-1.5674156;[ 1.0416627  0.4495322 -1.4741887]
0.74233234;1.1489538;0.29361585;[0.57357293 0.8989203  0.1542099 ]
0.56476635;0.2644943;0.1739584;[0.5568064  0.24559821 0.24491005]
-0.4452774;0.4101779;-0.5492959;[-0.37204188  0.29833168 -0.46838218]
-0.19681497;0.28599036;0.6696214;[-0.11992638  0.3136533   0.5700584 ]
0.091891125;-0.27789736;-0.4357556;[ 0.14668465 -0.36569732 -0.41917238]
-0.14345054;0.001769267;-0.124113336;[-0.09759207 -0.11865294 -0.25431827]
-0.3826881;0.46913975;0.6544143;[-0.22254224  0.33312905  0.3432361 ]
-1.6716231;2.6648767;-0.4922456;[-1.6050817   2.355976   -0.90961224]
-0.8268287;1.7513841;-0.35508627;[-0.7961992  1.4848338 -0.5632691]
-0.4669047;0.87735236;-0.08830069;[-0.34919828  0.65040696 -0.24082947]
-0.6074715;1.3976555;0.8875885;[-0.54858303  1.1598804   0.5656229 ]
-0.22121854;-0.0007688403;0.042890456;[-0.15135275 -0.0787123  -0.15544707]
-1.1458023;1.8212258;0.4176063;[-1.1056188   1.5975862   0.21954991]
0.056924783;-0.89522755;-0.018472683;[ 0.02553135 -0.8696817  -0.28159297]
-1.6851836;2.2295587;-0.83280456;[-1.6286311   1.9703419  -0.84928167]
-0.6585071;0.48427063;-0.15446557;[-0.5846158   0.32767606 -0.23653169]
-0.39317793;0.0030156448;0.26278222;[-0.25679636 -0.12445255  0.18741281]
-0.8362324;1.3222011;-0.17524192;[-0.81775725  1.1026995  -0.40128878]
-1.1141565;1.3902749;0.4149893;[-1.0367337   1.1826276   0.19086678]
-0.65793645;0.4864989;0.7555319;[-0.8093852   0.34447062  0.42109844]
0.1582139;0.58498293;0.042216524;[ 0.07282768  0.4046098  -0.02730042]
0.15241057;1.1451558;-0.79674405;[-0.02280015  0.92357194 -0.67233634]
0.78786844;1.0112492;-0.12566903;[ 0.6002528   0.7760993  -0.10948427]
0.104541674;0.24029453;-0.9878187;[ 0.04425691  0.08405576 -0.8238304 ]
0.23035373;0.5319103;0.068170935;[ 0.24106044  0.3624676  -0.04587794]
0.6485235;0.12489827;-0.25903982;[ 0.60231405 -0.00299711 -0.30208552]
0.41631562;-0.76253945;-0.36462745;[ 0.5194612 -0.7721672 -0.5179507]
0.2620015;-1.2389897;-1.3805411;[ 0.6347484 -1.2679307 -1.3330724]
-0.3695975;0.018276576;-0.21058115;[-0.35357803 -0.08001278 -0.29428163]
-0.5924738;0.8591075;-0.0932904;[-0.57464135  0.69244725 -0.12441345]
-0.11250274;0.018809743;-0.4324076;[-0.07990839 -0.08653647 -0.44402787]
-0.2813896;0.4309373;-0.164214;[-0.132791    0.27133268 -0.23127663]
-0.33716905;0.0037076548;-0.6366415;[-0.28573763 -0.02086244 -0.56299496]
-0.21576364;0.00015828013;-0.18268898;[-0.12413885 -0.10632361 -0.22555305]
-1.6758214;2.6341517;-0.49946308;[-1.6090499  2.349894  -0.901298 ]
-0.52390677;0.8816074;-0.15496391;[-0.37680918  0.65724343 -0.2108148 ]
-0.49490505;1.3158263;0.07217524;[-0.40150088  1.096927    0.00554541]
-0.53368396;0.8436627;-0.5889176;[-0.45277292  0.7255268  -0.48360148]
-0.64869636;0.8817223;0.3186623;[-0.68817997  0.67412317  0.00758737]
-0.46697885;0.061125778;0.36269373;[-0.45466632 -0.04442717  0.1471391 ]
-1.358865;2.1771238;-0.04982051;[-1.305129    1.9871496  -0.42972168]
1.0653117;0.60960037;-2.0467215;[ 0.8793631  0.4381497 -1.7708955]
-0.90200955;1.3287052;0.37119249;[-1.0141345   1.1993681   0.00552056]
1.0031128;0.6434428;-0.76310635;[ 0.7610645   0.47709376 -0.86599   ]
-0.78170544;1.2621146;-0.1506244;[-0.7124637   1.1194323  -0.40130907]
1.1340343;0.17558245;-1.212406;[ 0.8831311   0.06858186 -1.1859953 ]
-0.48235172;0.3867345;-0.2156831;[-0.34674764  0.28397793 -0.40224728]
-0.3692426;-0.44608968;-0.86174285;[-0.378987   -0.48460615 -0.9350845 ]
0.58134675;-1.0791582;-1.822295;[ 0.731385  -1.1205674 -1.6876928]
0.1997644;1.5253152;-0.05695161;[ 0.10777567  1.248454   -0.12140843]
0.73820335;1.1813339;-0.3118884;[ 0.7281947   0.8725215  -0.28928852]
0.2396579;1.0964199;-0.2529987;[ 0.09645285  0.8576902  -0.18956017]
0.13192815;0.68114215;0.07237823;[ 0.03921887  0.50313854 -0.00801716]
0.19982477;0.61711395;-0.12511367;[ 0.22016765  0.46251953 -0.18722326]
0.20119911;0.16149206;-0.4098091;[ 0.16186398  0.02032812 -0.38188162]
0.1478292;-0.26511645;-0.20104438;[ 0.17953654 -0.32103926 -0.29752648]
-0.11601764;-1.1185061;-0.8399792;[-1.0715276e-03 -1.1353257e+00 -8.3676833e-01]
-0.6937484;1.2898054;-0.5043574;[-0.63719916  1.0840961  -0.41319302]
-0.7110258;1.7719358;0.62568027;[-0.7996448  1.5153495  0.5481406]
-0.78374994;1.3159837;0.36506474;[-0.8413935  1.0673866  0.3753475]
-0.84502965;1.3099501;-0.5850501;[-0.8344623  1.0974288 -0.5572409]
-0.68587494;0.87144226;0.36965626;[-0.58612704  0.6944337   0.23204468]
-0.24198283;0.8707167;0.45729494;[-0.17216547  0.62661934  0.21243675]
-0.5182975;0.42395848;0.1383986;[-0.4957556   0.24624361  0.17209879]
-0.65654486;0.4880619;-0.16969475;[-0.5698957  0.3296641 -0.2788346]
-0.24080552;0.033842865;0.42092773;[-0.21609263 -0.01850146  0.21718487]
-0.4998632;-0.44759625;-0.09421927;[-0.5027007  -0.42270136 -0.14207758]
-0.5934244;0.025835678;0.29392773;[-0.61376387 -0.06812212  0.24934484]
-0.5237956;0.4186918;-0.48150992;[-0.40817255  0.2489927  -0.5233875 ]
-1.6767528;2.2961762;0.1425442;[-1.4996723   2.1284478   0.04190259]
-1.1255108;1.4633952;0.09744137;[-1.0078984   1.3886584   0.01957998]
-0.657276;0.5867194;-0.04481234;[-0.6041912   0.4964208  -0.16703396]
-0.53971016;0.55576307;-0.0951785;[-0.40975863  0.44723558 -0.25403926]
-0.34253442;-0.80968696;-0.57655036;[-0.30400056 -0.75894535 -0.6830568 ]
-0.27018684;1.0307655;0.2480157;[-0.32029814  0.82601845  0.19747046]
0.49454582;0.10446677;0.13448708;[ 0.30937612  0.05451004 -0.09830514]
0.15308176;0.5469134;0.034107894;[0.14209124 0.3952638  0.0145743 ]
-0.10932782;-0.29555345;0.26197287;[-0.04753695 -0.30040085 -0.08547917]
0.46030116;-0.7972713;-0.4151165;[ 0.43920583 -0.7670284  -0.46590313]
0.40444803;-1.3027693;-1.4493873;[ 0.49406832 -1.2498056  -1.3416041 ]
-0.10126889;-0.73610544;-0.122281045;[-0.08587731 -0.74260247 -0.27417523]
-0.50181824;0.8342381;-0.57572144;[-0.38629448  0.6444032  -0.601042  ]
-0.33319747;-0.029960811;-0.2225107;[-0.31986117 -0.12189622 -0.31792215]
-0.82962435;1.7262319;-0.75670546;[-0.85352564  1.4865596  -0.80810136]
-0.4653629;0.8514456;-0.47712594;[-0.34614062  0.6452033  -0.46601906]
-0.39868134;0.04296543;-0.18936677;[-0.37181115 -0.07468572 -0.20885123]
-0.4662887;-0.0014536083;-0.47781372;[-0.49073106 -0.0128098  -0.5119376 ]
-0.17148949;-0.93370205;-0.31762516;[-0.25303334 -0.92514795 -0.5488941 ]
-0.53160816;0.65506524;0.09245992;[-0.50183713  0.51853234 -0.06371001]
-0.47845316;-0.17577092;-0.21313295;[-0.42077887 -0.07605696 -0.30640078]
-1.7085783;2.6195104;-1.6694102;[-1.6615485  2.3833454 -1.4167331]
-0.73510313;1.7036539;-0.110480145;[-0.8241446   1.4579846  -0.17493819]
-0.57485574;0.83190423;-0.08700617;[-0.57462394  0.66753423 -0.10645503]
-0.46407157;0.8075088;-0.19855481;[-0.43678725  0.59149516 -0.24220543]
-0.53327405;-0.057066724;-0.40613255;[-0.51933086 -0.03115728 -0.31308544]
-0.50430745;0.8168539;-0.6159838;[-0.4178384   0.67097557 -0.6714898 ]
-0.23786364;-0.042473465;-0.26150253;[-0.22331913 -0.16067646 -0.33296776]
-0.40324503;-0.99513155;-0.42296213;[-0.39505148 -0.86864245 -0.53257513]
-0.7876115;1.264906;0.10612221;[-0.74852765  1.1822017  -0.2802414 ]
0.8837669;0.6733452;-0.48142678;[ 0.640728    0.49062914 -0.28995135]
0.8331004;0.20986058;-1.1910275;[ 0.72509545  0.11977519 -1.0741273 ]
0.85237825;0.16090098;-0.6405511;[ 0.6809757   0.17390132 -0.6305826 ]
0.6701465;-0.25017422;-1.9326885;[ 0.74601644 -0.26598513 -1.6173584 ]
-1.3665813;2.1806343;0.347038;[-1.2537657  2.080822  -0.0557205]
-0.8638374;1.8030359;0.19021022;[-0.78135824  1.6719902   0.04570102]
0.8185482;1.1580924;0.26381144;[ 0.61856294  0.9166789  -0.1137116 ]
-1.0550314;1.3506013;0.3867064;[-1.057156   1.259331  -0.0756736]
-0.7326209;0.48946035;0.38232675;[-0.7171531   0.45645988  0.02069143]
0.736707;-0.17283545;-0.86716795;[ 0.636241   -0.24531175 -0.9795106 ]
-0.07249667;-0.2792905;-0.74540687;[ 0.00857617 -0.2732432  -0.65371144]
0.14032431;1.4855686;-0.109501675;[ 0.09095713  1.2788659  -0.2000808 ]
0.13829625;0.6232179;-0.037105102;[ 0.15927897  0.48485267 -0.11871725]
-0.059910312;1.090998;-0.30880076;[-0.01612602  0.90835273 -0.18789883]
1.8222617;2.363129;-0.6821916;[ 1.8604159  1.9426416 -1.2568773]
1.7234901;1.9269595;-1.0636404;[ 1.8808159  1.6202313 -1.2203555]
-0.72989947;2.2888708;-0.19655368;[-0.51890254  2.1254387  -0.23238347]
0.5456291;1.0862092;-1.276754;[ 0.6529618   0.73593533 -1.1672901 ]
0.72361773;1.1975406;-0.5079919;[ 0.51118    0.803397  -0.6428073]
0.8453925;0.46682918;-2.0396047;[ 0.9483173  0.2337102 -1.7590879]
1.0193247;0.03884492;-1.5995432;[ 0.8483555  -0.17964391 -1.6207556 ]
0.85150164;-0.41981602;-2.3211713;[ 0.7669081  -0.52542734 -2.0590546 ]
-0.27457654;0.3222009;-0.3593135;[-0.22310032  0.24650128 -0.5277786 ]
0.2362939;0.27985406;-0.9642967;[ 0.17483991  0.1378715  -0.81088656]
-0.18826099;-0.62452143;-1.151252;[-0.02919252 -0.62737834 -1.2621878 ]
-0.5478135;0.83066756;-0.5316498;[-0.40298772  0.65246576 -0.4253072 ]
-0.7177772;0.8523479;0.14477098;[-0.7898917   0.7202649   0.14426465]
0.8003204;0.9895924;-1.1362437;[ 0.60814947  0.7562988  -1.0293956 ]
-0.8688105;1.2098473;-0.78078544;[-0.8178946  1.099888  -0.7732166]
0.8099765;0.12757097;-1.2159593;[ 0.8193145   0.01691064 -1.1740624 ]
-0.68694097;1.1698779;-0.7589444;[-0.7087867  1.0464246 -0.6772823]
0.6842314;-0.32787967;-1.9697909;[ 0.6965191  -0.35215402 -1.7245809 ]
0.808769;0.66887224;0.24992037;[0.704844   0.48484492 0.10783511]
-0.64229184;0.3902477;-0.23438913;[-0.68107927  0.32652265 -0.36042628]
0.7109123;-0.27094835;-1.0431617;[ 0.6463622  -0.28509307 -0.9899656 ]
0.7449371;-0.3418712;-0.9319535;[ 0.62171656 -0.3640651  -0.79337007]
0.778323;-0.29038006;-1.6780269;[ 0.83382523 -0.33724338 -1.518366  ]
0.046787273;0.13382334;-0.33717018;[ 0.09291515 -0.04883382 -0.3613588 ]
-0.06892611;0.1455267;-0.5262296;[-0.0215569   0.00293442 -0.4808093 ]
0.009471901;0.5705334;-0.38651413;[ 0.04475178  0.41467828 -0.46069404]
-0.18199743;-0.29035532;-0.8871914;[-0.09916548 -0.35766405 -0.7698893 ]
0.054024614;0.6416783;0.057991654;[ 0.01490982  0.47886306 -0.06589323]
-0.17015474;-0.7040935;-0.6815289;[-0.03816207 -0.7963246  -0.7027986 ]
-0.8530042;1.323813;-0.52555203;[-0.8458744   1.1384763  -0.49117652]
-0.2736686;0.48252112;0.14274204;[-0.06322624  0.29123586  0.02957388]
-0.45877182;-0.046783492;-0.37413898;[-0.17255427  0.00798622 -0.32977355]
-1.6898044;2.2387555;-0.6023885;[-1.6272931   2.0047357  -0.81737745]
-0.5557817;0.8867114;0.1259203;[-0.4525953   0.72516334  0.13923635]
-0.66037285;1.3092154;-0.70439607;[-0.6723456   1.1338047  -0.60819143]
-0.4993624;0.8779935;-0.19528317;[-0.30506617  0.7356852  -0.18490435]
-0.5488559;0.4338088;-0.47506744;[-0.45616657  0.30851215 -0.26054588]
-1.1235446;1.3762671;0.27075323;[-1.0444177   1.2046536   0.11727057]
-0.65362585;0.94729996;0.39754862;[-0.672598    0.80813503  0.40558198]
-0.6511393;0.46364444;0.023252644;[-0.6664078   0.3893661   0.00513161]
-0.83903486;1.3196623;-0.5165664;[-0.8355956   1.0997728  -0.58247435]
-0.21758707;0.494824;0.32522884;[-0.03798176  0.28257716  0.10171391]
-0.50247264;0.45507258;-0.6105827;[-0.3857323   0.3432907  -0.42744163]
-0.5598247;-0.44588798;-0.65968066;[-0.38058472 -0.3536517  -0.626764  ]
-1.2192332;1.9159263;0.9209696;[-0.91203666  1.6692808   0.80545235]
-0.9766291;1.8376001;0.97549397;[-0.9552835  1.6373078  0.7276278]
-0.6602022;0.9193525;-0.22061598;[-0.4290846   0.7455164  -0.22641186]
-0.7137894;0.44723827;-0.5594356;[-0.50786394  0.42590988 -0.5635235 ]
-0.48866355;0.07747103;0.30254468;[-0.25825053  0.06659178  0.12982576]
-0.7767379;1.0582219;0.9674214;[-0.8978212   0.9169321   0.86085397]
-0.21907859;0.00699991;-0.036837775;[-0.00699104 -0.04968689 -0.1435016 ]
-1.7016644;2.211754;-0.7537377;[-1.6589129  2.0031438 -1.1366493]
-0.70877165;0.8731725;-0.028857235;[-0.5259211  0.6984366  0.0576192]
-0.5618579;0.40901828;-0.27696955;[-0.46700704  0.27017698 -0.28915694]
-0.8133766;0.4732808;0.24138168;[-0.8146888   0.36216676  0.2814809 ]
-0.65743893;0.477691;0.21480381;[-0.6734199   0.36435813  0.12955539]
-0.8311778;1.2973379;-0.58422905;[-0.86769974  1.1075819  -0.7342183 ]
-0.57826805;0.42081302;-0.1742917;[-0.44092447  0.25545418 -0.08685778]
-0.50114924;-0.031591296;-0.18280497;[-0.25773895 -0.04758118 -0.12409008]
-0.40621072;-0.031297103;-0.22993076;[-0.13052537 -0.08860891 -0.21201405]
-0.4470976;0.38968563;-0.764679;[-0.49256843  0.29469365 -0.71621525]
0.5662469;0.19427812;-2.0888448;[ 0.6823538   0.00354645 -1.8419057 ]
1.0937812;-0.41655552;-3.7971094;[ 1.2467089 -0.6119446 -3.2258313]
0.8618897;0.25133103;-0.6432385;[ 0.6160829   0.11716387 -0.607481  ]
0.6227773;0.17966768;-0.9543338;[ 0.77148694  0.12474614 -1.2535893 ]
0.98302156;-0.46364123;-2.5713034;[ 1.4079238 -0.5470601 -2.6182148]
-0.48498386;0.46433187;-0.26514044;[-0.48564225  0.34795594 -0.56766   ]
1.064258;-0.19730853;-1.2506169;[ 0.83352333 -0.26369345 -1.3407015 ]
0.83455765;-1.3113331;-3.3932633;[ 1.1399508 -1.433483  -3.1478753]
1.1153743;-0.07418613;-1.4498271;[ 0.68051416 -0.19613798 -1.3824145 ]
1.0011033;-0.008587107;-0.20736653;[ 0.6775137   0.00453416 -0.51196045]
-0.35395747;0.15595517;-0.022107359;[-0.17084108  0.16900767 -0.34394702]
-0.1824487;-0.26038677;-0.64555216;[-0.07747723 -0.31682223 -0.6807671 ]
-0.33181834;0.9036699;0.4416207;[-0.37829077  0.78944814  0.09880908]
-0.4402581;0.8990058;-0.20979092;[-0.39655656  0.7909936  -0.36963528]
-0.68843204;1.8331963;-0.07026103;[-0.5972069   1.643127   -0.20780109]
0.10199666;-0.26464438;-0.048540335;[ 0.16476509 -0.27359128 -0.19487004]
2.7507799;0.08122857;-0.35869652;[ 2.952426   -0.11463723 -0.46778056]
0.48410636;0.114137195;-0.15045057;[ 0.41303608  0.07567465 -0.14067392]
0.10621998;-0.73863685;-0.43530914;[ 0.20231327 -0.6934077  -0.50165904]
0.4546271;1.012904;-0.007434871;[ 0.38674456  0.8817569  -0.00422539]
-0.28460306;0.56082475;-0.24040043;[-0.15009747  0.4970916  -0.349196  ]
0.17158015;-0.663832;0.26372325;[ 0.22452834 -0.6776117  -0.0384557 ]
-0.1437198;0.01090857;-0.15573925;[-0.10047622 -0.0841513  -0.25747862]
-0.35277426;-0.00023986399;-0.6678382;[-0.3277821  -0.02228099 -0.6279754 ]
-0.7648408;1.7369015;-0.659799;[-0.7114882  1.5414371 -0.5645681]
-1.0954765;1.7905605;0.40538257;[-1.1042844   1.5753915   0.17224358]
-0.43667656;0.05683914;0.2849533;[-0.46772438 -0.03995276  0.05938137]
-0.42346352;0.9129978;0.20430416;[-0.22851725  0.6938845   0.01930019]
-0.50494117;0.89902717;-0.028520506;[-0.36707723  0.71208036 -0.12258993]
-0.36596787;0.5074543;0.30688217;[-0.06191994  0.31959653 -0.0030957 ]
-1.6824297;2.231682;-0.43863702;[-1.6241997  1.9835482 -0.8949618]
-1.053732;1.8657979;0.84540594;[-0.90778744  1.6257261   0.5625832 ]
-0.5931215;0.9515196;0.7744595;[-0.546188   0.7715547  0.3987409]
-0.60123724;0.068969116;0.26469848;[-0.31595302  0.00380751  0.11147021]
-1.06347;1.3783859;0.48170912;[-1.0507339   1.1952046   0.10579893]
-0.65937406;0.48121685;0.39173275;[-0.67625713  0.3740716   0.09277864]
-0.4192657;0.057454914;0.48999274;[-0.32676792  0.0977656   0.1887379 ]
-0.53282285;-0.3981409;0.18262178;[-0.5412584  -0.37058556 -0.00963243]
-0.38337672;0.06673182;0.5896358;[-0.24156706 -0.01419892  0.10082723]
0.086341634;1.0598439;-0.13532199;[ 0.02246384  0.9137138  -0.18581726]
0.14806339;0.65903705;-0.34953246;[ 0.05316854  0.49760246 -0.37551942]
0.5890353;0.011423361;-0.2784952;[ 0.4233114  -0.0406611  -0.37655163]
0.04053437;0.19492292;-0.13244146;[ 0.02926062  0.18207902 -0.22030756]
1.4720719;-0.41762167;-0.99997544;[ 0.9779695  -0.52933407 -0.9139874 ]
-0.047029242;-0.7005765;-0.88250405;[-0.06221606 -0.7212259  -0.87176824]
-0.17148842;-1.3728621;-1.2438021;[-0.04066278 -1.3506762  -1.0128727 ]
-1.374564;1.7653989;-0.3910609;[-1.2925084   1.631904   -0.23741305]
-0.89088315;1.3344434;0.27520066;[-0.92985845  1.2033685   0.13610454]
0.8990351;0.6247521;-0.683326;[ 0.93790483  0.44484788 -0.9916591 ]
1.0297343;0.61972296;-0.66230977;[ 0.9751142   0.44425946 -0.6986378 ]
0.71944857;0.15352301;-1.7379801;[ 0.7740104   0.07117513 -1.3774498 ]
0.33679074;0.61776716;-0.78016776;[ 0.3010819   0.37008518 -0.65210694]
0.9841089;0.64209455;-0.08363995;[ 0.8795599   0.48624116 -0.2779175 ]
1.0440205;0.32718098;0.092555955;[0.8896879  0.16515979 0.00272264]
0.6367626;-0.17560196;-0.24435213;[ 0.60943353 -0.17452037 -0.37116072]
-1.044496;0.93849915;-0.23556715;[-0.9885739   0.90519786 -0.2709024 ]
-0.67246485;0.0011623129;-0.13616502;[-0.641739    0.04619181 -0.2604609 ]
-0.7925427;0.85070664;-0.4958403;[-0.7717049   0.75838745 -0.43401375]
-0.67216504;0.4542747;0.06706125;[-0.5704582   0.35102284 -0.13167529]
-0.2751882;0.42506796;0.09999435;[-0.20598073  0.29634684  0.03714309]
0.20324343;-0.29094398;-0.84154266;[ 0.33972698 -0.36736077 -0.7458756 ]
0.013586462;0.14363882;-0.33969623;[ 0.07113139  0.05399496 -0.32556084]
0.12767762;0.17663871;-0.112027526;[ 0.11537033  0.10058922 -0.11610317]
0.12101311;-0.20591758;0.16281164;[ 0.13254865 -0.18384466 -0.09430139]
-0.35892463;-0.230274;0.011993218;[-0.28857744 -0.37085313 -0.04873389]
-0.05879025;-0.27471197;-0.32487625;[ 0.05738938 -0.37023765 -0.36375526]
0.24052438;-0.2935028;-0.009430695;[ 0.21623823 -0.2758569  -0.21293725]
-0.2575817;-0.2979656;-0.13760388;[-0.1227024  -0.4579193  -0.23690835]
-0.9062188;1.3050071;0.4455056;[-0.84390235  1.096739    0.2457998 ]
-0.7775329;0.49641907;0.1618311;[-0.69556475  0.37214893 -0.00153815]
-0.53039795;0.4357007;-0.50668246;[-0.443523    0.31563604 -0.48709735]
0.38835007;0.37832397;-0.48914617;[ 0.356036    0.2701205  -0.50921786]
0.11258509;0.17456344;-0.28562316;[ 0.13962102  0.03793712 -0.2843134 ]
0.9706365;0.6940247;-1.053715;[ 0.9322376   0.46763217 -1.1600183 ]
0.4703498;0.3755169;-0.4222908;[ 0.35565406  0.27993214 -0.37108424]
0.15503378;1.5134904;-0.15026109;[-0.01425467  1.247136   -0.24259157]
0.21632041;0.6207351;-0.023672368;[ 0.18019786  0.4702608  -0.14974982]
0.5447172;-0.6371278;-0.056571607;[ 0.5709425 -0.6008149 -0.2903529]
0.18421546;-0.25502604;-0.12607232;[ 0.18105857 -0.3317945  -0.26185787]
0.116668746;0.5952453;-0.19479582;[ 0.08258085  0.4407078  -0.11300159]
0.5766192;1.1337094;-0.14053348;[ 0.5572102   0.87833464 -0.09045357]
0.6399705;-0.29490972;-1.2541673;[ 0.7273449  -0.29042298 -1.2159017 ]
-0.11185275;-0.37421036;-0.40641218;[ 0.05015564 -0.47678852 -0.46034718]
0.36786675;0.35898072;-0.7789786;[ 0.37575766  0.26772112 -0.6910158 ]
-1.3795965;1.8151917;-0.1406669;[-1.3907782   1.7053138  -0.20400015]
0.57113236;0.22747697;-0.34680396;[ 0.46104252  0.24148196 -0.53087884]
-1.0507916;1.0053878;-0.16968328;[-1.0219309   0.96169543 -0.27542683]
0.6782463;0.29665762;-0.9509506;[ 0.52848047  0.17555623 -0.97518283]
0.32401353;-1.0186652;-1.6321881;[ 0.33903182 -1.0220385  -1.5707549 ]
0.54706985;-0.61579496;-0.7126396;[ 0.39821923 -0.5421161  -0.6898551 ]
0.7901444;0.27935272;-0.94983375;[ 0.71051717  0.18992831 -1.0161271 ]
-0.15580358;0.0021742955;0.23326613;[-0.19257124  0.14056244 -0.07612938]
0.24973136;-1.0444428;-1.6199832;[ 0.37961584 -0.98456657 -1.545513  ]
0.03309582;1.1376388;-0.095403135;[-0.04945023  0.9607136  -0.16363889]
-0.27925545;-0.21108894;-0.5662265;[-0.2826215  -0.19796143 -0.62187624]
-0.18795241;0.3098882;-0.11300404;[-0.13326682  0.1998072  -0.25368333]
0.8748082;0.65948576;-0.6590376;[ 0.74014556  0.5353295  -0.84565526]
-1.3933703;2.1539125;-0.6419032;[-1.4398178  1.9646465 -0.7187185]
1.0539849;0.21317367;0.055205867;[ 0.8146855   0.17954294 -0.32843   ]
-0.6613825;0.4158783;-0.09648223;[-0.61674607  0.3143993  -0.4213235 ]
-0.5033509;0.33938682;-0.6670711;[-0.519785    0.30083078 -0.70647347]
1.0183984;0.5978356;-1.5226185;[ 0.9431764  0.4438854 -1.6372836]
0.9025319;0.17453979;-0.9912001;[ 0.84711564  0.03551087 -0.9787293 ]
-0.8285559;1.8087572;0.17478381;[-0.891186    1.6290759   0.27323532]
-0.1883621;-0.40925777;-0.384555;[-0.12227131 -0.46708667 -0.4959647 ]
0.43970764;0.97810966;-0.015624214;[ 0.3891883   0.85136205 -0.01263954]
1.8725156;0.07514807;-0.17447028;[ 2.107027  -0.1631041 -0.6587606]
1.6624361;0.15376505;-0.15374607;[ 1.975341   -0.03303961 -0.4623643 ]
0.103878185;0.12955701;0.12501028;[ 0.14465275  0.08965366 -0.05142931]
1.6970435;-0.73945665;-0.14427687;[ 1.8104385 -0.956007  -0.8707038]
0.21601325;-0.78870577;0.03673925;[ 0.27069715 -0.7485331  -0.21236831]
0.19728656;-0.85556716;-0.37891054;[ 0.08484447 -0.8317267  -0.45115584]
2.7926831;0.03225489;-0.4017832;[ 2.975779   -0.11069809 -0.48379394]
-0.58492595;0.7982539;-0.13083905;[-0.56366086  0.63934183 -0.15914956]
-0.4000849;0.7589062;-0.24571142;[-0.3760026   0.56376386 -0.3680334 ]
-0.50830704;0.8375617;-0.5617689;[-0.38747042  0.6743418  -0.5610796 ]
-0.36746466;-0.021546163;-0.18102896;[-0.3881994  -0.09788069 -0.2584114 ]
-1.6913366;2.6126797;-1.3245442;[-1.6294421  2.3512404 -1.2636482]
-0.6009523;0.8194641;-0.040675495;[-0.6134645   0.6794287  -0.09633614]
-0.6296327;1.655697;-0.15061656;[-0.6735939   1.4135083  -0.26547158]
-0.3993342;0.78098035;-0.22784859;[-0.38991833  0.59716976 -0.3268874 ]
-1.1347624;1.7616149;-0.09099989;[-1.0628536   1.5545646  -0.10934453]
-1.6996354;2.2065446;-1.0390933;[-1.6563514  2.0024135 -1.1377659]
-0.78803706;0.4304564;-0.03800981;[-0.6764409   0.31936455 -0.12506138]
-0.5327704;0.38455468;-0.3401284;[-0.45055598  0.2574184  -0.3104655 ]
-1.132493;1.3559966;-0.057940695;[-1.0048053   1.1861295  -0.13753197]
-0.7136426;0.4797989;-0.17613783;[-0.6726477   0.36546016 -0.25210747]
-0.44480944;-0.021952875;-0.012662549;[-0.22804655  0.00655925 -0.06463357]
-0.6171021;-0.47848707;-0.1753259;[-0.50195813 -0.45632023 -0.2724313 ]
-0.43653482;0.6071899;-1.0428157;[-0.24400328  0.43977183 -1.1160178 ]
1.0470951;-0.028399043;-0.15922335;[ 0.9253918   0.01399164 -0.19405697]
0.87991965;-0.3216009;-0.012651231;[ 0.6717373  -0.3129819  -0.44357023]
-0.2063572;0.12330245;0.22240159;[-0.17492633  0.127633   -0.14013685]
1.2203906;-0.3268286;-0.51867527;[ 1.1010472  -0.42545837 -0.70465595]
-0.40645725;-0.20670615;-1.0478941;[-0.2312441 -0.2849182 -1.1211054]
0.67359465;-0.8097016;-1.0724018;[ 0.40321857 -0.8146194  -1.3503095 ]
1.8345307;0.3415798;-1.0456593;[ 1.1335331   0.11819175 -0.8151955 ]
1.2566212;-1.0584484;-1.1435945;[ 1.1559285 -1.0634897 -1.1565906]
0.8073851;-0.5778938;-1.1218002;[ 0.7792371  -0.54268515 -0.99467105]
-0.40874463;-0.2790314;-1.0943327;[-0.22248547 -0.3418048  -1.1353942 ]
0.33899957;-0.8913458;-2.0219188;[ 0.4209754 -0.9134321 -2.0520995]
1.0046675;-0.9308006;-1.1747859;[ 0.84698415 -0.9098568  -0.99330837]
-0.50433546;-0.75120306;-0.6732023;[-0.34097648 -0.7247077  -0.58641684]
0.21973357;0.28086442;-0.33457828;[ 0.16513152  0.2356746  -0.21253063]
0.7139277;-0.18992163;-0.5557908;[ 0.5272628  -0.22065507 -0.42458895]
0.7291414;-0.68148714;-1.3360567;[ 0.44902784 -0.7070388  -1.3192829 ]
0.32143658;-0.10709301;-0.40014073;[ 0.00548168 -0.11540125 -0.32881957]
0.85357577;-0.45346457;0.05106284;[ 0.5586026  -0.4707545  -0.17929466]
0.39520085;-1.4731762;-1.1952825;[ 0.50257164 -1.4345549  -1.2704765 ]
-0.02268906;-0.6081287;-0.4748274;[ 0.14851162 -0.5812126  -0.39232445]
-0.11037482;-0.9187477;-1.13577;[-0.19124813 -0.94929063 -1.1386641 ]
0.36492616;-1.5550853;-1.4872751;[ 0.34560788 -1.4925884  -1.4249917 ]
0.08567798;-0.9666802;-0.53816456;[ 0.05904904 -0.9470408  -0.47486886]
0.8440075;0.56365836;-1.955884;[ 0.94795287  0.5070159  -1.8096751 ]
0.92361957;0.63635665;-0.10529047;[ 0.6625309   0.42686737 -0.02838894]
1.0847609;0.097286336;-0.4235598;[ 0.7155778   0.09257407 -0.4751036 ]
0.63347465;0.16212425;-0.18467209;[ 0.58718616  0.09216869 -0.3707904 ]
0.85952955;1.0564891;-0.25279817;[ 0.72321117  0.80524796 -0.36907005]
0.79181814;0.61801004;-0.2748008;[ 0.6538822   0.36588973 -0.5181681 ]
0.91091186;0.16341978;-0.4609477;[ 0.70742756  0.06949597 -0.75452256]
0.9182666;0.5599859;-1.349161;[ 0.9523967   0.44041598 -1.2790389 ]
0.8518639;0.103357114;-0.6669026;[ 0.7952169   0.05440364 -0.6777806 ]
0.8050626;0.71173793;0.12620391;[0.6333563  0.45289814 0.12479089]
0.10132521;0.16946241;-0.30060285;[ 0.34331614  0.14265642 -0.38641936]
0.67392874;0.18061611;-0.36743328;[ 0.58658445  0.03587658 -0.50857264]
0.55274576;0.18437114;-0.120069;[ 0.5422213   0.12481229 -0.32439092]
0.8250611;-0.7048832;-0.79776937;[ 0.79123706 -0.6902586  -0.8010877 ]
0.912292;-0.6915683;-0.56516516;[ 0.59909093 -0.63737935 -0.68053347]
0.808006;-0.2689849;-1.6053376;[ 0.83376527 -0.28368813 -1.4330258 ]
0.7742509;-0.6651699;-0.67937994;[ 0.6702064  -0.66207474 -1.0050638 ]
0.10964289;1.4805886;-0.12564687;[ 0.04498045  1.250599   -0.23742236]
-0.19898845;0.54639125;-0.4041224;[-0.15740426  0.3727994  -0.4615737 ]
-0.010062031;0.15676409;0.1841584;[ 0.0832267   0.07049683 -0.23113044]
-0.12884814;-0.28246993;-0.26927972;[-0.00496237 -0.32611275 -0.50316817]
-0.13356957;-0.24578647;-0.21751308;[-0.00058065 -0.27813476 -0.39779195]
0.12333066;1.5637606;-0.2952471;[-0.1146238  1.2800666 -0.3829595]
0.53983706;0.74683034;-0.20254457;[ 0.47914934  0.54760647 -0.16456152]
0.13065203;0.6452475;-0.3484;[ 0.13486546  0.43830764 -0.3923209 ]
0.5561843;0.2903787;-0.26660728;[ 0.60984796  0.18049447 -0.2694431 ]
0.6924419;-0.6063698;-1.0580797;[ 0.8815861  -0.66964155 -1.0146842 ]
0.8516901;1.1938617;-0.9742906;[ 0.94642174  1.000642   -0.98087853]
0.8482366;0.90270954;0.0015091784;[ 0.65198624  0.75508994 -0.05546567]
-1.013156;1.093591;-0.16228217;[-1.0184084   1.0682889  -0.19837129]
0.7091377;-0.64289063;-0.7290937;[ 0.46450716 -0.6476259  -0.73029625]
1.2198524;-0.057286307;-0.36241293;[ 0.7843685   0.01834914 -0.41916654]
-0.8037834;0.97694343;-0.27046078;[-0.8382195   0.88126767 -0.29566905]
0.8232735;0.3102173;-1.1153333;[ 0.8928755   0.28209338 -1.0438035 ]
-0.56444216;-0.4440971;-0.804963;[-0.59216344 -0.46243405 -0.86108345]
0.93114483;-0.49145746;-1.2561493;[ 0.86311644 -0.4198022  -1.2768527 ]
-0.18428032;0.3874992;0.0480898;[-0.07341112  0.31361085 -0.19534172]
0.100683555;-0.5236708;-0.19630486;[ 0.100187   -0.48518264 -0.42178985]
-0.7575204;1.2330959;-0.32598478;[-0.8167306   1.0658888  -0.35458446]
0.8278571;1.1282512;-0.061685544;[ 0.5889436   0.88601696 -0.3039898 ]
-0.7852171;0.3814096;-0.5844872;[-0.7970172   0.3945861  -0.39351383]
0.94381446;0.64106655;-0.044839736;[0.7209914  0.4356426  0.05193119]
1.2662448;0.12344551;-0.4150502;[ 0.75040936  0.05787941 -0.4523363 ]
-0.80303186;1.2327092;-0.60294175;[-0.82480323  1.0790986  -0.6796099 ]
-0.6419661;-0.55790836;-0.81906766;[-0.6375651  -0.55013335 -0.7955341 ]
-0.63237625;-0.5148087;-0.6219713;[-0.51934505 -0.4133016  -0.72162706]
-0.13857757;0.5625393;-0.3377817;[-0.02858876  0.3553148  -0.29163027]
0.19443442;-0.30731434;-0.20314324;[ 0.2067957  -0.25356913 -0.61023474]
-0.17780747;0.63939106;-0.15975142;[-0.1367416   0.47431362 -0.38514763]
-0.14058688;-0.37890112;-0.49049497;[-0.02418251 -0.44113523 -0.48625055]
0.1921978;-1.158041;-0.32484514;[ 0.2682243 -1.0810931 -0.7460489]
-0.8442573;0.9017635;0.16546762;[-0.8110548   0.7440448  -0.15150142]
-0.59211713;0.49185777;0.83338535;[-0.41823274  0.29643646  0.49140713]
-1.6570969;1.8287209;0.24691367;[-1.5632437   1.5882627  -0.23341705]
-0.6754237;0.49360585;0.7856045;[-0.5747042   0.37357426  0.5895054 ]
-0.45074803;-0.014086708;0.19150686;[-0.40258992 -0.05666689  0.14808863]
-0.6097431;-0.40653414;0.69371104;[-0.4221462  -0.35948545  0.28935674]
-0.9958393;0.9721226;0.597396;[-0.9850222   0.82733953  0.2670836 ]
-0.5501339;0.51192695;1.1141446;[-0.6678153  0.4617725  0.7313563]
-0.22595023;-0.39948356;1.0507193;[-0.32005882 -0.40920943  0.69869083]
0.0977398;-0.42450815;0.7763992;[ 0.04046552 -0.49311602  0.38702974]
0.2604608;0.17527166;0.09536581;[0.19840692 0.13558847 0.05593764]
0.77993554;-0.76327044;-1.3271317;[ 0.66933864 -0.7763355  -1.129215  ]
0.31870955;1.0698969;0.29594058;[0.14608419 0.8638078  0.29724526]
-0.043254837;0.7201074;-0.44377255;[-0.14351131  0.5170928  -0.5777628 ]
-0.2508844;0.6145652;0.015166823;[-0.31949043  0.4585201   0.07152048]
0.018102996;-0.14932078;-0.49846947;[-0.06072448 -0.1999851  -0.5486236 ]
-0.2874391;-0.44853592;0.38054726;[-0.02471502 -0.4371559   0.14910477]
0.2826664;0.38885492;0.5846338;[-0.01077493  0.290379    0.36673933]
-0.29876292;-0.12676467;-0.2707737;[-0.11446129 -0.19179644 -0.6769133 ]
0.7397792;-1.1228288;-0.14710295;[ 0.70777106 -1.1633607  -0.42134252]
0.6103511;-1.0780574;0.29498342;[ 0.4843623  -1.0070555  -0.10434452]
0.3322931;-1.5652322;-0.756984;[ 0.5093071 -1.5636302 -1.0348889]
-0.08233246;-0.9822051;-0.5485562;[-0.08678471 -0.9858223  -0.57867914]
-0.50149184;0.44457173;0.32694167;[-0.42279494  0.2942583   0.20293193]
-0.597989;0.9582805;0.8136575;[-0.49021888  0.757988    0.6254868 ]
-0.36407256;0.010345258;0.35111654;[-0.40392834 -0.07408087  0.06041307]
-1.6624378;2.2536407;-0.15864076;[-1.5759994  1.991688  -0.5818239]
-0.5489773;0.89774674;0.5830947;[-0.6801497  0.7444129  0.2956331]
-0.5794912;0.9629704;0.8369444;[-0.5576315   0.77831745  0.69376117]
-0.82828254;1.3526521;0.03689863;[-0.8159666  1.1200317 -0.1644688]
-1.0278312;1.4067258;0.56536925;[-1.0675851   1.2046798   0.31056225]
-0.61378694;0.5215059;0.4583688;[-0.6814664  0.3559547  0.3234367]
-0.64934194;0.5176357;0.52375066;[-0.7199105   0.3742119   0.31351975]
-0.8449159;0.8949844;-0.46048445;[-0.80867577  0.74436235 -0.16786905]
-0.6948511;0.465909;0.28071856;[-0.5133081   0.34170645  0.4246036 ]
-0.3616827;0.081117414;1.1053208;[-0.30591762  0.01527079  0.92835784]
-1.6498891;1.3662333;0.65855324;[-1.541161   1.1778005  0.0797869]
-0.7419314;0.90583086;1.0850029;[-0.669991   0.7297046  0.7940252]
-0.7402229;0.8620196;0.7855897;[-0.69963497  0.69603467  0.7199861 ]
-0.9872337;0.445696;0.72119737;[-0.9331745  0.4113788  0.3485869]
-0.5584022;-0.055620864;0.76029354;[-0.42804217 -0.03976057  0.6565785 ]
-0.8145441;-1.0202829;-0.14413847;[-0.7276906  -0.8534956   0.07467422]
-0.8732928;0.9016947;0.9480934;[-0.7830733   0.74444544  0.8641065 ]
-0.7476133;0.35037386;0.3789842;[-0.7087658   0.27959847  0.40259957]
-0.48723155;-0.040733293;0.90718377;[-0.41079664 -0.0733411   0.74096817]
-0.5605748;-0.08216156;0.50115263;[-0.41292012 -0.09714182  0.4209343 ]
-0.5104931;-0.056618676;1.076922;[-0.45161843  0.01393664  0.6713438 ]
-0.6342885;-0.025939688;1.2765285;[-0.69049656  0.06356181  0.9434501 ]
-0.9861222;0.5039731;1.0155125;[-1.0731915   0.41169268  0.7460707 ]
-0.55219334;0.016361885;0.9551875;[-0.44007826 -0.02816815  0.6647777 ]
-0.6699703;-0.054913834;1.0155427;[-0.5096098   0.00707057  0.71221155]
-0.6981169;0.95768374;1.1909184;[-0.7321193   0.7533108   0.90175146]
-0.711793;0.9033058;1.1331167;[-0.7346555   0.77652586  0.94988436]
-0.59334034;-0.51482564;0.802112;[-0.6388671 -0.4783883  0.522475 ]
-0.8304904;-0.060191974;0.7211038;[-0.8332019  -0.02490901  0.6692168 ]
-1.0113117;0.4380721;0.44744384;[-0.89772666  0.42924798  0.3109782 ]
-0.8583331;0.3746441;0.06306214;[-0.83378625  0.31470662  0.09486867]
0.97429603;0.17999092;0.08476393;[ 0.973672    0.05933541 -0.06083917]
0.25804162;-0.24986623;0.59228086;[-0.0105582  -0.22828762  0.31858462]
0.34287232;-0.64927685;0.8052563;[ 0.10183468 -0.62890935  0.34784093]
0.272834;-0.28987682;0.18576638;[ 0.17481507 -0.20300798  0.10140342]
-0.6836657;0.43674368;0.010841422;[-0.54579973  0.30082232  0.14261703]
-0.72758466;0.8847601;0.587481;[-0.77940595  0.6597319   0.51502115]
-0.98971754;0.9700118;0.5763445;[-0.97543466  0.8265236   0.26458418]
-0.6346449;0.054421153;0.4687736;[-0.6353848  -0.01261331  0.27114233]
-0.7354292;-0.008513138;0.8404054;[-0.89530647 -0.07114071  0.5903441 ]
-0.42217815;-0.5105513;-0.30256712;[-0.42901576 -0.5013367  -0.02369016]
-0.2979859;-0.94085735;0.32049292;[-0.35750556 -0.90797246  0.37679502]
-0.52028054;0.028322488;0.54377866;[-0.5377705  -0.02458683  0.488183  ]
-0.5279171;0.48211777;0.437259;[-0.41722155  0.34115213  0.36029983]
-1.656989;1.8176986;0.63603836;[-1.5306451   1.6366712  -0.05438761]
-0.7119542;0.9371665;0.70030737;[-0.80598485  0.7586348   0.66662496]
-0.5651707;0.027067646;0.32043856;[-0.40572137 -0.03757596 -0.01309932]
-0.3940993;-0.4516049;0.33942598;[-0.38015008 -0.4293099   0.21560165]
0.7188499;0.19674474;0.49987292;[0.46863028 0.18229572 0.03900676]
-0.026034832;-0.11512634;1.0059471;[-0.23864399 -0.03320248  0.6002216 ]
0.3039301;-0.6511939;0.47361714;[-0.02633671 -0.5664497  -0.10248257]
-0.8079487;0.81239533;1.3769174;[-0.7449828  0.7004672  0.7401225]
-0.59113604;0.36434782;1.1124331;[-0.54648936  0.29804868  0.7955571 ]
-0.54797536;0.35781962;1.006021;[-0.52953994  0.25272268  0.67430705]
0.33131394;0.6394462;0.4039532;[0.30460024 0.46859217 0.33856747]
-0.09712961;0.16011667;0.12443973;[-0.23929726  0.02546324  0.05145106]
0.7130571;0.18651235;0.6375984;[0.44425124 0.06699462 0.35973716]
0.7468791;-0.30163115;0.27445528;[ 0.20928237 -0.3000291   0.11607365]
0.44329846;-0.10507603;0.8671949;[ 0.28071633 -0.25738817  0.62081295]
0.9124147;-0.6107157;0.7604326;[ 0.23110011 -0.67484033  0.44585466]
0.3630153;-0.24808429;0.31027853;[ 0.02294241 -0.24915643  0.2865353 ]
0.43306822;-0.6573747;0.69809985;[ 0.10698386 -0.6443107   0.23889874]
0.7071221;-0.76558745;-0.27703553;[ 0.7210375  -0.7471119  -0.47468606]
0.8731485;-0.7308569;-0.15584901;[ 0.7669356  -0.7063004  -0.24675679]
-0.5781008;0.48668653;0.47430027;[-0.44383383  0.34655768  0.43398455]
-0.5635695;0.47662413;0.4125055;[-0.41283393  0.32267112  0.38736227]
-0.53160304;0.48283613;0.44048274;[-0.47639084  0.34500474  0.49240902]
-1.6534337;1.8434776;0.34056163;[-1.5580913   1.586267   -0.17488892]
-0.49802476;-0.000521183;0.48521647;[-0.5523252  -0.07117136  0.47623333]
-0.47154403;0.019462787;0.20972869;[-0.30263352 -0.06757675 -0.07428905]
-0.27341485;-0.9276843;0.30263346;[-0.33007497 -0.88074315  0.3698075 ]
-0.68174356;0.5349191;0.49247614;[-0.65679383  0.44247115  0.43510434]
-0.6676331;0.15379038;1.1382473;[-0.7800597   0.18885846  0.72446805]
-0.684536;-0.36058074;0.33870476;[-0.68325067 -0.28442287  0.1386476 ]
-0.5397875;-0.5191032;-0.17551166;[-0.41984612 -0.49552923 -0.12980336]
-0.85745806;0.93160814;0.50735056;[-0.83404946  0.7796688   0.0247594 ]
-1.6559159;1.8170406;0.6794954;[-1.5368172   1.6447383   0.08235289]
-0.7233059;1.3967011;0.73739976;[-0.7764188  1.1580099  0.6489211]
-0.52237207;-0.32067198;1.5119452;[-0.60208774 -0.346156    1.0574718 ]
-0.70423204;0.10152008;0.8176527;[-0.8417896  0.0651684  0.613097 ]
-0.4765395;-0.3642699;1.4172819;[-0.6400832  -0.30974132  0.97584575]
-0.5757254;-0.85620075;0.8683588;[-0.73902667 -0.74905777  0.43280897]
-0.75697327;0.8837808;0.24039418;[-0.6573689   0.69275844  0.23965783]
-0.58377403;0.4682836;0.82262427;[-0.44618207  0.38577121  0.6025226 ]
-0.7743361;-0.46266085;1.0295401;[-0.80933    -0.40932268  0.42603913]
-0.5473173;-0.34543926;0.9371526;[-0.47692096 -0.29622102  0.27254447]
-0.70694727;0.009281248;0.48044577;[-0.6567081  -0.04039757  0.06615661]
-0.51258767;-0.39839542;1.0762935;[-0.6831491  -0.34981966  0.5424291 ]
-0.79462045;-0.4729933;0.2492615;[-0.78539336 -0.44187486  0.21413764]
-0.87765914;0.87581396;0.8309521;[-0.7883202  0.7072304  0.749355 ]
-0.7483812;0.89034176;0.878232;[-0.69609463  0.671227    0.7017514 ]
-0.7499015;0.35600471;0.61345494;[-0.7396801   0.28615877  0.57511514]
-0.9914314;0.44719356;0.7114007;[-0.9302943   0.41553885  0.35185838]
-0.66514295;-0.5263692;0.89767915;[-0.8945682  -0.49517834  0.715523  ]
-0.55522424;-0.09534334;0.57168865;[-0.43188733 -0.11793157  0.39625582]
-0.49884683;-0.05615425;0.51429445;[-0.39807385 -0.08957176  0.48882946]
-0.5983436;-0.07815319;0.7217556;[-0.41885936 -0.13219552  0.49248353]
-0.7711517;1.1155417;0.9605831;[-0.8586985   0.9439491   0.82150096]
-0.61434287;0.15898663;0.7431128;[-0.51853967  0.1340134   0.5276353 ]
-1.6367675;1.5503079;1.0766935;[-1.5458392   1.4015409   0.73872036]
-0.8086573;1.085138;0.86165667;[-0.879166    0.8837066   0.64113826]
-0.6345514;0.12873551;0.66497004;[-0.56885207  0.06859922  0.36561647]
-0.83976;1.0896436;0.7038089;[-0.82949996  0.948982    0.42726716]
-0.6128438;-0.41187847;0.1394487;[-0.6914847  -0.43745327 -0.02063577]
-0.6248234;0.25708592;0.7991435;[-0.715575    0.27273983  0.5414643 ]
0.033108056;-0.8516399;0.68038917;[ 0.03179616 -0.7442051   0.30802327]
0.103551626;-0.13118832;-0.59098446;[-0.01604615 -0.21701442 -0.5957923 ]
0.6519507;-0.2876069;-0.10096866;[ 0.66260576 -0.3059411  -0.1939287 ]
0.93530226;0.6049389;-0.24450743;[ 0.807933    0.37912184 -0.31989595]
0.8049201;0.62546784;0.049362417;[0.70106363 0.40889537 0.02914831]
0.72805434;-0.2801146;0.013109066;[ 0.64295405 -0.3011427  -0.14712611]
0.18782625;0.7447683;-0.38566357;[-0.03949027  0.5994396  -0.40267923]
0.744296;-0.7652134;-1.1055899;[ 0.7841015  -0.68375826 -0.9481291 ]
0.033581637;-0.19413342;0.42372552;[ 0.05938599 -0.30277693  0.16767116]
0.26460013;0.20470373;0.22446653;[0.02003722 0.09904326 0.18101723]
0.19353655;-0.6622486;0.15041842;[ 0.07107536 -0.6935011   0.0882878 ]
0.46065515;-1.1195749;-0.122336626;[ 0.5831982  -1.0850443  -0.25996038]
0.29324877;-1.6163762;-1.0904685;[ 0.6324889 -1.5531709 -1.004192 ]
0.1817099;0.19996665;0.015836064;[0.11103562 0.10281321 0.05333941]
-0.14930005;-0.1781594;-0.23754635;[-0.05605967 -0.23648612 -0.16271706]
-0.843178;1.3755509;-0.76348895;[-0.8374753   1.1442567  -0.52663493]
-0.54382676;0.51029134;-0.3472117;[-0.4006821   0.2694105  -0.22121498]
-0.9513741;1.3780034;-0.45395684;[-0.8609501   1.1783134  -0.33973327]
-0.6273123;0.5319673;-0.28987876;[-0.50721556  0.29284793 -0.11981   ]
-1.0755416;1.4528629;-0.24408954;[-0.99341977  1.2174761  -0.08998714]
-0.7580283;0.5537739;-0.10941349;[-0.6990018   0.37466162  0.13994913]
-0.85157233;1.0979444;0.4827933;[-0.80889845  0.9311107   0.14598756]
-0.5324003;0.17198244;0.16998374;[-0.4890569   0.10872601  0.15867378]
-1.6478261;2.0155826;0.70751905;[-1.560887    1.8022457   0.42650935]
-0.9910844;1.1977125;0.56064004;[-0.98394895  1.0538539   0.3669482 ]
-0.6788422;0.26354486;0.3164931;[-0.5838084   0.23857535  0.26983634]
-0.5716252;0.4635111;0.14155525;[-0.5670893   0.29078066  0.10326545]
-1.6897812;2.275587;-1.1600372;[-1.6448847  2.0417154 -1.1976448]
-0.86346173;1.3696157;0.39581138;[-0.9017166   1.166027    0.33179915]
-1.1108919;1.4326857;-0.08738245;[-0.97505724  1.2268625  -0.20277864]
-0.6903995;0.51035196;-0.16213912;[-0.72991306  0.3394662   0.01002035]
-0.7330323;0.52125;-0.002106186;[-0.64475644  0.37139118  0.00173198]
-0.5429482;0.46813524;-0.38839585;[-0.392811    0.26957786 -0.40626052]
-0.35556775;-0.43597454;-0.021624278;[-0.38998318 -0.46269655 -0.09011377]
-0.56351686;0.91958106;0.56345123;[-0.5829506   0.75398576  0.38101968]
-1.6675088;2.2590423;-0.11042851;[-1.593278   1.9789392 -0.6441882]
-0.83736163;1.3565372;0.050610982;[-0.8171351   1.1074263  -0.19167082]
-0.8149969;1.3593894;0.04899026;[-0.7416276  1.1481692 -0.2394736]
-0.39294732;0.51182836;0.13805859;[-0.32026112  0.31185877 -0.0032123 ]
-0.5745381;0.97767687;0.8661634;[-0.5140685   0.78767323  0.68486714]
-0.32255298;0.085280076;0.6814155;[-0.19121541  0.03036233  0.42955652]
-1.0503969;1.415807;0.49800268;[-1.0465161   1.1943144   0.21506836]
-0.6415629;0.5279018;0.43475723;[-0.6724621   0.38271743  0.25555432]
-0.6178656;0.5281175;0.37066445;[-0.64241165  0.38084495  0.3363619 ]
-0.4946118;0.15973099;1.4339621;[-0.71235013  0.15761337  1.116903  ]
1.1616548;1.173621;-2.9594002;[ 0.9631623   0.95044553 -2.1172733 ]
-0.8488099;1.0431852;-0.21924686;[-0.93809247  0.8924663   0.00145826]
0.91003066;0.34853023;-1.4148595;[ 0.70554453  0.07907584 -0.93563896]
1.0774456;0.2845767;-1.934119;[ 1.1336671   0.15407151 -1.5144938 ]
0.1489296;1.0194252;0.28346094;[0.09813532 0.8056416  0.20520036]
0.13715759;0.14553235;0.16006778;[0.03934662 0.07322958 0.14971636]
0.19557773;0.09496076;0.1414559;[0.23103012 0.05888256 0.01682955]
-0.83871204;1.3133721;-0.7672914;[-0.8613652  1.1038492 -0.8273451]
-0.58863777;0.42138708;0.11396745;[-0.56189793  0.28034458  0.17279743]
-0.69941115;0.8607114;-0.7659753;[-0.57169086  0.7107259  -0.4076728 ]
-0.7660304;1.3422197;0.6927546;[-0.802235    1.118027    0.77241194]
-1.0850881;0.94599044;0.018811215;[-0.9355105   0.83039004 -0.08143602]
-0.64518124;-0.001367405;-0.12887837;[-0.63592136 -0.04857387  0.09023409]
-0.6836881;0.505201;0.8774964;[-0.8400389   0.44739097  0.8541954 ]
-0.24522926;0.43575966;0.47062236;[-0.1319757   0.27985203  0.17892139]
-0.45676237;-0.07446851;-0.6272558;[-0.3444345  -0.10596175 -0.34889093]
-0.5810546;0.4387309;0.5464003;[-0.41749632  0.32354933  0.5259267 ]
-0.531602;-0.066848725;0.060263254;[-0.49399465 -0.13648637  0.06645989]
-0.2119431;-0.4771337;0.2149284;[-0.17859559 -0.47567928  0.1376788 ]
-0.41906708;-0.4502232;-0.092418686;[-0.45119542 -0.46149874  0.15971713]
-1.6787952;2.2102726;-0.52933174;[-1.6059989  1.9705492 -0.7226331]
-0.7187266;0.49335074;0.20553535;[-0.7164769   0.33775228  0.33058664]
-0.6829524;0.9231606;0.48372215;[-0.92650664  0.83232677  0.66729885]
-0.6692036;1.4287118;0.9042295;[-0.7367358  1.217306   0.7819384]
-1.0758508;1.0168673;0.29681414;[-0.9313129   0.89189655  0.19148906]
-0.4741652;0.5370295;0.36067355;[-0.2594368   0.39243662  0.18007095]
-0.5248906;-0.3705873;-0.058422502;[-0.34694594 -0.35630697 -0.00447093]
1.1109616;0.32463956;0.102120504;[ 0.79884815  0.17916429 -0.10786451]
1.0664009;0.26567012;-1.150692;[ 0.8065033   0.08922632 -0.9005994 ]
1.0472175;-0.20869483;-0.75764495;[ 0.6702991  -0.2787388  -0.68129194]
-0.7754827;0.87615806;-0.5410557;[-0.69707286  0.7701972  -0.35814282]
0.21038552;1.118869;-0.10525039;[ 0.10834278  0.8884412  -0.1888538 ]
0.15141274;0.652545;0.0892291;[0.15610945 0.49985492 0.17139825]
0.17339277;0.25136566;-0.088419184;[ 0.13183218  0.15809742 -0.04807887]
-0.088467374;-0.26022446;-0.115567654;[ 0.09943323 -0.3092811  -0.12577073]
-0.515621;0.21698911;0.37059844;[-0.48981428  0.1656716   0.25621763]
-0.78651166;1.1552334;0.6254927;[-0.8182279   1.0028254   0.51050454]
-1.6702408;1.9037305;0.31588286;[-1.5295662   1.7672703   0.25016874]
-0.5301941;0.09234456;0.01354707;[-0.4920056   0.09133892 -0.00740788]
0.01230754;0.093947455;0.3301866;[-0.03429095  0.07120076  0.0940177 ]
0.785179;-0.23168056;0.32673147;[ 0.92744464 -0.29164898 -0.16840725]
0.6834515;-0.3132395;-0.15350226;[ 0.66332144 -0.34679008 -0.1451156 ]
0.058380608;-0.74712485;0.09816368;[ 0.05747721 -0.74620456 -0.17215952]
-0.8332106;1.3215798;-0.5666312;[-0.7860242  1.1207663 -0.5381261]
-0.79048854;1.2841876;0.16597253;[-0.74203444  1.0643898   0.05713985]
-0.8707851;1.3032367;0.26088983;[-0.86537635  1.1023804   0.27513793]
-0.5912447;0.4133792;0.12418392;[-0.5705629   0.26436836  0.19806208]
-0.7690107;0.4539839;-0.08413011;[-0.7842479   0.32940507  0.08119334]
-0.3704558;-0.4980508;-0.04922002;[-0.40070176 -0.49402893 -0.06604911]
-0.6105016;0.7411124;1.1201596;[-0.9089761  0.6348095  0.919285 ]
-0.8403055;1.044322;0.28394908;[-0.8012481   0.9200561   0.04455368]
-0.56240594;0.15828417;0.06947037;[-0.48839593  0.14831996  0.03420662]
-0.8429356;0.45652312;0.09535475;[-0.8059678   0.37643713  0.22269107]
-0.8354997;1.2964939;-0.819096;[-0.8938104   1.1214433  -0.88079804]
-0.53916186;0.41066945;0.016045906;[-0.5258641   0.2741024  -0.01869339]
-0.49934918;-0.47472155;-0.23871875;[-0.38482535 -0.41712594 -0.53087616]
0.21732146;0.15993173;0.078639746;[0.16640306 0.09684941 0.07818869]
0.28264272;1.0583965;0.2814168;[0.12435798 0.82275903 0.30935454]
0.3271553;0.17423198;0.1099876;[0.07812595 0.10155861 0.13756225]
-0.102582395;-0.16187708;0.37233093;[-0.067679   -0.1948876   0.31287816]
-0.005932711;-0.6498501;0.40705425;[-0.12462379 -0.63056034  0.08745304]
0.2662868;-0.69861776;-0.097135186;[ 0.08351809 -0.70865536 -0.09670642]
-0.03078103;-1.0688092;-0.42217943;[-0.0106615  -1.0858079  -0.32541874]
-0.83239716;1.3240681;-0.4750455;[-0.77712286  1.1153938  -0.33027515]
-0.44904476;0.46872586;-0.3089994;[-0.36219436  0.28898388 -0.07973595]
-0.3852136;0.06939559;0.91775566;[-0.23267813  0.03655263  0.56711686]
0.17214721;0.7411403;0.29742184;[0.08352114 0.5685277  0.2837176 ]
-0.033482254;-1.005221;-0.5115353;[ 0.02063553 -0.979512   -0.24321161]
-0.58597666;0.2003971;0.5619197;[-0.59631366  0.20245774  0.34597757]
-0.49422807;0.12695268;0.33881748;[-0.31122994  0.11072075  0.09393714]
-0.35488945;-0.75115937;-0.2627608;[-0.27988356 -0.6902704  -0.20373404]
-1.6249682;1.6471018;0.75637394;[-1.5600606  1.5044705  0.4936246]
-0.5024956;-0.21442913;0.4822604;[-0.38997817 -0.14776735  0.03135401]
-1.0711358;1.5007517;-0.34570056;[-0.97646713  1.2268933  -0.20801023]
-0.8368692;1.4166164;-0.85685015;[-0.8653934   1.1495724  -0.70263344]
-0.30130583;0.11934305;-0.30686784;[-0.12645553  0.07699491  0.07026745]
0.15420023;0.11110062;0.114622034;[0.14119901 0.07824963 0.0620884 ]
-0.8359708;1.3068305;-0.71470875;[-0.84031856  1.097942   -0.7000651 ]
-0.48020202;0.3835284;0.05936446;[-0.3671267   0.21714403 -0.0327315 ]
-0.510094;0.42521095;0.24948001;[-0.5254957   0.27792805  0.235056  ]
-0.48982376;0.39675438;0.11427052;[-0.41701102  0.23882104  0.04281959]
-0.63710064;0.4698484;-0.044302348;[-0.6061188   0.33877873 -0.01483355]
-0.6862466;0.44916475;-0.13304065;[-6.9725096e-01  2.8592592e-01 -5.7861209e-04]
-0.30329424;-0.5413969;-0.015798818;[-0.25499988 -0.5111134  -0.09302182]
-0.37765777;-0.48929685;-0.24125326;[-0.40025717 -0.5290366  -0.12640555]
0.6094804;-0.291075;-0.07399899;[ 0.623213   -0.29687834 -0.17145345]
0.6787384;-0.7713208;-1.1723037;[ 0.7119159  -0.71163464 -0.98835033]
0.022991598;-0.6921807;-0.28209907;[-0.0186606  -0.6568781  -0.35149705]
-0.43536264;0.3182736;0.03983081;[-0.17589395  0.18902867 -0.03886129]
0.49988562;-0.30943394;-0.3300708;[ 0.5472555  -0.3254286  -0.38835508]
-0.102395415;-0.6526182;0.3370052;[-0.15530302 -0.62667495  0.23552568]
0.40983498;-0.6631023;0.28353465;[ 0.49059075 -0.7426239  -0.11426692]
-0.26422203;-0.52127284;-0.13179624;[-0.14940493 -0.60006815 -0.23014784]
0.2034412;-0.5083268;0.34860495;[ 0.06852458 -0.39398074  0.09624349]
-0.30702877;-0.97524923;-0.4691646;[-0.18038867 -0.9268482  -0.5658012 ]
-0.09171119;-0.69333345;0.12217449;[ 0.11255684 -0.6253981   0.0098795 ]
0.28269184;-1.1190029;-0.020457517;[ 0.48291665 -1.0563695  -0.19233342]
0.0074059814;-1.6152613;-1.0034862;[ 0.38473982 -1.5368994  -0.9202387 ]
-0.46664238;0.47931868;0.107962474;[-0.31225896  0.3100369  -0.16382731]
-0.457411;0.9299876;0.6969817;[-0.33714718  0.7148974   0.19433866]
-0.51096255;0.46211427;-0.16023703;[-0.43870783  0.33605784 -0.15205918]
-0.48990405;0.46412992;0.5547174;[-0.48464787  0.32926255  0.28401753]
-0.7439098;1.350656;0.042773306;[-0.665671    1.1665217  -0.10032198]
-0.5405978;0.47584528;-0.04025205;[-0.45635468  0.3622647   0.0698716 ]
-0.7373135;1.3452375;0.7513667;[-0.8612405   1.1695529   0.50361884]
-0.9435052;1.3454942;0.214475;[-0.9189898   1.1465153  -0.08631308]
-0.6417915;0.4788404;0.7637949;[-0.7584256   0.40018386  0.5787431 ]
-1.0956525;1.4067547;0.6634177;[-1.0441357   1.2050265   0.25074932]
-0.72211736;0.52251774;0.77361286;[-0.8545939  0.4097526  0.581222 ]
-0.49077213;-0.36839586;0.7492821;[-0.64416903 -0.35216457  0.55825585]
-0.31079233;-0.40794188;0.2408219;[-0.2186416  -0.41631305 -0.08327491]
-0.5929852;0.5169154;0.78960735;[-0.41575676  0.35915685  0.5156166 ]
-0.4538092;-0.021908157;-0.019341324;[-0.34160244 -0.01651707  0.00454777]
-0.5977098;0.5007763;0.8076401;[-0.46514535  0.37347096  0.4650268 ]
-0.7671764;1.3861233;0.99237084;[-0.8405701  1.1528395  0.7252708]
-0.7863431;1.388898;1.150175;[-0.5837356  1.1878105  0.7155422]
-0.9454294;0.90894186;0.53987664;[-0.89959836  0.7596078   0.13722335]
-0.8961151;1.4226766;1.0574522;[-0.64698493  1.1789938   0.5660812 ]
-0.29600036;0.4782933;0.64607185;[-0.33955812  0.4131624   0.27782568]
-0.6960915;0.007938854;-0.16577901;[-0.6258766   0.01468005 -0.11326922]
-0.7144596;0.07345342;0.83381164;[-0.81135166  0.04541784  0.5299602 ]
-0.37100226;-0.3892491;1.2845987;[-0.5120029  -0.3475405   0.88888675]
-0.12931554;-0.42596495;0.8890964;[-0.12971343 -0.4596489   0.522392  ]
-0.8927142;1.527265;0.65485376;[-0.75184906  1.3558682   0.3559632 ]
-0.69825166;0.21544574;0.7345371;[-0.7466563   0.21239482  0.51126385]
-0.53546363;0.16721515;0.36886954;[-0.3688795   0.14957121  0.15593557]
0.31655246;-0.23139696;0.05157569;[ 0.12656958 -0.21540995 -0.1205686 ]
0.8610117;0.62891346;-0.041110974;[0.7739524  0.4149804  0.05836605]
0.07856546;0.73816735;-0.26849318;[-0.09910436  0.5777321  -0.46007583]
0.9117195;-0.1648307;0.30534384;[ 0.85410464 -0.16740257 -0.07809405]
0.8089164;-0.22535656;0.36802286;[ 0.5232723  -0.234425   -0.00441651]
-0.13931054;-0.086405694;-0.14763895;[-0.04610707 -0.13538212 -0.5173486 ]
0.28959906;-0.693363;0.0461445;[ 0.12732233 -0.654186    0.00119054]
-0.33199352;-0.40017575;-0.21954915;[-0.30060852 -0.35164702 -0.15287237]
-0.47164762;0.48553038;0.061972048;[-0.3385557   0.34825343 -0.20565964]
-0.5011539;0.46908206;0.50480366;[-0.43702042  0.35321617  0.2516428 ]
-1.6699318;2.2532196;0.17877918;[-1.5869968  2.017424  -0.5549867]
-0.5605956;0.5094718;0.2423991;[-0.4269997   0.33259457  0.03220113]
-0.6633908;1.0024759;1.7867694;[-0.7114408   0.88789916  1.0793607 ]
-0.7531147;1.3554772;0.07418963;[-0.67976516  1.1701514  -0.07837549]
-1.081673;1.4108273;0.73431;[-1.0621227  1.2241484  0.3250999]
-0.7086092;0.52290285;0.7990336;[-0.8390455  0.4029346  0.5711454]
-0.6055252;-0.39721847;0.0908287;[-0.5695276  -0.39699215 -0.09365866]
-0.9393553;1.0669553;0.717722;[-0.85566914  0.9482      0.45068213]
-0.57581586;0.17384346;0.5303163;[-0.4249168   0.14830057  0.25407517]
-0.5154411;0.44904447;0.50350314;[-0.47676766  0.32432485  0.25246093]
-0.41128242;0.41197282;-0.06386094;[-0.32328743  0.24989827 -0.10748111]
-0.4803291;0.9027365;0.30763602;[-0.32507443  0.71328366  0.07165228]
-0.33016115;-0.02665276;-0.2439189;[-0.23070242 -0.03490059 -0.23659295]
-1.6862946;2.243709;-0.21932375;[-1.6253132   2.014      -0.80192584]
-0.82646817;0.42879677;0.5335556;[-0.88923705  0.30164438  0.33293185]
-0.6508594;0.45113724;0.7778305;[-0.7755594   0.37926632  0.5428744 ]
-0.7540476;1.3246905;-0.4257512;[-0.6541418  1.1784117 -0.3449321]
-0.55906624;0.4501887;-0.010718662;[-0.44366384  0.29525232 -0.19614315]
-1.0948298;1.4516686;0.6549113;[-1.0400618  1.2213794  0.2735502]
-0.23700918;0.07224879;0.49286705;[-0.1369126  -0.03751714 -0.10090575]
-1.3526434;1.8578421;0.49916223;[-1.2484297   1.7746319   0.10287854]
1.0143126;0.7284246;-0.01565266;[ 0.720979    0.5488051  -0.23962943]
-0.56988984;0.9387972;0.4484402;[-0.6027272   0.9238      0.12027298]
-0.73201436;0.97068024;-0.14045174;[-0.6628004   0.8979833  -0.14410836]
-0.8873852;1.0034077;0.8258047;[-1.0304569  1.0060871  0.5065898]
0.90675205;0.31977123;-0.45047796;[ 0.6720415   0.21995763 -0.52471477]
0.96688586;0.27443162;-1.1519921;[ 1.078983    0.24165706 -1.1908062 ]
1.016758;-0.121212915;-0.14237058;[ 0.8457452  -0.17626123 -0.4227711 ]
-0.46228194;0.09007775;0.25658503;[-0.34802282  0.10854749  0.00946676]
0.9842186;-0.13054587;-0.8150443;[ 0.7717186  -0.17827749 -0.9759607 ]
-0.540479;0.13393386;-0.29359782;[-0.47954202  0.08333806 -0.29605225]
1.0440353;-0.5430798;-1.4095302;[ 0.80827147 -0.53996384 -1.394428  ]
0.1543419;0.2653244;-0.498316;[ 0.00415561  0.15849008 -0.39981812]
-0.006706111;-0.1267429;0.41145694;[-0.00567757 -0.11726549  0.02508213]
0.13801238;-0.5723601;-0.18338321;[ 0.02093852 -0.5220224  -0.46728626]
0.2678762;0.14017613;0.21331617;[0.26011592 0.11330727 0.06364451]
0.6136752;-0.29315406;-0.43603897;[ 0.5496979  -0.37512422 -0.579873  ]
0.29302156;1.038203;0.33897096;[0.22307932 0.83849174 0.27108863]
-0.02112034;0.16489255;0.10345771;[0.07083248 0.09122477 0.01225306]
-0.036398366;0.3004105;-0.53397375;[ 0.05165121  0.09025154 -0.5593521 ]
0.93044233;0.58532387;-0.21747816;[ 0.7464382  0.3507021 -0.3398062]
0.34501445;0.16521236;-0.11448133;[ 0.01130362  0.06953661 -0.22074522]
0.56663495;-0.1831563;0.14287142;[ 0.5686948  -0.26594728 -0.0871513 ]
0.023632258;-1.1458545;-0.6487684;[ 0.36425048 -1.1872835  -0.8397004 ]
0.83948225;0.5914634;0.31065953;[0.61714095 0.48255426 0.03288775]
0.8505545;0.07318659;-0.32736486;[ 0.6251614   0.13294058 -0.22886628]
0.5868909;0.11261036;0.26561;[0.31581986 0.17872074 0.11270739]
0.87428206;-0.41927797;-0.4831338;[ 0.88452774 -0.45035028 -0.5945093 ]
0.4504357;0.67539275;-0.46221972;[ 0.22344455  0.49399495 -0.61196977]
-0.3005215;0.16517887;0.1417794;[-0.2662511   0.06503283  0.22296812]
0.35007846;0.14967123;-0.09921937;[ 0.08140884  0.04375242 -0.07963514]
1.1991371;0.17823488;-0.25147116;[ 1.0367025   0.01665057 -0.19300398]
1.5666686;-0.28574538;-1.177244;[ 1.5491512  -0.41478276 -0.91844517]
1.0473615;-0.2714442;-0.26789787;[ 0.7851045  -0.30035836 -0.3056437 ]
-0.23549299;-0.67812055;-0.09149714;[-0.2352582  -0.78125596 -0.12696722]
0.13453355;-0.297224;0.090686634;[ 0.11376018 -0.32045257 -0.1440806 ]
0.95883936;-0.6858581;-0.4625882;[ 0.8268853  -0.7084681  -0.45001644]
1.1832675;-1.1775175;-1.3036392;[ 1.1619619 -1.2370936 -1.206881 ]
0.706448;-0.67427987;-0.19096784;[ 0.6198553  -0.66174537 -0.34917942]
0.7068779;-1.1018963;-0.44461048;[ 0.59345585 -1.0870185  -0.4763275 ]
0.09013412;-0.58935803;-0.7390214;[ 0.08518659 -0.5832178  -0.76530355]
-0.34907216;-0.40624833;-0.38118482;[-0.31510252 -0.4093504  -0.24499366]
-0.73908377;1.3546513;-0.38511258;[-0.6503989   1.1148338  -0.33346465]
-0.49216044;0.9380695;0.4416865;[-0.414591    0.70949644  0.24193986]
-0.59259653;0.49757266;-0.29358852;[-0.481286    0.32375962 -0.07244749]
-0.9280525;1.3494015;0.0006551035;[-0.83456063  1.1617361  -0.29555264]
-1.6643256;2.0895965;0.91465944;[-1.5844941   1.9108034   0.66358775]
-0.839771;1.6690956;0.8604764;[-0.7152042   1.4709059   0.49756667]
-0.56013316;0.39771628;0.43635148;[-0.50673544  0.17400876  0.2591707 ]
-1.0321134;1.2509205;0.96311426;[-1.0284059  1.1293787  0.6383682]
-0.2806688;-0.54255277;0.18787396;[-0.2995031  -0.60327554  0.02218738]
0.0895057;-0.26174724;0.18853347;[ 0.06268333 -0.2661152  -0.15293637]
-0.15847118;0.18128812;0.010905776;[0.04051204 0.11142872 0.0273478 ]
0.7623254;0.7392236;0.3140123;[0.55523366 0.54856855 0.22718884]
-0.4280494;0.5907089;-0.06704146;[-0.2715099   0.42495865  0.01182463]
-0.30449235;-0.6906424;-0.47175598;[-0.17807822 -0.67382824 -0.5125179 ]
0.6952895;-0.14069189;0.083558485;[ 0.549306   -0.20451583  0.04046145]
-0.46156526;0.46605444;-0.023800988;[-0.2870227   0.28022575 -0.20344356]
-0.48111582;0.46672922;-0.13313949;[-0.34183615  0.27848408 -0.2941266 ]
-1.669105;2.2477777;-0.11753291;[-1.5975894  1.9749457 -0.7215877]
-0.83138627;1.3374299;0.022081483;[-0.77246153  1.1504196  -0.27658495]
-0.5523639;0.48641187;0.0242703;[-0.3963619   0.2962185  -0.12399402]
-0.54838276;0.45385027;-0.24335188;[-0.45492113  0.30101514 -0.14220431]
-0.53774184;0.4581375;-0.23258153;[-0.44448763  0.31060833 -0.10285921]
-0.626206;0.51076484;0.3785932;[-0.66994494  0.34747148  0.27875325]
-0.6030166;0.50901216;0.3748139;[-0.6563359   0.37662733  0.3394817 ]
-0.77557164;1.0692542;1.7832154;[-1.0588727   0.94730663  1.3439626 ]
-0.22348751;-0.4344204;-0.02466065;[-0.13986434 -0.4560939  -0.21376602]
-0.8403864;1.0489023;0.61000794;[-0.7887571  0.9036032  0.1852958]
-0.3212732;0.6955142;0.3552884;[-0.2811277   0.48080522  0.03117523]
-0.83696324;1.3205186;-0.25205284;[-0.83377624  1.1093313  -0.5790409 ]
-0.4910919;0.89960915;0.56150657;[-0.49605477  0.7222574   0.46769342]
-0.7070334;1.3225473;0.11246951;[-0.6976018   1.0759763  -0.03683995]
-1.0770837;1.3866826;0.44019574;[-1.0225368  1.1793542  0.0430547]
-0.14232357;0.2296624;-0.044318747;[-0.15073054 -0.00143018 -0.24836932]
-1.3573016;1.7621688;-0.1412429;[-1.3253592  1.5949425 -0.4025924]
1.1381276;1.083152;-1.2991744;[ 0.94370586  0.8717754  -1.8265946 ]
-0.6832426;0.8662557;0.31274813;[-0.7191081   0.7708909   0.08550097]
1.1125832;0.62210244;-0.78631306;[ 0.8253287   0.42739117 -0.87778336]
-0.8544304;0.9158638;0.31545848;[-0.9472227   0.83467984  0.1629675 ]
0.9754126;-0.24022155;-0.76189446;[ 0.8077484  -0.29024494 -0.93598247]
-0.7964072;0.85201496;-0.19733125;[-0.6802534  0.7220571 -0.3971442]
1.0004106;-0.2161677;-0.21872151;[ 0.8401762  -0.25696313 -0.5371855 ]
0.21640448;0.6841144;0.24151902;[1.5119007e-01 4.5163101e-01 2.9936060e-04]
0.21232712;0.20890903;0.15051651;[0.07219367 0.13006845 0.04143694]
-0.0022851229;-0.6537854;-0.3915674;[ 0.05353424 -0.7469481  -0.46003544]
0.08259022;-0.65154976;-0.12908992;[ 0.07907954 -0.70784116 -0.20575331]
0.6943564;-0.11369516;0.17300195;[ 0.7372962  -0.1277078  -0.11878847]
-0.55827737;0.5343823;0.6064272;[-0.43069905  0.35506636  0.42455253]
-0.5882905;0.53701806;0.6556231;[-0.43677938  0.39916503  0.47511926]
-0.36042696;0.5369877;0.7845197;[-0.23390542  0.34295446  0.3636502 ]
-0.50609213;-0.83825964;-0.252334;[-0.41542017 -0.77889967 -0.35126296]
-1.6638683;1.8419;0.50441825;[-1.5869173   1.6224287  -0.24546045]
-0.8574136;1.4272224;1.0638614;[-0.62327576  1.176767    0.5165221 ]
-0.45270687;0.9952678;0.96580756;[-0.5002128   0.8235347   0.71099687]
-0.5353525;0.4967814;0.6146301;[-0.43205243  0.39862847  0.16403936]
-0.55887383;0.5152064;0.88917965;[-0.4523605   0.36737806  0.48954412]
-0.7197512;0.9623801;0.023594078;[-0.588946    0.7349905  -0.05468236]
-0.49453026;0.520515;0.6141;[-0.35086173  0.40029734  0.19605838]
-0.6541553;0.10186548;0.46397805;[-0.71708083  0.06551124  0.40029654]
-0.3649019;-0.84380716;-0.12443164;[-0.34342104 -0.7943193  -0.05477471]
-0.7709941;1.023627;0.9969715;[-0.9095434  0.8401213  0.718622 ]
-0.70083994;1.0291271;-0.3447829;[-0.6426469   0.7537678  -0.24729817]
-0.5890711;0.58526677;-0.03867365;[-0.3960173   0.3766908  -0.03943096]
-0.4740237;0.5610865;0.17896411;[-0.38115042  0.37046713 -0.07022274]
-0.99362737;1.0697715;0.3645684;[-0.98959506  0.8502104   0.08347417]
-0.6352535;0.63900334;0.515668;[-0.60751814  0.4689812   0.37983647]
-0.60132575;0.15194514;0.21326146;[-0.55596197  0.00262449  0.07999516]
-0.84130734;0.9794612;-0.09194094;[-0.8438283   0.78872204 -0.42268392]
-0.45210928;0.56113803;0.2639316;[-0.2553801   0.36773795  0.04952637]
-0.28364146;0.16249225;0.3260362;[-0.13017972 -0.03074533  0.07402839]
-0.38760078;-0.32314563;-0.17599937;[-0.23695655 -0.36267948 -0.23463689]
-0.43450278;-0.7838696;-0.4645639;[-0.34405035 -0.7735857  -0.5270066 ]
-0.57292074;0.5514483;0.4447539;[-0.5119241   0.37251323  0.29469863]
-0.5604838;0.46047825;0.5845735;[-0.42696828  0.2923538   0.3948057 ]
-0.70377487;0.4792292;0.7128139;[-0.5059746  0.3622005  0.4436002]
-0.5962602;0.47095263;0.8043882;[-0.43078268  0.31766546  0.5020991 ]
-1.6627041;1.8211323;0.37571946;[-1.5874046  1.5798205 -0.2961756]
-1.207615;1.4757544;1.2895731;[-0.87425244  1.2510617   1.0971706 ]
-0.3550859;0.47237414;0.8006381;[-0.30315125  0.32888806  0.39104423]
-0.62894434;1.0224038;1.2966961;[-0.75321263  0.864563    1.0683335 ]
-0.5996615;0.04363254;0.44976434;[-0.6040793  -0.02044428  0.3214015 ]
-0.7716706;0.6114544;1.3094497;[-0.921443    0.55333674  1.2332342 ]
-0.80535734;0.49600333;1.0094922;[-0.9204149   0.45778894  0.6892773 ]
-0.3331896;-0.49142712;0.4929198;[-0.2845751  -0.43245983  0.22895466]
-1.6895304;1.7954298;-0.16296153;[-1.6248697  1.6110958 -0.8010714]
-0.792775;0.8867362;0.6197224;[-0.80109763  0.6804454   0.48986927]
-0.7371058;0.89165086;-0.4763103;[-0.6227454  0.7238145 -0.3850583]
-0.12796448;0.913348;0.7241893;[-0.2509281  0.7716137  0.5534223]
-0.3472026;0.45456898;0.2679193;[-0.2440003   0.35997647  0.17291501]
-0.51279205;0.43777543;0.31021613;[-0.3922637   0.32561243  0.05105116]
-1.0623184;0.94796336;0.36760974;[-0.98325706  0.8066015   0.03731395]
-0.52365;0.5042448;0.81711096;[-0.5710342   0.42032313  0.57054573]
-0.85493594;0.85770255;-0.16299233;[-0.83639574  0.7191591  -0.53252864]
-0.50493073;-0.058586314;0.40054104;[-0.5087397  -0.17555346  0.19618182]
-0.49168247;-0.073332176;-0.28956202;[-0.34743923 -0.093527   -0.2289035 ]
-0.43567085;0.4406975;0.54147315;[-0.23722656  0.28266555  0.01903844]
-0.49977726;-0.052022412;-0.5011194;[-0.43092394 -0.0821027  -0.48405185]
-0.16434608;-0.45027846;0.10522051;[-0.08242588 -0.4176724  -0.0093879 ]
-0.34601057;-0.48040587;0.060611222;[-0.2084607  -0.40924996 -0.13813278]
-0.5378276;-0.91922957;-0.4076432;[-0.40329158 -0.8392412  -0.39448598]
-0.8661937;0.90820205;0.4922384;[-0.84496737  0.7725046  -0.09510788]
-0.4494292;0.49352074;0.9086586;[-0.29504788  0.35325885  0.31394348]
-0.48962486;0.011125244;-0.17635204;[-0.36716866 -0.01329938 -0.12652189]
-0.5261598;0.4794067;0.6820408;[-0.43466628  0.34055632  0.42605743]
-0.3333627;0.4964211;0.8746815;[-0.23095219  0.3380515   0.3876153 ]
-0.94786507;0.9098272;0.48973864;[-0.8905245   0.7627687   0.13355432]
-0.8606984;1.4130622;1.0717894;[-0.5894502   1.172861    0.64956397]
-0.7081749;1.3649286;0.87461984;[-0.7911874  1.1123852  0.6976971]
-0.5926398;0.47613776;0.8294353;[-0.6323676   0.36743885  0.60536045]
-0.84804255;1.4092916;1.1205344;[-0.6210347  1.1841961  0.5797333]
-0.55433804;0.4917643;0.9569321;[-0.49855947  0.38969713  0.59449226]
-0.25096136;0.9666767;0.96825695;[-0.49513173  0.82166016  0.764386  ]
-1.0335518;0.97117215;0.6681899;[-0.9859159  0.8613899  0.3584863]
-0.7006652;0.076715335;0.6554269;[-0.81287813  0.03837246  0.5720393 ]
-0.5822185;0.016610336;0.32715023;[-0.4508003  -0.0667991   0.02497075]
-1.6817164;1.8075838;-0.09020676;[-1.614858   1.6134409 -0.6779908]
-0.6364867;0.42358094;0.40864182;[-0.52305615  0.2865196   0.20812945]
-0.54970706;0.43657887;0.514032;[-0.48264027  0.3059613   0.46152383]
-0.49434775;-0.042553;-0.5306136;[-0.4275936  -0.08021608 -0.48305112]
-1.675958;1.8046898;0.02769946;[-1.6065434   1.6044356  -0.53785473]
-0.93979627;0.45550835;0.3099113;[-0.8709458   0.32854253  0.35152003]
-0.65701586;-0.023554996;0.066817656;[-0.5748569  -0.05583625  0.04110636]
-0.7588925;0.51778954;1.4114244;[-0.9041525   0.46288282  0.82733154]
-0.8467427;0.8743674;-0.016860906;[-0.84003437  0.734316   -0.3714437 ]
-0.48307282;-0.022103496;0.029622369;[-0.3484701  -0.06803168 -0.00854385]
-0.5572238;0.43144304;0.38707635;[-0.44855934  0.30492663  0.35846612]
-0.42534363;-0.47922176;0.34486538;[-0.2388771  -0.42112118  0.11154547]
-0.4347353;0.8253447;0.5622844;[-0.37482566  0.62691796  0.31454334]
-0.81565064;1.7285043;0.7694198;[-0.71400744  1.5028929   0.59130394]
-1.6627098;2.14707;0.8976806;[-1.5904082   1.92916     0.68863016]
-0.8226915;0.37140375;1.172379;[-0.7695657   0.34139657  0.8645754 ]
-0.51660824;-0.5556148;0.9280503;[-0.43389434 -0.5196512   0.6417684 ]
0.61403376;0.50302786;0.13795097;[ 0.6165109   0.47074366 -0.00749987]
0.6374583;-0.030976847;-0.3924874;[ 0.566457    0.07902262 -0.3053282 ]
0.58142436;-0.029714502;-0.0265111;[ 0.45830244  0.06486354 -0.09700751]
-1.6459163;1.893428;0.59744626;[-1.539083   1.7369467  0.40755  ]
-0.48979992;0.117823735;-0.5219891;[-0.39873016  0.11484154 -0.4013556 ]
-0.45715398;0.12131184;0.04556851;[-0.26870823  0.125072   -0.04433529]
-0.17734732;-0.32006717;0.011357844;[-0.133114   -0.2718187  -0.20632096]
-0.44223744;0.55473083;0.18463454;[-0.40700996  0.40605646 -0.01275222]
-0.86642015;1.5330081;0.49134263;[-0.8237194  1.3462858  0.3332987]
-0.4598176;0.6346238;0.27199012;[-0.4098438   0.48155558  0.07758151]
0.04958456;0.11095453;-0.16441295;[ 0.05980681 -0.00956526 -0.21975727]
0.18769708;1.0262222;0.2942555;[0.06680122 0.77768016 0.17688465]
1.1475507;0.123539835;-0.99601567;[ 1.1791091  -0.05623982 -0.9244918 ]
1.5614195;-0.74511796;-1.6424515;[ 1.5499381  -0.86848915 -1.6550968 ]
0.90387744;-0.7110331;-0.58125067;[ 0.73685515 -0.7106068  -0.7889641 ]
-8.533895e-05;-0.73601353;-0.309209;[ 0.01148094 -0.80009234 -0.38661602]
0.21575077;0.11073771;0.13716671;[ 0.21427505  0.03992558 -0.01249678]
0.6764207;-0.7493935;-0.97678804;[ 0.8345945  -0.77375895 -1.0098419 ]
0.67081136;-0.5025801;0.39803022;[ 0.41212678 -0.42088842 -0.11479419]
1.2348245;-1.622265;-1.661274;[ 1.2438835 -1.691073  -1.6742133]
-0.4114834;0.894114;0.67339575;[-0.3617627  0.6797812  0.3756663]
-0.71426576;-0.23767199;0.294278;[-0.68783486 -0.44473654 -0.2004055 ]
-0.8069248;1.8035024;0.8825138;[-0.6863256  1.5594946  0.6845044]
-0.54115725;0.44376802;0.3315353;[-0.4334982   0.29046148  0.134605  ]
-0.8381739;1.3246516;-0.35260475;[-0.8360249   1.108208   -0.66982657]
-0.54240423;0.46037775;0.45461723;[-0.54624546  0.30330145  0.21600415]
-0.51350766;0.43225896;-0.5719769;[-0.43567383  0.30685538 -0.55180824]
-0.7643692;1.3294863;-0.5478083;[-0.6493639  1.1274835 -0.5439245]
-0.82712406;1.3472188;-0.27307662;[-0.78433263  1.1558691  -0.47947705]
-0.5422235;0.92346966;0.6001413;[-0.49171358  0.70705533  0.45542064]
-1.0851164;1.3899702;0.39240077;[-1.0249774   1.1822723  -0.00376462]
-0.3506223;0.03421204;0.37619215;[-0.2601118  -0.10511692  0.15432318]
-0.72062045;0.87835056;-0.5085013;[-0.583129    0.73977685 -0.28477627]
-0.89424133;0.47760642;0.6210679;[-0.83274305  0.3485682   0.47109863]
-0.75706285;0.8940893;-0.47380513;[-0.6247312   0.7421243  -0.35801437]
-0.34193796;0.4475659;0.2536425;[-0.2680025   0.34785306  0.14636432]
-1.0255293;0.9530938;0.40836123;[-0.97893345  0.81869006  0.0851862 ]
-0.7054847;0.010671623;0.027102545;[-0.65302306 -0.03314248  0.14416347]
-0.7469012;0.52002454;0.9064113;[-0.8715459   0.45244455  0.86191046]
-0.72879314;-0.006789431;0.76128256;[-0.8080851  -0.10226339  0.40362185]
-0.63962674;0.45327574;0.68223065;[-0.48315907  0.36229634  0.46634236]
-0.48596245;0.4507255;0.46695536;[-0.2713102   0.3168488   0.04542715]
-0.15715112;0.029118426;0.5268026;[-0.05221902 -0.05754849  0.2944911 ]
-0.71478856;-0.44361347;0.5328;[-0.6356983  -0.42871106  0.2422973 ]
-0.53327847;0.8366119;0.16211928;[-0.48578817  0.63908935  0.22306545]
-0.5156736;0.4155988;0.34087312;[-0.42865086  0.29884723  0.20164397]
-0.5424896;0.44869715;-0.10939336;[-0.36453873  0.30370688 -0.21304342]
-0.2718212;0.0041392967;0.3584332;[-0.12457098 -0.0099715   0.07756317]
-0.73257035;1.2975366;0.4832806;[-0.77827466  1.1170207   0.30291024]
-0.7176072;1.7346197;0.37621266;[-0.83768666  1.5013152   0.45772573]
-0.7385022;1.2872635;-0.09938249;[-0.664062    1.1080672  -0.24994843]
-1.060026;1.348197;0.5522943;[-1.0549592  1.1848297  0.2817088]
-0.83682173;1.4514846;0.91132975;[-0.64510393  1.2230386   0.48728022]
-0.68508935;0.5175097;0.055256777;[-0.44656563  0.3788026   0.03028259]
-0.71024495;0.049143605;-0.18208356;[-0.5408013  -0.00789537 -0.2459832 ]
-1.0422297;1.0255842;0.5994679;[-0.9771075   0.8979448   0.32643196]
-0.6364315;0.09702485;0.23248702;[-0.62272465  0.02223954  0.15391429]
-0.84744054;0.9499949;0.20075701;[-0.84280884  0.7915863  -0.2399718 ]
-0.4537292;0.52252644;0.36870867;[-0.26052445  0.3827439   0.16538708]
-0.48399317;0.5158007;0.44142538;[-0.40831143  0.37761182  0.3134262 ]
-0.46370667;0.5375412;0.68720853;[-0.30834502  0.3906573   0.24369057]
-0.49738073;0.053001843;-0.25504506;[-0.4103986  -0.00292411 -0.19163372]
-0.2077777;0.16555664;-0.03311907;[-0.10252164 -0.07424764 -0.2941671 ]
-0.42350274;0.73044866;0.84274495;[-0.23084943  0.5202483   0.5446065 ]
-0.2660213;0.737076;0.7837333;[-0.36084867  0.5786435   0.63569546]
-0.38798082;0.21927463;0.15269929;[-0.22834952  0.0525938  -0.24157421]
0.665916;0.6308653;-0.7041819;[ 0.5569312  0.4415452 -0.581452 ]
-0.68591267;1.3139814;0.34769928;[-0.68823516  1.1512924   0.05643547]
1.2352009;0.6355532;-0.50075495;[ 1.0016954   0.48915583 -0.73319143]
0.9523412;0.19124922;-1.377027;[ 0.86530066  0.10300708 -1.2930051 ]
-0.86083037;0.9035099;0.3259715;[-0.97064996  0.8179248   0.11054687]
1.0463825;0.23037247;-0.6058746;[ 0.7921802   0.10187531 -0.7227738 ]
1.2493318;-0.17595182;0.092571676;[ 0.8129577  -0.22397135 -0.34593096]
-0.7790156;0.8500251;-0.32063198;[-0.70098114  0.7399036  -0.35395935]
1.0211673;0.18817791;-1.3393745;[ 1.0750346   0.11924892 -1.3416616 ]
-0.47295207;0.42332757;0.05541548;[-0.3511219   0.30302644 -0.1571039 ]
0.8793097;-0.6636417;-1.3693757;[ 0.79888064 -0.641747   -1.2592493 ]
0.22259584;0.6631842;0.2599817;[ 0.18330926  0.45947838 -0.00998088]
0.14410006;0.24396037;0.19485325;[0.08459495 0.15160051 0.07649946]
0.12619597;-0.64881164;-0.039763343;[ 0.0238913  -0.67957735 -0.3355887 ]
0.18624413;0.1986096;-0.08145955;[ 0.20909521  0.09498688 -0.16270824]
0.6798946;-0.13540438;0.1328853;[ 0.74076253 -0.16079041 -0.10686037]
0.1081552;-0.6910654;-0.17679876;[ 0.12265589 -0.710768   -0.21426599]
-0.4945861;0.24088287;-0.07135023;[-0.37007815  0.24907576 -0.16168724]
-0.76477605;0.36818773;0.28241733;[-0.66778445  0.19180198  0.33354315]
-0.4842267;-0.56050855;0.062111616;[-0.43976218 -0.6005859   0.11898512]
-1.0622895;1.0825591;0.47822553;[-1.0178214   1.0262102   0.40659666]
-0.5373755;0.14757133;-0.29217574;[-0.436723    0.16532649 -0.3154335 ]
0.8102923;0.6032605;0.10277563;[0.6725362  0.42426312 0.03354487]
-0.2456884;0.62077624;0.30564275;[-0.15097691  0.3958074   0.26746508]
0.17194384;0.61154366;0.23843369;[0.11885432 0.43540388 0.11418544]
0.12304916;0.25705233;-0.5117717;[ 0.20104855  0.16116616 -0.55558896]
0.18258972;0.12697166;-0.07119995;[ 0.1752436   0.07367112 -0.04495679]
0.14495146;-0.1606475;-1.0174313;[ 0.0864348  -0.23021825 -1.0670666 ]
0.029489107;0.35924023;0.47770306;[0.21638156 0.28623742 0.32864907]
0.825659;-0.22856973;0.32525325;[ 0.54261434 -0.32029784  0.01695041]
0.108710326;-0.14561017;-0.3480286;[ 0.19905876 -0.17057908 -0.43407366]
-0.021488324;-0.2050236;1.2345278;[-0.21617423 -0.1752815   0.5283386 ]
-0.3588155;-0.6668671;0.2561793;[-0.40645576 -0.66965675 -0.00587928]
0.17105454;0.12686971;0.122989;[0.17273138 0.10996018 0.03252332]
0.97573394;-0.774298;-1.0817642;[ 0.96522945 -0.74365604 -1.0077804 ]
-0.27843755;-0.70840245;-0.10924864;[-0.23426907 -0.75342625 -0.12137182]
-0.12187269;-0.27414042;0.06546587;[-0.09882583 -0.36458063 -0.04781996]
0.08002357;-0.9920041;-1.1066587;[ 0.08216521 -0.9917345  -1.1499892 ]
-0.45918757;0.8752945;0.1690984;[-0.31443948  0.6778533  -0.03832815]
-0.46037096;0.43152726;-0.04592007;[-0.36551565  0.27494353 -0.04308642]
-0.7676386;1.3082359;0.4683711;[-0.7629045   1.0468711   0.20169424]
-0.54340667;0.44744444;0.339087;[-0.4539991   0.27340657  0.10457237]
-0.5165575;0.8997099;0.5188482;[-0.4951886  0.6826695  0.451947 ]
-0.77495074;1.3193786;-0.51695347;[-0.64216864  1.1238507  -0.50668514]
-0.7199721;0.45942062;-0.4994471;[-0.56096715  0.42580962 -0.5042035 ]
-1.0536684;1.3758018;0.45660466;[-1.0506973   1.1872839   0.11672713]
-0.6756617;0.4906546;0.13930182;[-0.7219682   0.35881752  0.2280785 ]
-0.72790116;0.4607106;0.77315134;[-0.8062583   0.310144    0.30708018]
-0.3228715;0.016578067;0.29040286;[-0.25020903 -0.12369163  0.16435476]
-0.32871068;-0.4681636;-0.5369469;[-0.27025306 -0.44917673 -0.45767567]
-1.6692703;1.9893966;0.6952598;[-1.5585742   1.8110726   0.41253495]
-0.5234305;0.64034307;0.3578871;[-0.5504896   0.46713156  0.11457922]
-0.8041025;1.1117257;-0.10676564;[-0.60007286  0.9695593  -0.1392923 ]
-0.9913675;1.1698261;0.68843025;[-1.013826    1.0747144   0.47773036]
-1.7035841;2.21165;-0.54165405;[-1.6570987  2.0110366 -1.1184113]
-0.7871278;1.3093125;-0.065890744;[-0.7705484   1.1080843  -0.12207516]
-0.9262125;0.47047228;1.025553;[-0.86431277  0.31073797  0.23205514]
-1.099814;1.3622983;0.37089086;[-1.0417097   1.1903294  -0.02327076]
-0.75934666;0.49444014;0.279689;[-0.7491558   0.40039045  0.24875136]
-0.5344048;0.4303351;0.39259318;[-0.5552814   0.28008586  0.13396811]
-0.5560891;-0.44798487;-0.4784488;[-0.45811576 -0.43079668 -0.40086338]
-0.60534644;0.03127389;0.43149027;[-0.5453529  -0.08337609  0.22402231]
-0.85743994;0.93456405;-0.60766494;[-0.8453591  0.776363  -0.1686931]
-0.29939318;0.104374036;0.81502044;[-0.19513546  0.02667625  0.5314218 ]
-0.51567155;-0.85255873;-0.24744701;[-0.4287113  -0.7793176  -0.33556634]
-0.6028766;0.5529063;0.7889777;[-0.7997043   0.4816531   0.87221986]
-0.5021986;0.5132098;0.24962416;[-0.36985433  0.3444404   0.26574752]
-0.7620992;0.9873881;0.76279044;[-0.8958397   0.81597596  0.75506014]
-0.9912669;1.020167;0.39968693;[-0.94982886  0.85286963  0.17263098]
-0.70302844;0.123151675;0.33715993;[-0.6869737  -0.01668335  0.36964363]
-0.56131977;0.04199474;0.053593513;[-0.3743013  -0.08436425 -0.0995592 ]
-0.39325345;-0.43557912;0.16058832;[-0.34318715 -0.43975103  0.1096593 ]
0.114575334;-0.17712225;0.7592441;[ 0.17765987 -0.15594377  0.30793914]
-0.8675154;0.9042776;0.46249944;[-0.840417    0.785622   -0.09286231]
-0.5335251;0.49494916;0.5558745;[-0.34919     0.34226012  0.41987368]
-0.6585718;0.036870085;0.75007427;[-0.83174956  0.018186    0.87718356]
-1.0805904;0.96194273;0.4972914;[-0.9348717  0.8558763  0.2577866]
-0.44003773;-0.8708677;0.5130415;[-0.5984947 -0.8310559  0.5689693]
-0.76666385;1.3033961;0.46275973;[-0.7477815  1.1116683  0.6318231]
-0.86434627;0.46079433;0.48785788;[-0.8646457  0.4005556  0.6550261]
-0.6007704;0.39805615;0.35373676;[-0.36726582  0.29227835  0.40132877]
-0.37175572;-1.0886573;-0.15066667;[-0.33282572 -0.9135729  -0.26992443]
-0.23674898;0.14789547;-0.3645004;[-0.15992849  0.07646196 -0.1391497 ]
0.34176546;-0.26207995;0.4886648;[ 0.10525921 -0.2266186   0.25360084]
-0.007963337;-0.11002825;-0.16978322;[ 0.03318727 -0.18052109 -0.15317333]
0.3832155;-1.1921724;0.1375337;[ 0.18548936 -1.1279193  -0.01749525]
-0.8503446;0.87714106;-0.24085474;[-0.8113767   0.7330953  -0.23155923]
-1.6655685;1.8061014;-0.37825072;[-1.5900022   1.5795245  -0.33772683]
-0.7293449;1.3328508;0.65394795;[-0.72992146  1.1039311   0.5987403 ]
-0.6916646;1.3255297;0.6023812;[-0.71456325  1.0579331   0.58357364]
-1.044147;0.9458832;0.17934334;[-0.93525195  0.81927836  0.12313855]
-0.61892647;0.034496926;0.16941494;[-0.56890017  0.02755497  0.17052388]
-0.82013386;0.47165656;0.55689305;[-0.879619    0.43946755  0.59141827]
-0.48515493;-0.011960641;-0.14636031;[-0.34574747 -0.11030246 -0.15624112]
-0.508051;-0.5191658;-0.30726895;[-0.49148977 -0.5115941  -0.00277638]
-0.28535825;-0.93030554;0.22227082;[-0.38315672 -0.883541    0.282217  ]
-0.70605195;0.1818932;0.64225316;[-0.78221714  0.12935433  0.5337917 ]
-0.8542081;0.5517813;0.6928824;[-0.7965678   0.51185215  0.34515867]
-0.53751916;0.089543745;0.49431664;[-0.4765414   0.03355793  0.3347531 ]
-1.6857077;1.7931155;-0.5975118;[-1.61651    1.6084899 -0.6489721]
-0.77439445;1.3432914;0.55730045;[-0.7677171  1.090461   0.7439671]
-0.74459565;0.8799785;0.47178602;[-0.77057713  0.6796787   0.42333388]
-0.73226386;1.3113062;0.5440504;[-0.73731726  1.0824848   0.5574295 ]
-0.5941059;-0.056994572;0.48503095;[-0.46418667 -0.03839093  0.02475717]
-1.0926964;0.9449108;0.11626421;[-0.936079    0.82039213 -0.0068025 ]
-0.60883886;0.013157088;0.12981147;[-0.63669777 -0.10103469  0.24116535]
-0.74868995;0.41172206;0.20433293;[-0.5847801  0.3008719  0.3559449]
-0.45902604;-0.076462254;0.22907448;[-0.33025575 -0.13098983  0.01088867]
-0.4795667;-0.060123667;0.26728183;[-0.47897214 -0.14550464  0.15931062]
-0.56789887;0.40468;0.39616072;[-0.38563675  0.2543904   0.33247045]
-0.4225402;-0.9571337;0.24308531;[-0.30334985 -0.82931423 -0.18011759]
-0.77848536;0.8581666;0.2270828;[-0.6696986   0.6463764   0.16272284]
-0.72687966;0.5147329;0.8425478;[-0.82867277  0.467524    0.8949895 ]
-0.7884164;0.48404604;0.9372636;[-0.85509527  0.44412267  0.7240426 ]
-0.50361544;-0.07987139;0.059752967;[-0.3868029  -0.12284827  0.05485551]
-0.8546517;0.858152;-0.504919;[-0.8365518   0.71646655 -0.52898073]
-0.45883602;0.46080798;0.66641057;[-0.39305305  0.36824894  0.69368446]
-0.48974687;-0.06451315;0.09657762;[-0.48631465 -0.15064088  0.09280638]
0.69165;-0.15458623;0.55470186;[ 0.17357942 -0.2313471   0.42905536]
0.40915763;-0.24856709;0.13240917;[ 0.12000588 -0.23855259  0.22145768]
0.27137634;-0.72254497;-0.48399377;[ 0.10979539 -0.7472189  -0.11972731]
-0.6673909;0.50341064;0.39434922;[-0.4938569   0.38862956  0.49007425]
-0.82741624;1.3917776;0.6476881;[-0.84938204  1.1983484   0.7353614 ]
-0.8370921;0.91730505;-0.2821761;[-0.7525704   0.7326859  -0.05106313]
-1.1905078;1.4931868;1.7854556;[-0.87679636  1.3086793   1.2037401 ]
-0.64947957;1.0212477;1.287079;[-0.738599    0.86953455  1.0594529 ]
-0.80350786;0.547274;1.0213526;[-0.88320315  0.45799923  0.89793664]
-0.39655137;0.11709051;1.1105536;[-0.3589189   0.06535561  0.87759006]
-0.3337013;-0.490524;-0.05813055;[-0.31204093 -0.46021223  0.20654027]
1.0386624;0.16864742;0.09015058;[ 1.0849828   0.05143825 -0.03292039]
0.48067546;-0.30502856;0.37907854;[ 0.00068676 -0.27885252  0.23262013]
0.24672186;-1.1639371;0.16380812;[ 0.083211   -1.1380708  -0.00481357]
-0.48472846;0.519592;0.8612972;[-0.40235746  0.37450713  0.7035698 ]
-0.513045;0.47692925;0.40261826;[-0.41260928  0.3393916   0.36327922]
-0.6554084;0.44391704;0.0016340502;[-0.48794127  0.2863369   0.13370115]
-0.8402837;1.3333498;0.2207905;[-0.83186865  1.0975353   0.31269428]
-0.62152374;0.4503417;-0.049946833;[-0.6521418   0.31424522  0.18867593]
-0.830429;0.9131918;0.27558726;[-0.7457432   0.7391939  -0.05714505]
-0.53719693;-0.016443714;0.6227679;[-0.6308103  -0.04574599  0.5801732 ]
-0.71513844;0.54656714;1.170671;[-0.85116744  0.47868752  0.85396844]
-0.4599756;0.0032449737;0.16678381;[-0.2734813  -0.10213538 -0.1373007 ]
-0.6890906;0.5288644;-0.022389073;[-0.5720192   0.36287427  0.21983315]
-0.6365207;0.064304255;0.56200063;[-0.76809245 -0.04423919  0.70523924]
-0.5749046;0.035955567;0.05395814;[-0.39627475 -0.10335486 -0.06835724]
-0.68678004;1.0576383;1.0191904;[-0.71126795  0.8528102   0.6788063 ]
-0.52568144;0.10317757;0.7443202;[-0.44814134  0.01915858  0.43967733]
-0.557661;0.50952333;0.4442476;[-0.41449893  0.37601048  0.45373893]
-0.52922624;-0.87455475;-0.32969874;[-0.43061602 -0.77483577 -0.28245473]
-0.9486647;0.90982705;0.41379997;[-0.87457263  0.76938903  0.10132094]
-0.6481822;0.4822169;0.22065796;[-0.6685481   0.40597415  0.60357887]
-0.5803354;0.47249544;0.54849416;[-0.60308754  0.36697763  0.475629  ]
-0.70205885;0.076715335;0.5309368;[-0.8005488   0.03604482  0.5472797 ]
-0.74185634;0.53570193;0.36926585;[-0.85597265  0.48365307  0.60432535]
-0.44696623;-0.4538263;-0.067827344;[-0.44635177 -0.42132688  0.29177538]
-0.30635136;-0.4106599;0.70458627;[-0.29383928 -0.39592594  0.5268342 ]
-0.63761955;-0.039506406;0.0856847;[-0.5880177  -0.0449429   0.09843436]
-0.63689446;0.027973;0.3860855;[-0.7571031  -0.07996617  0.40421352]
-0.46963888;-0.026457831;0.07611856;[-0.37107563 -0.11664805  0.08221349]
-1.659474;1.3410888;-0.06230798;[-1.5816311   1.1725475  -0.05328141]
-0.762344;0.86567193;0.835148;[-0.75651515  0.7326481   0.8158876 ]
-0.745048;0.34640092;0.36682048;[-0.7257667   0.31870466  0.44857028]
-0.84306544;-0.06825872;0.66326785;[-0.8609892   0.01387668  0.7655435 ]
-0.6238176;-0.104451224;0.3907196;[-0.42926455 -0.10876904  0.3878369 ]
-0.60078686;-0.0909311;0.6276759;[-0.4448173  -0.06978294  0.5258414 ]
-0.5371303;-0.11795238;0.5491564;[-0.37140793 -0.14674439  0.27506575]
-0.4640417;-0.58844906;0.84395826;[-0.57792497 -0.4213056   0.46304232]
-1.6599013;1.3384548;0.678828;[-1.579465    1.1711645  -0.04063319]
-0.7166329;0.8419668;0.7281914;[-0.68758845  0.6695762   0.6506253 ]
-0.70396656;0.883403;0.72640586;[-0.7053007  0.6338279  0.7850793]
-0.5488985;-0.09646067;0.571209;[-0.38616776 -0.14943849  0.53642434]
-1.6412476;1.5254124;0.8522258;[-1.5334331   1.3515047   0.65575063]
-0.8059705;1.0442168;0.78470206;[-0.91755307  0.8579128   0.64709216]
-0.717843;0.5545386;0.749281;[-0.763019    0.48975694  0.57259244]
-0.97573215;0.60973233;0.95232224;[-1.0003225   0.60316265  0.69392866]
-0.6164289;-0.4605037;0.6014247;[-0.76723564 -0.40044594  0.23805304]
-0.8623932;0.5617308;0.6736613;[-0.78605413  0.4842763   0.40508   ]
-0.62719256;-0.50707674;-0.19285715;[-0.4981212  -0.48220575 -0.06957729]
-0.77432585;0.8997609;0.14532451;[-0.7365174   0.6906193   0.29119515]
-0.9340258;0.4803695;0.98507106;[-0.9637326   0.39414525  0.6678687 ]
-0.71369535;0.44724798;0.6046231;[-0.5595284   0.3653198   0.42233607]
-0.707693;-0.45953035;0.7559531;[-0.7364517  -0.43095553  0.3491763 ]
-0.85730845;0.9263748;0.14650375;[-0.83777165  0.7763864  -0.03140643]
-0.48548925;0.50731915;0.9737632;[-0.4094453   0.39785928  0.7274613 ]
-1.6616615;1.8135532;0.29637447;[-1.560945    1.634215   -0.01864479]
-0.94516665;0.93863994;0.2910977;[-0.87782943  0.76541     0.16936876]
-0.63894457;1.3948036;1.1553483;[-0.71475995  1.1642083   0.9275895 ]
-1.0733901;0.99044687;0.5691674;[-0.96672165  0.8702255   0.33199188]
-0.37125236;-0.43025398;0.92191553;[-0.39503443 -0.4047227   0.6689965 ]
-0.48932344;0.5011639;0.5415317;[-0.39252245  0.387443    0.41225186]
-0.95699877;0.93313825;0.5011353;[-0.9020673   0.7626004   0.23199539]
-0.68418473;1.386125;0.7531232;[-0.7413704  1.1675276  0.6607879]
-0.64457405;0.034384046;0.799575;[-0.7860564  -0.02634618  0.76928484]
-1.0552915;0.9797121;0.750044;[-0.9791752   0.8683084   0.35754392]
-0.713774;0.09113022;0.8546247;[-0.84829855  0.0744568   0.6226819 ]
-0.61595315;-0.86159354;1.0741975;[-0.84863377 -0.81333935  0.7176097 ]
-0.44688648;-0.88847286;0.5268706;[-0.59425163 -0.835765    0.60233134]
-0.72148436;1.3460172;0.5417886;[-0.7731267   1.112548    0.66411656]
-0.6076965;-0.103411004;0.2842458;[-0.68189496 -0.18797837  0.14017655]
-0.53939867;-0.052850544;0.37232694;[-0.45023102 -0.15932904  0.1937216 ]
-0.4523251;-1.019264;0.08911511;[-0.47892684 -1.0176941   0.02124917]
-0.5621098;-0.04051344;0.44786972;[-0.53726053 -0.15439454  0.2422293 ]
-0.5586876;-1.0012213;0.38393235;[-0.6044578  -1.0068244  -0.03538882]
-0.7864894;0.8694938;0.41154847;[-0.7063537   0.64304477  0.3488358 ]
-0.8524186;0.8718837;-0.5178591;[-0.83486545  0.72342575 -0.45521432]
-0.6096137;0.45188808;0.7310133;[-0.4571967  0.3827718  0.5849027]
-0.50515026;-0.05836439;0.03936416;[-0.39480895 -0.13688959  0.07697134]
-0.39478934;-0.48133028;0.43370676;[-0.29833388 -0.41338378  0.19637161]
-1.6759082;1.8172137;0.003312897;[-1.6044983   1.6048237  -0.53120244]
-0.7404848;0.9032883;0.54180676;[-0.6910131   0.6704873   0.26295575]
-0.63972753;0.03636781;0.9287627;[-0.7783359  -0.06227319  0.4611906 ]
-0.48455375;0.46694118;0.52784306;[-0.4246239   0.30775616  0.45017502]
-0.47638512;0.50489295;1.0188029;[-0.43364286  0.36729062  0.79542303]
0.6772502;-0.12732135;1.0354769;[ 0.24418637 -0.15647468  0.52231175]
-0.8070356;0.8815976;1.3694592;[-0.76023203  0.7173207   0.8605347 ]
-0.5795571;0.4471014;1.0748839;[-0.5204416   0.28383368  0.65587157]
-0.09036653;-0.245364;-0.062119376;[-0.1845194  -0.3443207  -0.16832596]
-0.5701211;-0.40089846;-0.03848039;[-0.5681319  -0.43060142 -0.19240865]
-0.5944825;0.65696794;0.81048065;[-0.5436734   0.53455836  0.5555317 ]
-0.6579903;0.17755604;0.60861343;[-0.70747274  0.1888227   0.4426256 ]
-0.6915097;1.0015787;0.29439637;[-0.67330927  0.859697    0.11204199]
-0.57796985;0.13911787;-0.33435267;[-0.5817567   0.04094752 -0.30465296]
-0.4837275;0.123236805;0.20911357;[-0.43820125  0.16249591  0.0221102 ]
-0.8390674;1.0109411;0.40945736;[-0.81426823  0.8949722   0.10459022]
-0.44722158;0.07548443;0.09922373;[-0.36519796  0.09445058 -0.05596562]
-0.63768405;0.31241328;-0.22332764;[-0.571759    0.30613834 -0.07111324]
-1.7046082;2.209819;-1.1764538;[-1.665511   2.025569  -1.3106278]
-0.7949126;1.2992148;0.27883065;[-0.8030554   1.1068321   0.15117131]
-0.76685715;0.34504026;-0.3293894;[-0.5802736   0.36044496 -0.34271333]
-0.6739117;0.339647;-0.45483184;[-0.6648481   0.22271337 -0.35391584]
-0.5056146;0.3073699;-0.41392577;[-0.49663794  0.16630277 -0.29592803]
-0.7278914;0.43646652;-0.15139179;[-0.6850956   0.29081202 -0.0457271 ]
-0.58378536;0.37943274;0.03955203;[-5.439095e-01  2.267410e-01  4.908368e-04]
-0.400903;-0.6334556;-0.5017854;[-0.31752574 -0.65160143 -0.4713318 ]
-0.282192;-0.43943036;0.4720869;[-0.36172187 -0.40278375  0.21898101]
-0.8461749;1.332913;-0.027856272;[-0.8315599   1.1513569  -0.21970293]
-0.4594068;0.45955306;0.494454;[-0.45281655  0.33435142  0.26899716]
-0.46620488;0.45238197;0.44324738;[-0.40178758  0.3501053   0.25697497]
-0.5599361;0.49105948;0.16667396;[-0.44232863  0.3534084  -0.01146891]
-1.6685482;2.2465162;0.061381046;[-1.5950859   2.0291474  -0.32920307]
-0.63393176;0.516651;0.31754002;[-0.56739134  0.34375632  0.15496072]
-0.66554874;1.3175255;0.59186935;[-0.7492322   1.1395127   0.37460724]
-0.46617538;0.4733861;0.5933614;[-0.5087959   0.3726312   0.37253952]
-0.48619968;0.46951443;0.6748699;[-0.58825064  0.38895458  0.47720477]
-0.60239583;0.9670728;0.9594232;[-0.513664    0.79429674  0.725751  ]
-0.17220007;-0.79406744;0.8547663;[-0.14678581 -0.7658471   0.3954507 ]
-0.45917302;0.4043182;0.050890338;[-0.35520524  0.3068298  -0.01977952]
-0.67961967;1.2872018;0.20272473;[-0.6660652   1.1136953   0.07498191]
-0.7120264;0.476955;0.26882732;[-0.75488603  0.37345922  0.37992588]
0.5854689;0.64863557;-0.13811469;[ 0.36785156  0.5355156  -0.16643417]
0.27616626;0.36175382;0.78866637;[0.18686916 0.28122258 0.36459234]
-0.81422096;1.2309756;0.5774787;[-0.8450397   1.0798796   0.44294617]
-0.4964332;0.37947434;0.5789711;[-0.5455535   0.29708046  0.34796986]
0.36049467;-0.26433438;-0.2791549;[ 0.20536973 -0.3005625  -0.38021553]
-0.12553357;0.111801535;-0.05041259;[-0.00908016 -0.03091888 -0.03060648]
0.73793805;0.59572834;0.0150642395;[0.6826734  0.40799427 0.02943309]
0.8877689;0.08501199;-1.2232336;[ 1.0383217  -0.02433869 -1.0305768 ]
0.07924739;0.27241254;0.056817025;[ 0.11121832  0.1851708  -0.07730648]
0.35293633;-0.18234117;-1.0241508;[-0.00416885 -0.27458262 -1.0710454 ]
1.0449601;-0.31865656;0.08435718;[ 0.79272   -0.3444907 -0.3615916]
0.20878233;0.15623368;0.12301934;[0.07736242 0.0828285  0.08746254]
0.12178446;-0.23340975;0.48250166;[ 0.06585482 -0.26618385  0.24057637]
0.332476;-0.7122665;0.02557801;[-0.01623531 -0.6839795  -0.29157877]
0.05186632;-0.18206237;-0.9432936;[-0.03680064 -0.26304382 -0.7975328 ]
0.6133267;-0.31475723;-0.14726272;[ 0.65476274 -0.31291515 -0.18473667]
-0.019466028;-0.5502967;-0.07936035;[ 0.08194406 -0.5462554  -0.2802124 ]
0.48161793;-0.5779023;-0.120516926;[ 0.29228044 -0.5320141  -0.37631384]
-0.35592735;0.022411346;0.46719453;[-0.43735206  0.0152033   0.2936752 ]
-0.55164903;-0.4418592;-0.6248785;[-0.3929118 -0.3641324 -0.6126755]
-1.6874089;2.235978;-1.0807513;[-1.6332608   1.989214   -0.98698574]
-0.824756;1.332164;-0.3155068;[-0.7621027   1.1580379  -0.40176982]
-0.4346195;0.41361332;0.026770664;[-0.36409402  0.26535705 -0.01208509]
-1.1111302;1.3867846;0.0050198883;[-0.99527514  1.1893426  -0.09053808]
-0.27392524;-0.48704594;-0.11581057;[-0.29053402 -0.43066913 -0.07769775]
-0.67923397;0.8663368;-0.3294203;[-0.5921716   0.693471   -0.13714723]
-0.21631612;0.40527624;0.4704871;[-0.28541684  0.32864195  0.26369345]
-0.55841655;-0.06718446;-0.005549539;[-0.5033269  -0.05478851  0.00938738]
-0.27526504;0.43170244;0.5332375;[-0.38792193  0.34785628  0.41700986]
-0.6580891;-0.0533878;0.14260457;[-0.5886904  -0.02563034  0.12498544]
-0.98920566;0.44271648;0.54986376;[-0.8922287   0.33312094  0.39942196]
-0.6446538;-0.0010544211;0.05179382;[-0.63303506  0.00064891  0.08110069]
-0.25047845;0.4478621;0.6852046;[-0.15423535  0.27840155  0.26581594]
-0.44155645;-0.06314729;-0.29264054;[-0.33898604 -0.05773816 -0.12396845]
-0.4621864;-0.057864383;-0.04240183;[-0.3231188  -0.10257897 -0.07364395]
-0.10850513;-0.49352127;0.28401646;[-0.0018827  -0.46664083  0.1362352 ]
-0.44085354;-0.98011607;-0.20353353;[-0.34235656 -0.8802407  -0.15760912]
-0.5482549;0.46686834;0.062147133;[-0.3880403   0.330141   -0.02573433]
-0.3679567;-0.45680517;0.46519345;[-0.42628115 -0.42194724  0.29176655]
-0.31926143;-0.4825874;0.3452875;[-0.34559733 -0.44165236  0.19344302]
-1.6656429;2.1992962;-0.09572449;[-1.5894955  1.9985574 -0.3767301]
-0.66058105;1.2738721;0.4992069;[-0.72425765  1.053914    0.25998017]
-0.73292226;1.2951624;0.648657;[-0.87923884  1.1277014   0.51176125]
-0.5778597;0.46660697;0.66350096;[-0.66507804  0.36761785  0.54041636]
-1.0825115;1.3580625;0.61403;[-1.0598983   1.215175    0.35941863]
1.1956114;0.65085185;-0.7180127;[ 0.94228023  0.5062984  -0.7220871 ]
1.3769121;0.69680434;0.07858814;[ 1.0880934   0.49841475 -0.12201466]
-0.6292558;0.84708947;0.34832293;[-0.6264983   0.729545    0.07380432]
0.9932589;0.19065723;-0.609919;[ 0.8097983   0.05384268 -0.7383931 ]
-0.65064734;-0.0076249763;0.27187198;[-0.68160915  0.02609022 -0.2774446 ]
1.0747218;0.21697393;-1.2769392;[ 1.0909542   0.15705581 -1.2564982 ]
1.0466877;-0.2446975;-0.82893085;[ 0.839666   -0.27566606 -0.87040156]
1.1643285;-0.19080137;7.964671e-05;[ 1.0004642  -0.26318693 -0.27323207]
1.1323669;-0.19190846;-0.06328301;[ 0.96406794 -0.20697565 -0.35309383]
-0.50735354;0.010011762;0.27703008;[-0.4625194  -0.02352487  0.05047486]
0.9572058;-0.64697087;-0.7056526;[ 0.8286506 -0.6195442 -0.7211157]
3.9227448;0.093190864;3.1791477;[2.4609993 0.3886131 1.9119054]
0.14888664;0.26146317;0.10005126;[0.09833606 0.19798896 0.05354919]
0.59421927;-0.16356684;-0.28690952;[ 0.71982074 -0.19585349 -0.37542313]
0.011898853;-0.6728983;-0.11281353;[ 0.15860972 -0.65836823 -0.12717922]
-0.7737064;0.9762899;0.20619455;[-0.7696062   0.9010645   0.10682718]
-1.6659337;1.8884935;0.3400674;[-1.5324609   1.7475206   0.29178476]
-0.6671228;0.9453327;0.06923034;[-0.61503035  0.83346057  0.00754651]
-0.616087;0.1185648;-0.23196593;[-0.58188     0.17542392 -0.22800143]
0.7795192;0.578593;-0.008434992;[0.6438473  0.38939786 0.01456782]
-0.026398286;0.67875504;-0.70084167;[-0.11533584  0.4927665  -0.7646012 ]
-0.23898138;0.62145287;0.50682235;[-0.23016031  0.4647739   0.35232943]
0.9363661;-0.29471004;-0.12121211;[ 0.94634044 -0.37276882 -0.5454762 ]
0.57732505;0.28961146;0.2409245;[0.3220454  0.20981318 0.06277809]
0.87174445;-0.21088164;0.21155837;[ 0.8290417  -0.23157473 -0.14570743]
0.6850159;-0.25563467;0.19071184;[ 0.4867251  -0.30370873 -0.0745878 ]
0.6462861;-0.3165627;-0.21177426;[ 0.6023048  -0.2950914  -0.18319556]
-0.07077499;-0.20331447;-0.792688;[-0.07360841 -0.3199666  -0.8028573 ]
0.6956325;-0.7655583;-1.37555;[ 0.7034816 -0.7820848 -1.1839916]
-0.12006201;-0.26849264;0.31155196;[-0.12791379 -0.277937    0.0807739 ]
-0.19766183;-0.7768219;-0.26974618;[-0.23750363 -0.85815513 -0.34351644]
0.7101317;-1.1474918;-0.40648958;[ 0.7929843 -1.1520759 -0.7755269]
0.5154473;-0.53726286;0.11221361;[ 0.44459236 -0.5737863  -0.10753155]
0.80668944;-1.1484765;-0.14636369;[ 0.71644616 -1.1086315  -0.42430046]
-0.4667303;0.39489144;0.003490705;[-0.36382633  0.25092888 -0.10569087]
-0.4983135;-0.017604157;0.48713416;[-0.36236835  0.02514229  0.07545957]
-0.61164826;-0.46235484;-0.6340406;[-0.41561413 -0.3392477  -0.59315604]
-0.7470136;1.292734;0.14023548;[-0.70631003  1.095637    0.02633455]
-0.76566726;1.3051227;0.2209712;[-0.79611707  1.1194934   0.20426902]
-0.5079767;0.4268033;0.1624801;[-0.47363394  0.28790522  0.15882125]
-0.5620505;0.03856065;1.1353567;[-0.50519305  0.00909779  0.5695702 ]
-0.7496507;0.46156383;-0.06836289;[-0.6991317   0.3716753  -0.16866483]
-0.6563492;0.45529228;-0.03982241;[-0.66047436  0.332191   -0.2132371 ]
-0.2946871;-0.52846795;-0.09542523;[-0.23859264 -0.48506886 -0.1347012 ]
-0.6717637;0.18417251;-0.07894589;[-0.5787851   0.2188858  -0.17343642]
-0.6061248;-0.43499362;-0.30714297;[-0.54453015 -0.5160148  -0.38825354]
-1.7005749;2.2081194;-1.0444957;[-1.6575197  2.0031927 -1.1389681]
-0.83054155;0.41173273;-0.086240634;[-0.83245647  0.24083959 -0.03690143]
-0.7150297;1.2546104;0.024679933;[-0.68136     1.0691366  -0.10685468]
-0.5276414;0.38570118;-0.3017426;[-0.5045639   0.25019217 -0.21711433]
-0.5563828;0.40182507;-0.18432684;[-0.5628509   0.2531609  -0.09714442]
-0.6551968;0.43514735;-0.2735749;[-0.6356478   0.33487213 -0.37324488]
-0.5331758;0.4104944;0.031795245;[-0.5340557   0.25941044  0.04277807]
-0.45967478;0.37176526;-0.10690206;[-0.39500552  0.23238309 -0.17928706]
-0.43484747;-0.5404424;-0.39190155;[-0.34999663 -0.5591134  -0.3537052 ]
-0.39437163;-0.51076806;-0.32074395;[-0.39101052 -0.5041245  -0.26929104]
-0.7804639;1.3631214;1.0237747;[-0.7217623  1.1517364  0.8437817]
-0.6929396;0.84865063;0.2797909;[-0.60807824  0.64339846  0.15992683]
-0.63106066;0.44492525;0.58017504;[-0.48269475  0.3708549   0.533439  ]
-0.5583023;0.4625541;0.8415275;[-0.401071   0.3530392  0.6195833]
-0.47027546;-0.069605514;0.12720792;[-0.33804864 -0.13614209  0.02692586]
-0.19972481;-0.48777097;0.259093;[-0.12399606 -0.49673498  0.26710156]
-1.6777321;1.8142552;0.13873869;[-1.6032437  1.5990328 -0.5403093]
-0.69664115;-0.009110972;0.7893956;[-0.52989703  0.00480483  0.10892405]
-0.74433094;0.55232835;1.3202136;[-0.9049579  0.4936211  1.0841789]
-0.84711134;0.8860081;0.028231177;[-0.8454777   0.73077834 -0.3355883 ]
-0.7425782;-0.4925233;0.18719356;[-0.68117046 -0.48418957  0.08661687]
-0.50976676;-0.908358;0.5849306;[-0.3517989  -0.79629636 -0.11454009]
-0.51736283;0.44194728;0.34861085;[-0.45377195  0.2654764   0.19019936]
-0.49394518;0.8980665;0.726617;[-0.51018476  0.72002816  0.48110148]
-1.6804382;2.2313497;-0.32397038;[-1.6216149   1.9893486  -0.80232775]
-0.57998896;0.4566533;0.6163895;[-0.67030513  0.3560406   0.44772005]
-0.4815389;0.4418708;-0.018615004;[-0.3719477   0.27962315 -0.21739508]
-0.48710006;-1.3138863;0.24740943;[-0.5505775  -1.411261   -0.13107571]
1.5067426;-0.20252423;-1.0085638;[ 0.87486184 -0.29278994 -0.93447715]
0.5326004;1.6337906;0.36552936;[0.29425603 1.3776195  0.22196253]
1.7892739;0.7118278;-0.73735315;[ 1.2406174   0.54420096 -0.64390785]
1.5452231;0.85823554;1.5128851;[1.6959774 0.7842538 1.2112424]
3.2043095;0.48331863;1.3921647;[2.6258237 0.3799734 0.9017391]
-0.48593104;0.88011634;0.36677194;[-0.2973932   0.7090391   0.01435141]
-0.5455047;0.88704157;0.61555135;[-0.48087937  0.7854019   0.27291426]
-0.7625751;1.7788492;0.8675455;[-0.8616463  1.6993192  0.5994894]
-0.29775196;0.92842454;0.7874669;[-0.2470258   0.7046081   0.39823616]
-0.57453567;0.9195375;1.0729423;[-0.5154527  0.7447955  0.7445064]
-0.7176731;1.3079418;0.5140743;[-0.6081188   1.1725584   0.25560272]
-0.46302563;0.91544926;0.41249526;[-0.307487    0.716962    0.11401029]
-0.9049302;1.8038882;0.76733875;[-0.8788452   1.5467378   0.41897127]
-0.56538296;0.94937646;1.0532038;[-0.53876114  0.75573367  0.83358485]
-0.3228218;0.9572275;0.7979708;[-0.25325996  0.7431623   0.43966368]
-1.6780263;2.265298;1.277642;[-1.4927608  2.104114   0.9690744]
0.49546075;0.71067595;0.14878452;[0.38852233 0.5877943  0.01740005]
0.55839825;1.3579284;0.15679291;[0.3578475  1.154545   0.01519566]
1.6546041;0.7367369;-0.7264294;[ 1.319099   0.5314658 -0.6262162]
1.5841118;1.0408988;1.51385;[1.2852397 0.8849179 1.4080067]
3.2350254;0.46256542;1.1538208;[2.6085134 0.2434206 0.6531742]
2.2067437;0.40437716;1.341469;[1.5131042  0.38108587 1.1360818 ]
-0.8984824;1.8017182;0.81727207;[-0.8646785  1.5849117  0.458353 ]
-0.4924518;0.93797404;0.5975009;[-0.47941816  0.7964648   0.2267945 ]
-0.57315546;0.94153947;0.48587686;[-0.39930034  0.7281637   0.0908359 ]
1.2788954;1.8296514;-0.5832323;[ 1.1696689  1.4629828 -0.5833025]
0.39641285;-0.09171598;-0.8512927;[ 0.39996225 -0.22856821 -0.879933  ]
0.71374637;1.8205603;0.069687486;[ 0.530059    1.5359148  -0.00419812]
2.100536;1.441715;1.7603362;[1.846568  1.2628878 1.3507925]
1.9947526;1.5695285;1.7507138;[1.9210736 1.395644  1.4782319]
1.7439733;0.6564843;1.3230703;[1.1152848 0.6924207 1.1041005]
-0.9038829;1.415841;0.8364103;[-0.84357345  1.1870322   0.5546323 ]
2.0937624;-0.25557393;0.2509658;[1.779157   0.06720035 0.5795423 ]
2.4851103;-0.8030005;0.054861143;[ 2.4783103  -0.766822    0.32747817]
0.5915901;0.67362756;-0.061533023;[ 0.34417558  0.52565515 -0.11261462]
0.7987478;0.63818353;-0.20849681;[ 0.7039686   0.5932914  -0.17127414]
1.1774049;0.7278283;0.38767558;[0.7826046  0.55869496 0.09740685]
1.0924535;0.1287688;-0.14642975;[ 0.6145882   0.17928526 -0.14803496]
1.5207361;0.7450349;0.033870064;[ 1.3042634   0.5248959  -0.19763935]
0.916458;-0.24362071;0.10293725;[ 0.48780626 -0.291762   -0.21614537]
1.2043854;-0.24732535;-0.3600152;[ 0.87233657 -0.3316151  -0.52061373]
-0.6103501;0.7684849;-0.6323023;[-0.51947284  0.54921156 -0.45459893]
-0.38730913;0.49357647;-0.5307377;[-0.5502248   0.28073713 -0.56621265]
-0.6591081;-0.11456521;-0.8266446;[-0.5534132  -0.36659014 -0.8171083 ]
-0.15605123;-0.48407894;-1.5736611;[-0.28058344 -0.8346855  -1.5601869 ]
-0.66490895;-0.4656368;-0.80325603;[-0.58593166 -0.6420538  -0.8918992 ]
0.7352789;0.40772033;-0.37562114;[ 0.32218307  0.23821868 -0.39317343]
1.4605869;0.23544854;1.0327413;[1.681271   0.34090167 0.91943246]
2.0276027;0.74784917;-0.9331215;[ 1.6260836  0.5345139 -0.7561405]
1.6028392;0.45853424;0.9644333;[1.3478409  0.49561745 0.9917818 ]
2.4761124;0.894079;1.1286316;[2.310319   0.73853564 1.2001195 ]
2.4983447;1.2914535;1.2029088;[2.02773   1.0852115 1.3397648]
0.6321152;0.73250407;0.21824671;[0.34254727 0.69199646 0.07327785]
1.8953832;0.7793508;-0.7024766;[ 1.708142    0.49998456 -0.69930214]
1.9695045;0.5406106;1.1555609;[1.6960753 0.5930149 1.3057054]
2.5145726;0.9907659;1.46423;[2.6723592 0.8069619 1.4989825]
3.562283;0.64174944;1.3932337;[3.4350104  0.38751137 1.1001995 ]
0.6209056;0.53532535;-0.21407011;[ 0.4989587   0.31874    -0.20826162]
0.63403255;0.707816;-0.012477834;[ 0.407826    0.57199925 -0.0359127 ]
1.5907526;-0.121288046;-1.0019;[ 1.2822034  -0.29886377 -0.9717012 ]
0.095091164;0.16306236;-0.42853153;[-0.15716015  0.0926018  -0.41963163]
-0.5140237;0.7848337;-0.030746464;[-0.3137334   0.60746765 -0.12606587]
-1.6591513;2.5215323;0.62112534;[-1.5015365  2.2978673  0.5396953]
-0.8419599;1.6358078;0.324939;[-0.77254486  1.4519408   0.22390331]
-0.60617024;1.0843304;-0.09876335;[-0.4948848  0.9249995 -0.2420709]
-0.38242418;-0.9938263;-1.3752438;[-0.21499945 -1.0936621  -1.0973467 ]
0.10781641;1.3477134;0.35283262;[-0.00646253  1.0727022   0.2662807 ]
0.24680649;0.43535233;-0.23742133;[ 0.17949897  0.3332312  -0.04687027]
0.89587814;0.16309234;1.0489092;[0.6355908  0.13433772 0.6878166 ]
0.42184746;1.2576195;1.6973661;[0.14543392 1.0905596  1.1730949 ]
-0.034451514;0.41263765;-0.110075176;[-0.20918076  0.20632261 -0.2649002 ]
-0.48990172;-0.120003656;-1.0840174;[-0.27060002 -0.25440538 -0.89750236]
0.66909283;-0.6651809;0.6514072;[ 0.52958965 -0.76465094  0.29628196]
-0.48223275;0.7770545;-0.003251288;[-0.30374664  0.5724728  -0.13178444]
-0.90294677;1.6546264;0.33276662;[-0.8696368   1.3972825   0.13413638]
-0.3750769;0.7586389;0.83499634;[-0.23189278  0.59841645  0.4159926 ]
-1.6784806;2.5342722;0.6393581;[-1.4951628  2.2593203  0.5251916]
-0.76189977;1.644674;0.196511;[-0.6883822   1.4132522   0.07842465]
-0.5761487;0.8321906;0.93887246;[-0.5750449   0.64004886  0.7003049 ]
-1.6696689;2.1314144;0.93756974;[-1.5003542  1.9172539  0.7865897]
-0.7012204;1.2070988;0.07406257;[-0.6078694   1.0363301   0.04451688]
-0.75017554;1.2372403;0.51830715;[-0.6188728  1.0522989  0.3708504]
-0.1849568;0.82590425;0.5261239;[-0.2162518   0.60372484  0.2578002 ]
-0.44899142;0.31401157;0.18264624;[-0.22752179  0.24923407  0.03431232]
1.2122308;-0.25926083;-1.1990896;[ 0.9839046 -0.3533284 -1.0691831]
0.5366513;1.5383528;0.24210751;[0.29285026 1.2464045  0.12167163]
1.0202501;1.0962673;-0.02263562;[0.84869695 0.83567786 0.0026902 ]
1.4026191;0.6547458;-0.97550523;[ 1.1096926   0.42631918 -0.83620644]
0.30782154;-0.333098;-0.37323752;[ 0.13433251 -0.3891716  -0.3805736 ]
-0.90053743;1.7215374;0.59821504;[-0.9064926  1.6103333  0.4491743]
-0.46820682;0.9082456;1.5370768;[-0.73783565  0.87505496  0.88565373]
-0.14276026;-0.06841436;-0.4482907;[-0.08433466 -0.19498174 -0.4264209 ]
-0.60398525;0.8381338;0.06872222;[-0.5225097   0.66295505  0.07779552]
-0.80422264;1.7056226;0.36488348;[-0.8740587  1.5163385  0.2752321]
-0.75805634;1.6665852;0.25267848;[-0.71554446  1.4309769   0.09298427]
-0.7196985;1.1635445;-0.001879815;[-0.6832495   1.0383205   0.04931861]
-0.2726016;-0.008718438;-0.30101958;[-0.21615003 -0.15734585 -0.2918308 ]
0.44163048;0.7167428;0.004272174;[ 0.25345495  0.4138717  -0.1065153 ]
1.3623512;0.9464722;0.14553118;[0.94624203 0.77603126 0.10774064]
-0.67722523;1.1707458;0.08407248;[-0.6510265   1.0986264  -0.13081053]
-0.67996246;0.5707692;-0.50063753;[-0.58228755  0.44444644 -0.6515916 ]
0.23880444;0.30734548;0.7439346;[-0.21561618  0.33948457  0.489099  ]
2.035926;0.3128658;-0.6706794;[ 0.77421886  0.18195188 -0.378848  ]
-0.5001436;0.24611782;-0.2580166;[-0.40346706  0.23313124 -0.38543102]
1.1046444;-0.379075;-0.9989598;[ 0.83368343 -0.3772223  -1.1829077 ]
-0.4095006;0.18871619;0.40721887;[-0.3499447   0.11730411 -0.11791019]
0.99429053;1.3337175;1.5653769;[0.7065603 1.1593002 1.2019172]
0.142058;0.50935376;0.007385429;[ 0.16418874  0.35486263 -0.17335792]
0.17954543;-0.36213577;-0.1558519;[ 0.07104945 -0.4681539  -0.34632805]
0.755586;0.44912982;1.4608766;[0.6978194  0.34031993 0.9908989 ]
-0.8888832;1.3213371;0.7001104;[-0.87431    1.0826148  0.4263951]
-0.53717774;0.35290104;0.25506297;[-0.4361511   0.19421324  0.2022111 ]
-0.7605955;1.2489415;0.57245964;[-0.7230922  1.0672369  0.4339923]
-0.85873425;1.2801875;0.6604856;[-0.7069886  1.1171125  0.477523 ]
0.12735368;-0.26138788;0.075228006;[-0.26894706 -0.30234486 -0.2963803 ]
-1.659302;2.1695867;0.9954821;[-1.5241243  1.9197723  0.7349108]
-0.83155096;1.7398156;0.74491405;[-0.64319956  1.4874841   0.6295425 ]
-0.714928;1.22833;0.24281469;[-0.5767796  1.0721527  0.0705114]
-0.87153095;1.2508804;0.75687903;[-0.74530756  1.0711458   0.4746637 ]
-0.52804786;0.6514242;0.45169806;[-0.5095008   0.47467637 -0.1310689 ]
-0.5523519;0.35283303;0.51755655;[-0.31407934  0.24724369  0.16185822]
-0.7440457;1.3623308;1.0290918;[-0.73406124  1.213374    0.5785555 ]
-0.47817034;0.6732311;0.3902817;[-0.4937461   0.46252698 -0.3460234 ]
0.43198568;0.41000986;1.6044503;[-0.10734494  0.4177246   0.7755241 ]
-0.89156157;1.3612885;0.72847164;[-0.89906275  1.1222924   0.39176443]
-0.43156093;0.4354062;-0.057463232;[-0.28491277  0.3373556  -0.15004128]
-0.45447665;0.31372333;1.0588486;[-0.25896126  0.19058616  0.19416054]
-0.27144516;0.20249836;0.92824674;[-0.18409656  0.14114238  0.2537546 ]
-1.6709136;2.0979187;0.9490985;[-1.5089991   1.859619    0.72043556]
-0.55793625;0.59307104;0.41580686;[-0.43757182  0.44429988 -0.14221579]
0.47224528;0.3492852;1.3627956;[-0.08175005  0.33906335  1.0382186 ]
0.14606398;-0.64406353;0.9710859;[-0.20571943 -0.5241041   0.27529344]
-0.48159856;0.27791995;0.5010869;[-0.2982726   0.22268075  0.21540065]
-0.046234563;-0.7385209;0.76835275;[ 0.00685848 -0.6803207   0.03172226]
0.044505782;-1.1273485;-0.07827854;[-0.24443229 -1.2157305  -0.44119462]
-0.84705746;1.2138805;0.9398022;[-0.86996794  1.0280619   0.77877957]
0.016413927;-0.29093015;0.7152699;[-0.5219949  -0.14260344  0.3796831 ]
-0.59516966;0.26189154;0.65692854;[-0.53928995  0.1891751   0.5450416 ]
-0.90494734;0.73713124;0.89226604;[-0.8877133   0.59977156  0.5663087 ]
-1.6628904;1.7028804;1.1084464;[-1.5120542   1.5035666   0.91317075]
-0.68419766;0.62411094;0.16702466;[-0.10320877  0.46714187 -0.00518774]
-0.9090733;1.2258564;0.5212748;[-0.8948847  1.0156457  0.2848077]
-0.89531034;1.2053595;0.55601335;[-0.776546   1.0617005  0.455908 ]
-1.6710976;2.139375;1.0140811;[-1.507467   1.9159678  0.7994995]
-0.7934695;1.2223898;0.7159463;[-0.71434283  1.0364298   0.49662015]
-0.50191087;0.27962947;0.14370455;[-0.43721473  0.20251292  0.09545536]
-0.47351444;0.301404;0.47943527;[-0.29705185  0.21029069  0.19211091]
-0.07566202;-0.10725123;0.5593221;[-0.09445597 -0.18419619  0.35018465]
-0.28916907;-0.61420316;-0.24743196;[-0.29807258 -0.6610791  -0.1882902 ]
-1.6573815;1.8044595;0.8167846;[-1.5029622  1.6781056  0.7230143]
-0.7070469;0.8918893;0.6015941;[-0.683625    0.7840556   0.40535173]
-0.90275794;0.8543951;0.5982841;[-0.8887695   0.7675029   0.35991117]
-0.4962253;0.32032776;-0.23558873;[-0.33242273  0.24512595 -0.1986815 ]
-0.9159314;1.2574173;0.68175244;[-0.88905466  1.0367876   0.3242629 ]
-0.8433959;1.7335355;0.68510294;[-0.64905477  1.4957467   0.6225917 ]
-0.70538324;1.214898;0.18031271;[-0.5632169   1.0605596   0.04433193]
-0.49578208;0.66200423;0.54030794;[-0.4683166   0.49410045 -0.0770811 ]
0.53649014;1.064969;0.38914102;[0.47594982 0.8052851  0.21536373]
0.74800354;0.6249205;0.3434139;[0.53654647 0.43086392 0.13164175]
0.54147404;0.043262802;-0.16573966;[ 0.22209227  0.03035503 -0.1516474 ]
0.842795;-0.3780592;-0.4837762;[ 0.83085173 -0.41488552 -0.4828697 ]
-0.89689165;1.2131156;0.72211957;[-0.87584937  1.0229621   0.38822404]
-0.3047756;0.7891058;0.49762163;[-0.22300617  0.5764679   0.280254  ]
-0.4503892;0.32127672;1.2743784;[-0.29936403  0.21133506  0.6633113 ]
-0.78651094;1.198387;0.59740746;[-0.7811135   1.0702665   0.42086694]
-0.7329175;1.2016062;0.21672818;[-0.62132275  1.0458968   0.09182228]
-0.3327405;0.8004801;0.39464903;[-0.24127771  0.61501676  0.28089035]
-0.513696;0.27231628;-0.19249824;[-0.3437056   0.25624344 -0.16166729]
0.02303528;-0.25406414;-0.08297823;[-0.15352274 -0.26191968 -0.20418409]
-0.8163479;1.2231698;0.95940125;[-0.90733635  1.0246782   0.8300466 ]
-0.4001072;-0.3133551;0.1598651;[-0.6539555  -0.18979968  0.19150774]
-0.90448684;0.75312155;0.89054805;[-0.8857702  0.5978795  0.5661755]
-0.48738045;-0.25341922;0.5020757;[-0.40810728 -0.27534932  0.29629353]
-0.6307681;-0.35476077;0.02331416;[-0.4522987  -0.3747003   0.10042241]
-0.7573994;1.2227175;0.4018159;[-0.7861537   1.035466    0.37277701]
-0.50970364;0.29232025;0.12997134;[-0.42604423  0.20429434  0.12826087]
-0.8915197;1.2451946;0.6095427;[-0.8844702  1.0468451  0.4042109]
-0.722953;1.1805222;0.3508857;[-0.6995801   0.9826659   0.25278714]
-0.61287296;0.6192351;0.1189351;[-0.39938664  0.44577736 -0.12284768]
-0.89720005;1.6291023;1.4946294;[-0.8770325  1.5573429  0.963476 ]
-0.83176154;1.7289051;1.2134082;[-0.9774567  1.6931309  0.7894581]
1.5012134;0.23996125;0.31972486;[1.5886153  0.23106186 0.22631074]
2.0175416;0.59101135;0.29621196;[1.3574224  0.75032866 0.5493784 ]
1.290043;-0.65404075;0.0022046976;[ 1.3134083  -0.56057566 -0.07306033]
1.5606731;-0.36055952;0.124099195;[ 1.1588769  -0.07646967  0.41401857]
0.19701882;0.42565763;0.08719113;[0.11456528 0.2927637  0.0127795 ]
0.3446439;1.0893089;1.7610339;[0.18985489 1.0611039  1.1020252 ]
0.4423806;1.1163529;1.4836568;[0.17576647 0.9569843  1.088981  ]
-0.15229775;-0.42722923;0.48702317;[-9.4324350e-05 -4.2535764e-01  4.5494172e-01]
-0.09082934;0.17620179;0.8082094;[-0.13348694  0.2729212   0.51068914]
0.32230604;1.0384519;-0.2425217;[ 0.06446771  0.91307664 -0.12297136]
0.6295043;0.9182357;0.25890264;[0.4209743  0.7486309  0.19718327]
1.0771455;0.43607396;-0.5090833;[ 0.7791379  0.3404765 -0.5695479]
1.4505848;0.27461636;0.9817847;[0.99378455 0.29983386 0.56259674]
-0.42081213;-0.10071777;-0.20245248;[-0.2769031  -0.18954821 -0.24819557]
0.039147228;0.2515855;0.45054194;[-0.17854019  0.1879975   0.40245375]
-0.16881289;-0.3607446;0.58973193;[-0.21781124 -0.33804727  0.33157432]
-0.15053608;-0.46761417;0.4696004;[-0.31814104 -0.48053837  0.14855723]
0.20842366;0.15956417;-0.46442974;[ 0.08655693  0.08134177 -0.39000002]
0.14131667;0.44792598;0.07466343;[0.12481654 0.33065403 0.0047704 ]
1.2478921;-0.6120289;0.766806;[ 0.8821344  -0.61216795  0.22643329]
0.05982178;-0.46167797;0.24585547;[-0.00487649 -0.5896086  -0.05316521]
-0.31365335;0.7372295;0.61925983;[-0.17737691  0.5942652   0.3839508 ]
-1.6788697;2.4562967;0.58110285;[-1.4926059  2.2670796  0.4788799]
-0.9149297;1.5773765;0.36175945;[-0.8040489   1.4269341   0.22964053]
-0.24452285;0.77168685;0.8872366;[-0.52436066  0.849897    0.6223332 ]
0.17757995;0.5607878;-0.2465818;[ 0.25018013  0.42241645 -0.21286635]
0.83795804;1.1451424;0.25744528;[0.5923562  0.9211625  0.23402955]
-0.4839431;0.7544857;0.038536105;[-0.30246848  0.60517025 -0.11701165]
-0.90056306;1.6322682;0.3707887;[-0.86390257  1.4432458   0.18680243]
-0.5177194;0.7537177;-0.19030932;[-0.3810876   0.60051477 -0.24030417]
-1.6818234;2.517703;0.67315173;[-1.4762992  2.3207917  0.5703781]
-0.51958734;0.7477572;-0.00814962;[-0.39140195  0.63406724 -0.14831498]
-0.2801121;-0.11194141;-0.35097307;[-0.1442857  -0.15822111 -0.38654342]
-0.5912535;0.80956703;0.10384001;[-0.4805789   0.6710106   0.02847282]
-0.14385368;0.22915116;-0.42089474;[-0.18187921  0.13348734 -0.29862198]
-1.6964837;2.5265157;0.63468343;[-1.4944422   2.2810647   0.49601308]
-0.33127415;1.3296587;0.6072252;[-0.55931985  1.0313495   0.3567184 ]
-0.094150916;0.44323504;0.32431716;[-0.38798583  0.18251649  0.03242786]
0.5055073;-0.031543143;-1.316417;[ 0.36536407 -0.23842044 -1.2795091 ]
1.1530902;0.20368604;0.77098763;[0.54006076 0.25945687 0.66648936]
1.1972412;-0.32639807;0.21817076;[ 0.65552235 -0.20932437  0.06003441]
0.829475;-0.40583718;-0.276717;[ 0.33733386 -0.32147825 -0.5905931 ]
-0.86027104;1.1511768;-0.08511889;[-0.75887126  0.9796052  -0.2553943 ]
0.9292745;0.48004812;-0.72800213;[ 0.6922608   0.40392292 -0.7771228 ]
-0.18013145;-0.025473073;-0.4381894;[-0.23202725 -0.15026376 -0.51766336]
0.12630653;0.49879944;-0.04313681;[ 0.12866226  0.32556772 -0.18269356]
-0.41745186;0.857326;0.58802813;[-0.29161358  0.62172043  0.24468033]
-0.48365492;0.35290825;-0.22183657;[-0.3585652   0.28038752 -0.18051986]
-0.8630497;1.7401168;0.7775978;[-0.6766093  1.5278159  0.6022868]
-0.6885183;1.2486275;0.19671747;[-0.58515656  1.0863477   0.05392403]
-0.43354267;0.4091711;0.97122884;[-0.43952107  0.3044356   0.7476451 ]
-1.6765088;2.121146;0.552529;[-1.4857737   1.9231855   0.49410698]
-0.6486086;1.2088708;0.14156081;[-0.59671605  1.0500759  -0.01745852]
-0.10088809;0.4144237;0.9879509;[-0.47551644  0.47577798  0.48738363]
-0.44555306;0.3366269;-0.21344295;[-0.329345    0.26638174 -0.27268088]
-0.253116;0.27480376;0.2631689;[-0.61276305  0.38133192  0.29019544]
-0.52877665;0.7953274;0.8789968;[-0.5602221  0.6190891  0.7398426]
-0.40442747;0.8054988;0.54155684;[-0.267479    0.58744067  0.25983793]
-0.50141746;0.28106844;-0.28106093;[-0.3743124   0.25918376 -0.16125174]
-1.6630583;2.0954347;0.96809435;[-1.543574    1.9579152   0.76734704]
-1.6890557;2.1178868;0.8365072;[-1.5128567  1.9412205  0.7237285]
-0.84249014;1.1833363;0.39416182;[-0.7486623  1.061014   0.3320887]
-0.7837344;1.1890758;0.18944855;[-0.6654551   1.0465413   0.01830035]
-0.9172185;1.1972328;0.39885104;[-0.8802885   1.0240511   0.15992235]
-1.6847606;2.107958;0.8252876;[-1.5078977  1.9336666  0.7016184]
-0.72174233;1.1891189;0.32572538;[-0.688114    1.0444751   0.27268824]
-0.4764353;0.27962324;0.016882818;[-0.35779685  0.2470534   0.02608778]
-0.6974856;0.93468755;0.011328708;[-0.7167355   0.82901776  0.00813228]
-0.29274648;0.06346665;-0.16182713;[-0.2745636  -0.02053747 -0.28041226]
-0.2675256;0.028885111;-0.28202522;[-0.345908   -0.02673413 -0.292004  ]
0.5703974;1.1211451;1.2689997;[0.31562132 0.99398315 1.0409011 ]
0.6593039;0.9500591;0.29939172;[0.45065847 0.78496975 0.25148925]
0.70370245;-0.15467457;1.1719357;[ 0.673629   -0.29416913  0.87606156]
0.27336773;0.18764448;-0.4740032;[ 0.15215491  0.08008295 -0.356314  ]
0.9640973;-0.37567347;-0.7653848;[ 0.71723527 -0.43827546 -0.76483446]
-0.10155864;-0.34966874;-0.46039802;[-0.04216506 -0.5686699  -0.27145734]
-1.6963717;2.5380816;0.6450721;[-1.5058978   2.2884011   0.49141088]
-0.480918;0.7793952;0.00517733;[-0.32647794  0.61516935 -0.10859568]
-0.90189654;1.5528927;0.1882668;[-0.8938538   1.4456247   0.16630046]
-0.5876562;0.7223155;0.23621102;[-0.48631257  0.65458965  0.12059273]
-0.47290725;0.8754496;0.49427456;[-0.38105607  0.72988224  0.24394016]
-0.43326467;0.36125553;-0.22839296;[-0.355865    0.33117545 -0.13019451]
0.040154926;1.5464875;0.2602977;[0.07242945 1.2965758  0.12717922]
0.012956545;0.66559494;0.10565649;[ 0.03125091  0.5123292  -0.06163281]
1.2660931;0.95866126;0.1515028;[0.9213473  0.7946996  0.12799503]
1.2117975;0.48751396;-0.8216616;[ 0.9865204  0.4142307 -0.9590476]
1.1511523;0.09549634;-0.13294318;[ 0.8195004   0.05635454 -0.08955392]
0.12459107;1.4261898;0.24018349;[0.05472822 1.1700464  0.1251009 ]
1.0078557;1.1767566;1.622529;[0.9201912 1.1204089 1.1480194]
0.2525108;0.54130566;0.14429958;[ 0.09904091  0.4458815  -0.02669387]
0.37725818;0.67302436;0.025895473;[ 0.3594821   0.49817783 -0.01653441]
-0.47425634;0.34527278;0.5678313;[-0.52669567  0.39349103  0.2602158 ]
0.17890412;-0.34082377;-0.16501851;[ 0.09252493 -0.45148498 -0.3278493 ]
0.37915647;-0.24306633;-0.30397928;[ 0.48806202 -0.31113333 -0.32507414]
-0.38916624;0.3658504;0.5416933;[-0.86507845  0.39784712  0.57785636]
-0.90183896;1.2420548;0.624062;[-0.878845    1.0696408   0.37461743]
-1.6801802;2.2899153;0.6210183;[-1.5080701  2.1107242  0.5296348]
2.0770595;1.2316154;1.4186084;[1.3485371 1.0325458 1.3983148]
-0.2435451;0.39441377;0.4763419;[0.00428911 0.2042586  0.29041454]
0.3248807;-0.23015033;0.364319;[ 0.6842864 -0.2765618 -0.2461406]
0.7521237;0.17226008;-0.23527455;[ 0.8827385   0.07014892 -0.11215459]
2.0082955;0.30272785;1.2563882;[1.2357751 0.2610143 1.1769127]
-0.6326527;0.81556547;0.076554045;[-0.50416875  0.71228176  0.06193614]
-0.7934696;1.643838;0.26500583;[-0.804839    1.4508346   0.05661537]
-0.9645639;1.7090235;0.38054597;[-0.94251096  1.6199218   0.40385556]
-0.8566367;1.7080785;0.358746;[-0.9451529  1.5278322  0.3357521]
-0.50825685;0.7673054;-0.12361947;[-0.41069764  0.6197761  -0.237502  ]
-1.6891742;2.5511515;1.2662196;[-1.3691362  2.4775844  0.9956917]
-0.8924884;1.650905;0.9969042;[-0.900787    1.5125605   0.63041294]
-0.94916064;1.7137555;0.4307466;[-1.0137678  1.5450076  0.4118494]
-0.6488678;0.8047708;-0.026225697;[-0.6976628   0.8004916   0.05263076]
-0.47064745;-0.02331549;-0.27866608;[-0.38792193 -0.02450161 -0.2196603 ]
0.42269796;-0.3041787;0.15021281;[ 0.25862074 -0.30548805 -0.07489509]
0.22104716;-0.7492519;-0.2915666;[ 0.06524378 -0.7238827  -0.3463067 ]
0.34730923;0.11687903;0.25878546;[0.11605339 0.07051303 0.20792334]
0.28887236;-0.70892227;0.4447836;[ 0.05458902 -0.68094975  0.18495838]
0.75542885;-0.24616726;0.016334858;[ 0.55586654 -0.33185476 -0.31731007]
0.27506807;-0.7594628;0.06549814;[ 0.17801946 -0.7250639  -0.01116693]
0.30171847;-0.1243857;-1.0631334;[ 0.2557028  -0.16320506 -0.94473475]
-0.31894177;-0.02217716;0.3382931;[0.06513993 0.03038988 0.08821079]
-0.07210456;-0.57542557;-0.23639369;[ 0.00199507 -0.52194303 -0.5351463 ]
-0.06799437;0.17595005;-0.89317596;[ 0.04492733  0.0979619  -0.75722235]
0.30656695;0.50618416;0.16481738;[0.17466578 0.3596154  0.03593827]
0.9638428;0.44251478;-1.2186222;[ 0.9231283   0.27493155 -1.0824093 ]
0.59844315;1.0487859;0.10655194;[0.559723   0.8630849  0.11736968]
-0.2552443;0.7268719;0.4608333;[0.03511214 0.6620074  0.43057454]
0.7878147;0.09771518;0.39039212;[ 0.8015015   0.01934915 -0.04864432]
0.75802284;-0.38753504;-0.8668622;[ 0.60459906 -0.4033829  -1.0438274 ]
0.048252344;0.14031774;-0.18546882;[ 0.01587234  0.01291817 -0.2400103 ]
0.4798898;0.69108456;0.2992729;[0.5847609  0.5097575  0.12113993]
0.5356687;-0.19595005;0.22453387;[ 0.87311214 -0.22559603  0.02667061]
0.41127998;0.38914442;0.39999235;[0.06969871 0.2962942  0.23013924]
-0.04514298;-0.095997676;-0.47767574;[-0.04596029 -0.17666216 -0.61314714]
0.07455332;-0.6898927;0.104734086;[-0.06499012 -0.67433983 -0.33604714]
0.74187523;-0.21987711;0.25734767;[ 0.50335276 -0.3049618  -0.10347958]
-0.12427361;-0.1546833;-0.4648924;[ 0.03797415 -0.21868612 -0.5450552 ]
0.12423771;-0.28674316;-0.20621437;[ 0.08230849 -0.32892352 -0.22728086]
-0.08284502;-0.72446364;-0.35538095;[ 0.03008278 -0.74780726 -0.4240928 ]
0.590686;-0.28637898;-0.058205467;[ 0.6616546 -0.2977438 -0.1723972]
0.14218572;1.2694436;0.3591336;[0.04157288 1.061452   0.311403  ]
-0.59652084;1.1327847;0.8387525;[-0.42052674  0.881284    0.28925037]
-0.41508138;0.5042548;0.17907459;[-0.12877525  0.44355202  0.06313969]
-0.3059948;0.046276122;0.5352233;[-0.11422642  0.16985911  0.36944535]
0.17088139;0.3797233;0.4523973;[-0.07102276  0.33801192  0.1898093 ]
0.6368392;0.16014507;1.1512631;[0.15369406 0.21254599 1.053386  ]
-0.4075833;0.18058817;-0.22562695;[-0.2390377   0.08108561 -0.20495965]
-0.36642462;-0.24342443;-0.27279526;[ 0.12392543 -0.2594543  -0.37565857]
-0.101686925;0.25066102;-0.07776618;[ 0.05242209  0.10881917 -0.18818095]
-0.1729526;-0.35489;-1.0008819;[ 0.22612038 -0.44906098 -1.003839  ]
0.021094874;-0.06316994;-0.5147288;[ 0.39241254 -0.13823359 -0.53237045]
-0.41376418;-0.5128051;0.3960653;[ 0.21378417 -0.53446066  0.2525842 ]
0.43927038;-0.42123818;0.3189843;[ 0.00098668 -0.41569328  0.18262495]
-0.29842842;-1.0805541;-0.42941478;[ 0.171179  -1.0957423 -0.5235902]
-0.23073478;-1.55879;-1.2906822;[ 0.1840572 -1.4640777 -1.236924 ]
-0.8079891;1.2414163;-0.15807296;[-0.70095587  1.1458434  -0.28266925]
1.0477425;0.5631785;-1.397968;[ 1.1217469   0.51095635 -1.3786628 ]
0.9497513;-0.2712376;-1.1445929;[ 0.93842524 -0.27551883 -1.0763    ]
1.1864845;1.456482;-1.677567;[ 1.0540935  1.2418948 -2.009835 ]
1.0497491;0.58279;-1.2693622;[ 0.9768157   0.42572385 -1.3153301 ]
0.9987616;1.0900944;-0.13158628;[ 0.82776994  0.9480461  -0.2511132 ]
1.1391708;0.5933854;-0.7161139;[ 0.8491809  0.3818667 -1.0122466]
2.0366573;0.31418186;-3.3511453;[ 1.6239012   0.19207798 -2.874476  ]
-0.97978383;1.279037;0.50542367;[-0.94454646  1.2239572   0.06142486]
1.1691908;0.61220646;0.20949842;[ 0.8091838   0.46834916 -0.14818199]
1.0436766;0.05025839;-0.6769278;[ 0.7434254  0.0445414 -1.0624346]
-1.6768522;2.5792267;-0.50624543;[-1.6095953  2.3382301 -0.7752186]
0.10484451;-0.11609998;0.42603552;[ 0.05568118 -0.1233613   0.292618  ]
0.39640218;-0.66401356;-0.2858913;[ 0.50910026 -0.66142166 -0.37678888]
-0.20433654;-1.2580172;-0.8278028;[-0.17224596 -1.2025628  -0.5651414 ]
0.6396063;0.20179038;0.0009960085;[ 0.6002975   0.12865007 -0.02975554]
-0.20035322;-0.3936205;-0.32189494;[-0.03475268 -0.4255919  -0.2920617 ]
0.25091332;0.48380834;0.1759376;[0.07090087 0.3532039  0.03871376]
-0.20937245;-0.3927958;-0.2810087;[-0.08348198 -0.40431696 -0.25077525]
-0.1448065;-0.69516927;0.5075297;[-0.01094986 -0.72476596  0.27201545]
-0.4755736;0.8088599;-0.39546838;[-0.31164825  0.63754326 -0.47959164]
-1.6955425;2.593119;-1.0339637;[-1.6134056  2.33406   -1.3241204]
-0.417117;0.80205864;-0.22028333;[-0.34092796  0.6536038  -0.30024537]
-1.2249401;1.741953;0.051045127;[-1.0099685   1.5305463  -0.24221607]
-0.2717579;-0.027718961;0.007801611;[-0.3215825  -0.07458316 -0.11905819]
0.09512909;-0.9916567;-0.2533907;[ 0.05117424 -0.9594959  -0.3719283 ]
0.93652356;0.5604177;-1.278805;[ 1.1117662  0.5169977 -1.3698795]
0.9957767;1.4445279;-1.4816468;[ 1.0192245  1.2278295 -1.9896418]
0.84340227;1.0383314;-0.7351861;[ 0.62432396  0.76947546 -0.7814002 ]
0.9859815;0.56165206;-1.2029142;[ 0.98499197  0.4395678  -1.3646762 ]
0.87639946;0.15186985;-0.6732064;[ 0.673682    0.07145774 -0.68501014]
-0.610715;0.40146858;0.04386861;[-0.5349538   0.35647798 -0.19863592]
0.94407064;0.19387701;-0.43830144;[ 0.7834532   0.13466206 -0.34201518]
0.8799871;0.71154743;0.3350761;[0.6333364  0.44159555 0.11065388]
0.891694;0.24910471;0.3256924;[0.63933694 0.1175954  0.1651818 ]
0.8286441;-0.5739959;0.13754162;[ 0.77208567 -0.5454968  -0.11005093]
0.88028675;0.11401361;-0.04296868;[ 0.6265515 -0.0111957 -0.3276485]
-0.51017267;-0.4597298;0.36880302;[-0.48816383 -0.4356131   0.02629049]
0.83010334;-0.67247754;-0.68884087;[ 0.66766214 -0.67846954 -0.6612749 ]
-0.3196115;-0.46217734;-0.11311005;[-0.23078318 -0.37554085 -0.22032776]
0.13899523;0.57053554;-0.14922899;[ 0.22263652  0.48294997 -0.14431135]
0.15701395;1.4597473;-0.051964913;[ 0.08164994  1.2522734  -0.14523908]
-0.18784447;-0.29558438;-0.20983529;[-0.01090869 -0.33551633 -0.377063  ]
0.080781564;0.60655487;0.06134385;[ 0.03603232  0.45685744 -0.02641792]
-0.23802976;-0.30090564;0.0069639757;[ 0.01691806 -0.3167042  -0.18937545]
-0.4997574;0.83941346;-0.3067763;[-0.30412066  0.6479388  -0.44271824]
-0.80029446;0.8578461;0.3807131;[-0.791003    0.69750655  0.16429375]
-0.95475847;1.7085885;-0.08312659;[-0.9363915  1.4876788 -0.3235383]
-0.8478028;1.7148354;-0.08749741;[-0.8335457   1.474188   -0.34272158]
-0.3946458;-0.054205872;0.044236824;[-0.2809533  -0.14943969 -0.19472797]
-0.3907649;0.4627838;0.6671102;[-0.12936811  0.34378147  0.4132754 ]
-0.89525825;1.3460451;0.648383;[-0.9423684   1.1836455   0.39817032]
-0.836826;1.3504072;0.004930377;[-0.8323587   1.1355433  -0.25517625]
-0.541768;-0.40763968;0.89836645;[-0.70161504 -0.40818685  0.3262004 ]
-0.35495764;-0.44346517;0.14963232;[-0.4184463  -0.42739528  0.03760945]
-0.49941748;0.4783706;-0.04817712;[-0.37734783  0.31188565 -0.19854994]
-1.119765;2.2901437;1.0246621;[-0.89903307  2.072771    0.8851041 ]
0.61683506;0.05982666;0.05727181;[ 0.5859804   0.06472365 -0.06833188]
0.46598053;0.20279126;-0.22449607;[ 0.39997774  0.12932627 -0.19740282]
0.44549227;-0.26125985;-0.22867936;[ 0.42826718 -0.27178627 -0.22760923]
0.35862994;0.5952166;0.032302074;[0.33925796 0.5040732  0.01166106]
0.5150489;0.089808136;0.21366659;[ 0.34151822  0.00550865 -0.0326182 ]
-0.66613966;1.3799106;0.77252406;[-0.5024283  1.1420699  0.5977943]
-0.67007524;1.3449365;0.84907246;[-0.65217495  1.1960257   0.55415   ]
-0.49949443;0.8467095;-0.36441514;[-0.2891218   0.6516764  -0.44413492]
-0.68406355;1.4086298;0.8249173;[-0.5362781  1.1767718  0.6448516]
-0.6540773;0.8681405;0.17304195;[-0.60431373  0.7025959  -0.00811113]
-0.28701252;-0.002643913;0.09075342;[-0.28208625 -0.02734042  0.00094185]
-0.87021023;1.2394449;-0.50560033;[-0.8317535  1.0891308 -0.6175087]
-0.51785403;0.39024442;-0.41656762;[-0.36186498  0.2807691  -0.3762122 ]
-0.6641543;0.82111746;0.7957454;[-0.58958876  0.70315635  0.602272  ]
-1.7022151;2.1396282;-0.7759387;[-1.6344613  1.9565461 -1.069868 ]
-1.1439476;1.7832471;0.7465316;[-0.8493141   1.5336311   0.61597174]
-1.2428135;1.8189291;0.9753428;[-0.9027077  1.6073862  0.8573354]
-0.8439042;1.2242113;-0.15965074;[-0.79011345  1.0969565  -0.3643894 ]
-0.49613738;0.06312962;0.47675085;[-0.27704787  0.03089502  0.2892423 ]
-1.2196892;1.2865585;0.26591098;[-0.99682045  1.1582614  -0.09906195]
-0.692594;0.43228298;0.16779283;[-0.5951186   0.32452422  0.10051475]
-0.40964156;-0.4953547;0.118888855;[-0.36551815 -0.40952516  0.07343559]
-0.26710808;-0.54111344;-0.26294672;[-0.16052721 -0.45007396 -0.23858078]
-0.82441205;1.1695164;-0.5209874;[-0.71167463  1.04678    -0.5921719 ]
-0.7117669;0.7887383;0.47452384;[-0.5993204   0.74553514  0.15567574]
1.028367;1.4190532;-1.8680172;[ 0.8609711  1.0997368 -2.1265666]
-0.981242;1.7591254;0.75651145;[-0.90349984  1.5750545   0.5516251 ]
1.0332803;1.1134198;0.07673014;[ 0.89410335  0.8408419  -0.00430316]
-0.79967034;1.1554855;-0.25516564;[-0.7323309  1.0581108 -0.3492997]
-0.9848166;1.7469043;0.8397968;[-1.0215299   1.5991944   0.47337368]
0.19151141;0.5911246;-0.20208704;[ 0.18292373  0.43912458 -0.2981222 ]
0.6452741;0.17785478;-0.008693438;[ 0.61748075  0.1297415  -0.12463297]
0.62963784;0.25768298;0.15090689;[ 0.43969643  0.07388359 -0.07269135]
1.0182022;-0.20543022;-0.588487;[ 0.8869585  -0.34702986 -0.9505802 ]
0.6299744;-0.6228284;0.123622656;[ 0.5215789  -0.6613279  -0.12025174]
0.9522894;-1.1191493;-0.93905056;[ 0.9644642 -1.1149834 -1.0185868]
-0.8499083;1.2969018;-0.0025053583;[-0.751784    1.1228441  -0.30319813]
-0.58239466;0.42239392;0.07854518;[-0.43397456  0.29081047 -0.00527058]
-0.26668167;0.88037425;0.4652049;[-0.2645595   0.6773317   0.27607358]
-0.7275124;0.9452278;1.8462851;[-0.7323023  0.8625988  1.1758212]
-0.66579;0.42798835;0.15750438;[-0.6552332   0.3067146   0.02376905]
-0.8732118;1.2366022;-0.5847175;[-0.8346467  1.0801677 -0.6451377]
-0.49415058;0.34420478;0.04983978;[-0.34549034  0.21704306 -0.00707665]
-1.7040666;2.136591;-0.8496622;[-1.6338819  1.9525594 -1.111473 ]
-0.8425914;1.2215431;-0.33321473;[-0.7586772   1.0805788  -0.46976066]
-0.4080506;-0.5246174;0.21741682;[-0.4365458  -0.4825042   0.09700723]
-0.38342112;-0.056652367;0.8547987;[-0.3314029  -0.04204147  0.38098565]
0.2919557;-0.5114711;-0.33972985;[ 0.28457516 -0.39465326 -0.43513802]
-0.8757325;1.3961214;0.016976926;[-0.8285444   1.2365302  -0.05576431]
-1.6701282;2.2935731;0.19111362;[-1.5103312   2.0808916   0.15877284]
-0.60445714;0.5935877;-0.19099589;[-0.5643743   0.47579116 -0.22792871]
-0.4626364;0.80934423;-0.41488224;[-0.30911362  0.67634207 -0.43263727]
-0.542219;0.8316445;-0.42683196;[-0.3651501   0.6512861  -0.41394594]
-0.54760987;0.81014794;-0.11511889;[-0.44389343  0.66907656 -0.1268659 ]
-0.7900037;1.7107273;0.04768357;[-8.5818017e-01  1.5232798e+00 -1.4275163e-03]
-0.47776902;0.83420086;-0.25071886;[-0.38483757  0.6804085  -0.27537677]
-0.3274039;-0.0045858473;-0.048921656;[-0.37546396 -0.05438604 -0.04173794]
-0.4272856;0.45101935;-0.6451802;[-0.3393141   0.324418   -0.48975316]
-0.43840408;0.45539474;-0.57929206;[-0.346668    0.33558774 -0.36059955]
-0.624008;1.0072391;0.9717028;[-0.5647727  0.832487   0.704964 ]
-0.46823;0.58902067;0.8687626;[-0.26336187  0.43530047  0.488313  ]
-0.5895885;0.49219024;-0.23080793;[-0.6091894  0.343687  -0.2723516]
-0.74461854;0.5449767;0.12859523;[-0.7005248   0.4109754  -0.08246534]
-0.63447636;0.5128392;-0.12711743;[-0.56731266  0.36847925 -0.09094519]
-0.3856104;0.06012541;0.10476658;[-0.3066733   0.01754548  0.06167567]
-0.4557404;0.47977555;-0.3344629;[-0.33812535  0.33429325 -0.37373325]
-0.20321156;0.046922885;-0.13706197;[-0.02297874 -0.01751152 -0.10490809]
-0.22491316;-0.45966738;-0.5891041;[-0.13115077 -0.4179799  -0.3686448 ]
-0.54995286;1.104887;0.68509495;[-0.3278324   0.89695454  0.75073445]
-0.31327814;1.0947396;0.5073906;[-0.3883692   0.92235434  0.73387414]
0.94497234;0.53117037;-1.7079539;[ 1.0482279   0.46004832 -1.6384176 ]
1.2910949;1.0294789;-0.26500922;[ 0.9811383   0.8067689  -0.24165653]
0.8154861;0.20420864;0.18212506;[0.70596695 0.23979662 0.12729418]
1.3989725;0.7069699;0.07873173;[ 0.87764245  0.55365235 -0.02291801]
1.2755991;0.17110363;-0.31832525;[ 0.8024004   0.07381609 -0.4478403 ]
1.10384;-0.28435075;-1.5491351;[ 0.79156035 -0.31449407 -1.4057491 ]
-0.612439;0.3530379;-0.10273473;[-0.5874248   0.2842542  -0.25257206]
1.0720758;-0.3259436;-0.85901344;[ 0.84160495 -0.29962766 -1.0783894 ]
0.94429225;-0.32959384;-1.2172201;[ 0.99833083 -0.34271932 -1.3127958 ]
0.18178707;0.5651395;-0.1546225;[ 0.22918805  0.42193878 -0.23141575]
0.7884211;0.24416505;-0.0514764;[ 0.7893454   0.23485827 -0.13716522]
0.1806383;-0.32477868;-0.23177588;[ 0.13241029 -0.38274664 -0.39162925]
0.21029203;0.5667318;-0.049134355;[ 0.23086226  0.4144799  -0.1577393 ]
0.8056342;0.23133703;0.007433854;[ 0.71955895  0.20225301 -0.17141561]
0.18403043;-0.29642308;-0.08913632;[ 0.20002809 -0.3284914  -0.20111524]
0.7309093;-0.5940343;-0.20786047;[ 0.734692   -0.5789945  -0.40258202]
0.6785692;0.08153493;-0.09487413;[ 0.62253207 -0.0025731  -0.14086136]
0.8987225;-0.43502992;-1.108096;[ 0.9195221  -0.42435092 -1.0691204 ]
-0.26061374;-0.3543501;-0.09295842;[-0.15468065 -0.4372636  -0.23919027]
0.27561206;1.0665351;-0.6379843;[ 0.17045802  0.815807   -0.65471035]
1.1662134;0.4845327;-1.0250307;[ 1.0914214   0.23746553 -0.9597602 ]
0.6666766;0.078845106;0.036928773;[ 0.5748579  -0.01204652 -0.1415826 ]
0.86619747;-0.42166322;-1.1686344;[ 0.81826234 -0.42114526 -1.0741519 ]
-0.2733698;1.1051548;1.1717509;[-0.167331    0.8758391   0.89600855]
-0.014053702;-0.14859919;0.22316816;[ 0.1700686  -0.1573068   0.18090856]
0.8186211;0.095336884;0.24423255;[ 0.44127026 -0.02065887 -0.09902163]
0.64420646;-1.195214;-0.77128935;[ 0.5134588 -1.2393085 -1.1196566]
0.5709261;-1.2720879;-1.2469413;[ 0.74113256 -1.2211906  -1.2013777 ]
-0.86520344;1.6891123;-0.82053643;[-0.86561275  1.4845678  -0.89914787]
-1.253491;1.7415568;-0.14441404;[-1.0332748   1.5378035  -0.31209752]
-0.66271245;0.8450127;-0.24566081;[-0.6100435   0.6875219  -0.34566107]
-0.7330219;0.9090697;-0.10405624;[-0.7775986   0.71493995 -0.1479068 ]
-0.2646159;0.012654893;-0.19577765;[-0.3343929  -0.07327114 -0.28962985]
0.67200035;0.22777922;-0.37560007;[ 0.7689238   0.19796608 -0.37948704]
0.18850204;-0.29523057;-0.123259544;[ 0.2531254  -0.24980076 -0.14438315]
0.18792811;0.5878388;-0.012101252;[ 0.1915078   0.44121695 -0.08310528]
0.8032147;1.1409105;-0.16665089;[ 0.8033113   0.9032386  -0.18491016]
0.042461134;1.1196085;0.49727267;[-0.01799189  0.96736133  0.28538415]
1.7632371;-0.029632807;-1.3832486;[ 1.3373855  -0.09484603 -1.3741915 ]
-0.069358304;0.6063016;0.12406337;[-0.04247762  0.5203337  -0.0554507 ]
1.0498704;-0.1072288;-0.7838004;[ 0.7294069  -0.11304574 -0.71602243]
1.7742769;0.10334459;-0.5319211;[ 1.1703823   0.04996073 -0.3179544 ]
0.98190147;-0.37705332;-1.0239093;[ 0.8550806 -0.3465382 -0.9641035]
0.08350882;0.051133145;-0.2813064;[ 0.14477341  0.05733149 -0.26185173]
0.35862678;0.3214395;-0.41240898;[ 0.20640206  0.28338504 -0.20350073]
0.19954672;-0.582194;-0.5071367;[ 0.21113895 -0.5610524  -0.34575897]
-0.25262368;-0.0070794076;-0.18928856;[-0.10350187 -0.08406372 -0.17448659]
-1.6896528;2.6081634;-0.56158847;[-1.6162957  2.3358808 -0.9770528]
-0.9450471;1.7114359;-0.10813716;[-0.88005924  1.4750961  -0.30317327]
-0.56518966;0.8540161;-0.1351874;[-0.37548393  0.65093136 -0.2022005 ]
-1.2098025;1.750428;0.3362813;[-1.0297729   1.5274824   0.01645631]
-0.6386277;1.3681921;0.9351572;[-0.5861256  1.1885767  0.5808983]
-0.4066072;0.014096625;0.14145833;[-0.34561652 -0.03529684  0.10142104]
0.9645061;1.0863894;-0.2749822;[ 0.81777126  0.8781395  -0.3080612 ]
1.1360914;1.4360704;-1.8203479;[ 0.99758595  1.1874148  -2.139407  ]
1.0267586;0.54609036;-1.4420159;[ 1.1204051   0.48014575 -1.4922663 ]
1.2132522;0.19998048;0.25240514;[0.92534757 0.15289035 0.01630549]
-0.604371;0.3467033;-0.027760584;[-0.4929821   0.30893165 -0.08535856]
-0.7494077;0.3726064;0.6265762;[-0.8887073   0.44435716  0.01297679]
0.19066752;-0.27984577;-0.09692964;[ 0.2270105  -0.28071588 -0.16551442]
0.18890703;-0.31303763;-0.21813387;[ 0.23488162 -0.32508057 -0.22860073]
-0.8688466;1.710899;-0.5253912;[-0.8385763   1.4775542  -0.69378036]
-0.6433447;0.86329347;0.09472598;[-0.5562395   0.6777055  -0.09644367]
-0.9195332;0.9274947;0.5550784;[-0.95239186  0.75202423  0.17372717]
-0.47356457;0.021983467;0.37499458;[-0.5135478  -0.0174678   0.12914781]
-0.16342612;0.0013955608;-0.34402144;[-0.04471211 -0.11776614 -0.38740402]
-0.055219293;0.8974332;-0.0491225;[-0.0420792   0.75603974 -0.08625326]
0.49932778;-0.07055895;-2.0839381;[ 0.49186403 -0.21571513 -2.1675348 ]
1.126442;-0.6903685;-2.37347;[ 0.9581406 -0.7162974 -2.3550992]
0.19727951;0.5804291;-0.18845594;[ 0.32690513  0.4408878  -0.26697835]
0.48536426;-0.1060445;0.088377744;[ 0.37384665 -0.14501278 -0.15093403]
0.5609618;-0.37927145;-0.50732803;[ 0.51829165 -0.37533838 -0.5708943 ]
1.0784221;-0.9544179;-0.648406;[ 0.927158  -1.0322204 -1.0502781]
-0.25857496;-0.00027690083;0.18985334;[-0.16339956  0.00267696 -0.23930989]
0.56600386;-0.5993501;-0.49479032;[ 0.44884136 -0.5941498  -0.86332446]
0.2624553;0.2707342;0.0050858483;[-0.07892208  0.195312   -0.14445578]
1.1037276;-1.4763147;-2.0358229;[ 0.87880427 -1.4870644  -2.1777136 ]
0.47687733;-0.6841811;-1.3041178;[ 0.28004226 -0.7043902  -1.1595111 ]
0.2839082;-0.046640098;-0.47362953;[ 0.3852929  -0.11602749 -0.46217275]
0.051907197;-0.6067004;-0.08949351;[-0.05039452 -0.6906792  -0.31579617]
0.09298786;-0.8457471;-0.870879;[-0.14452128 -0.9122154  -0.9778772 ]
-0.16132523;-0.90620506;-1.0510118;[-0.17152433 -0.9307195  -1.065381  ]
-0.59033257;0.47321022;-0.39978766;[-0.3855589   0.3275463  -0.27218708]
-1.6858093;2.2489815;-1.63059;[-1.6206024  2.0212314 -0.8861117]
-0.9694672;1.3350813;-0.44765103;[-0.8476167   1.1518539  -0.32495794]
-0.45064783;0.41544276;0.41168606;[-0.37730545  0.3459338   0.25724056]
-1.6871527;2.214391;0.050461978;[-1.6107465   2.004484   -0.41147852]
-0.95949453;1.3033339;0.19157931;[-9.2557716e-01  1.1394168e+00  4.6839565e-04]
-0.586038;-0.4051733;0.66884196;[-0.69866765 -0.38621557  0.538529  ]
-0.42028958;-0.4416687;0.27781764;[-0.37174523 -0.43921745  0.18341397]
0.3261537;0.10634113;0.17802323;[0.2983902  0.11640298 0.0851849 ]
0.80884296;-0.31760442;-0.14755258;[ 0.8050903  -0.35310316 -0.15537605]
0.27743417;0.69314873;-0.35742354;[ 0.02701633  0.5377194  -0.49863803]
0.8642896;0.58642954;0.01748905;[0.8596462  0.33981597 0.02633004]
0.3163725;-0.7354886;0.26700053;[ 0.11235526 -0.7248335   0.2784514 ]
1.050023;-0.7564555;-0.8499761;[ 0.87978274 -0.7201976  -0.8106819 ]
0.27902734;0.6320491;0.41756213;[0.11880301 0.5059848  0.5874558 ]
-0.052915648;0.61094314;0.2799358;[0.03475821 0.45547402 0.39742556]
0.12153721;-0.2975551;0.14379148;[ 0.01255344 -0.27430815  0.15382473]
0.385181;0.092784755;0.17421602;[0.02385998 0.06939672 0.16000305]
-0.46347493;0.37553042;-0.12077013;[-0.26407617  0.22921303 -0.23260973]
-0.6170381;0.86432946;1.025244;[-0.6435242   0.7471659   0.73557794]
-0.33419096;-0.022523366;0.6109681;[-0.3897214   0.02051138  0.5310745 ]
-0.41517133;0.060523733;0.9094677;[-0.48228925  0.02747332  0.9189731 ]
-0.044657037;-0.55845135;-0.044024017;[-0.09389536 -0.4766972  -0.15106837]
0.23788568;0.062280737;0.17519557;[0.2544161  0.08100577 0.04141566]
-0.19519313;-0.3798504;-0.19493371;[-0.05796088 -0.38414174 -0.11492869]
0.6609579;0.6229442;0.3021686;[0.7149327  0.4112506  0.14034332]
0.041740816;0.28084564;-0.19724068;[-0.08739056  0.15474264 -0.03629087]
0.70862216;-0.30334532;0.08613734;[ 0.50111943 -0.32225633 -0.30477145]
0.003280595;-0.22452585;0.63372445;[-0.14967678 -0.1682578   0.5047873 ]
-0.5960822;0.82629377;0.5708573;[-0.4622348   0.67646205  0.4373027 ]
-0.45902312;0.3730592;-0.19027917;[-0.28163636  0.24852027 -0.3213003 ]
-1.6893437;2.1428235;-0.55225044;[-1.6050488  1.9281795 -0.8265863]
-0.58380026;0.8838462;0.8694601;[-0.48068696  0.7809073   0.71886295]
-1.2112186;1.2889115;0.114067346;[-0.94072163  1.1539158  -0.12561414]
-0.21138133;-0.5393447;0.22511578;[-0.26882082 -0.4328726   0.10866842]
-0.44738472;0.44728655;-0.06565489;[-0.24218617  0.3166396  -0.18738817]
-1.6860386;2.2166564;-0.086139545;[-1.6080935  1.9738882 -0.6861075]
-0.7713158;1.3337001;0.58441997;[-0.84649026  1.1064011   0.3734147 ]
-0.6787408;0.46403444;0.86587125;[-0.8582126   0.3944807   0.52988404]
0.29589978;0.9460073;0.3546009;[0.20948702 0.77027893 0.24124716]
-0.3262385;0.569141;0.50889254;[-0.22212829  0.39439213  0.37987766]
0.7770082;-0.2572477;0.09310791;[ 0.71698564 -0.30362135  0.0107262 ]
0.41356808;0.074966654;0.2779598;[0.09630401 0.05671661 0.21898265]
0.1817131;-0.7961967;0.095308855;[ 0.13023503 -0.71084523  0.10225171]
0.014707364;-0.7022973;-0.66978693;[ 0.05275814 -0.6755463  -0.56591934]
0.23333736;-1.2159462;-0.66140604;[ 0.4722244  -1.1855022  -0.73610646]
-0.43911982;-0.0899995;0.22343536;[-0.41895008 -0.10663907  0.20961289]
-0.86834073;1.2400403;-0.38007674;[-0.8041097  1.0731115 -0.4782227]
-0.67432433;0.80443865;0.41532728;[-0.5347009   0.66180545  0.4097289 ]
-1.6891502;2.1404858;-0.5101328;[-1.6057223  1.9300948 -0.8300017]
-0.42368054;-0.028515741;0.56461346;[-0.3232053  -0.02655701  0.45052436]
-1.2113763;1.2825946;0.28693825;[-0.94683266  1.1269201  -0.00760304]
-0.28299052;-0.54640764;0.2635249;[-0.27434164 -0.45566118  0.15058853]
-0.16902907;-0.5564869;-0.024221238;[-0.10603313 -0.49907237 -0.22339426]
-0.84966713;0.7579935;0.29246035;[-0.6928241   0.60830534  0.12369198]
-0.8467956;1.2267977;0.6898819;[-0.84842324  1.03644     0.7636958 ]
-0.8874136;0.7703079;-0.3791863;[-0.82869196  0.7052108  -0.51452106]
-0.7713808;0.41901308;0.72020864;[-0.6965793   0.34589273  0.6325322 ]
-0.8817315;0.7603715;-0.3070986;[-0.8205682   0.69771767 -0.43301234]
-0.5057036;-0.14865999;0.1160804;[-0.31822765 -0.11650948 -0.03072357]
-0.6196172;0.30633962;0.4143599;[-0.4951495   0.25994337  0.4019684 ]
-0.52639514;0.3501141;0.40869159;[-0.41057163  0.27696377  0.4539033 ]
-1.6849402;1.6824979;-0.049299914;[-1.5904936  1.533667  -0.4433824]
-0.81296974;1.2106749;0.5125754;[-0.80932224  1.0289553   0.6679577 ]
-0.7869263;1.2279965;0.6542693;[-0.7518555   1.0800604   0.66857606]
-0.8308622;0.755065;0.01835585;[-0.74568266  0.70345384 -0.14983533]
-0.76260954;0.40604883;0.47049803;[-0.8380493   0.39038503  0.684503  ]
0.52686036;0.026872657;-0.41730672;[0.24488664 0.01527812 0.136502  ]
0.4934212;-0.41428918;0.29686928;[ 0.20250706 -0.4110729   0.19618177]
-0.5112754;0.43095362;0.8115876;[-0.4296307   0.36094302  0.6480762 ]
-0.768163;0.83563;0.6740216;[-0.8008218  0.6821784  0.5023636]
-0.6204631;0.425933;0.97978324;[-0.59431493  0.3518511   0.8114949 ]
-1.2096882;0.9104601;0.35878897;[-0.89493334  0.8121542   0.0505752 ]
-0.75098187;-0.030551016;0.3091465;[-0.64191604 -0.02701579  0.25389233]
0.336053;0.46633816;0.40387046;[0.36008984 0.3756569  0.28740075]
1.0165203;0.022375893;0.11498313;[ 1.0873213  -0.04971731 -0.03313507]
0.46490234;-0.4173087;0.27265662;[ 0.19374779 -0.39380646  0.28923258]
-0.21685816;-0.87991756;-0.13504626;[-0.26509172 -0.85681605 -0.12845258]
-0.8821396;0.76606333;-0.13640049;[-0.80214906  0.6973659  -0.27989304]
-0.53763515;0.3148279;0.41905445;[-0.47924668  0.24771358  0.4938306 ]
-0.5692014;0.2995711;-0.057493534;[-0.53093153  0.23130791  0.21079732]
-0.5802905;0.4566524;1.396583;[-0.4507863   0.39694226  1.1136233 ]
-0.53291565;-0.58357066;-0.06638387;[-0.70445114 -0.50009173  0.22868274]
-0.7175574;0.3880568;0.56364405;[-0.79484427  0.38424224  0.67530674]
-0.58010215;-0.10772546;0.22155723;[-0.49199903 -0.02703232  0.09398365]
-0.36506456;-0.64198714;0.1850708;[-0.29102045 -0.48990506  0.2133029 ]
-0.4417584;-0.13427214;0.002078008;[-0.2486421  -0.16550449 -0.21956156]
-0.7411055;0.69188374;0.6592455;[-0.6812224   0.58318233  0.63239914]
-0.73756415;0.6923361;0.6566973;[-0.6679681  0.5867406  0.6309572]
-1.282678;0.34711093;1.448153;[-1.2147368   0.35913998  1.1776062 ]
-0.50566405;-0.27130228;0.5250422;[-0.3285144  -0.17575523  0.27891853]
-0.89441085;0.20578818;0.13916457;[-0.8060607   0.24169372 -0.12024127]
-0.49946946;-0.2609341;0.61534727;[-0.3576792  -0.1512421   0.47036162]
-1.6608177;1.3823756;0.78123355;[-1.5203732  1.2665004  0.5193269]
-0.7994558;0.91030747;0.7498519;[-0.8237308   0.78257954  0.61386997]
-1.1760644;0.4543829;0.7085965;[-0.9369422   0.56128377  0.5401642 ]
-0.59369737;-0.06322417;0.57453394;[-0.50123656 -0.05418275  0.3662762 ]
-0.609108;-0.058603004;0.47934943;[-0.5713626   0.02504501  0.3868656 ]
-0.79178476;0.9356052;0.9842273;[-0.83447456  0.8106265   0.7990715 ]
-0.5669784;-0.042902283;0.7820159;[-0.52874875  0.02613994  0.5624632 ]
-0.6601301;0.40692276;0.044747323;[-0.44762087  0.3044821   0.31274316]
-0.6079998;0.3697489;0.3958313;[-0.40702176  0.28143165  0.35242358]
-0.6993219;1.2757754;0.57684696;[-0.694673    1.0490906   0.57409745]
-0.7671533;0.82159144;0.54965216;[-0.7835834   0.673635    0.47730336]
-0.8576523;0.44767672;0.15411927;[-0.90634906  0.40726286  0.5297358 ]
-0.6833917;0.42470038;0.56673867;[-0.7541265  0.3797896  0.6392873]
-0.6031374;-0.07410364;-0.077631384;[-0.39085937 -0.12175515 -0.12580521]
-0.8890724;0.8632875;0.16650353;[-0.8215623   0.76464987 -0.16345134]
-0.5053584;-0.11102481;0.4021289;[-0.42693657 -0.14824174  0.2805551 ]
-1.6826254;1.777851;0.2694858;[-1.6030121   1.5786582  -0.27866456]
-0.6886715;0.47485095;0.58792704;[-0.7601409   0.40842634  0.68083465]
-0.5331077;-0.25443125;0.20948225;[-0.6005301  -0.20438029  0.04250284]
-0.75247616;0.39868182;0.57848513;[-0.7786547   0.33320808  0.68995404]
-0.5515912;0.33496046;0.41796538;[-0.37787664  0.24742992  0.4615291 ]
-0.54537517;-0.18539743;0.2736399;[-0.41126764 -0.19766928  0.12875246]
-0.63203925;0.39152026;0.12315117;[-0.5555047   0.3264436   0.48561975]
-0.66319156;0.96111107;1.2898271;[-0.77513266  0.7932451   0.9394199 ]
-0.8864947;0.45493406;1.0476966;[-0.93275595  0.41310447  0.75684005]
-0.593131;-0.06268728;-0.24906087;[-0.35439777 -0.12810649 -0.12462802]
-0.42246073;-0.5580625;-0.07129365;[-0.35498714 -0.483441    0.22983061]
-0.51321006;0.4459902;0.3780463;[-0.37753975  0.34025544  0.48502198]
-0.63423663;0.387958;0.36295855;[-0.4381721   0.3157313   0.41853088]
-0.66801643;0.37248522;0.22638297;[-0.62718403  0.30769366  0.53968096]
-1.2084279;0.89990014;0.07979184;[-0.9208939   0.7934775   0.07878315]
-0.7860705;-0.029183775;0.26118386;[-0.68402576  0.00343514  0.2694486 ]
-0.62228554;-0.07438463;-0.14662716;[-0.4256091  -0.11134979 -0.06539994]
-0.6479323;0.42739868;0.56352746;[-0.4710933   0.33691603  0.4559287 ]
-0.5057917;0.44063812;0.57775277;[-0.39244384  0.31598055  0.49591276]
-0.30896556;0.43053794;0.71622205;[-0.15786551  0.27128798  0.2923994 ]
-0.81352067;1.3147694;0.7730218;[-0.8106928  1.0989519  0.669439 ]
-0.9657715;0.82601243;0.2815344;[-0.877754    0.72792256 -0.06463596]
-0.66849345;0.47277623;0.9177159;[-0.5809277  0.3458808  0.7481244]
-0.88616514;0.8610286;0.116039604;[-0.82462883  0.75489897 -0.1460762 ]
-0.47892857;-0.12170446;-0.00053647533;[-0.30634755 -0.05520362  0.03068141]
-0.5586931;0.4290133;0.7601278;[-0.40079165  0.32055515  0.5128217 ]
-0.78275675;1.3475124;0.7897341;[-0.78702545  1.1040984   0.706783  ]
-0.4540596;0.40342373;0.93574274;[-0.4069394   0.31718844  0.50616825]
-0.6319651;-0.10111754;0.16547897;[-0.5008647  -0.09383884  0.14453854]
-0.8922919;0.47032505;0.8587016;[-0.67319226  0.3940752   0.5139689 ]
-0.81049055;-0.026479915;0.550291;[-0.72404754  0.01320698  0.33211482]
-0.4592136;0.45365834;1.0660998;[-0.5079862   0.39861363  0.7689082 ]
-0.32602394;-0.47380918;1.0665292;[-0.34599257 -0.48328424  0.8406144 ]
-0.60878533;-0.08307941;0.5704212;[-0.6243459  -0.06047939  0.41884965]
-0.5645872;-0.9659166;0.6730661;[-0.5573651  -0.840928    0.51466197]
-0.69874895;0.46004617;1.073099;[-0.8004472   0.40895313  0.7809655 ]
-1.603043;1.6937729;1.4669259;[-1.2407082  1.4867313  1.1881396]
-0.8043409;0.76809317;1.2272155;[-0.7261157  0.6620796  0.7785284]
-0.05269797;-0.36565286;-0.10125305;[-0.16390897 -0.37106687 -0.00624279]
-0.7324366;0.29822186;1.0303224;[-0.5349673   0.20122303  0.6792373 ]
-1.6986916;1.6772708;-0.37419266;[-1.6168044   1.5590526  -0.67156684]
-0.7637492;0.4483124;1.6597142;[-0.8966421   0.42426842  1.0038497 ]
-0.7265571;0.40997624;0.7187532;[-0.79320765  0.3427049   0.74310225]
-1.2220384;0.8199201;0.12930843;[-0.89743376  0.79707885 -0.07912469]
-0.67276245;-0.09769346;0.41982305;[-0.6813204  -0.09170678  0.35279557]
-0.8828661;0.7602238;-0.3076999;[-0.8234985   0.70186996 -0.43570054]
-0.6150854;0.29765022;0.34059194;[-0.4553147   0.2170208   0.38471115]
-0.764131;0.7637113;0.3462775;[-0.6890309   0.6130116   0.17014123]
-0.6633922;-0.09678604;0.33592296;[-0.6833657  -0.09059042  0.35506108]
0.77769923;-0.09691693;0.18419147;[0.46525776 0.00520079 0.02994245]
0.67387223;-0.12654729;0.12516022;[ 0.62458664  0.0337563  -0.04821614]
-0.6147006;0.52324295;0.818298;[-0.6335792  0.4626165  0.6089161]
-1.6644193;1.8437091;0.58167934;[-1.5226085   1.6800715   0.34731564]
-0.78241795;0.9520429;0.19055192;[-0.6475631   0.8520335  -0.02472338]
-0.42520106;0.05148877;0.030024048;[-0.20180432  0.08681741 -0.01757065]
-0.021503374;0.27722454;0.9083728;[-0.13572411  0.25035924  0.5905433 ]
-0.8696486;0.9194738;0.4972445;[-0.81036675  0.8188589   0.2031218 ]
-0.656625;0.60792637;1.4979079;[-0.54329795  0.49876094  1.0671175 ]
-0.48928148;0.013412312;0.30534974;[-0.25389367  0.0545799   0.09507059]
-0.45384574;-0.007769063;-0.11921042;[-0.35834336  0.0809381  -0.01301805]
-0.46333927;-0.45177883;-0.04807822;[-0.40240264 -0.3672815  -0.09727348]
-1.6621028;1.8828802;0.60583234;[-1.5400361  1.7554203  0.3864162]
-0.6482958;0.4902854;0.11305313;[-0.6603574   0.417302   -0.06025301]
-0.58774227;-0.41920453;0.5248358;[-0.72036755 -0.40249336 -0.01657034]
-0.22233306;-0.3236019;-0.23905194;[-0.10483684 -0.3769443  -0.09752347]
0.30785307;1.0102412;0.32100636;[0.15762843 0.819101   0.2700961 ]
-0.13064389;0.124149546;0.22973022;[-0.02914937  0.07787134  0.07878396]
0.6070737;-0.3489535;0.037660543;[ 0.5112647  -0.28366745 -0.1251508 ]
1.0589005;0.05792688;-1.1679621;[ 1.0484205  -0.07973909 -0.9926062 ]
0.7642884;-0.34733832;-0.40510565;[ 0.56061435 -0.38024175 -0.5116014 ]
-0.2668721;0.55053306;0.025340948;[-0.22677024  0.39271557  0.09682028]
0.6140386;-0.036154933;0.79121363;[ 0.17626718 -0.08024637  0.8481558 ]
0.36109644;0.13153878;0.29146215;[0.04238914 0.09836568 0.33780012]
0.5709753;-1.1468743;0.29236493;[ 0.41922802 -1.0725386   0.09025812]
0.25008613;-0.18119611;-0.18952289;[ 0.02047031 -0.20823364 -0.34066716]
1.0189165;-0.8010676;-0.75981045;[ 0.71783096 -0.73022175 -0.7947667 ]
-0.17254879;-0.59435195;-0.17663923;[-0.0627162  -0.6255598  -0.22926725]
0.50552934;-1.179917;-0.08441578;[ 0.5711808  -1.0877827  -0.16733427]
-0.18663336;-1.0661901;-0.5255291;[-0.10267703 -0.97391295 -0.515557  ]
-0.24904735;0.5124457;0.3784092;[-0.19895132  0.33436847  0.29995313]
1.072657;0.035546195;-1.0711455;[ 1.1204553  -0.0945401  -0.93949413]
1.0370383;0.06768571;0.22392866;[ 0.84484994  0.02835084 -0.01007577]
1.576281;-0.82666653;-1.896039;[ 1.5899314 -0.9250051 -1.6286198]
-0.32699734;0.5773938;0.50112116;[-0.18523099  0.43433148  0.51977223]
0.7619179;-0.34701198;0.25635707;[ 0.52372724 -0.4433542   0.0303139 ]
1.036776;-0.82238376;-0.5276288;[ 0.83907485 -0.80386555 -0.73731476]
1.4143268;-1.173117;-0.20796013;[ 1.1938541 -1.2065169 -0.6145975]
1.0505813;-1.0514873;-0.19546604;[ 0.61299413 -1.0156721  -0.4517437 ]
-0.18692727;-0.39846855;0.1516036;[-0.14584543 -0.4638846   0.0413158 ]
0.7659909;-0.37744784;0.018791895;[ 0.6624821  -0.406488   -0.08006182]
0.9294267;-0.8510166;-0.9769299;[ 0.9282649 -0.8527398 -0.9460713]
-0.19581042;0.9183289;-0.03777125;[-0.2348759   0.726031   -0.19135779]
-0.8977826;1.1889408;0.32231957;[-0.9409611   1.0926586   0.13285208]
1.1823131;0.081571124;-0.93738866;[ 0.9571407  -0.00996488 -1.016335  ]
-0.9812048;0.7972043;0.23538548;[-0.87295485  0.7882948   0.08639619]
1.5258695;-0.30674034;0.06790911;[ 0.89407    -0.34632462 -0.14005946]
1.2628008;-0.773533;-0.34516943;[ 0.9277757 -0.7246899 -0.7556059]
-0.742938;0.30165243;0.020836428;[-0.6310276  0.2919764 -0.0608777]
-0.87594265;1.2486966;-0.3994314;[-0.81343675  1.1074209  -0.47229087]
-0.6764193;0.82973856;0.361832;[-0.5385303   0.72505385  0.43423358]
-0.53061837;0.39492315;-0.21967405;[-0.29771906  0.2594459  -0.2655618 ]
-0.48108053;-0.09593816;0.07905683;[-0.40192527 -0.10485451  0.1720638 ]
-0.7894759;1.2438198;0.48027623;[-0.8206488   1.0630575   0.29428864]
-0.9900039;1.7592516;0.87674373;[-0.8981725   1.5463237   0.75366396]
-0.63598347;0.878728;0.7612657;[-0.6028645   0.73347425  0.6489901 ]
-1.205461;1.2911091;0.24909596;[-0.95852506  1.1535753  -0.01331049]
-0.6870562;0.42689472;0.22162877;[-0.60840315  0.3253777   0.2072184 ]
-0.68186116;0.3653615;0.7664356;[-0.8262297   0.36232847  0.44456694]
-1.6750525;2.0641534;0.89389384;[-1.5824411   1.8717245   0.66775924]
-0.76130944;0.5853849;0.39396346;[-0.840657    0.4220947  -0.06616476]
-0.6892213;0.24427544;1.0002035;[-0.71154153  0.2564987   0.69844097]
-0.6183135;0.29887158;1.3395514;[-0.8038138   0.10151204  0.7227647 ]
-1.1713254;1.2085501;0.8467789;[-1.0965587   1.1270517   0.66653126]
-0.5774186;-0.59660965;1.2378075;[-0.6273084  -0.61121345  0.70049644]
-0.40145123;-0.6651558;0.75477123;[-0.29257125 -0.6337379   0.6054731 ]
-0.8740288;1.3071042;-0.16758344;[-0.81984055  1.1284782  -0.34808087]
-0.6314357;0.8567127;0.43711478;[-0.493832    0.683697    0.39209643]
-0.49209315;0.39177376;0.30606747;[-0.38023984  0.29385215  0.18631844]
-0.6685998;0.39727587;0.53780353;[-0.6682404   0.31349546  0.38796744]
-0.5621269;0.8592232;0.57178074;[-0.5953671   0.70812243  0.3702279 ]
-0.5806276;0.91556376;0.81544423;[-0.52447724  0.75576055  0.6214419 ]
-0.35735846;-0.48799473;0.011849705;[-0.20866148 -0.4488498  -0.10470669]
-0.8787211;1.2554018;0.41427335;[-0.8509878   1.065222    0.21153696]
-0.6415177;0.83035487;0.7068745;[-0.5510906   0.65311325  0.51965064]
-0.7624075;0.35026354;0.25463232;[-0.85904825  0.2618429   0.0199994 ]
-0.696961;-0.47340912;0.36090147;[-0.9359194  -0.54035276 -0.07003288]
-0.41965717;0.37276536;-0.42770898;[-0.2764691   0.2451969  -0.54322314]
0.6869045;0.6422057;0.35493815;[0.7736237  0.45885843 0.16853113]
0.18662152;-0.32453746;0.67534983;[-0.03421842 -0.27687246  0.29969624]
-0.5841539;0.319556;0.055084057;[-0.4114666   0.19051631 -0.01278344]
-1.7085418;2.148265;-1.0454042;[-1.6462826  1.9751554 -1.2811629]
-0.60494775;0.3360247;0.13488615;[-0.4690715   0.20946798  0.02865411]
-1.2204412;1.2954286;-0.061397817;[-0.9658301   1.1646843  -0.28718284]
-0.7399214;0.36651218;0.2702258;[-0.71632665  0.2637943   0.1055413 ]
-0.4821052;0.34455013;-0.46849114;[-0.34738523  0.24669476 -0.51340204]
0.27391952;0.116301335;0.018085644;[ 0.14002174  0.00754074 -0.1028503 ]
-0.094301865;0.64580613;0.43199956;[-0.00376977  0.48242146  0.35525918]
-0.19064991;-0.34837914;-0.10320884;[-0.06207784 -0.4906596  -0.11227587]
-0.021310419;-0.3724085;-0.22024429;[ 0.0682486  -0.42992872 -0.18733056]
-0.6246452;0.81355685;0.36806458;[-0.44355226  0.605059    0.3490315 ]
-1.7050377;2.148544;-0.7004324;[-1.6325146  1.9517895 -0.9738379]
-1.2064207;1.2974972;0.054104257;[-0.93949354  1.1692013  -0.17745858]
-0.79254407;1.2473615;0.34438783;[-0.77251965  0.9911125   0.206465  ]
-0.6560148;-0.006291762;0.4726085;[-0.6261751  -0.01464776  0.33786944]
-0.4588129;-0.072958544;0.101224855;[-0.25044054 -0.1559392   0.12402369]
0.14770281;-0.26129264;-0.035508472;[-0.07050718 -0.22513534  0.11144556]
-0.14283021;-0.74086064;0.046403717;[ 0.05604739 -0.6957923  -0.03270988]
-0.96601516;1.2655914;-0.3595438;[-0.8814354   1.1166542  -0.31848174]
-0.6342452;0.40549958;-0.17191863;[-0.50065273  0.24680258 -0.08713342]
-0.8467892;1.0005188;1.4109137;[-0.93062973  0.8727406   1.2031325 ]
-0.21657081;-0.009001657;0.16135971;[-0.32146794 -0.02100497  0.46954677]
-0.47827643;-0.47144336;-0.09831284;[-0.4939958  -0.42083865  0.00175933]
-0.4922337;0.037762564;-0.01341996;[-0.37733448  0.00398644  0.06040435]
-1.6629721;1.900077;0.6904466;[-1.5519028   1.7217253   0.40655068]
-0.73164874;0.97982746;0.24832037;[-0.6858575   0.80563855  0.17158253]
-0.64028215;0.6335507;0.80285776;[-0.6898143   0.52584577  0.59600157]
-0.7325215;1.2353891;0.23370406;[-0.689183    1.0114201   0.05559287]
-0.96683055;1.2643398;-0.3707063;[-0.8798865   1.1170326  -0.47452447]
-0.8264537;1.2721554;0.2643877;[-0.75530607  1.0561756   0.16486776]
-0.67371684;0.41828686;0.32591057;[-0.72284806  0.32423228  0.27372932]
-0.76365685;0.42504543;-0.09151943;[-0.63594544  0.33261305 -0.05281312]
-0.72009075;0.4210685;-0.14755294;[-0.6631906   0.3243971  -0.14623968]
-0.40122843;-0.5598396;-0.034078974;[-0.31903386 -0.50864553 -0.07629415]
1.1353492;1.0925133;-2.730576;[ 1.0069987  0.9360261 -1.9484982]
1.1015311;0.72970986;0.04919486;[ 0.9381922  0.6352254 -0.1548661]
1.304788;-0.17458463;-0.70775306;[ 0.7849587  -0.23525332 -0.6870193 ]
-0.6785675;0.038436264;-0.14343262;[-0.6387878   0.09076035 -0.21414982]
0.19626701;1.1016518;-0.24351266;[ 0.08488901  0.9210542  -0.28086105]
-0.042699233;0.74794763;0.5953128;[0.08546366 0.6134606  0.26338524]
-1.1753448;1.4000816;-0.29440257;[-0.94486034  1.191424   -0.16955505]
-0.45829648;0.902276;0.4532702;[-0.37850583  0.723734    0.45025656]
-1.6891329;2.2531507;-1.4865481;[-1.6368173  1.9959441 -0.9696794]
-0.4980741;0.8924454;0.44449142;[-0.3940938   0.711654    0.45319536]
-0.6035516;0.5159915;-0.16100205;[-0.4922074   0.35284728 -0.08996195]
-0.53337157;0.047081385;0.1759713;[-0.6342347  -0.01285679  0.31607553]
-0.51689297;0.4596098;-0.5454997;[-0.34434032  0.2558297  -0.50038314]
0.20605078;0.9486483;0.35606235;[0.0928748  0.77088773 0.23113956]
0.34037817;-0.79469514;-0.03305724;[ 0.00980975 -0.720774   -0.23026972]
0.3238119;0.07161023;0.24441469;[0.09643592 0.05137922 0.11762881]
0.84999204;-0.35661232;0.17730032;[ 0.58182937 -0.440607   -0.03607668]
0.16368897;-0.29318762;-0.5919814;[ 0.1442839  -0.35565925 -0.57470435]
0.7710406;-0.38591927;-0.02172349;[ 0.74012816 -0.41388345 -0.13283402]
-0.46881467;0.17633584;0.21305516;[-0.34753484  0.1207926   0.14480333]
-1.6810591;2.0428169;0.9948025;[-1.58266     1.8322629   0.67515653]
-0.56490153;0.31727237;-0.037595015;[-0.41392928  0.17583919 -0.02410268]
-0.5299719;0.3639815;0.15551;[-0.39104968  0.2310485   0.0452402 ]
-1.7073836;2.1451406;-0.9610543;[-1.6388398  1.9646363 -1.1977302]
-0.7167164;0.39158136;-0.16255254;[-0.64612836  0.286082   -0.2351771 ]
-0.4330086;-0.5013691;-0.20143256;[-0.46743345 -0.45493716 -0.22881722]
-0.44761628;0.3558417;-0.35388118;[-0.29008973  0.24261215 -0.4776905 ]
-1.7055663;1.686628;-0.69036674;[-1.6211723  1.5609537 -0.8597553]
-0.6332837;-0.1255186;0.042769264;[-0.53148776 -0.03904436  0.0720157 ]
-0.8894939;0.76365566;-0.53076756;[-0.8335608   0.68437093 -0.55504376]
-0.22151007;0.33739847;0.6392234;[-0.08852966  0.25619185  0.17306018]
-1.6903414;2.1468446;-0.8214266;[-1.6186551   1.9456482  -0.82679325]
-1.1973311;1.2901324;0.026217211;[-0.9437449   1.1656971  -0.10452399]
-0.67132837;0.9005349;-0.720621;[-0.6536528   0.77346456 -0.5131152 ]
-0.2942043;-0.4099682;0.12513441;[-0.40374893 -0.35116798  0.14533281]
-0.60739976;-0.40974128;0.07906078;[-0.4782716  -0.33104217 -0.07092124]
-0.5069358;0.49053282;0.143029;[-0.2316487   0.34082973  0.11081113]
-0.17721488;-0.43823045;-0.041690957;[-0.1203009  -0.40168446  0.01731971]
-0.7142449;1.2338201;0.3763734;[-0.76862806  1.1399113   0.41116256]
-0.96966606;0.8009298;0.024196334;[-0.8765565   0.81761414 -0.00980927]
-0.40473217;0.35061288;0.0024371669;[-0.6039869   0.32215935  0.28218094]
1.0216014;-0.36417335;-0.57005996;[ 0.83825403 -0.3284524  -0.56222475]
0.13984919;0.5698444;0.15004037;[0.12213019 0.45555544 0.22122096]
0.2624159;0.09994547;-0.07418282;[ 0.24684903  0.08035849 -0.18864252]
0.061961383;-0.34308875;-0.048739623;[ 0.12171592 -0.3486339  -0.06121186]
-0.06820549;-0.007139899;0.2645505;[-0.20996536 -0.12946852  0.37795666]
-0.3827076;-0.05691901;0.39029384;[-0.25775456 -0.06285477  0.3025895 ]
-1.6822594;1.8613;0.45577416;[-1.5277847   1.707292    0.27437684]
-0.79763985;0.96460235;0.17557225;[-0.6657102   0.81308496  0.05259437]
-0.6461513;-0.40612864;0.017763402;[-0.58820903 -0.42097467 -0.18572165]
-1.7173058;2.1353157;-1.1121237;[-1.6698545  1.9955153 -1.3288878]
-0.77910274;1.2446468;-0.02724493;[-0.76140285  1.0699276  -0.14566562]
-0.91698176;1.2461361;0.21294685;[-0.84593976  1.0540376   0.03113959]
-0.79291636;0.35586166;-0.31440184;[-0.6272151   0.23738578 -0.1670824 ]
-0.8586572;1.2176509;0.13222167;[-0.7411507   1.0134841  -0.02308487]
-0.7664879;0.4166556;0.27548704;[-0.7713413   0.30457538  0.17942716]
-0.7264775;-0.49428272;0.12327109;[-0.8182851  -0.565461   -0.11734074]
-0.74513024;0.39739686;-0.26772535;[-0.6343863   0.32287455 -0.35333005]
-0.581441;-0.4130181;-0.30725473;[-0.63553184 -0.3722509  -0.4399884 ]
-0.4568596;0.37221277;-0.09103353;[-0.3651594   0.20171599 -0.1340605 ]
-0.076606676;-0.762371;-0.16796543;[-0.03221844 -0.7170509  -0.3456374 ]
0.4253838;0.5786267;0.3761188;[0.06726821 0.3984627  0.08542387]
-0.38338697;0.5542453;-0.14987835;[-0.23290576  0.37409455  0.06100057]
-0.24223466;0.35044986;0.72789764;[-0.0910482   0.23871565  0.3811861 ]
0.12255434;-0.22587012;0.35139537;[ 0.36521816 -0.2682004   0.01592275]
0.34032428;0.25746387;0.71419626;[0.0127925  0.14929056 0.61910504]
-0.01943101;-0.21130459;0.7628883;[-0.02303003 -0.2045707   0.45806733]
0.25053817;0.13924497;0.49000496;[0.00144754 0.15140256 0.18873617]
0.24964541;-0.26130533;0.37804022;[-0.03603967 -0.19727655  0.06263404]
0.00046376884;-0.7108434;-0.046382975;[-0.17499264 -0.6240935  -0.24676394]
-0.02547735;-0.022661507;0.35120288;[ 0.05710013 -0.06060941  0.10369994]
-0.289124;-0.5091531;-0.2876407;[-0.19637369 -0.44448036 -0.138744  ]
-0.88197243;1.2959231;-0.21206918;[-0.8086854  1.1261648 -0.4734088]
-0.6039254;0.86342937;0.3699335;[-0.4869119   0.70523036  0.38938195]
-0.5528943;0.85988885;0.32911995;[-0.58003193  0.70528257  0.41144672]
-0.85446316;1.2820021;-0.14197539;[-0.7891027  1.1152874 -0.3475194]
-0.66627634;0.44539344;0.13061397;[-0.5894895   0.344333    0.02541236]
-0.19292216;-0.004681982;0.5031336;[-0.26116222 -0.02004815  0.3058914 ]
-0.6474808;0.78674906;0.35212338;[-0.48516792  0.63178355  0.31550145]
-0.26799023;0.8001379;0.53370494;[-0.17221175  0.6103841   0.25246358]
-0.46151644;-0.097573355;0.18768102;[-0.36903268 -0.11724637  0.16859157]
-0.01303114;-0.07333836;0.41523272;[ 0.08967122 -0.11568235  0.15877654]
-1.6901803;2.145951;-0.757492;[-1.6190826  1.946191  -0.8394724]
-0.62624115;0.8054466;0.44040966;[-0.63871     0.65436554  0.41736922]
-0.7565997;0.42037237;0.048562042;[-0.6273723   0.32789212  0.06571753]
-0.33151722;0.4508441;0.20149595;[-0.1991903   0.3481685   0.02942746]
-0.7430423;1.371049;0.73625195;[-0.77209073  1.1240432   0.57967967]
-1.1663866;0.9755068;-0.063711956;[-0.895887    0.848088   -0.04635717]
-0.70110494;0.5256817;0.30401027;[-0.56156754  0.4392882   0.21077079]
-0.555658;0.5272507;0.5627396;[-0.54365075  0.45690942  0.43742016]
-0.39148074;0.086869955;0.43516058;[-0.3981442  0.0762833  0.4428487]
-0.612814;-0.41450518;-0.0043056123;[-0.4879161  -0.3469305  -0.06678179]
-0.67424685;0.47478288;0.5119723;[-0.47504103  0.3690945   0.41871336]
-0.45977825;-0.02078744;-0.34451333;[-0.3424629  -0.03360079 -0.12501962]
-0.6097191;0.02068495;0.58819675;[-0.43704718 -0.10074002  0.2504978 ]
1.1636816;0.9743739;-1.87846;[ 0.9524478  0.8153962 -1.9894551]
-0.69650656;0.7296316;-0.32860008;[-0.6443018   0.67741203 -0.29221326]
1.0791562;0.07550472;-1.6034057;[ 0.94829106  0.04294732 -1.4200805 ]
1.1368957;0.6231019;0.35311422;[0.9085892  0.5264836  0.06042534]
1.7274386;0.21439321;0.16813888;[1.2392712  0.09470313 0.07486068]
0.5246565;-0.38116652;-0.70889693;[ 0.4963532  -0.3931185  -0.69785005]
1.0493076;-0.37105227;-0.7115075;[ 0.91616607 -0.39797586 -0.81140935]
1.4632689;-0.3576606;-0.50388354;[ 1.1344554  -0.38315988 -0.7306971 ]
-0.5136907;-0.15375523;-0.42867544;[-0.38296723 -0.09514977 -0.2756423 ]
1.0011798;-0.80324364;-1.4535911;[ 0.88484716 -0.71811813 -1.2108967 ]
0.24492384;1.0101073;-0.035939287;[ 0.10174459  0.8235152  -0.18211745]
0.18922386;0.09559205;-0.26257688;[ 0.15830886  0.00254515 -0.25458944]
0.16359285;-0.78341365;-0.27241832;[ 0.10638228 -0.77598566 -0.31888798]
0.07232559;-0.349496;-0.1635572;[ 0.12997985 -0.42217648 -0.2092364 ]
-0.22582637;0.80878466;0.539156;[-0.13668157  0.5911832   0.21400188]
-0.5016716;0.8592255;0.53203964;[-0.54331195  0.7228995   0.34690997]
-0.4758833;0.34260982;-0.36814725;[-0.34425932  0.23206256 -0.25093102]
-0.6409944;0.39949822;0.035482213;[-0.61629504  0.29682428 -0.07204146]
-0.61673886;-0.009354465;0.29695174;[-0.6161501  -0.03383575  0.3201537 ]
-0.075909376;-0.020963833;0.35117152;[-0.06142785 -0.11105539  0.19218789]
-0.5237969;0.37516737;-0.42561528;[-0.33317065  0.21694471 -0.5213515 ]
-0.42816013;-0.06369123;0.20760828;[-0.21971543 -0.14271373  0.12376316]
-0.23369123;-0.57581466;-0.41952252;[-0.1378258  -0.5095374  -0.29493847]
-1.7055663;1.686628;-0.6903667;[-1.6211723  1.5609536 -0.8597553]
-1.2279247;0.82868195;-0.034695413;[-0.8946605   0.80497473 -0.1645918 ]
-0.51045805;0.40632522;0.55193996;[-0.46892786  0.3690806   0.33109167]
-0.15365638;-0.5143222;0.37895557;[-0.22402282 -0.5136604   0.0994219 ]
-0.48125213;-0.9664436;-0.17100126;[-0.6226208  -0.9040989  -0.28859076]
-0.22567295;0.3379637;0.5482033;[-0.0934235   0.27050894  0.16504386]
-0.57963777;0.35059303;0.61770093;[-0.4103039   0.26931915  0.505218  ]
-0.39195025;-1.0512819;-0.4499892;[-0.30265707 -0.9371045  -0.32499495]
-0.26144558;0.7101902;0.53398794;[-0.26557368  0.58796203  0.35690382]
0.3041559;0.6016403;-0.3260609;[ 0.12714621  0.4171092  -0.48371264]
1.0322642;0.007771395;-0.95489144;[ 1.1341666  -0.11455238 -0.883426  ]
-0.29542232;0.51469177;0.34883162;[-0.1891541   0.32252145  0.27419382]
1.0648301;0.1801955;0.52948594;[1.0600258  0.11227156 0.11480674]
1.2101339;-0.296102;-0.19711354;[ 1.4081123 -0.3163895 -0.314732 ]
0.8944296;-0.3095938;0.49520057;[ 1.0345975  -0.4012887  -0.04814515]
0.22839351;-0.23004524;-0.38268694;[ 0.14270332 -0.2653607  -0.43845102]
0.1755456;0.009962603;0.12557045;[0.1914506  0.01610338 0.01468628]
0.16786928;-0.2940392;-0.5168401;[ 0.12946439 -0.35817915 -0.5705827 ]
-0.87850726;1.2459115;-0.66362774;[-0.8528687   1.0809472  -0.73752326]
-0.26583225;0.80871063;0.30546498;[-0.1495768   0.6247209   0.16998823]
-0.60967267;0.81846523;0.68081164;[-0.5295906  0.6512296  0.5340424]
-1.707512;2.1453276;-0.9608916;[-1.6383308  1.9648296 -1.198953 ]
-0.83752203;1.2411622;-0.44821936;[-0.7557223   1.0830998  -0.54033375]
-0.5835532;0.83219504;0.70045847;[-0.48911393  0.68027735  0.51242703]
-0.74697924;1.2277424;-0.71734655;[-0.6357023   1.078873   -0.56663185]
-0.0054554567;-0.020972535;0.30072168;[-0.11355497 -0.08620881  0.18119888]
0.15659103;-0.092313156;0.20184383;[ 0.16292518 -0.13083148 -0.01381247]
-1.6820098;1.8223122;-0.40663445;[-1.6125708  1.6182088 -0.6460406]
-0.80479074;0.51968014;0.4815699;[-0.58122313  0.4016978   0.37286907]
-1.2016665;0.9661936;0.25322947;[-0.9389175   0.8242196   0.04656582]
-0.47794253;0.48674935;0.1388462;[-0.22186752  0.33944196  0.07000875]
-0.5352411;-0.032371163;0.5754795;[-0.49917483 -0.10862757  0.29373387]
-0.5113438;0.44696414;0.4058407;[-0.33082378  0.3085659   0.41622385]
-0.6380647;0.41550213;0.12713052;[-0.42228007  0.28467083  0.30208543]
-1.6824331;1.7764345;0.22859828;[-1.6005265  1.5766643 -0.2778131]
-0.7592476;0.81598264;0.5773423;[-0.7537465   0.6305196   0.44116735]
-0.6232556;0.41764426;0.97386074;[-0.6192852   0.36187428  0.8566957 ]
-1.210268;0.9139486;0.22509882;[-0.9065467   0.79952896  0.07719108]
-0.6984843;0.47213626;0.5329241;[-0.76315176  0.39732146  0.66039723]
-0.5638334;-0.96262556;0.9238107;[-0.70457673 -0.89325345  0.8246174 ]
-0.5863545;-0.16690643;-0.2697628;[-0.5263994  -0.10150109 -0.25498936]
-1.2279247;0.828682;-0.034695406;[-0.8946606   0.8049748  -0.16459179]
0.21706235;-0.042445824;0.6242374;[-0.0167097  -0.10441472  0.58013135]
-0.53362453;-0.19446017;0.082719326;[-0.38377303 -0.16308689  0.03998121]
-0.39195025;-1.0512818;-0.4499892;[-0.30265713 -0.9371045  -0.32499492]
-0.8085317;0.75141996;0.22178717;[-0.6678875   0.60028744  0.14325161]
-1.0719343;0.39343417;1.163288;[-1.0883874   0.36155248  0.7657171 ]
-1.22864;0.8298997;0.028369587;[-0.91514206  0.8049734  -0.12211829]
-0.88848585;0.7661759;-0.50112015;[-0.82845426  0.69448173 -0.54533297]
-0.53766495;-0.18629546;0.028632391;[-0.37011403 -0.14606862  0.01432175]
-1.7040058;1.6884141;-0.64246404;[-1.6218103   1.5670549  -0.82949775]
-0.65749747;0.43557245;1.0412948;[-0.74681246  0.3874185   1.0080544 ]
-0.8886825;0.76701844;-0.45810294;[-0.8299277  0.6954509 -0.5280936]
-0.5106158;0.3432979;0.7051535;[-0.38471955  0.3094434   0.5664806 ]
-0.7615481;0.7682086;-0.4713527;[-0.597864    0.7052752  -0.32124755]
-0.7767008;0.41668898;0.94228333;[-0.8041308  0.376545   0.7463911]
-0.8881406;0.7673519;-0.44527876;[-0.8264617   0.69394886 -0.5362438 ]
-0.23432662;0.3446123;0.55542666;[-0.104654    0.2759722   0.17596333]
-0.8679026;1.131213;0.7131587;[-0.85974324  1.0215697   0.44357988]
-0.5838611;0.6155258;0.8487768;[-0.59024656  0.4752913   0.6237537 ]
-1.6587315;1.931715;0.70732343;[-1.5435745  1.7574314  0.4135131]
-0.7101883;0.4954899;0.09981923;[-0.6507784   0.3883698  -0.04653744]
-1.163956;1.0748214;0.6732038;[-1.0398967   0.99387586  0.53709435]
-0.75785154;0.15606967;0.6050154;[-0.7614683   0.19717409  0.49400005]
-0.57261866;0.14205159;0.31918672;[-0.37842512  0.11552765  0.18419586]
-0.5028153;0.4794277;-0.086756855;[-0.43976057  0.33213145 -0.15127243]
-1.2023785;1.0205909;0.4202906;[-1.021142   0.9923396  0.3740408]
-0.30780244;-0.41979033;-0.19964045;[-0.20589997 -0.45550776 -0.23317696]
0.87458074;0.5771781;-0.043820146;[ 0.84969044  0.3241983  -0.12149388]
1.2946198;0.05211582;-0.9526892;[ 1.299196   -0.10120332 -0.87510806]
1.4570631;-0.34040064;-1.0957048;[ 1.6334008 -0.4551922 -0.82841  ]
-0.15293701;0.072755754;0.091616794;[-0.14701577  0.00432013  0.07556765]
-0.054717824;0.5935784;0.5634389;[-0.02252741  0.42657602  0.46987388]
0.9122302;-0.3090557;-0.1170135;[ 0.74343014 -0.32362568 -0.2849288 ]
0.7273742;-0.32825094;-0.31173852;[ 0.73444116 -0.3421045  -0.3430504 ]
1.1301595;-0.74791795;-0.40725046;[ 1.0407292  -0.6979777  -0.35470694]
1.2847832;-1.2142807;-1.2136788;[ 1.4412001 -1.1992298 -1.0600814]
-0.21934806;-0.3668329;0.07677511;[-0.16484995 -0.43388492  0.03610255]
-0.51958555;0.34863955;0.25474674;[-0.37426996  0.22868182  0.09064193]
-1.7018788;2.1348999;-0.70739204;[-1.6302148  1.952845  -0.9960484]
-0.83335763;1.2312948;-0.32062382;[-0.7571682   1.0896521  -0.46142307]
-0.7731318;1.2651361;0.1403435;[-0.75694734  1.0591218  -0.02505147]
-1.0409346;0.93390554;0.8474425;[-1.0308115   0.79489034  0.7441701 ]
-0.42269433;-0.50311464;0.59496623;[-0.46012372 -0.4643426   0.19989195]
1.1223196;0.71185225;-0.11134559;[ 0.94774055  0.53753173 -0.34283346]
-0.7052036;0.8732048;0.31229198;[-0.63870716  0.7741154  -0.04180339]
-0.7803101;1.3824202;0.37075245;[-0.87803817  1.2508187   0.2639041 ]
-0.9028619;1.4340647;0.6600408;[-0.86684453  1.3099215   0.44801906]
1.5988907;-0.09704356;0.19197312;[ 1.2413288  -0.06618827  0.05022792]
0.40833008;-0.13861403;0.25226018;[ 0.38615656 -0.17178458  0.01475452]
1.0695301;-0.14169484;0.05742777;[ 0.6887438  -0.17287679 -0.26928872]
1.4212922;-0.5975453;-0.50805056;[ 0.91661745 -0.58220065 -0.7687523 ]
-0.61489254;0.50761235;0.09621622;[-0.5775114   0.41508794  0.05751349]
0.22654687;1.1201769;-0.07228407;[ 0.15001678  0.9646363  -0.27305087]
0.17546184;-0.65071326;-0.17477569;[ 0.26276472 -0.55915797 -0.27454525]
-1.1771138;1.408867;0.34463206;[-0.972566    1.167443    0.05767023]
-0.56250864;0.4816782;0.57104504;[-0.6377514   0.3171245   0.23638995]
-1.6776315;2.259113;-0.18393563;[-1.616451   1.9807378 -0.6957248]
-0.734457;1.3460536;0.52246875;[-0.8316257   1.1253036   0.37429792]
-0.608974;0.52187026;0.27411932;[-0.5327235   0.39124858  0.15964147]
-0.42675632;-0.41566646;0.1702252;[-0.42897344 -0.42176884 -0.09461831]
-0.6186519;0.5144243;0.23127893;[-0.498218    0.35522008  0.07363251]
-0.5760709;-0.37523627;0.2177352;[-0.7277077  -0.36805296 -0.1131507 ]
-0.5154137;0.47918308;-0.15828264;[-0.33452553  0.26512873 -0.3491271 ]
0.26132572;0.945954;0.33959442;[0.16888371 0.77598643 0.27642408]
0.29509676;0.067047566;0.18217242;[0.01785506 0.07447354 0.12047072]
-0.87233436;1.2370859;-0.57551324;[-0.8421166  1.0770569 -0.644023 ]
-0.84146696;1.2207714;-0.3282011;[-0.75576115  1.0815214  -0.47641808]
-0.7690738;1.2262179;0.31566185;[-0.73912567  1.0030314   0.11050664]
-1.1672868;0.97682863;0.28919384;[-0.93357146  0.92710733  0.1865161 ]
-0.629476;0.082859375;0.108567744;[-0.62883085  0.15186118 -0.02721595]
-0.87211823;1.2378227;-0.6778765;[-0.89624846  1.0909106  -0.8690546 ]
-0.5089006;0.33819818;0.0040688924;[-0.39198136  0.19546232 -0.08762981]
-0.4761129;-0.50339085;-0.60780245;[-0.31175333 -0.46681535 -0.38521838]
0.7926697;0.58733904;0.15231495;[0.7199822  0.38926536 0.04623679]
0.59848636;0.046453763;0.45641297;[0.31550062 0.00601601 0.0814542 ]
0.46885318;0.6252374;0.25015855;[0.52777785 0.44842035 0.16299255]
0.7521494;-0.2709245;0.25042856;[ 0.73633546 -0.31731665 -0.09559213]
0.22985397;0.07740177;0.49432117;[0.02051134 0.09316011 0.12619893]
0.115688115;0.30475283;0.41859037;[-0.04511242  0.18603148  0.25441274]
0.7212322;-0.2655607;0.32915068;[ 0.48941177 -0.31600142 -0.01773914]
0.44702375;-0.816919;0.43343925;[ 0.05111955 -0.7368537  -0.04353013]
-0.22544716;-0.819857;0.3017311;[-0.23290227 -0.79732746 -0.1744598 ]
0.21402335;0.011936098;0.14183196;[0.22168475 0.05934399 0.04231162]
-0.2661205;-0.86152965;-0.20284599;[-0.16580133 -0.8914051  -0.285471  ]
-0.4152801;-0.3541571;0.3430906;[-0.4859507  -0.3338238   0.01546093]
-0.6399053;0.59839386;0.79751563;[-0.61601835  0.49615085  0.5536652 ]
-0.8739741;0.9672106;0.33714265;[-0.80056775  0.87521327  0.139093  ]
-0.26925755;-0.3804168;-0.014827568;[-0.22185768 -0.3846414  -0.13333659]
-0.53805757;0.113447815;0.3134091;[-0.43060035  0.09213622  0.1827261 ]
-0.54457134;-0.5263131;0.25244024;[-0.5577352  -0.47289366  0.13258642]
-0.68991476;1.2644233;0.067606546;[-0.6969042   1.0433847  -0.02646737]
-0.8721096;0.9186679;0.8496098;[-0.7955276   0.77338153  0.5604345 ]
-1.20564;1.3330106;0.35026893;[-0.9864439   1.1620635  -0.00714287]
-0.5156619;-0.48816842;0.2467236;[-0.5330202  -0.44109118  0.22630094]
-0.70807743;0.42872518;0.78667176;[-0.862388    0.3217805   0.41785017]
-0.6547594;-0.46613777;0.5637013;[-0.88725054 -0.5426925   0.10756333]
-0.3683313;-0.53419775;-0.021902155;[-0.2689799  -0.47548747 -0.06451915]
-0.9069994;1.2559385;-0.02405506;[-0.82850814  1.0937971  -0.11163884]
-1.0993639;0.8962795;0.8717209;[-1.0567712  0.738634   0.7001938]
-0.6934934;0.37509894;-0.11186956;[-0.5734741   0.26684976 -0.11706503]
-0.7491508;0.43261164;0.24286705;[-0.7008668   0.35935134  0.20634732]
-0.5693961;0.3598017;0.20977256;[-0.44170624  0.2457267   0.05543918]
-0.46496195;-0.5548287;-0.21125218;[-0.3534857  -0.4958942  -0.20140113]
-0.6044273;-0.5002474;0.6644099;[-0.5604237  -0.5141921   0.06917591]
-0.6152162;0.7156083;1.0051109;[-0.58032584  0.5876972   0.6942373 ]
-0.68818456;1.106058;0.14787504;[-0.5979164   0.9733652   0.00275382]
-1.0764953;1.1898149;0.6365868;[-0.97530484  1.1030809   0.5034558 ]
-0.50546795;0.7652218;0.64192927;[-0.5567609   0.69386744  0.43633625]
0.5486511;0.12082106;0.09166183;[-0.04338868 -0.00368325 -0.00936324]
0.08294034;-0.45760107;-0.33808744;[ 0.08196136 -0.55693513 -0.5240811 ]
0.20285663;0.0739635;0.58330727;[0.23924583 0.01106016 0.42380366]
0.5531041;1.1891917;1.8314;[0.3669503 1.0939485 1.3163894]
0.91895336;0.13579403;1.1297942;[0.29315436 0.18808569 0.87031126]
-0.7095817;0.18094197;-0.22446358;[-0.5863154   0.04841918 -0.3324398 ]
-0.52576184;-0.1879396;0.6866315;[-0.39436406 -0.1552838   0.48390803]
-1.0905986;1.6642469;0.36243448;[-1.0334185   1.5209752   0.32946777]
-0.60296077;0.7572604;0.21927328;[-0.58227974  0.6778719   0.07523139]
-1.6244189;1.6982834;1.4435753;[-1.2436324  1.5013367  1.0796535]
-0.90543693;1.2389165;1.350456;[-0.8799257  1.0146735  1.0510055]
-1.075559;0.8346353;1.1485478;[-1.0130277  0.7381133  0.8691174]
-0.75178283;0.402739;0.9696779;[-0.7203154   0.23884848  0.760802  ]
-0.61406165;0.3055331;0.9988272;[-0.45291883  0.19030996  0.66059387]
-0.46784383;-0.3635285;-0.02959847;[-0.3509878 -0.4074716  0.0403217]
1.4823623;-0.070969746;0.34433454;[2.6126473  0.1007051  0.56725115]
0.6437873;1.2950317;0.23441714;[0.44682243 1.1581104  0.02533556]
0.43182558;0.35178602;-0.2743404;[ 0.46620095  0.3692178  -0.2968743 ]
1.0315751;1.0154461;0.20200421;[0.87745804 0.85259306 0.1720871 ]
0.27078608;-0.4681667;-0.2967987;[ 0.29997954 -0.34164947 -0.39738825]
0.44031942;-0.5362019;-0.4351791;[ 0.41719717 -0.3747053  -0.4873353 ]
0.05809122;1.0873933;0.2503184;[-0.02963485  0.8819219   0.1417401 ]
0.16728427;0.9907798;1.3688335;[-0.03120281  0.8780069   1.0706805 ]
0.3084805;0.9351797;0.49953178;[-0.25457513  0.75551164  0.39005557]
0.27565318;0.9926283;1.4730132;[0.05165708 0.903198   1.1225817 ]
0.069190785;0.059145674;1.0028105;[0.34225437 0.18096744 0.9125601 ]
0.27575397;0.06792135;1.0882361;[0.09700215 0.16959184 0.8549457 ]
0.39000636;-0.073975965;0.34580737;[-0.03090928 -0.07272948  0.25335935]
-0.1865177;-0.5212428;-0.38590622;[ 0.13959353 -0.5164119  -0.3825016 ]
-0.13611357;-0.65964264;-0.19228205;[-0.08890001 -0.6115978  -0.31536004]
-0.523281;0.5604029;-0.1701236;[-0.48278475  0.50116706 -0.23283404]
-0.23553206;-0.38942528;-0.45467144;[-0.07003655 -0.31955618 -0.36231568]
-0.5940118;0.5721316;0.8167799;[-0.5604366   0.4796145   0.47862038]
-0.37008297;0.5977865;0.35524347;[-0.24656187  0.4288754   0.14444001]
-0.4809677;0.038597174;-0.31680903;[-0.33405185  0.14618623 -0.23731107]
-0.8976472;1.4807175;0.5965531;[-0.6871177   1.2640378   0.41232368]
-0.7171738;0.98385555;-0.12954998;[-0.61627066  0.8775859  -0.1929303 ]
-0.9040324;0.9929038;0.55281985;[-0.7959142   0.87880826  0.2587127 ]
-0.841444;0.92162603;0.54019505;[-0.74181324  0.8351245   0.3429112 ]
-0.5615919;-0.0028091967;-0.13375798;[-0.39847702 -0.01879662 -0.03901104]
-0.94673413;0.9553247;0.569458;[-0.81751716  0.8454393   0.37507465]
-1.0839692;1.019466;0.35725552;[-0.9401448  0.9727652  0.2571164]
-0.7307414;0.10914788;0.33367494;[-0.6399026   0.19926405  0.33046728]
-0.63658696;0.60762936;0.38211533;[-0.59116626  0.5759218   0.24639328]
-1.6847028;1.8467814;0.461578;[-1.5429586   1.6909264   0.35402024]
-0.84583473;0.9400665;0.24110466;[-0.72323686  0.81928325  0.12863253]
-0.72969204;0.08047329;0.111547515;[-0.6294136   0.14279844  0.01458912]
-0.8718483;0.9261895;0.21195139;[-0.8559481   0.8622848   0.06506416]
-1.6824858;1.8304261;0.5034596;[-1.5293974   1.6654015   0.34432396]
-0.77576023;0.9205733;0.1630537;[-0.7250589   0.827577    0.03388216]
-1.0883254;0.99877036;0.29130703;[-0.94249356  0.9410869   0.14134537]
-0.6341809;0.072353885;0.06950801;[-0.54400206  0.12972897  0.02627731]
-0.8671406;0.9101698;0.26612583;[-0.8373511   0.8381549   0.07460336]
-0.49943435;-0.010553524;-0.022566821;[-0.40550005  0.09254399 -0.07930137]
-1.6716061;2.231991;0.22254515;[-1.5172125  2.0894313  0.1960772]
-0.7427687;0.8814586;-0.23481777;[-0.73299587  0.80113477 -0.3350412 ]
-0.7154992;0.54109955;0.011896849;[-0.64548194  0.504729   -0.10215789]
-0.5762652;0.13798602;-0.20051157;[-0.5511953   0.21670638 -0.2990292 ]
-0.48769933;0.595236;-0.037407648;[-0.36690545  0.45800304 -0.00352907]
-0.43198407;0.11191676;-0.33985615;[-0.35741997  0.15117179 -0.3101528 ]
1.1690919;-0.27015197;0.16609417;[ 0.9527303  -0.11313973  0.07788327]
-0.6047135;-0.4873147;-0.7781204;[-0.5340775  -0.49559426 -0.7698636 ]
0.61822534;-0.02450268;-0.045280326;[ 0.69851303 -0.03789547 -0.10144593]
-0.21080579;-1.0768406;-0.6720375;[-0.15449317 -1.1912689  -0.6824376 ]
-1.684143;1.8557376;0.35728413;[-1.5225071   1.6973883   0.26454303]
-0.6971453;0.118924424;-0.16506447;[-0.5907101   0.20047753 -0.22433895]
-0.7983963;0.64922386;0.74894935;[-0.87314296  0.5956602   0.7186844 ]
-0.8755546;0.9462615;0.15043595;[-0.8314928   0.87244153  0.00104864]
-0.31788146;0.5526342;0.13564748;[-0.21355446  0.43204355  0.09638354]
0.015475467;1.1297067;0.23719116;[-0.04828446  0.9247283   0.14124101]
-0.42469317;-0.22135775;-0.21615225;[-0.2902484  -0.31430042 -0.38593766]
0.25278288;1.0507184;1.22908;[0.05612437 0.97460145 1.1469526 ]
0.14737503;0.5342131;0.5629238;[0.01468584 0.43998182 0.5334818 ]
0.071542874;0.21833608;0.009886347;[ 0.06938003  0.14144158 -0.08995395]
0.1512493;-0.05623983;-0.6520814;[ 0.12403951 -0.0672479  -0.5146138 ]
0.17092848;-0.5239858;0.35532126;[ 0.21182974 -0.52652156  0.04169819]
-0.35527003;-1.0614282;-0.41230163;[-0.24225588 -1.1348666  -0.55192226]
-0.83970565;1.4186751;0.054127783;[-0.7972437   1.2685261  -0.03508042]
-0.502128;0.5550614;-0.118447185;[-0.34314847  0.48036128 -0.1590991 ]
1.6253215;0.19075967;0.28745788;[1.3715714  0.19912569 0.3668696 ]
1.0243452;-0.8447642;-0.88278;[ 0.5673077  -0.89788866 -0.97293586]
1.3716577;-0.6515122;0.12270272;[ 1.1841012  -0.62637496  0.13789466]
0.74290276;0.06767884;-0.29685342;[ 0.6978494   0.01350317 -0.20235778]
1.0203731;-0.31560034;-1.2020319;[ 0.8526618  -0.42206663 -1.0042411 ]
0.40767246;0.57376295;0.08538085;[0.14599213 0.49591196 0.04574173]
0.37155277;0.44052368;-0.21691474;[ 0.03957213  0.35177797 -0.20472567]
0.2541823;0.44860667;0.10444937;[0.20497982 0.36819118 0.0480484 ]
0.7140973;-0.4861111;-1.2854155;[ 0.64162767 -0.5101117  -1.2115326 ]
0.008523136;-1.3094548;-1.2719061;[ 0.27947974 -1.321439   -1.3597021 ]
0.5543878;0.019969642;-0.0043629073;[ 0.52952784 -0.04972886 -0.23884086]
-0.050013885;1.0256778;-0.81268525;[-0.14177491  0.7981447  -0.85602707]
-0.34052467;0.13763107;-0.922889;[-0.1747048   0.01639355 -0.9569608 ]
0.6637696;-0.054969415;-0.4412227;[ 0.5379471  -0.13263193 -0.5416376 ]
0.42316157;0.13930249;0.030586941;[ 0.27734426  0.09158228 -0.17093478]
0.8004578;0.6108711;-0.071682945;[0.68246335 0.421147   0.00717999]
0.93086636;-0.2905863;-0.3580308;[ 0.79466677 -0.2644421  -0.40045634]
-0.007926568;0.72397465;-0.7760496;[-0.11145626  0.5199322  -0.81642205]
0.9272333;0.14343017;-1.2450979;[ 0.9579349 -0.0172559 -1.1129763]
0.15764883;-0.21929239;0.0008414984;[-0.03408052 -0.18552186 -0.08609241]
0.16848895;-0.70767796;-0.19800904;[ 0.19379237 -0.68870014 -0.3381719 ]
0.3672549;-0.52473783;-0.07824096;[ 0.35226625 -0.49001455 -0.28657815]
0.6243697;-0.6650924;-0.3924287;[ 0.62998    -0.6320611  -0.42291844]
-0.028530315;-0.15543537;-1.0224977;[-0.0648389  -0.25732523 -0.9206324 ]
-0.098870635;-0.99996465;-1.1309729;[-0.02159522 -0.98591626 -1.2068106 ]
0.64345473;-1.1227027;-1.1695688;[ 0.63702345 -1.1332904  -1.1219829 ]
1.5913646;0.23708795;-1.0929422;[ 1.124786    0.17609915 -0.8896522 ]
0.8124971;0.46136206;-0.18965414;[ 0.576883    0.29908717 -0.3439444 ]
1.1088847;-0.08634798;-2.015246;[ 0.93150026 -0.14923523 -1.8953205 ]
-0.32428592;0.5398413;0.45024073;[-0.19808213  0.47982836  0.22015496]
1.7530457;-0.12836991;-0.04404248;[ 1.25052    -0.08885677 -0.08634729]
0.17331117;-0.024201006;-0.08394927;[-0.03559165  0.01582869 -0.2373131 ]
1.6870128;0.56437916;-1.0488192;[ 1.7091128   0.16990806 -0.43659925]
0.59747416;-0.4264592;-0.3418749;[ 0.6266288  -0.42182273 -0.4295855 ]
1.0202583;0.60842437;-0.48871446;[ 0.7061411   0.47599584 -0.49470833]
0.95863414;0.5578011;-0.32157257;[ 0.7797012   0.3957805  -0.28250825]
0.9182325;-0.1926138;-0.4180814;[ 0.6989212  -0.252132   -0.34949237]
1.5731579;-0.8684773;-0.8300546;[ 1.3558288 -0.9416454 -0.8667296]
0.5186369;-1.5186347;-1.4326668;[ 0.5685767 -1.5053201 -1.3616666]
0.27067643;1.3999273;0.2625322;[0.07874992 1.1488653  0.15085702]
0.5050706;1.1099802;0.14794075;[0.53854144 0.83531713 0.08291326]
0.75764173;0.104313426;0.17305383;[ 0.44098312 -0.03175399 -0.17250563]
0.0031050146;1.0914366;-0.81056017;[-0.11065479  0.82534826 -0.87310797]
-0.0910815;0.17475958;-0.91049117;[-0.01176792  0.0042317  -0.85642534]
-0.25907964;0.77576375;0.31834832;[-0.04213209  0.57885754  0.38126627]
0.65161365;-0.41764277;-1.3667299;[ 0.7460085  -0.44936013 -1.2218522 ]
-0.101407945;-0.1357651;0.15603028;[ 0.05653809 -0.16609327  0.20843962]
0.13594176;-0.34267545;0.21190646;[ 0.14529833 -0.36368006 -0.11543581]
-0.08452481;-0.58000565;-0.9731872;[-0.0717064 -0.6689662 -1.0038191]
-0.08007425;-0.6617061;-1.1700772;[-0.0514933  -0.71052253 -0.99965304]
0.45730352;-1.2683833;-1.4691842;[ 0.62919885 -1.2413112  -1.3469352 ]
-0.26563877;0.5251647;0.3728323;[-0.18854989  0.3347749   0.33386356]
0.5012558;0.5155985;0.30791637;[0.24341252 0.35652936 0.12075359]
0.9415155;0.5914361;-0.05192857;[ 0.8655615   0.351079   -0.13974938]
1.1227094;-0.3715521;-0.28662315;[ 0.8928932  -0.38255507 -0.2732409 ]
0.4687341;0.20302303;-0.43541822;[ 0.33525497  0.06801537 -0.43792573]
0.4634629;-0.66720515;-0.51918495;[ 0.08639862 -0.6554157  -0.48006818]
0.8346644;-1.7627176;-1.267605;[ 0.42339993 -1.8063525  -1.2754585 ]
0.31671208;-0.82877165;-0.2978754;[ 0.17891093 -0.81652147 -0.28342226]
0.7445845;-0.30729467;-0.22775304;[ 0.7370444  -0.3580553  -0.31600043]
0.9119187;-1.2125535;-0.4671142;[ 0.6865311  -1.1547794  -0.43348864]
0.3416856;-0.63455766;-0.6099551;[ 0.29463726 -0.5994019  -0.5671954 ]
0.9632998;-1.2109758;-0.9799273;[ 0.93279827 -1.2033414  -0.94607556]
4.631622;1.0065664;0.666668;[1.5816993 1.0118139 0.8445163]
1.3629647;1.0882742;0.041099086;[1.1574621  0.89943755 0.04954932]
2.6663256;0.80716366;0.927358;[2.2323952  0.61164933 0.93490744]
1.7850987;1.1401964;1.3543459;[1.6449525  0.76174223 1.3217347 ]
0.743022;0.64338;0.11081812;[0.38779783 0.61813736 0.03782879]
0.58800006;0.44953263;-0.2513536;[ 0.29430914  0.22382815 -0.23916577]
1.4769055;0.38229716;1.2826052;[ 0.91889256 -0.02085583  1.1564332 ]
2.466528;-0.08091359;0.72813106;[ 1.9765631  -0.04990506  0.6660015 ]
-0.194402;-0.12445614;-1.5085673;[-0.09208901 -0.29298955 -1.4551604 ]
-0.2639826;-0.10523;-1.5684072;[-0.11776023 -0.32659203 -1.5369064 ]
-0.74780583;0.062636375;0.112041384;[-0.26535642  0.10035424 -0.05880959]
0.10557655;-0.59626216;-0.6130618;[ 0.5935116 -0.6247667 -0.6313513]
-0.11796881;-0.7041888;-1.1937823;[ 0.22061959 -0.69859916 -1.0157832 ]
0.0968536;-0.38327122;-0.8534646;[ 0.00167973 -0.4152928  -0.9705588 ]
-0.34320515;-0.10076381;-0.14314213;[ 0.12574637 -0.12796235 -0.2955872 ]
-0.26558173;-0.40856278;-0.108331546;[-0.19626601 -0.43270582 -0.38552067]
-0.20366253;-0.91764003;-1.5643322;[-0.0554627 -0.9162153 -1.4824347]
0.0148006305;-0.6690164;-0.35310227;[-0.18763538 -0.7677282  -0.5965382 ]
-0.34061396;-1.0059509;-0.77264756;[ 0.15863468 -1.0841173  -0.83626467]
-0.63908815;-0.77983576;-0.10393706;[-0.16615681 -0.7429898  -0.31825063]
-0.74083436;-0.82063;-0.7476064;[-0.16472979 -0.8404868  -0.7007387 ]
-0.83943623;-1.2500426;-0.9238916;[-0.38887942 -1.22131    -1.0960526 ]
0.7738337;-0.39360565;-1.2257104;[ 0.8796356 -0.4306113 -1.132374 ]
0.71221155;0.112923995;-0.04089002;[ 0.6394879   0.00712873 -0.13462944]
0.25612217;1.1054504;-0.5898105;[ 0.12874697  0.8170258  -0.6144882 ]
-0.288913;1.1012063;1.0312183;[-0.18386935  0.889966    0.82070976]
0.21342443;0.54535836;0.11585401;[0.07561611 0.36730105 0.01904176]
1.120011;-0.3211286;-1.031733;[ 0.78174007 -0.3845402  -1.0088029 ]
0.20469034;0.21016277;-0.7759756;[ 0.03549057  0.05167826 -0.7436281 ]
0.0052258447;-0.66383386;-0.8754323;[-0.09734036 -0.7195687  -0.94401664]
1.0143017;-0.64630365;-0.6510454;[ 0.5976154  -0.54572713 -0.7622072 ]
0.5019546;-1.2706252;-1.2336538;[ 0.41679356 -1.3126143  -1.1798978 ]
0.19529782;-0.39859647;-0.015147638;[ 0.17022732 -0.45080364 -0.22483617]
0.12298536;1.13541;0.22872688;[-0.0266061   0.91882765  0.13620195]
0.65226;0.71752053;0.12864318;[ 0.47082072  0.5316222  -0.01799951]
0.6274746;0.4651991;1.0694367;[0.42870942 0.46262938 0.9668569 ]
1.398373;0.0965365;0.45177603;[0.85609794 0.08489192 0.24262477]
0.18090841;0.26729202;0.031596713;[4.9513742e-02 2.3951988e-01 1.7901510e-04]
0.14428908;0.21995918;0.005166527;[ 0.16364168  0.14284775 -0.06896394]
-0.105969295;-0.43930483;-0.41553667;[ 0.04748176 -0.55465966 -0.31448844]
0.63962835;-0.42094946;0.83536047;[ 0.53361595 -0.35209703  0.7373544 ]
0.14025201;-0.04714383;-0.6601726;[ 0.11311174 -0.10202962 -0.5627442 ]
1.1395606;-0.81739116;0.12533076;[ 0.7691333 -0.7344383  0.0272442]
-0.37710768;1.3961481;-0.22355962;[-0.32928377  1.1455089  -0.25227132]
-0.1937594;0.5221985;-0.46155775;[-0.14878233  0.28203094 -0.47187385]
-0.35645628;0.078295186;-0.27791572;[-0.20612769 -0.13550895 -0.15943502]
0.20870468;0.57399875;-0.15997869;[ 0.16286756  0.42981052 -0.19205828]
-0.6764089;-0.015392974;-0.6349819;[-0.32512587 -0.046279   -0.5521802 ]
0.8245594;-0.61912656;-1.9113512;[ 0.96856165 -0.57572335 -1.5093344 ]
0.20097597;0.5764157;-0.053266447;[ 0.32349148  0.4404664  -0.21519119]
5.2350287;0.35342574;3.261849;[4.768716  0.5124922 2.1626847]
-0.5232373;-0.8551088;-0.75781083;[-0.28936726 -0.79318297 -0.7644859 ]
1.0449375;0.52852833;-1.5382426;[ 1.0916675   0.45288134 -1.6554172 ]
1.2071275;0.1228679;-0.4961396;[ 0.89654964  0.05962902 -0.57378596]
1.1189803;1.1051211;0.42589682;[0.80822766 0.8699762  0.19128953]
1.1179733;0.5257531;-1.3554485;[ 0.91392994  0.35977304 -1.3460308 ]
1.1623027;0.09142285;-0.62280184;[ 0.83708334 -0.01089271 -0.65861696]
-0.9772938;1.2518576;-0.048772667;[-0.9505209   1.1633114  -0.23949917]
-0.62027085;0.34607804;-0.06866598;[-0.5774236   0.29251987 -0.24569306]
1.0145512;-0.33314914;-0.86567795;[ 0.7881201  -0.33837372 -1.0948385 ]
-0.2001235;-0.08523947;-0.023897614;[-0.01876339 -0.0571078  -0.21464936]
1.1077985;-0.7235711;-0.8113754;[ 0.8589183  -0.70302594 -0.93631953]
-0.18010612;0.10087399;-0.07580212;[-0.06699826 -0.03138947  0.03051874]
-0.32040358;0.5138524;0.22737788;[-0.10025094  0.33191067  0.01042954]
-0.7183149;0.49861628;-0.34231842;[-0.6022122   0.4176594  -0.05247087]
-0.38548148;0.49506533;0.43568182;[-0.18786205  0.4189219   0.13849442]
-0.34410894;-0.35512716;0.30368298;[-0.23302333 -0.2991737  -0.05653753]
-0.49774218;0.79374593;-0.50351995;[-0.34379542  0.63241214 -0.49733013]
-0.86895615;1.6725663;-0.79384863;[-0.8342954   1.489168   -0.84900475]
-1.6965185;2.5722663;-1.5866992;[-1.6171104  2.3552976 -1.3656398]
-0.84389514;1.6552893;-0.5827136;[-0.8189174  1.4676982 -0.6399897]
-0.9364241;1.6762989;-0.51790106;[-0.87405074  1.4904374  -0.5953677 ]
-0.71332216;0.82880265;-0.06510982;[-0.6658789   0.6971453  -0.11781903]
-0.46403754;-0.044951722;-0.06627445;[-0.367679   -0.06837669 -0.0904099 ]
-1.6601588;2.271257;0.25290662;[-1.5324122   2.096181    0.17979081]
-0.8705267;1.3944322;-0.01650143;[-0.81438005  1.2713503  -0.11616394]
-0.905911;1.4697655;0.27024254;[-0.91703784  1.3365732   0.14969294]
-0.62174565;0.5646438;-0.014027823;[-0.5711514   0.5375328  -0.09704888]
-1.3820971;2.1152894;-0.6223626;[-1.3967687  1.9662758 -0.6327277]
0.9964064;1.4179069;-2.931581;[ 0.8846593  1.148646  -2.3751023]
-0.8153863;1.2231718;-0.2965358;[-0.8125689   1.1137829  -0.31151396]
-0.9814332;1.2521306;-0.2292077;[-0.9591211   1.2132453  -0.23488837]
0.85584587;0.13971886;-0.62098753;[ 0.5517775   0.01114239 -0.6430969 ]
-0.55657583;0.367298;-0.58892214;[-0.41489458  0.29773998 -0.5357506 ]
0.87533665;-0.29328245;-1.5932629;[ 0.8613108 -0.3067152 -1.4475151]
0.11605185;0.5525451;-0.27669662;[ 0.18984215  0.4274956  -0.29532835]
0.06874175;0.5962938;-0.18357243;[ 0.07545999  0.42320842 -0.09037787]
-0.16661264;-0.31679946;-0.51236343;[ 0.0721041  -0.38743472 -0.53054374]
-0.773889;0.8486958;-0.1299533;[-0.6717969   0.72452813 -0.19092041]
-0.56393903;0.8416675;-0.43235654;[-0.3776521   0.6384195  -0.46568108]
-1.1751744;1.7720715;-0.14895463;[-1.0047716   1.5864686  -0.24731429]
-0.90110666;1.7268089;0.08345854;[-0.92724526  1.4887208   0.00470768]
-0.95750445;1.7063849;-0.5156327;[-0.9246434  1.5044695 -0.7232762]
-0.43642217;0.42648268;0.823434;[-0.3269744   0.35779947  0.57226276]
-0.6291559;0.8756564;-0.22141215;[-0.5379517   0.70268774 -0.19667238]
-1.1829156;1.8012272;0.73879004;[-1.0999658  1.6786393  0.5641425]
2.8012772;0.9264812;1.1414793;[2.7081475 0.77589   1.2308003]
2.5901508;0.40942013;1.0697829;[1.9534973  0.42010176 1.1474938 ]
-0.77826154;1.6156605;0.12043987;[-0.72097296  1.4257026  -0.01070437]
-0.8701904;1.1216749;-0.03030866;[-0.9175148   0.9503933  -0.12944156]
-0.8831499;0.76673263;0.8600999;[-0.7958915  0.6740558  0.6166048]
-0.83141226;-0.118845105;0.60597456;[-0.90664124 -0.02204128  0.527608  ]
0.6864713;-0.41140276;-1.1536825;[ 0.76074004 -0.431601   -1.0538901 ]
-0.30606234;0.5365436;0.21013;[-0.30798548  0.3731835  -0.00046859]
0.15757352;1.0920023;-0.61467874;[ 0.05089268  0.8290479  -0.6361587 ]
0.10806688;1.3879629;0.26769412;[8.6958706e-04 1.1544272e+00 1.5909529e-01]
0.7538504;0.97979385;0.12557513;[0.510085   0.71745646 0.02058231]
0.4585207;-0.0038091391;-0.3596501;[ 0.5922304  -0.11378337 -0.42020962]
0.06244296;0.49693924;-0.45759523;[ 0.05777967  0.34966433 -0.17646809]
0.82735866;0.07860407;-0.316764;[ 0.6560841  -0.00346443 -0.2431542 ]
0.98506874;0.676506;0.3603662;[0.7686979  0.56856096 0.15505041]
-0.21961118;0.16536824;-0.86283845;[-0.29375458  0.03231056 -0.890492  ]
0.68596655;0.23302108;0.10907644;[0.55664974 0.17999537 0.02495974]
0.7809124;-0.41297442;-1.0702119;[ 0.64834183 -0.40543163 -1.0142546 ]
0.36105096;-0.85699064;-0.4511388;[ 0.4478924 -0.8590604 -0.5289333]
0.34243196;-0.8400269;-0.5249356;[ 0.5714853 -0.8685033 -0.5743688]
-0.039048687;-0.6707118;-1.0200373;[ 0.0044495 -0.6717675 -1.0025375]
0.045389;-0.40053862;-0.48023742;[ 0.10692901 -0.4446895  -0.30410042]
0.6071047;-0.79019386;-0.45244277;[ 0.62047327 -0.75232637 -0.44603023]
-1.1064445;1.6300279;0.4785783;[-1.0628656   1.5268953   0.37295166]
-0.86909133;1.6964468;-0.90717465;[-0.8841262  1.4910504 -0.991616 ]
-0.831452;1.6918732;-0.736799;[-0.81289613  1.4936315  -0.775759  ]
-0.6090673;0.8435696;-0.14826034;[-0.57891494  0.7013651  -0.25705028]
-0.31428182;-0.011498973;-0.16011319;[-0.312658   -0.06388783 -0.25405973]
-0.19064362;-0.049679175;-0.509235;[-0.10898094 -0.09641613 -0.49368978]
-0.47621018;0.78815156;-0.37331188;[-0.2974332  0.642942  -0.3822334]
-0.42409426;-0.07753967;-0.25889882;[-0.35486507 -0.08701251 -0.29752442]
-0.8378623;1.6520647;-0.46583605;[-0.80855703  1.4816681  -0.59139925]
-0.81307095;1.6497508;0.051531;[-0.8090997   1.4527332  -0.04799969]
-1.201676;1.7049158;0.015386146;[-1.0008131   1.5307072  -0.23178978]
-0.8542476;1.3521698;-0.4581684;[-0.85321486  1.1489984  -0.49198997]
-0.53553754;-0.44984275;-0.7071221;[-0.35142767 -0.35726166 -0.68467635]
-0.64987004;1.3225336;-0.8211325;[-0.6859685  1.1171163 -0.7244249]
-0.6848547;0.8954529;-0.20655957;[-0.5446589   0.75487876 -0.11372195]
-1.1340536;1.3976142;-0.06917323;[-0.9427371   1.209109   -0.15708624]
-0.7179385;0.95060986;0.18686186;[-0.6600571   0.7930026   0.09111543]
-0.61657745;0.5050961;-0.023128074;[-0.5559504   0.39399368  0.0160272 ]
-0.4504761;0.042194247;0.04171598;[-0.32495952  0.02901583  0.02114314]
-0.27113277;0.026655808;-0.20837653;[-0.05072559 -0.03868666 -0.156438  ]
0.9269912;0.52858096;-1.6817718;[ 1.0569037   0.45496786 -1.6706825 ]
1.0746739;1.10858;0.19966292;[0.8170328  0.8714695  0.13242249]
1.2309568;0.17849782;0.32291588;[ 0.91593784  0.13778386 -0.010188  ]
-0.9718186;1.2500771;-0.17274645;[-0.93572176  1.1456245  -0.32578287]
1.0409197;0.57144207;-1.0549048;[ 0.8612926   0.38970405 -1.1869583 ]
0.9867425;-0.34092867;-0.91797614;[ 0.7829236 -0.2995001 -1.1080654]
-0.79756564;0.9765241;1.0744445;[-0.9267701  0.8684448  0.7941759]
0.17935771;0.5622392;-0.14437747;[ 0.22709155  0.4180826  -0.23953904]
-0.09048872;-0.30491173;-0.44564623;[ 0.00318077 -0.40790397 -0.4766739 ]
0.20257483;0.5641108;-0.093652725;[ 0.21272902  0.43400806 -0.26211095]
0.06608403;0.17849009;0.670948;[0.08586316 0.19744782 0.2761136 ]
0.14216761;0.6121604;-0.077065855;[ 0.08113156  0.4330368  -0.16473784]
0.06675528;0.28166905;0.8136583;[-0.04516034  0.22694807  0.56111354]
0.1858571;-0.33443868;-0.17075762;[ 0.2016449  -0.35989213 -0.32418075]
-0.51653206;0.8210333;-0.56425464;[-0.3303327   0.64532936 -0.609142  ]
-0.87030965;1.7049818;-0.7510341;[-0.8678019  1.482637  -0.8745358]
-1.2177802;1.7553612;-0.0039479956;[-0.97957456  1.539935   -0.27019426]
-0.609737;0.85059744;-0.030772451;[-0.58627486  0.71047544 -0.18030116]
-1.7091566;2.603213;-1.2455974;[-1.6417727  2.35044   -1.3763412]
-0.44690704;0.82481116;-0.42565024;[-0.3264395  0.6597274 -0.5338886]
-0.7676842;0.9533739;-0.37473202;[-0.7243726   0.7702427  -0.38995066]
-0.6495728;0.85621375;-0.17113635;[-0.55870247  0.6727692  -0.3124821 ]
-0.120514914;-0.02224321;-0.38744572;[-0.07006778 -0.10241547 -0.42219618]
-0.57141864;0.84478074;0.6042321;[-0.43503475  0.6912512   0.5165319 ]
-0.54223865;-0.47091883;-0.6705229;[-0.4002208  -0.3754552  -0.58575886]
-0.5755862;0.81643456;0.6680726;[-0.536295   0.6741935  0.5533566]
-0.18079169;0.79967964;0.18351561;[-0.18030213  0.6351718   0.10839345]
-0.571355;0.8632671;0.31611344;[-0.52549237  0.72067773  0.26294506]
-0.24569671;-0.032239996;-0.070694596;[-0.556692   -0.03613852  0.08098172]
-0.4500351;0.3541776;-0.37602475;[-0.2815916   0.24666314 -0.49528912]
-0.55537885;0.7274576;0.2854573;[-0.48222136  0.620392    0.11947389]
-1.6803752;2.4959629;0.72066665;[-1.5733482   2.2454689   0.50612646]
-0.52828324;0.72735435;0.032753665;[-0.5194414   0.6594852   0.03204479]
-0.7540477;0.7568961;-0.11660007;[-0.8251356   0.76869184  0.05865132]
0.13042954;0.20833223;-0.76687217;[ 0.21314514  0.07621303 -0.704469  ]
0.65955204;0.11592823;-0.07092643;[ 0.62937284 -0.00745516 -0.12329543]
0.7878257;-0.40452468;-1.0743216;[ 0.87389994 -0.39168888 -1.0426085 ]
0.19500573;-1.251506;-1.2386923;[ 0.1936445 -1.1976744 -1.1964697]
0.10426736;1.3902172;0.28009933;[0.01472579 1.1417462  0.19503854]
0.19985852;0.50788397;0.12832725;[0.18199164 0.35491014 0.01486908]
0.62130594;0.20504916;0.18042135;[ 0.60961485  0.13812773 -0.03086865]
0.83468014;0.13565555;0.5173841;[0.93211544 0.06677446 0.04621598]
0.11137183;0.24880078;-0.6060326;[ 0.14914414  0.12804842 -0.6597584 ]
0.110357076;-0.3585418;0.24285616;[ 0.04397118 -0.34708637 -0.10907757]
-0.29048944;0.230269;1.2812972;[-0.33601642  0.2384258   0.91764766]
0.17550099;-0.39062738;-0.05697221;[ 0.14976767 -0.43936628 -0.22638972]
-0.8675961;1.6978725;-0.87591726;[-0.88201356  1.4923602  -0.9817305 ]
-0.61945635;0.84805787;-0.122606546;[-0.51889485  0.6439327  -0.23366742]
-0.43774945;0.8240581;-0.56895316;[-0.30011314  0.65641904 -0.58489686]
-0.82626367;1.7038869;-0.7100349;[-0.8094553   1.4996337  -0.77737504]
-0.6073523;0.84750897;-0.05010199;[-0.5781304   0.66687834 -0.15446432]
-0.9063018;0.90370125;-0.5340733;[-0.91418827  0.7503582  -0.32957885]
-0.84092987;0.8447442;-0.40372092;[-0.89126396  0.72759795 -0.18679276]
-0.057528466;-0.034188576;-0.49791586;[-0.08993255 -0.08076817 -0.44915262]
-0.6153304;0.62843186;-0.068614885;[-0.50894046  0.50262004 -0.13910781]
-0.6072749;1.0052667;-0.09505573;[-0.56569344  0.84123254 -0.173722  ]
-0.84001136;1.4406153;0.032472014;[-0.8178245  1.2726914 -0.0601355]
-1.1298271;1.4977255;0.15900955;[-1.026836    1.3857064   0.05744303]
-0.5677571;0.6158174;-0.03355394;[-0.5561143   0.5463116  -0.11007763]
-0.847397;0.67635965;-0.24599731;[-0.85340214  0.62294793 -0.1635259 ]
-0.47982377;0.5762718;-0.14702743;[-0.295201    0.46358055 -0.1897826 ]
0.116233885;0.53208715;0.01279141;[ 0.24705979  0.43644816 -0.07829015]
0.48988074;0.9588547;0.017548587;[ 0.4654696   0.8283577  -0.03011009]
0.5779256;0.6475678;0.3685007;[0.55590254 0.5903045  0.14514022]
0.48791564;0.105816096;0.08528019;[ 0.4326346  -0.01819676 -0.05402862]
0.60554916;0.29565454;0.34048414;[ 0.31969127  0.15953827 -0.00435632]
0.63503236;-0.22982238;0.1901317;[ 0.6147697  -0.24966569 -0.04516289]
-0.6249676;0.82695997;-0.15827347;[-0.50176036  0.5940405  -0.28066972]
-0.6382774;0.85172075;-0.08817284;[-0.5166491   0.62886274 -0.23209144]
-1.2179321;1.7449936;-0.06842627;[-0.98989034  1.5591129  -0.34775355]
-1.7186171;2.1457255;-1.2921367;[-1.6736553  2.0081308 -1.413853 ]
-0.6551495;0.90290815;0.49980962;[-0.3793248   0.75575244  0.37874612]
-0.61129;0.3450737;-0.10807879;[-0.48633236  0.22722614 -0.27562475]
-0.59159446;-0.49624544;-0.4023711;[-0.4311236  -0.45795876 -0.44653141]
0.6560026;-0.34463215;-0.466704;[ 0.48722994 -0.39717776 -0.502332  ]
0.6480244;-0.29037118;-0.6984287;[ 0.443933  -0.3740083 -0.6864895]
1.480374;-0.8708926;-0.7885183;[ 1.1768235  -0.94431365 -0.82352364]
0.95985764;1.18359;0.12955499;[0.8751026  0.9663154  0.03346885]
0.15977442;0.5755094;-0.120206475;[ 0.08323365  0.35884988 -0.27337816]
0.015918836;-0.29461205;-0.44598013;[ 0.03971203 -0.4040423  -0.4904815 ]
0.14598902;-0.30266726;-0.053376194;[ 0.18775286 -0.35407805 -0.1992616 ]
0.79849803;0.32121986;0.086319074;[ 0.62429684  0.17873979 -0.08740377]
0.20229706;-0.71652275;-0.12271322;[ 0.20614155 -0.70791906 -0.35603788]
0.119155675;1.1750151;0.01754073;[ 0.0202737   0.9504136  -0.08280964]
0.113011986;0.30716312;-0.12224463;[ 0.12094096  0.25208214 -0.12298377]
0.6526563;0.27654958;0.8461591;[0.35114092 0.24058396 0.84606344]
0.11745457;0.23987944;-0.14779155;[ 0.18681923  0.19460316 -0.21537025]
1.265278;0.7206076;0.019603357;[ 0.9232905   0.5423271  -0.21728636]
-0.75930935;0.9738657;-0.24642837;[-0.71834004  0.8538717  -0.39466986]
-0.9535994;0.94649875;-0.11757353;[-0.9478446   0.97307676 -0.185231  ]
0.9664053;0.25281477;-0.81229395;[ 0.8722451   0.22746874 -0.93105304]
1.0210437;-0.57625026;-1.3889997;[ 0.832189  -0.6353197 -1.4165721]
0.9800289;0.22241955;-1.0248237;[ 1.0075595   0.25257352 -1.0088112 ]
-0.5358815;-0.0032047778;-0.4938509;[-0.47044927  0.06884556 -0.5730385 ]
1.0498393;1.0678065;0.119660944;[0.89736086 0.87387574 0.07064538]
-1.0020417;1.2277066;-0.1802726;[-0.92895293  1.1460773  -0.30585387]
-0.7873743;0.9019932;0.9485474;[-0.95974517  0.87229943  0.54910046]
0.9492308;-0.3409298;-1.0469369;[ 0.7530034 -0.4001646 -1.1104311]
-0.4429555;-0.336833;-0.6508839;[-0.22149305 -0.42015862 -0.33273533]
0.18876296;0.25395355;0.33375114;[0.16687852 0.16006926 0.13972926]
-0.48290014;0.8199298;-0.50947297;[-0.33572757  0.64075214 -0.5476747 ]
-1.2212172;1.7553347;0.02572215;[-1.0012981   1.5527579  -0.31215802]
-0.665445;0.85170835;-0.08964965;[-0.6122549   0.6894995  -0.26613414]
-0.87377805;1.7381446;0.071722746;[-0.8529767   1.4295918  -0.05968067]
-0.64007527;0.8522102;-0.20533672;[-0.5738324   0.60266924 -0.2393672 ]
-0.3456174;0.016241424;-0.14801413;[-0.28642243 -0.08513109 -0.22469391]
-1.6859443;2.3097255;0.26080477;[-1.522084    2.0778334   0.19825463]
-0.57663214;0.60356355;0.0013454072;[-0.46961766  0.4295289  -0.16615038]
-0.49323624;-0.23291679;-0.4471296;[-0.45936233 -0.26247132 -0.41540802]
-0.5373707;0.5464181;-0.15496302;[-0.2996027   0.44203037 -0.22027974]
0.6125526;1.1335285;-0.18313926;[ 0.5843616   0.8645863  -0.13105395]
0.946738;0.67442995;-1.3384321;[ 0.989607   0.4389451 -1.2733941]
0.038300574;0.61747307;-0.25955865;[ 0.05032824  0.3668865  -0.19783276]
0.3921486;0.82327294;0.6916907;[0.33809388 0.6639812  0.1892734 ]
0.7182556;0.3489275;0.48022556;[0.9245702  0.27198154 0.14301726]
0.6315631;0.30144304;-0.062606186;[ 0.5135641   0.11286917 -0.15626232]
0.53713584;0.37544537;-0.4655993;[ 0.4106766   0.2005816  -0.50458944]
0.9332484;-0.1955313;-0.7351585;[ 0.9500165  -0.3301934  -0.93739504]
0.17994726;0.63920224;-0.10264759;[ 0.08856954  0.45768392 -0.11823659]
0.6518463;0.2690065;-0.2404733;[ 0.6500332   0.17222786 -0.2027453 ]
0.924195;0.6767436;-1.2511457;[ 0.8856496   0.51230127 -1.2041208 ]
-0.77356017;0.9206013;-0.8564037;[-0.72767115  0.7304914  -0.9409694 ]
0.84804267;0.23193704;-2.0083323;[ 0.841681    0.03037347 -1.8209587 ]
-0.9284932;1.3386748;0.36962295;[-0.9402909   1.3375813   0.13378344]
0.88430417;0.7274115;0.24557307;[ 0.805852    0.57595223 -0.12870216]
0.89511067;-0.17965232;-1.3920324;[ 0.7968703  -0.25338495 -1.3585136 ]
0.7649691;-0.6116214;-1.9793098;[ 0.7534872  -0.71913844 -1.9152014 ]
-0.7555023;1.7536621;0.4002755;[-0.7304205  1.5873154  0.154716 ]
-0.40952784;0.87084544;0.26392496;[-0.40029     0.789309    0.00699835]
-1.5728828;2.6541274;0.62996566;[-1.2480794   2.4762053   0.33006623]
-0.76653564;2.2365773;0.42638204;[-0.67873067  1.9721743   0.3436788 ]
-0.9314974;2.2601519;0.9358641;[-0.94256544  2.031615    0.7382496 ]
0.07802579;0.5345723;0.038499475;[ 0.22002104  0.45696914 -0.01490079]
0.12319924;0.108127415;-0.20076615;[ 0.20535378  0.02804258 -0.18595393]
-0.11218162;-0.33460224;-0.49311018;[-0.01246819 -0.33641303 -0.47197443]
-0.19821028;-0.3165362;-0.08031277;[ 0.07488367 -0.33903003 -0.2215987 ]
0.56419134;0.05376721;-0.045625996;[ 0.53250635  0.07912664 -0.05788998]
1.6277518;-0.0004440695;-0.25565267;[ 2.03626   -0.1659135 -0.7751541]
0.49127752;0.5270967;-0.012836594;[ 0.4121234   0.4104461  -0.05498053]
0.22741494;0.5854574;0.5122679;[0.19954857 0.49413747 0.3069977 ]
13.239429;-0.109704494;4.8343773;[15.779284   -0.05839051  6.3332586 ]
-0.082807064;0.5506306;0.2250445;[-0.04941545  0.47430915  0.11043954]
1.445974;-0.8264883;-0.3674023;[ 1.9582647 -1.0192604 -0.9060617]
-0.8695141;1.691532;-0.4471389;[-0.82848835  1.4934586  -0.65346974]
-0.43674082;1.2738484;-0.04330692;[-0.315094    1.0298903  -0.02744583]
-0.15416203;0.39771235;-0.21182722;[ 0.00967348  0.26827687 -0.21391518]
-0.87434393;1.6987532;-0.45262897;[-0.8470483  1.5097593 -0.6051751]
-0.420748;1.2841688;0.02084874;[-0.3625307   1.0803574   0.02876535]
-1.1856254;1.7317846;0.31879547;[-0.99680924  1.529276   -0.05777725]
-0.87822783;1.2826442;-0.38320115;[-0.85160375  1.1239537  -0.59776974]
-0.5095063;0.3973167;-0.4973039;[-0.36144596  0.2978022  -0.41768506]
-0.50728047;-0.47135526;-0.6224761;[-0.3901204  -0.37888545 -0.54718053]
-1.7046614;2.1833806;-0.5319241;[-1.6420387  1.9855795 -1.036768 ]
-1.1862518;1.8445752;0.77798533;[-0.83034563  1.5946838   0.5957939 ]
-0.5655501;0.8530485;0.25370958;[-0.4081301   0.7053937  -0.00476198]
-0.66608053;0.4168957;-0.39711675;[-0.509076    0.27325448 -0.30758274]
-0.5277596;0.87836236;-0.15565728;[-0.33990985  0.7381265  -0.18233368]
-0.6930415;0.4158734;-0.4742831;[-0.54019636  0.3965729  -0.48455188]
-0.6674457;0.4343902;0.16381028;[-0.56598413  0.33969182  0.09435426]
-0.5109246;-0.004341334;0.51621485;[-0.31297964  0.07938643  0.14946748]
0.95150095;-0.34448087;-1.5305234;[ 0.83858615 -0.34039134 -1.4529737 ]
1.0121474;1.3688194;-1.6542054;[ 0.84956706  1.1048138  -2.235309  ]
-0.899674;1.69371;0.6813368;[-0.9250629   1.5886759   0.41572377]
-0.72108704;0.2957198;0.08712758;[-0.6472927   0.32404536 -0.08753712]
-0.5451641;0.30752242;-0.35540837;[-0.42080075  0.22505148 -0.4293494 ]
0.98138714;0.6762298;-1.1706457;[ 0.981259   0.4721629 -1.1337236]
0.12951753;0.58304626;-0.07370597;[ 0.11096135  0.42732298 -0.24155359]
0.19102472;0.6240012;0.08829959;[ 0.07274698  0.46333897 -0.02009124]
0.5274091;0.3581589;-1.4491713;[ 0.66322315  0.19241464 -1.4613491 ]
0.71113235;-0.049307443;-0.9379322;[ 0.65616906 -0.12036385 -0.9009524 ]
0.08014468;-0.2424172;-0.6173807;[ 0.02345531 -0.273337   -0.61352056]
0.62395;-0.86067754;-1.5682981;[ 0.68278825 -0.93669486 -1.4241558 ]
0.042866692;-0.04260055;-0.46543288;[ 0.05803311 -0.12867923 -0.36386672]
-0.8179563;1.3088129;-0.06886196;[-0.73148847  1.1837231  -0.26055914]
0.78516036;0.64553994;-0.71573436;[ 0.72617245  0.45574623 -1.0068003 ]
-0.57596904;0.44287413;-0.7883328;[-0.48502678  0.36772257 -0.7382398 ]
-1.37843;2.207873;0.17201899;[-1.2982097   2.028147   -0.25520256]
0.8762587;1.5032467;-1.5693731;[ 0.9879865  1.2431357 -2.0383039]
0.8374759;0.5971491;-1.4049468;[ 1.0209373  0.5406706 -1.7351116]
0.681485;0.6660341;-1.0802505;[ 0.6878786   0.47169018 -1.3436694 ]
-0.80952936;1.8092408;0.101226814;[-0.79455686  1.5960034  -0.08887932]
0.9307229;0.65926385;-0.52657354;[ 0.66342     0.43216473 -0.3307432 ]
-0.44848895;0.9001308;-0.09903419;[-0.39194804  0.7171706  -0.3268968 ]
0.78776187;0.618748;-2.1085584;[ 0.77516973  0.4359575  -1.851005  ]
-0.5595014;0.42973787;-0.746457;[-0.48841202  0.3518775  -0.7441154 ]
1.0470673;0.7105412;-0.06387892;[0.6546381 0.5102726 0.0499095]
0.78813547;0.2946872;0.039168816;[ 0.6515145   0.20809893 -0.21957172]
0.7389911;0.28302604;0.2958076;[ 0.5204557   0.18570434 -0.05596723]
0.7082199;-0.19215111;-1.0091939;[ 0.70238715 -0.23602752 -1.1423864 ]
0.7558099;-0.24324985;-0.69871294;[ 0.62653035 -0.26401812 -1.0326203 ]
-0.7826783;0.4923097;0.51239264;[-0.87625456  0.5048059  -0.02730636]
0.7591718;-0.23251046;-1.2687815;[ 0.9812613 -0.2251075 -1.4158584]
0.112913676;0.6216878;-0.22974113;[ 0.2009019   0.4840386  -0.23694398]
0.13866378;1.5139201;-0.14545314;[ 0.0758124   1.2756132  -0.22685808]
0.07091628;0.6085479;-0.29150915;[ 0.14343971  0.46175766 -0.3842844 ]
-0.16356526;0.6940058;-0.026317198;[-0.08811124  0.51751447 -0.24713722]
-0.11178106;1.1088675;-0.37320456;[-0.01171975  0.8492311  -0.2638106 ]
-0.10507424;-0.2028585;-0.15001394;[ 0.08158442 -0.24433194 -0.31406662]
-0.14773454;-0.2100447;0.29119688;[-0.01496391 -0.22038545 -0.19962107]
-0.860146;1.7712332;-0.39818668;[-0.85749257  1.5178438  -0.64992577]
-0.56061214;0.8891894;-0.66690385;[-0.43257976  0.69633436 -0.5201412 ]
-0.6070437;0.92482024;0.12164785;[-0.62149376  0.72152746  0.0559686 ]
-0.85474724;0.9650548;0.6554986;[-1.028289    0.78191996  0.29053107]
-0.2229894;0.4189226;-0.25533608;[-0.04933836  0.25981432 -0.31314173]
-1.6911069;2.6703908;-0.6000914;[-1.6389023  2.3589928 -1.1415318]
-0.64108133;0.91340894;0.17551109;[-0.6540217   0.7077327  -0.15424643]
-0.79312104;1.7876592;-0.58521473;[-0.7220675   1.5203372  -0.58957225]
-0.33165306;0.023388982;-0.6625995;[-0.31238115 -0.07473435 -0.64648783]
-0.38285685;0.09534833;-0.03173552;[-0.30802345 -0.07199842 -0.12856564]
-0.31901348;0.06504837;0.046871707;[-0.23594438 -0.06597974 -0.11388902]
-0.41864604;-0.39774114;0.082698405;[-0.30344558 -0.36569005  0.0175164 ]
0.6783206;0.62114614;0.099705696;[ 0.5966281   0.39182538 -0.06198913]
0.19185868;-0.09157698;0.0030842423;[ 0.00909545 -0.19054453 -0.42810422]
0.2389367;0.17612675;0.34435633;[0.14106567 0.07043859 0.1197882 ]
0.67725056;-0.23906635;0.24842024;[ 0.5290415  -0.33956265 -0.08766881]
0.09628811;-0.14296578;-0.43816024;[ 0.12413255 -0.19134128 -0.44212362]
0.68148607;-0.28043282;-0.045261603;[ 0.68901175 -0.3173297  -0.18732749]
0.6373705;-0.7464722;-1.0468503;[ 0.8302727  -0.73500365 -1.0024039 ]
-0.4321112;0.9345265;-0.028364938;[-0.30090427  0.7120037  -0.06309409]
-0.884661;1.3778275;0.64251477;[-0.93474996  1.2099475   0.34969994]
-0.6016911;1.512983;1.0560145;[-0.64817184  1.2397245   0.7546331 ]
-0.5569853;0.5261259;0.19246173;[-0.48985893  0.379494    0.039829  ]
-1.674698;1.8311313;-0.27174214;[-1.6048028  1.6213433 -0.6711454]
-0.7573961;0.91387564;0.73718274;[-0.78268754  0.72082293  0.46153238]
-0.7395531;0.94122714;-0.51074433;[-0.6561111   0.75709724 -0.44827083]
-0.39247423;0.49257928;0.21102455;[-0.28517663  0.35605866  0.05838871]
-0.49845552;0.54101455;0.86303735;[-0.5026855   0.45785862  0.522216  ]
-0.2782203;0.495337;0.5518547;[-0.15257408  0.33754456  0.21163803]
-0.4988442;-0.02379416;-0.3178563;[-0.3273021  -0.04738553 -0.17786819]
-0.45661175;0.6082911;0.06686391;[-0.39157522  0.48008388  0.03428409]
-0.55757314;0.167198;-0.29024023;[-0.41726607  0.17400172 -0.3070078 ]
0.1645594;1.064369;0.26102605;[0.08731636 0.86602664 0.18223059]
0.96639097;0.12536895;-1.1847749;[ 0.8363324  -0.01117834 -1.1373514 ]
-0.11983031;0.65329754;0.4225726;[-0.19091     0.48595202  0.27005327]
0.058199853;0.6436418;0.19521542;[0.03545873 0.4445399  0.06598315]
0.92259365;-0.28313786;-0.9775268;[ 0.7266857  -0.32968605 -0.925373  ]
0.4875865;0.34823716;0.13870831;[ 0.30649436  0.23056228 -0.04376275]
-0.03516528;-0.15774974;-1.041272;[-0.01236393 -0.2542748  -1.1447433 ]
-0.05166267;0.6940364;0.51584727;[-0.02680816  0.5057038   0.42664847]
-0.22162922;0.30036026;0.0038264245;[-0.0762073   0.23041068 -0.08661732]
0.7647078;-0.23692904;-0.39443946;[ 0.6012091  -0.30185604 -0.45563725]
0.22037596;0.19853944;0.24015191;[0.00858864 0.15873808 0.2531816 ]
0.01369334;-0.14085305;-0.31002492;[ 0.00179391 -0.21737488 -0.46942794]
-0.036938593;-0.1986622;0.5848972;[-0.21619807 -0.16222686  0.22533964]
-0.20972528;-0.6524078;-0.37785912;[-0.14647491 -0.65722895 -0.10544321]
0.57849306;-0.6528855;-0.31316912;[ 0.56170315 -0.62141347 -0.39445683]
0.70962465;-1.1446446;-1.1267517;[ 0.70319676 -1.1080198  -1.0968536 ]
0.67242354;-1.088642;-0.5438313;[ 0.5366515 -1.0580418 -0.5280735]
-0.103303984;-0.9833228;-1.1601733;[-0.01866652 -0.9994471  -1.200236  ]
-0.8540713;1.3527081;-0.27425152;[-0.83843076  1.1598724  -0.4934183 ]
-0.4526047;0.9170889;0.12515649;[-0.3038811   0.70372444 -0.01388517]
-0.5347813;0.46804523;-0.5919297;[-0.44471776  0.32889706 -0.5088028 ]
-0.8347994;1.3483394;-0.28090575;[-0.8043257  1.1464432 -0.3972812]
-0.7530026;1.3607057;-0.5319112;[-0.6668725  1.1300675 -0.5740386]
-0.5231784;0.46867788;-0.47263873;[-0.44947988  0.31353956 -0.35067758]
-0.22982983;0.028071154;-0.18800709;[-0.07056762 -0.029982   -0.15419434]
-1.6646485;2.0084028;0.6828802;[-1.5429022  1.8346503  0.3279496]
-0.86463875;1.1090242;0.49074498;[-0.8516365   0.9730252   0.19098307]
-0.46116734;-0.38082087;-0.17201774;[-0.39650208 -0.38930327 -0.42044783]
-0.5233541;0.27086037;0.6692925;[-0.48208475  0.21298508  0.33158663]
-0.43455362;0.715066;0.40293682;[-0.39813304  0.5504022   0.15264328]
-1.7003082;2.2327218;-0.50017667;[-1.654034   2.0222306 -1.1171647]
-0.8648781;1.3475341;0.5791294;[-0.9311782   1.170132    0.36511913]
-0.58908325;0.89769053;-0.06476419;[-0.5186542   0.702543   -0.02790933]
-0.675616;0.45891792;-0.42446437;[-0.5970784   0.30317593 -0.39445013]
-0.7172237;0.96096355;0.5141589;[-0.7203573   0.7740606   0.45229787]
-0.86313206;1.3337411;-0.34223118;[-0.8752649   1.1569234  -0.65142244]
-0.5092421;-0.4667899;-0.320905;[-0.52447104 -0.5238063  -0.24280576]
-0.5085719;-0.43763113;-0.56857514;[-0.41838497 -0.43139237 -0.48906004]
-0.72741467;2.212088;-0.22787553;[-0.58236337  2.0141022  -0.2910361 ]
1.6157092;1.3119287;-2.00533;[ 1.7130117  1.039552  -1.8221784]
-0.9790854;2.7331543;0.6704037;[-0.90019715  2.5700843   0.6354942 ]
-0.36751753;1.7693936;-0.048286777;[-0.27829254  1.6292769   0.00467671]
1.7923903;0.8077224;-1.2816408;[ 1.8811382  0.6886582 -1.3377503]
-0.5483219;1.2447474;-0.4171067;[-0.45317852  1.1379968  -0.4911151 ]
1.4046274;0.18866166;-1.9554596;[ 1.5161091   0.15231292 -1.9881107 ]
0.8268945;1.9080322;-0.5667364;[ 0.6795952   1.5146064  -0.79029363]
0.9082741;1.5113157;-0.7025274;[ 0.86379135  1.164235   -0.5545661 ]
0.44947916;1.5711333;-0.21417731;[ 0.53492117  1.2024108  -0.20737366]
0.7328723;0.54602885;-0.8872099;[ 0.7115675   0.37579668 -0.78654474]
0.34585533;1.1183561;-0.77256227;[ 0.14990845  0.9095385  -0.6929737 ]
1.5162686;0.054970875;-1.6000477;[ 1.6127985  -0.11985259 -1.5202794 ]
0.141177;0.7821433;0.07149257;[-0.08958705  0.6336457  -0.1370898 ]
0.505883;0.0512634;-0.70319784;[ 0.65295035 -0.13679376 -0.79308474]
0.97409284;-0.4497037;-1.1970124;[ 0.9227042 -0.5087373 -1.2255145]
0.40267378;0.20418055;-0.66412497;[ 0.33320266  0.12280418 -0.6153839 ]
0.8904616;-0.46863896;-1.5760514;[ 0.97275853 -0.5304185  -1.4296752 ]
0.587459;-1.3088216;-2.155241;[ 0.71705496 -1.3434796  -1.9840403 ]
-0.33459032;-0.51092833;-0.15845574;[-0.19110195 -0.5429261  -0.17101158]
-0.33675897;-0.5319264;-0.24424857;[-0.09517802 -0.6943466  -0.32511228]
0.051943135;0.53767735;0.0956935;[0.11864284 0.38101095 0.01826139]
-0.18160154;1.4285934;0.22623318;[-0.13451089  1.1850528   0.1241615 ]
0.31462932;0.5464084;-0.5561517;[ 0.33049756  0.42866826 -0.2144651 ]
-0.78782254;0.5954203;-0.8326781;[-0.55645597  0.57241905 -0.53102857]
0.3218439;0.77526194;0.08894157;[0.35713094 0.57965326 0.09993522]
-0.40034676;0.23108567;-0.5508252;[-0.37266815  0.27378106 -0.31161022]
-0.22067113;0.5461819;-0.32149577;[-0.08938743  0.35819787 -0.27334672]
-0.388633;-0.3216654;-1.0277104;[-0.42429405 -0.3114246  -0.9460781 ]
-0.43909937;1.0927967;0.49444023;[-0.30199522  0.868561    0.44831157]
0.10492495;0.1758804;-0.021060448;[0.1110974  0.11634515 0.11788809]
0.094203874;0.805537;0.6111525;[0.14837489 0.593327   0.46746376]
0.49526387;0.23953216;0.029510492;[ 0.41956168  0.09819001 -0.06282224]
-0.13568507;-0.6857602;-0.641487;[-0.1373161  -0.6927597  -0.64255047]
-0.46859348;-0.26265764;-0.44801933;[-0.4116618  -0.13830027 -0.4381474 ]
0.29548985;-0.34421158;-0.5234793;[ 0.2855531  -0.3200643  -0.32178786]
0.30614552;-1.1585132;-1.0945065;[ 0.03497806 -1.1420814  -0.8210078 ]
-0.39029694;1.208131;-0.17183048;[-0.28622502  1.0043677  -0.05910552]
-0.5660314;0.74785584;-0.8427502;[-0.4348355   0.6177727  -0.64115626]
-0.6674616;1.289326;0.6187461;[-0.5750718  1.1861259  0.4547349]
-0.117103755;0.360534;-0.23145601;[ 0.02199177  0.25834766 -0.15757962]
-0.7012717;0.8217067;0.111411646;[-0.65761507  0.70092666  0.00333839]
-0.71018094;0.7770717;0.35228506;[-0.56911945  0.70762527  0.06923163]
0.7927019;0.124614805;-0.46901774;[ 0.74920654  0.04910914 -0.5277208 ]
0.9672707;1.3951906;-2.060336;[ 0.82545525  1.053177   -2.2455306 ]
0.8304977;0.95667857;-1.1797335;[ 0.6033131  0.7297743 -1.0384618]
-0.8943962;1.676611;0.63175225;[-0.93336713  1.5492252   0.32120118]
1.0361655;0.55763376;-0.65442604;[ 0.8211857   0.33664012 -0.48053217]
-0.5678188;0.33210427;-0.8556016;[-0.500808    0.30236858 -0.7970113 ]
0.77603424;1.0663127;0.030771647;[ 0.69657934  0.81482244 -0.13119866]
0.857963;0.101484075;-0.40513176;[ 0.58748174 -0.05074806 -0.48047972]
0.8969575;-0.33825266;-0.8275152;[ 0.7807562  -0.35260135 -1.0344152 ]
1.0135467;-0.35427892;-0.8096523;[ 0.79789364 -0.37554985 -0.6595721 ]
0.8708609;-0.34207457;-1.5447614;[ 0.8836794  -0.36048424 -1.5111169 ]
1.0447505;-0.7282718;-1.2496614;[ 0.9068558 -0.7591578 -1.2077851]
-0.17847387;0.5812029;-1.0017017;[-0.13966818  0.38020706 -0.7731561 ]
-0.14788528;1.1327585;0.406222;[-0.06808718  0.89898086  0.30286005]
0.8161636;0.324767;0.2852124;[0.56162316 0.23237117 0.11822361]
-0.5451463;0.39112836;-0.76200074;[-0.435834    0.30834928 -0.6189889 ]
-0.35551292;-0.029239595;-0.30966008;[-0.12073497 -0.00399497 -0.23459844]
-0.47433418;0.38051492;-0.527583;[-0.32692027  0.31692094 -0.4375727 ]
-0.5045232;-0.49304777;-0.6719674;[-0.36399412 -0.3764733  -0.61020696]
-0.9623069;1.258938;-0.2405543;[-0.8904437   1.1234194  -0.38381597]
-0.3226303;0.8392331;0.020453338;[-0.30091745  0.7141749  -0.04289444]
-0.7683317;1.2937981;-0.72837716;[-0.66743904  1.1061767  -0.6495076 ]
-0.58598965;0.8799555;-0.18185085;[-0.3569098   0.71780384 -0.16065036]
-0.7019439;0.3937592;-0.5307286;[-0.5081961  0.4053725 -0.5534588]
-0.65097;1.4160835;0.99742293;[-0.623883    1.2063016   0.69612473]
-0.6496131;0.9121426;0.74213004;[-0.5957304   0.78666294  0.5729292 ]
-0.79338473;1.2792243;-0.68240327;[-0.7387926  1.1590518 -0.5910355]
-0.77923626;1.2658073;-0.71315587;[-0.6668743   1.0958668  -0.61792713]
-0.74716276;0.42956442;-0.53806186;[-0.54842216  0.41040885 -0.5245672 ]
-0.6234984;0.94244355;0.7644619;[-0.419621   0.8237443  0.5075632]
-0.22135182;0.5186002;1.0194786;[-0.12887515  0.42061996  0.53257227]
-0.7156874;0.42774302;0.13483211;[-0.60112596  0.34769577  0.02504237]
-0.87467813;0.9105589;0.8831456;[-0.87536347  0.8278726   0.67083794]
-0.9807876;1.2491888;-0.012706559;[-0.8352144   1.0914448  -0.14505023]
-0.9542635;1.721239;0.91681695;[-0.9164802   1.5110892   0.77418476]
-1.2128228;1.2821516;0.17142329;[-0.98820865  1.1877841  -0.2057196 ]
-0.87269485;1.235195;-0.6788673;[-0.89563894  1.0995924  -0.8613869 ]
-0.61204875;0.36511505;-0.09531538;[-0.41769922  0.21596196 -0.13323706]
-0.8359085;-0.022659168;0.40191692;[-0.5601958  -0.04219433  0.26361713]
-0.3431899;0.8156506;-0.040993195;[-0.23683183  0.6516353  -0.07105157]
-1.577017;2.443385;0.060226623;[-1.343544    2.2759504  -0.21537288]
-0.91326314;2.0485342;0.7324836;[-0.91652846  1.9125472   0.5300942 ]
-1.0398108;1.5944797;0.28508845;[-0.9510037   1.4765095   0.18514663]
0.107177354;0.5559111;-0.041037913;[ 0.2642849   0.41843742 -0.16400778]
-0.3141759;-0.31135845;-0.92202675;[-0.15696408 -0.36727703 -0.8176687 ]
-0.07004289;1.4604746;0.07216453;[-0.02340795  1.2256312  -0.10830896]
0.5163555;0.98167497;-0.0019946098;[ 0.4795832   0.8298401  -0.08443606]
-0.66981757;0.58348805;-1.0389463;[-0.5433955  0.5291334 -0.7657868]
-0.4152574;0.12215404;-0.78121006;[ 0.05533504  0.02499367 -0.6075658 ]
0.35254687;0.5907533;0.47196501;[0.2839727  0.5038731  0.17234804]
0.1603423;1.0430951;0.09291024;[0.10396031 0.8258331  0.06964381]
0.6018231;0.12946257;0.18424617;[ 0.43902445 -0.00453722 -0.04289787]
0.680684;0.18924642;0.23019171;[0.45748836 0.00899034 0.0045427 ]
0.5154469;-0.75139993;-0.29716378;[ 0.4803794  -0.7593428  -0.44319534]
3.4801426;0.028809145;-0.20639366;[ 4.7000217  -0.14837278 -0.03511478]
-0.36079192;1.2918319;-0.18315937;[-0.26540023  1.0474948  -0.0995324 ]
-0.5669886;0.8402509;-0.8591385;[-0.44039643  0.663783   -0.686436  ]
-0.5351649;0.867142;-0.6634629;[-0.34349418  0.65592664 -0.69123805]
-0.082857355;0.43388635;-0.24037889;[ 0.10025792  0.272726   -0.15113463]
-1.1386467;2.281313;0.8409023;[-0.9764942  2.0167673  0.6431867]
-0.6545295;1.4257812;0.7499627;[-0.5286982  1.1848137  0.5253453]
-1.2081748;1.7544035;0.05065339;[-0.98671997  1.5503947  -0.27082938]
-1.7193123;2.1462376;-1.2298127;[-1.6746243  2.0079243 -1.4144015]
-0.8569836;1.2837267;-0.7110233;[-0.8613106  1.148822  -0.6419156]
-0.8206138;0.9719892;0.31985253;[-0.72269166  0.8285741   0.3187286 ]
-1.1527847;1.8196045;0.83147335;[-0.967703   1.6435031  0.5935461]
-0.80434;0.38250363;0.2743595;[-0.7137762   0.27175757  0.0323262 ]
-0.87511253;1.2479893;-0.7765798;[-0.9192568   1.0975941  -0.96309453]
-0.22652061;-0.0343087;-0.21484789;[-0.03473885 -0.02417086 -0.13012093]
-0.5920788;-0.49374592;-0.5550952;[-0.38897938 -0.43284708 -0.4851605 ]
-1.4022462;2.0983934;-0.7498811;[-1.4508916  1.9444062 -0.830593 ]
-0.94059616;1.7473048;0.6630788;[-0.9139117  1.5491128  0.3362268]
0.7589423;1.1026627;-0.014693636;[ 0.6826688   0.8371829  -0.13244712]
0.8832001;1.1283664;0.1769273;[ 0.7974749   0.8945136  -0.04149578]
1.2611173;0.18972015;0.31334728;[ 0.80336714  0.09405869 -0.01870439]
1.2166005;0.18173341;0.11798428;[ 0.8849643   0.14846668 -0.18928076]
-0.64590526;0.3484971;-0.21670061;[-0.48893058  0.25647962 -0.3755212 ]
-0.71051997;0.84939367;0.3817591;[-0.52389014  0.6909125   0.05331619]
0.66832125;0.19945332;-0.27655122;[ 0.5971328   0.07380389 -0.37755728]
0.1250979;1.509674;-0.29486793;[-0.11822541  1.2507954  -0.4133042 ]
0.6970974;0.74152917;-0.14053191;[ 0.5763571   0.5528358  -0.09883045]
1.3817456;0.28671706;-0.7819117;[ 1.2556583   0.05585729 -0.6889239 ]
0.4537716;0.28927094;-0.36045283;[ 0.56201506  0.13566053 -0.35102612]
0.9529546;-0.16100584;-1.3954067;[ 0.9845327 -0.2546208 -1.2986284]
0.6536633;0.3966753;-0.30301115;[ 0.38989732  0.19422832 -0.4229225 ]
0.18643822;0.22412011;0.7874309;[0.06492899 0.13896762 0.3014258 ]
0.11601143;-0.22982086;-0.10612275;[ 0.06835319 -0.32217324 -0.25725394]
0.58928496;0.36374474;-0.6525324;[ 0.5145435   0.25258648 -0.7205388 ]
1.0722163;-0.21239038;-1.1613901;[ 1.0382524  -0.21179463 -1.180111  ]
0.08769147;-0.27754843;-0.26556033;[ 0.09144868 -0.40361923 -0.3531362 ]
1.2374779;-0.6036114;-0.9450176;[ 1.1788907  -0.70506567 -0.8532079 ]
0.5310568;-0.52025133;-1.014083;[ 0.35039565 -0.5266049  -0.9982017 ]
0.8571487;-1.0315162;-1.4722397;[ 0.90561074 -1.0813906  -1.4249946 ]
-0.88031685;1.310385;-0.19243509;[-0.8269143  1.1427206 -0.4414527]
-0.55615735;0.43144917;0.5154429;[-0.5855835   0.30131018  0.39445361]
-0.65998375;0.9269533;1.5143943;[-0.6851833   0.8112805   0.94625574]
-0.46558183;-0.47199714;0.24383244;[-0.4284963  -0.4121524   0.22490664]
-0.5332559;0.42941856;0.4273377;[-0.45377982  0.31287962  0.2638113 ]
-1.6928734;2.2275584;0.002013836;[-1.6220092  1.9911491 -0.7153048]
-0.7192338;1.3117359;0.0022140741;[-0.6449807   1.1418461  -0.10298206]
-0.6427514;0.438689;0.2895477;[-0.6655555   0.36963677  0.16922832]
-0.7513236;0.47358698;0.24504754;[-0.66441077  0.37563938  0.22528322]
-0.5718789;-0.42663062;0.55671;[-0.6320277  -0.40245605  0.44254172]
-0.8463136;1.2656964;0.24852622;[-0.79056394  1.0652527   0.05997888]
-0.9592995;1.2702663;-0.46289206;[-0.8802409   1.1171426  -0.62604564]
-0.614521;0.85279703;0.9305327;[-0.5750376   0.73535806  0.7129858 ]
-0.7368503;0.43160385;-0.021692704;[-0.59230185  0.3354894  -0.05676752]
-0.4833671;0.3806839;-0.0057617985;[-0.34995085  0.2740723   0.0256555 ]
-0.34175646;-0.030412674;0.46423262;[-0.37531626 -0.03785155  0.28980172]
-0.46804672;0.34360147;-0.08250275;[-0.35320526  0.23221798 -0.07198957]
-1.7033136;2.1879888;-1.1047032;[-1.6451575  1.9979478 -1.106679 ]
-0.6183308;0.3828295;-0.022006575;[-0.5080458   0.22448857 -0.06672193]
-0.70870006;0.4022112;-0.48918068;[-0.51824343  0.39616537 -0.5373339 ]
-0.6754721;0.41074866;0.13383244;[-0.6587324   0.35111457  0.18567531]
-0.37709326;-0.54654557;-0.15936778;[-0.31711203 -0.5262046  -0.15444687]
-0.5066908;0.46279788;-0.35298043;[-0.37628376  0.28614146 -0.23099594]
-0.87319094;1.3565115;-0.22129342;[-0.8412603  1.1418921 -0.5447687]
-0.6214883;0.90653235;0.39321622;[-0.56231594  0.71844196  0.302124  ]
-0.576433;0.8955097;0.35778338;[-0.5261764   0.66658354  0.28174406]
-0.71552414;1.0420438;1.5064981;[-0.9883944   0.87978506  0.9672151 ]
-0.33833307;0.04848078;0.26551622;[-0.2712763   0.01355832  0.01109478]
-0.4371441;-0.40119845;-0.14019433;[-0.469715   -0.3924635  -0.22002037]
-0.5097123;0.46200156;-0.2489492;[-0.31711853  0.25393736 -0.5519197 ]
-1.3617584;1.8007424;0.23391125;[-1.2696496   1.673226   -0.22055747]
1.1046442;0.6536978;-0.8232627;[ 0.86911803  0.4833961  -0.6795448 ]
1.3066658;0.23196171;-1.6495582;[ 0.9392147   0.09698303 -1.7601776 ]
1.4597626;0.23967232;-0.7862977;[ 1.0832115   0.12759037 -0.9789235 ]
-0.5486531;0.5255301;0.4077212;[-0.64958656  0.49293703  0.11853516]
1.3003618;-0.6112992;-1.4556794;[ 0.91630435 -0.653841   -1.4206318 ]
1.1553048;-0.17885287;-0.26200068;[ 0.907399   -0.20101161 -0.5629513 ]
1.3271929;-0.59781545;-0.9448639;[ 0.9632974 -0.5978746 -1.055204 ]
0.20853494;1.1054748;-0.13581312;[ 0.08651331  0.92941916 -0.3091991 ]
-0.010374531;0.6912265;-0.11023314;[ 0.10395037  0.48167473 -0.18213023]
0.2702953;0.24138293;-0.045640852;[ 0.1455725   0.14005879 -0.13562004]
0.19052519;0.24830024;-0.079903185;[ 0.16819471  0.19613984 -0.03025781]
0.05218968;-0.22848223;-0.22137967;[ 0.1630777  -0.28104204 -0.30422518]
0.15763177;-0.6341558;-0.68722194;[ 0.11748696 -0.6699993  -0.6100587 ]
0.13696343;-0.62269384;-0.2666305;[ 0.14542525 -0.6065276  -0.38431177]
0.13437533;1.0612786;0.31226897;[0.07708786 0.8361857  0.2904319 ]
-0.060746714;0.63430786;0.1852053;[0.01741007 0.44085598 0.03019084]
0.04237444;0.14096448;0.13933276;[ 0.14623332  0.07877083 -0.10628979]
0.027820848;0.37983328;0.3673179;[0.12015622 0.29342777 0.06079349]
-0.23822655;0.18922524;0.47520766;[-0.05974494  0.18400143  0.19813965]
0.12231858;0.14128846;0.102483034;[0.15152581 0.10176121 0.06833403]
-0.2943849;-0.65096384;-0.391403;[-0.11140989 -0.67529565 -0.2308094 ]
-0.8658156;1.3501438;-0.5360159;[-0.84446466  1.1313266  -0.6345469 ]
-0.8411905;1.3399359;-0.46507514;[-0.8002964   1.1260446  -0.49294904]
-0.61618423;0.9845858;0.9412167;[-0.5798348   0.82801825  0.52834696]
-1.1846073;1.3962392;-0.06415866;[-0.9741074  1.2165679 -0.2081349]
-0.66788846;0.49572843;-0.12855506;[-0.59274495  0.35684228 -0.11954653]
-0.4206108;0.040426016;0.009973936;[-0.29256064  0.01704862 -0.02119872]
-0.61588913;0.47360325;-0.1737565;[-0.5701961   0.34595895 -0.2180834 ]
-0.81849784;1.1344332;0.75516933;[-0.8015801  0.9299901  0.3829076]
-1.0765487;1.1318036;0.46784356;[-1.0476822  1.0666801  0.2834883]
-0.5934399;0.19427827;-0.040604662;[-0.48106873  0.25109148 -0.13237561]
-0.7684873;0.26782;0.22979486;[-0.6949762   0.19851665  0.07023884]
-0.4459874;0.67565435;0.3047141;[-0.29928184  0.5091117   0.02617952]
-0.56041545;0.20409684;0.5372401;[-0.4760809   0.10344667  0.1105327 ]
-0.61984265;0.46992427;0.41419268;[-0.5598065   0.31875664  0.14345734]
-0.8675862;1.3663608;0.58634007;[-0.9076874  1.1439875  0.3540317]
-0.5977898;0.4662069;0.48586553;[-0.59799707  0.3028757   0.27396712]
-0.6151986;1.0009586;0.8489819;[-0.62013125  0.8518343   0.57943004]
-1.183103;1.4000036;-0.03459091;[-0.9764594   1.2347114  -0.22787404]
-0.40765202;-0.42663288;0.28694826;[-0.42090118 -0.43800998  0.02736141]
-0.7156841;0.9780422;1.0309073;[-0.9072423   0.8337183   0.86628395]
-0.38328665;0.39752358;-0.26969653;[-0.3189264   0.2445423  -0.35936382]
-0.4612834;-0.46758956;-0.39792067;[-0.37536728 -0.44250178 -0.58242255]
-0.80962723;0.50707495;0.30956972;[-0.81025803  0.34591192  0.41552192]
-1.1752682;0.98315424;-0.13671398;[-0.91169846  0.85406274 -0.09424756]
-1.6884645;2.140796;0.72864234;[-1.4928336  1.9206082  0.6636412]
-0.75836456;1.2728232;0.445031;[-0.77939165  1.0276275   0.35051188]
0.57404286;0.66203797;-0.20264453;[ 0.33969742  0.49351937 -0.10588622]
-0.6854698;0.40239;0.39308393;[-0.6839024   0.27421755  0.22692163]
-0.88183683;1.2064377;0.4623042;[-0.918882    1.1335509   0.21391775]
1.1798793;0.9765292;-1.7373507;[ 0.9784242   0.83630633 -1.9612361 ]
1.2320865;0.5337386;-0.7952249;[ 0.9739601   0.39715725 -0.7271764 ]
0.72389007;0.64024913;0.30734378;[0.68323493 0.5231832  0.16254751]
0.87379575;-0.39119494;-0.77351815;[ 0.79652274 -0.32961398 -0.8393977 ]
-0.59779924;0.32835323;0.09876874;[-0.4287182   0.26658708  0.00435885]
-0.3285259;-0.5170738;0.2966187;[-0.32770014 -0.4652087   0.17313126]
-1.6914958;2.20099;-0.31002462;[-1.6161616   1.9730362  -0.70043033]
-0.8583757;1.291541;0.016709197;[-0.8329674   1.1114185  -0.23172382]
-0.7648693;1.2892767;0.4417802;[-0.8135501   1.0235265   0.36606988]
-0.53266805;-0.46641487;0.32892698;[-0.5158659  -0.3887018   0.30326787]
-0.75749177;0.9191137;0.794168;[-0.95166004  0.81144965  0.6094577 ]
-0.88348156;1.2470016;-0.7346125;[-0.8825458  1.0761518 -0.7425716]
-0.5840314;-0.6377419;0.03208951;[-0.60392636 -0.65081465 -0.26846   ]
-0.626709;0.91470474;0.8067921;[-0.44143236  0.8102978   0.65896356]
-1.2147175;1.2944411;-0.05942071;[-0.9630145  1.1808897 -0.2557363]
-0.49273312;-0.5623165;-0.08514103;[-0.50975484 -0.5262854  -0.03187646]
-0.474755;0.34270066;-0.29208943;[-0.30129522  0.2253241  -0.44970867]
-0.3564427;-1.4569324;-0.015911099;[-0.48729706 -1.5390741  -0.36783853]
-0.87712264;1.2446108;-0.67898417;[-0.8575852  1.0793024 -0.734698 ]
-0.3158949;-0.020607434;0.61701703;[-0.33721387 -0.09360322  0.35145563]
-0.5246118;0.35630995;0.014291648;[-0.38091898  0.24609578 -0.05581072]
-0.80525714;1.2432845;0.18373542;[-0.7574016   1.0651116  -0.01821171]
-0.74704885;0.42956436;-0.5100515;[-0.54827946  0.41070598 -0.5233605 ]
-0.52988285;0.36106902;0.05322914;[-0.43541104  0.2080425   0.04791094]
-1.2071294;1.2920179;0.020601857;[-0.94497716  1.1768258  -0.23330487]
0.7795402;0.7016594;-0.033731412;[ 0.8403765   0.48378813 -0.16005656]
0.7861319;-0.16495527;-0.06332438;[ 0.73795044 -0.26000196 -0.21227157]
0.27625346;0.10340713;-0.109638885;[ 0.26304984  0.09524781 -0.20538217]
0.094622836;-0.79260737;-0.20500964;[ 0.16276814 -0.7550226  -0.16302392]
-0.88011956;1.2652591;-0.21650946;[-0.82814837  1.1120557  -0.4484376 ]
-0.38625193;-0.5371033;0.35148734;[-0.35196793 -0.4867341   0.20308913]
-0.8187389;0.9059941;0.8309289;[-0.9726411  0.8108705  0.6217925]
0.24621527;0.9480501;0.28222132;[0.11083104 0.7713828  0.13348521]
1.0844705;-0.37537384;-0.07315518;[ 1.0921239  -0.4801237  -0.39674196]
0.5048896;0.04069093;0.37366065;[ 0.1976275  -0.00157053  0.05866568]
0.9643444;-0.3694049;0.106476784;[ 0.80289626 -0.43045437 -0.24885108]
1.0207459;-0.835694;-0.97508454;[ 0.88787746 -0.841678   -1.1542479 ]
0.26185584;-0.21701251;-0.39821604;[ 0.04995467 -0.26031888 -0.5810105 ]
0.73761934;-0.39382786;-0.08741203;[ 0.7296344  -0.38184935 -0.15887003]
0.9143347;-0.7637251;-0.031356808;[ 0.7276229  -0.72619    -0.32089376]
0.5970882;-0.62367046;0.03902739;[ 0.41223896 -0.6379533  -0.10104805]
0.12671712;-1.0767019;-1.0750542;[ 0.0536935 -1.0711285 -1.1065451]
-0.7869199;0.743911;0.32023385;[-0.68426824  0.5969796   0.19936188]
-1.1382858;0.9568133;1.4267478;[-1.0480211  0.7487855  1.0654705]
-0.93641645;0.3756686;0.5468358;[-0.84863126  0.3472923   0.56150943]
-0.72003967;-0.14584923;0.024530131;[-0.6570669  -0.13977814  0.07118401]
-0.51525;-1.0930983;0.54419893;[-0.5980403  -1.0089182   0.05716542]
-0.5232709;-0.19399749;0.12720104;[-0.39631772 -0.1639867   0.06725466]
-0.57005817;-0.15417679;0.1633482;[-0.4185505  -0.17274071  0.01470273]
-0.42722678;-1.0333954;-0.0014196001;[-0.2957871  -0.8944912  -0.16389607]
-0.71813613;-0.14636213;-0.1170454;[-0.65681183 -0.1727872   0.05603358]
-1.0988251;0.39456826;0.48506886;[-0.973703    0.29366058  0.47176298]
-0.6464152;-0.11842778;0.19027421;[-0.528258   -0.05774579  0.15894337]
-0.76325685;0.43922824;1.2600672;[-0.8866347   0.4197722   0.82244796]
-0.90614575;-0.5630999;0.26218787;[-0.7278819 -0.5296963  0.2115242]
-0.1275916;-0.57217497;0.38035265;[-0.0081671  -0.5373253   0.19862917]
-0.77098674;0.97790104;0.2043065;[-0.70295703  0.8242542   0.09620522]
-1.1780249;1.0115048;0.3483147;[-0.97685015  0.95285153  0.23093812]
0.7794777;0.51473606;0.004377067;[ 0.7500874   0.32747024 -0.01538714]
0.07886839;0.59893596;-0.74769825;[-0.0814036   0.44368243 -0.84718716]
0.95828426;0.020640165;-1.2611344;[ 1.0615325  -0.08574872 -1.0825046 ]
0.21527186;0.6224296;0.9958056;[0.07754661 0.5024783  0.6804212 ]
-0.04386814;0.30770016;0.6877091;[-0.08711289  0.22851646  0.4440951 ]
0.8331848;-0.35255116;0.07334989;[ 0.6190496  -0.40317547 -0.10749675]
0.06151418;-0.30789793;0.52799594;[-0.12400718 -0.23913251  0.3117984 ]
0.75517935;-0.38056105;-0.11629754;[ 0.7585326  -0.38875937 -0.17197971]
0.10948532;-0.2960981;-0.7262355;[ 0.10847661 -0.3495019  -0.6568156 ]
-0.10020198;-0.8277361;-0.22898495;[-0.07900392 -0.8611274  -0.3003528 ]
-1.7059962;2.1458318;-0.98299134;[-1.6403693  1.9702432 -1.1626462]
-0.8345492;1.2401563;-0.4137418;[-0.754589    1.0949531  -0.53184766]
-0.80322665;1.2521213;0.2263236;[-0.756136    1.0653058  -0.04012054]
-0.8150218;1.2481389;0.1688065;[-0.7457195   1.013875    0.02309602]
-0.80779654;0.9791339;1.4552798;[-0.9825578  0.803254   1.0562847]
-0.5723182;0.067683265;1.2688704;[-0.5576022   0.00225621  0.8664897 ]
-0.58395463;0.40252757;0.032432362;[-0.5051994   0.31649196 -0.1083031 ]
-0.44892496;0.3594458;-0.34553882;[-0.28674555  0.24899884 -0.4665545 ]
-0.9134665;1.2604917;0.1960382;[-0.8270649   1.0387164  -0.00289123]
-0.6012886;0.31738535;-0.060486373;[-0.42840666  0.19198768 -0.11511061]
-0.881002;1.2570944;-0.8769206;[-0.93190515  1.1086516  -0.9690965 ]
-0.6536203;-0.6251634;-0.4251393;[-0.48611796 -0.6101422  -0.35153177]
-0.8837331;1.2892635;-0.72061914;[-0.88811994  1.1177703  -0.7704514 ]
-0.5774202;0.3569796;-0.091594204;[-0.45868933  0.21059468 -0.06774761]
-1.7075837;2.1902196;-1.2441623;[-1.6491884  2.004867  -1.2212712]
-0.84683466;1.2593755;0.25255722;[-0.792868    1.0676442   0.10491666]
-0.71474546;0.37820286;0.069253325;[-0.5765291   0.22405867  0.15943736]
-0.7745746;0.42711365;-0.08591142;[-0.6226435   0.3435623  -0.15140289]
-0.7325377;0.34619933;-0.28793442;[-0.7357963   0.26090884 -0.05752768]
-0.63116485;-0.5488457;-0.32925922;[-0.6244257  -0.6205199  -0.18273476]
-0.354459;-0.029761314;0.5800383;[-0.28074658 -0.03671393  0.53380513]
1.0812602;0.6551114;-0.84733987;[ 0.9099135   0.49683696 -0.68584836]
1.0521978;0.7000828;-0.081502855;[ 0.70859164  0.47398174 -0.22824343]
0.25712502;0.2195962;-0.95436823;[ 0.30399388  0.02201888 -0.9125065 ]
0.96764195;-0.15776084;-0.64210427;[ 0.6940778  -0.2004338  -0.82779473]
0.949642;-0.18600805;-0.6796107;[ 0.6496006  -0.25143272 -0.7076201 ]
-0.8086073;0.9172278;0.07963219;[-0.6697977   0.86926556 -0.11335695]
-0.53632253;0.49942178;0.06628424;[-0.4433909   0.41379404  0.08929199]
0.9263915;-0.22775643;-0.8626801;[ 0.798615   -0.29520136 -0.78017   ]
-0.6350301;0.044447362;0.03850067;[-0.44304323  0.00918341 -0.12539747]
0.30313146;-0.62479573;-1.0698751;[ 0.37005937 -0.63827246 -1.0695586 ]
0.21257183;1.1131343;-0.12723015;[ 0.13563724  0.9560101  -0.29182285]
-0.07362355;0.6933133;-0.11873752;[ 0.05721107  0.5113203  -0.2010877 ]
0.16645423;0.21565183;-0.6959021;[ 0.00323434  0.07154464 -0.595377  ]
0.00048092753;0.769057;0.7180619;[0.12828995 0.6380818  0.41193792]
0.08562647;-0.6309965;-0.34336755;[ 0.03333646 -0.5930689  -0.45798343]
0.17282435;0.21384008;-0.21540499;[ 0.2217026   0.17991549 -0.29435992]
-0.0439848;-0.22685437;-0.20790923;[ 0.14402711 -0.25448948 -0.3273222 ]
-1.1534233;1.4005567;-0.03233378;[-0.9358752   1.1993619  -0.13171598]
-0.7777508;0.95276445;0.5905044;[-0.961738    0.7900158   0.49932173]
-0.7175849;0.94651175;0.4722123;[-0.70283276  0.7803842   0.2770039 ]
-1.684039;2.252874;-0.36863604;[-1.6264186  1.9845021 -0.8336373]
-0.84577554;1.3366467;-0.2634777;[-0.8264736  1.1106131 -0.5053005]
-0.74746865;1.3399844;-0.30416033;[-0.66264933  1.1147137  -0.38752103]
-0.5034032;0.44934177;-0.3720469;[-0.45080543  0.2897498  -0.41558173]
-0.7445158;1.338771;0.3831823;[-0.7560204   1.0612476   0.25122222]
-0.6238322;0.506344;-0.07060394;[-0.48481447  0.35260665 -0.11520287]
-0.5829721;0.051416393;0.3715642;[-0.5989549  -0.02082354  0.24920131]
-0.5238077;0.46349752;-0.297095;[-0.33656627  0.2635951  -0.46415165]
0.012549892;0.0323987;-0.47480172;[-0.01919337 -0.04458345 -0.07663865]
0.21636309;0.07705203;0.22893894;[0.09401284 0.05434094 0.12569164]
0.08540262;-0.3350144;0.18527701;[ 0.02293086 -0.31204468  0.185609  ]
0.13398753;-0.36162454;-0.069970295;[ 0.19492161 -0.40013415  0.04246946]
-0.5713426;0.31239185;0.016959839;[-0.41235483  0.19001645 -0.01493103]
-0.48817533;-0.5102866;0.017430056;[-0.5335843  -0.49870145 -0.06136633]
-0.4748972;0.34284115;-0.39290354;[-0.30852818  0.22629191 -0.48322853]
-0.34601194;-0.5621161;-0.039498653;[-0.30875087 -0.5531794  -0.11094491]
-0.503771;0.015126433;0.041602068;[-0.3758495  -0.02468577 -0.02134703]
-0.5544562;0.03487637;0.08474165;[-0.43128753  0.05197162 -0.05139688]
-0.516934;0.36521012;-0.47931826;[-0.35513997  0.30663925 -0.3144286 ]
-0.89184886;1.2936277;-0.5838138;[-0.8879566  1.1113209 -0.7479765]
-0.8536746;1.2794808;0.39153808;[-0.7955141   1.0342345   0.17076573]
-0.70148164;0.38593286;0.3895706;[-0.6076372   0.23119067  0.2447098 ]
-0.9636437;1.2643552;-0.21227056;[-0.89273083  1.132934   -0.4498971 ]
-0.6171627;-0.5238891;-0.00601444;[-0.6144931  -0.517424    0.02265603]
-0.7632193;0.9434937;0.7134321;[-0.84168565  0.8396079   0.6525113 ]
-0.47139853;-0.5281998;0.19627616;[-0.42348427 -0.50284374  0.00907144]
0.37171334;0.5186955;0.31646043;[0.18917087 0.38639075 0.16446024]
0.24434128;0.031141646;0.030755136;[ 0.18143271 -0.01247297 -0.0523632 ]
0.97379017;0.253385;-0.015413549;[ 1.0529951   0.11701953 -0.07658021]
0.91605455;-0.25403547;0.10781605;[ 0.7186623  -0.26339024 -0.09123173]
-0.0064674094;0.08179063;0.488181;[-0.01775981  0.09919533  0.15935506]
0.65585935;-0.2719959;0.1376846;[ 0.5387599  -0.31361067 -0.15393531]
-0.033975124;-0.8079363;0.09904954;[-0.07879062 -0.69883597 -0.192998  ]
-0.2931922;-0.37286657;0.15897928;[-0.20896734 -0.43227243  0.04018438]
0.21389216;-0.3664624;0.5465526;[ 0.241267   -0.39054847  0.21966086]
-0.16532977;-0.8118722;-0.043861132;[-0.05265619 -0.82316804 -0.19713502]
-0.57335436;0.8310979;0.54118675;[-0.41022003  0.67749035  0.47490177]
-1.7091528;2.145838;-0.99810624;[-1.6431507  1.9732326 -1.2762895]
-0.75891656;1.228659;-0.68728197;[-0.6541084  1.0911995 -0.6350442]
-0.5417953;0.35279244;-0.4847088;[-0.40926468  0.28411293 -0.45412597]
-0.85089713;1.2488488;0.32527253;[-0.7737498   0.99698603  0.15425499]
-0.6632827;0.40182132;-0.10779372;[-0.56033885  0.3018229  -0.2733657 ]
-0.6922496;0.36373216;-0.011845928;[-0.6000872   0.29375708 -0.13913509]
-0.52832156;0.0077968836;0.6195957;[-0.51525384  0.01671457  0.4011493 ]
-0.7653148;0.34231824;-0.025547113;[-0.7143811   0.26137954 -0.03410956]
-0.48334193;-0.56790096;-0.09656441;[-0.5184193  -0.6081028  -0.14024366]
-0.2969777;-0.57201946;-0.48082405;[-0.20290323 -0.49822223 -0.40084133]
-0.34852833;-0.060966775;0.37742594;[-0.21693523 -0.09529994  0.2609424 ]
-0.86241525;1.4278454;0.43541387;[-0.7677576   1.2817111   0.41278848]
-0.6702555;0.08012958;-0.031615447;[-0.5291598   0.17909916 -0.13877986]
-0.7728137;0.6515345;0.781845;[-0.8525909   0.62099016  0.62464803]
-0.78105986;0.09573381;0.0055105872;[-0.6621034   0.16073257 -0.07871202]
-0.7988416;0.7494016;0.37857684;[-0.69400597  0.61040545  0.18860503]
-0.73569494;-0.14135525;-0.11626381;[-0.6278627  -0.1613279  -0.01036486]
-0.8910004;0.76864904;-0.4437508;[-0.8468213   0.70240104 -0.5138063 ]
-0.62543935;0.31757534;0.5240537;[-0.49133795  0.24272001  0.5131485 ]
-0.5540665;0.32482415;0.3930483;[-0.3674088   0.24356586  0.33084372]
-0.5260318;-0.18772413;0.22199899;[-0.39620864 -0.16433287  0.10325412]
-1.6801416;1.8585936;0.3945223;[-1.5150989   1.7053865   0.19871907]
-1.1665534;1.0097741;0.3565659;[-0.9647435   0.95560604  0.22833107]
-0.5752645;0.042207852;-0.046974752;[-0.44336402  0.10766312 -0.13226162]
-0.7252239;1.2231271;0.16191314;[-0.69650316  1.0520928  -0.04322952]
-0.788912;1.2594808;0.13225758;[-0.7435802   1.047115    0.08901034]
-0.6696174;0.405212;0.42916793;[-0.7019464   0.3182596   0.27201024]
-0.9040571;1.2258645;0.15957999;[-0.7706159   1.0156771  -0.01472495]
-0.8073941;1.2345408;0.15297149;[-0.7511328   1.03266    -0.07546559]
-0.6426813;0.3285392;-0.30225232;[-0.56917495  0.15879378 -0.22353365]
-0.73206514;0.38911766;0.10049377;[-0.63909835  0.31087834  0.0649215 ]
-0.7876949;0.38452458;0.08989702;[-0.7087004   0.270675   -0.01843895]
-0.6049641;-0.51022524;-0.32611308;[-0.7147094  -0.54444945 -0.31077233]
-0.6961675;-0.53316945;-0.2608624;[-0.6811214  -0.5004003  -0.33058044]
-0.8759672;1.2480271;-0.7899753;[-0.919497   1.097109  -0.9602167]
-0.5935316;0.3137986;-0.020412993;[-0.43465662  0.17356567 -0.09054489]
-0.4822731;-0.59968287;-0.5427726;[-0.4066406  -0.5919615  -0.47793308]
-0.47553104;-0.5915236;-0.57279503;[-0.4325645 -0.6122495 -0.429333 ]
-0.5972115;0.34251374;-0.056314368;[-0.4720211   0.19974133 -0.21706933]
0.44651586;0.61158365;-0.024458345;[ 0.3458224   0.44312882 -0.10331263]
-1.0939037;1.307731;0.5356456;[-1.0157455  1.1596546  0.5118647]
-0.72165716;0.35702604;0.031041875;[-0.6383061   0.30672905  0.05267036]
-0.84404135;1.2493936;0.5450669;[-0.851899    1.0666887   0.41077614]
0.29026318;-0.31859344;-0.30282778;[ 0.31487364 -0.34483027 -0.35130087]
-0.7751742;0.4151932;-0.18821144;[-0.6345525   0.29209137 -0.2714271 ]
-0.60846674;0.3496861;-0.02964091;[-0.4723935   0.20076813 -0.20808716]
-0.5042833;0.33488894;-0.09568836;[-0.37324756  0.1991577  -0.1652913 ]
-0.6102596;-0.6072672;-0.5126055;[-0.58029246 -0.638518   -0.3892249 ]
-0.764175;1.2921168;0.59065425;[-0.8381882  1.1056646  0.4785485]
-1.0375246;1.3072487;0.52533495;[-1.0280465  1.1911365  0.54155  ]
-0.7356923;0.3705809;0.31850022;[-0.6523812   0.21979475  0.29056415]
-1.7176343;2.1336462;-1.0717504;[-1.6671058  1.9935077 -1.3275882]
-0.89423937;1.2410413;0.1570751;[-0.8439932   1.0543042  -0.00454662]
-0.7510173;1.2442392;-0.03388526;[-0.7491719   1.0657398  -0.17239206]
-0.90452594;1.243163;0.2133003;[-0.845067    1.0636222  -0.03560606]
-0.745809;0.36576253;-0.25297117;[-0.7599664   0.17331743 -0.24447206]
-0.8309689;1.2389385;0.11580752;[-0.7604212   1.0336341  -0.04697483]
-1.2115241;1.2831925;0.03405147;[-0.95988     1.1911386  -0.28911087]
-0.6666252;0.41878748;0.12326263;[-0.59033775  0.31749386  0.07648204]
-0.5599013;0.35865587;0.059256606;[-0.42586213  0.21446948 -0.01909479]
-0.4222076;-0.5145255;-0.29923922;[-0.3887599  -0.51965415 -0.2781873 ]
0.25699997;0.5094597;0.080130115;[ 0.2530705   0.43633974 -0.05788723]
0.36446267;1.4289335;0.26687065;[0.26862437 1.2184771  0.14507745]
-0.6281952;0.52011573;0.3436451;[-0.24518414  0.32283062  0.4363868 ]
-0.3682549;-0.43646795;0.13004348;[-0.02126803 -0.5203233   0.24479432]
-0.8689064;1.5338784;0.43856728;[-0.87584627  1.4062705   0.21245073]
-1.1847624;1.5975715;0.375;[-1.0396177   1.4969975   0.26462093]
-0.45957905;-0.13591945;0.25654158;[-0.43082303 -0.18567607  0.300283  ]
1.6724273;0.51506966;0.0011058934;[ 1.510825    0.3165022  -0.29410264]
-0.7061892;-0.059372485;-0.6609561;[-0.610624   -0.18754779 -0.59236056]
1.6053125;-0.7925692;-1.663222;[ 1.0185097 -0.9716351 -1.5793132]
-0.8435177;1.4362354;0.4185666;[-0.70260626  1.4189918   0.21485987]
2.0162435;1.3327343;1.4684789;[1.3270845 1.1725756 1.1684909]
0.5979498;0.12101656;-0.6332003;[ 0.45923656 -0.13192523 -0.5189385 ]
0.3522473;-0.45264953;0.13334121;[ 0.33347538 -0.44910693 -0.07890888]
-1.1837345;1.7028114;0.3485905;[-1.0390877   1.5328683   0.29372016]
-1.6938246;2.534849;0.5760279;[-1.481181    2.2746444   0.46404353]
-0.6793857;1.1328264;-0.097322285;[-0.42482138  0.94779384 -0.135279  ]
0.09115219;0.20461543;-0.3991735;[-0.06879692  0.10923593 -0.33362108]
0.21444476;-0.024636924;0.84088004;[-0.4608587   0.17673542  0.8131557 ]
0.044319976;-0.15348376;0.6761573;[-0.1182491  -0.01119559  0.32862303]
-0.5486234;0.7661025;0.038974192;[-0.32384425  0.61184967 -0.11301041]
0.06856829;-0.6141427;-0.6514089;[-0.03902443 -0.71785593 -0.59564054]
-1.6851724;2.1268122;0.725023;[-1.5015368  1.9083182  0.6608619]
0.37837005;-0.3160494;-0.30191663;[ 0.36408293 -0.34970534 -0.34806582]
1.3462878;0.5849417;-1.0246956;[ 1.4224488  0.2972464 -0.9600814]
0.6946477;0.36087555;-0.3239879;[ 0.3181001   0.30198276 -0.27945936]
0.5228641;0.34779066;-0.40440524;[ 0.45717764  0.31601024 -0.40317842]
0.55477047;0.41357732;0.03754512;[ 0.46916497  0.45224386 -0.07061933]
1.063629;-0.3358711;-1.1440096;[ 1.1563783  -0.42138034 -1.1175287 ]
-0.8781145;1.4402146;0.03374298;[-0.8584838   1.2695419  -0.07985441]
-0.4456274;0.12957704;-0.3385443;[-0.3051687   0.02088724 -0.30275807]
-0.6228035;0.63417363;-0.07495999;[-0.4988771  0.5082234 -0.1426223]
-0.88982517;0.6362452;-0.19211599;[-0.9014362   0.63853633 -0.05852202]
-0.55755657;0.6283024;-0.13684985;[-0.51903397  0.5481761  -0.1989883 ]
-0.88248545;1.3740364;-0.041496176;[-0.8538133   1.2503649  -0.07255055]
-1.6642238;2.2731829;0.14859381;[-1.5242436   2.098309    0.13543062]
-0.724202;0.92145246;-0.30257148;[-0.67875314  0.80946195 -0.2494891 ]
-1.6602806;1.9872772;0.631238;[-1.5520658  1.8103976  0.385713 ]
-0.7991758;1.5847497;0.47455868;[-0.9148977  1.3810277  0.277725 ]
-0.59545094;0.21538287;-0.114084065;[-0.5425672   0.24158634 -0.23147772]
1.5358187;0.1855802;-0.08275072;[ 1.4687554   0.15930173 -0.20809425]
1.177332;0.83102566;0.5316935;[0.8526136  0.70244074 0.22564743]
-0.9839149;0.9577608;-0.19048245;[-0.9496032   0.92039806 -0.2804585 ]
-0.22222473;-0.0678854;0.16403702;[-0.10907976  0.04473223  0.03155534]
0.11800222;0.314;-0.19127312;[ 0.09050244  0.19915055 -0.1716141 ]
-0.022851199;-1.1151918;-0.6797098;[-0.15764047 -1.2152579  -0.6398826 ]
-1.1131989;1.483643;0.109420545;[-0.98728085  1.3513318  -0.03624671]
-0.7267609;0.9753327;-0.3078489;[-0.6989527   0.7658898  -0.31696236]
-0.6168976;0.5909607;-0.050225493;[-0.5167899   0.49945974 -0.15370841]
-0.65706784;0.59103364;-0.084037736;[-0.5362232   0.49247867 -0.1442157 ]
-0.87151396;0.68270916;0.003504943;[-0.8620411   0.59608746 -0.09172824]
-1.6829621;1.8606502;0.4514997;[-1.526283   1.7066694  0.2666212]
-0.85793036;1.4377978;0.4702174;[-0.7035717   1.2729094   0.39820346]
-1.1785709;1.028196;0.3048828;[-0.9537964   0.9682619   0.19958039]
-0.31288213;0.5559381;0.25839448;[-0.2417274   0.4374178   0.12357873]
-0.529882;-0.14133184;-1.1708753;[-0.03378667 -0.25549144 -1.0231549 ]
0.5583645;0.8433154;0.2975093;[0.42048442 0.70971376 0.23293991]
-0.22216843;0.106524915;0.11022188;[-0.24739747  0.07831389  0.10119645]
-0.35249925;-1.093922;-0.237025;[-0.36644864 -1.1719366  -0.62944275]
-0.3296349;0.07235805;-0.27009928;[-0.24812822 -0.01964848 -0.3198267 ]
-1.6890527;2.3266742;0.20120315;[-1.4973663   2.113759    0.06375343]
-0.42338347;0.08615438;-0.33631822;[-0.4065084  -0.00740319 -0.41826695]
-0.67115813;0.62408894;0.0016192235;[-0.6081281   0.5167015  -0.13235249]
-0.5972933;0.107771635;-0.33984834;[-0.53607976  0.01378515 -0.31044242]
-0.4999789;0.78699374;-0.11988875;[-0.5393364   0.5769343  -0.18123534]
-1.1180161;1.2832696;0.19835976;[-1.0985872   1.2190377   0.10534702]
-0.87927246;1.1887573;0.14098962;[-8.9921045e-01  1.0755099e+00 -7.3938072e-04]
1.8307699;-0.4855979;0.6215075;[ 1.3954781  -0.5800505   0.38605967]
1.685404;-0.99367505;0.19786781;[ 1.1794503 -0.9982816 -0.1717589]
0.9789683;-0.8142998;-0.66415244;[ 0.44962525 -0.87825    -0.83343536]
1.5573114;-1.4561526;-0.5339237;[ 1.1812512 -1.3938203 -0.9124023]
0.20355861;-1.516704;0.046811044;[ 0.06024748 -1.457538   -0.17856021]
1.0836844;-0.66403097;0.11337872;[ 0.9157313  -0.63395864  0.06646776]
0.5633615;-1.0267692;0.44430548;[ 0.52400106 -1.0534168   0.17486422]
0.67914623;0.0760125;-0.04006703;[ 0.57777894 -0.00402007 -0.14854966]
-0.10306521;0.4940359;-0.42681736;[-0.01456939  0.32948488 -0.22175997]
0.7457043;0.95121384;0.12308717;[ 0.54767996  0.7426839  -0.00119481]
1.0305529;0.66167295;0.41014522;[0.7670185  0.579121   0.16900967]
-0.024877533;0.13522053;-0.8630234;[ 0.14572814  0.03274729 -0.86465967]
0.7842329;-0.018556505;-0.37089473;[ 0.72648335 -0.12920526 -0.4504412 ]
0.55348736;-0.44972825;-1.2123318;[ 0.6874258  -0.44408292 -1.2646934 ]
1.5877076;0.18835852;-0.19593945;[ 1.4125391   0.03138212 -0.2522684 ]
0.13498762;0.52830404;0.17444153;[0.0127476  0.39427227 0.06531981]
0.6297732;-0.72573113;-0.22496739;[ 0.54798037 -0.75822324 -0.36136904]
0.48180443;-1.1928316;-1.1116332;[ 0.4599504 -1.2440039 -1.2514933]
-0.27530503;-0.43459636;-0.0041408725;[-0.35713023 -0.4802366  -0.16402444]
-0.40228385;-1.2399558;-0.4734136;[-0.42283332 -1.3340446  -0.54832506]
0.6479389;-0.80410624;-0.3530346;[ 0.61594635 -0.75880647 -0.4421723 ]
0.011187337;-0.71048695;-0.9142369;[ 0.08102432 -0.6785093  -0.90252084]
0.4258697;-1.3007052;-1.1691409;[ 0.62042916 -1.2360249  -1.3118843 ]
-0.054014847;-0.7603664;0.11165543;[ 0.01818217 -0.79041374 -0.10771398]
0.32188576;0.49213445;0.08498481;[ 0.1452699   0.44758594 -0.02415661]
0.48818028;0.49373984;0.053201657;[0.23818664 0.46864486 0.00415539]
1.3918785;-0.3767438;-1.1361899;[ 1.2504207 -0.4502315 -1.048251 ]
0.32501572;1.0838575;-0.59064174;[ 0.15130696  0.8315852  -0.6304264 ]
0.0563581;1.4046245;0.17904328;[-0.02628283  1.1523012   0.04132604]
0.67706627;0.99516517;0.09427415;[0.52374107 0.7772808  0.00953431]
0.8926149;0.5781624;0.19101323;[0.8073349  0.4946295  0.04717997]
0.18106683;0.26910484;-0.80797577;[ 1.0339916e-04  6.9626868e-02 -8.0853009e-01]
1.0105335;0.10759652;0.3348995;[ 0.89463145 -0.00495323  0.00560827]
-0.39298636;1.143473;0.90727884;[-0.20459877  0.9193326   0.8970799 ]
1.0613333;-0.29983205;-0.85627323;[ 0.7599999  -0.40834785 -0.92496103]
0.06846838;-0.6197768;-0.7868142;[-0.17136084 -0.678529   -0.88442105]
0.18040673;0.49959934;0.024733257;[ 0.19328506  0.39472067 -0.03737208]
0.8943659;-0.41474253;-1.004508;[ 0.8227391 -0.3981623 -1.0111476]
0.44350606;-0.6949247;-0.21888074;[ 0.38644126 -0.7778676  -0.27263018]
0.9363335;-0.31376487;0.052595936;[ 0.8747494  -0.3058325  -0.10592321]
0.17837605;-0.18383442;0.21812157;[ 0.22473305 -0.190008    0.00616895]
1.0404243;-0.69042385;-0.661669;[ 0.7321173  -0.5887973  -0.79673964]
1.3436965;1.6692903;-0.93694854;[ 1.1497928   1.32907    -0.71939427]
-0.75335073;0.7870299;-0.441544;[-0.4867229   0.5529243  -0.46983835]
-0.93085974;1.5180172;0.41475168;[-0.982715    1.4908278   0.31603593]
-0.71769387;0.5711015;0.05309083;[-0.7415112   0.65565383 -0.09599422]
-0.8338914;1.4647584;0.46025735;[-0.7193926  1.4182279  0.2368571]
1.0814943;0.7677217;-1.0217869;[ 1.1002963   0.63280064 -0.85787916]
1.4762529;-0.7949588;-1.6036384;[ 1.2218618 -0.999835  -1.5322202]
-0.5538964;0.78570825;-0.12933898;[-0.45036602  0.64921737 -0.15698496]
-0.87388873;1.6687945;-0.8988316;[-0.88086057  1.5038981  -0.9796173 ]
-0.54199535;0.7662297;-0.19651711;[-0.4525662   0.59278667 -0.27501568]
-0.5268934;0.81389487;-0.53492427;[-0.35144126  0.6475405  -0.5336954 ]
-0.6212422;0.7990106;-0.078333944;[-0.5371007   0.6409884  -0.21669649]
-1.7055652;2.565817;-1.8878517;[-1.6349524  2.3783765 -1.4680331]
-0.9268753;1.6758391;-0.6716242;[-0.890401    1.5099795  -0.69747895]
-0.85928416;1.6813262;0.028570045;[-0.8817481   1.4999744  -0.05640065]
-1.2181865;1.7150875;-0.12655136;[-0.9817233   1.5748326  -0.33876008]
-0.8854518;0.81212455;-0.36823478;[-0.8999597   0.79149127 -0.17381358]
-0.77362245;1.7490287;0.7631082;[-0.850876   1.6208277  0.5798256]
-0.69263965;0.87694013;0.16984895;[-0.7855271   0.92678213  0.25192568]
-0.8579214;1.6705037;0.3597527;[-0.91006494  1.5024637   0.31957307]
0.066721275;0.47772694;0.056512088;[0.11241991 0.36146897 0.01641378]
-0.32144147;-0.37264454;0.03835813;[-0.17565142 -0.47012448 -0.296448  ]
-0.48835486;0.5165989;0.23354852;[-0.34662056  0.36380583 -0.00518457]
-0.5108395;-0.3529415;-0.30235848;[-0.2523268  -0.4492826  -0.36138576]
0.6833815;1.097787;0.3113934;[0.50111514 0.8821522  0.19849682]
-0.294662;-0.371253;-0.17820704;[-0.13303162 -0.39538133 -0.2582918 ]
0.6595751;0.25726956;0.36755586;[0.30353788 0.16625425 0.16548254]
-0.32390648;-1.2156825;-0.32600364;[-0.2780007 -1.2715889 -0.7219038]
-0.13881361;-0.4088298;-0.5667149;[-0.02404495 -0.44472033 -0.3566099 ]
-0.8392394;1.6776038;-0.70803446;[-0.82225347  1.4739681  -0.76791936]
-0.80867505;1.7125753;0.03704292;[-0.8379295   1.4587935  -0.12850647]
-0.5514354;0.8196718;-0.11162551;[-0.50296855  0.63621366 -0.21342576]
-0.5988713;0.8237823;-0.071960434;[-0.51310766  0.6107081  -0.24439919]
-0.48118454;0.05159971;-0.32092813;[-0.5449453  -0.03603199 -0.27779117]
-0.47935694;-0.09082641;-0.3800924;[-0.5037298  -0.15464543 -0.3550603 ]
-0.5598139;0.61352605;-0.11316356;[-0.47312212  0.47135037 -0.18729673]
-0.8908537;1.4829887;0.09259962;[-0.8875812   1.3402488   0.09254113]
-0.797965;0.67024904;-0.25811338;[-0.78595066  0.5767737  -0.19890639]
-0.56101626;-0.029382393;-0.49755943;[-0.43084592 -0.04154966 -0.4089166 ]
-0.9613009;0.95838445;-0.1834226;[-0.74364334  0.75756276 -0.30999297]
-0.6153385;-0.012374088;-0.60222745;[-0.51873463 -0.09062792 -0.5512243 ]
-1.2385842;1.7505475;-0.18152036;[-1.0194471   1.5810641  -0.35848793]
-0.8395433;0.8529135;-0.3948158;[-0.8422544   0.7273391  -0.24298741]
-0.6273728;0.8626123;-0.22003466;[-0.5747349   0.7117678  -0.29785755]
-0.87149173;0.04671355;-0.2119362;[-0.82235396  0.01830254 -0.3144407 ]
-0.45204085;0.8223465;-0.72716975;[-0.333502   0.6440922 -0.6843858]
-0.38617474;-0.95095295;-0.7200713;[-0.36879998 -1.0180168  -0.6834746 ]
-0.854734;1.2265753;-0.24247718;[-0.82802415  1.0375625  -0.34581453]
-1.4006026;2.104832;-0.5872679;[-1.4108509   1.9499497  -0.77354217]
1.0936699;0.5560767;-1.2860391;[ 0.8956508   0.36077088 -1.2515217 ]
-0.7165125;1.207812;-0.38657683;[-0.74642515  1.0661947  -0.38757375]
1.2288133;0.5338091;-1.4022083;[ 0.98999506  0.36014247 -1.2934475 ]
-0.7952671;0.37234342;-0.74691105;[-0.73922896  0.23342648 -0.71499914]
-0.89535767;0.29540235;-0.6925087;[-0.7819214  0.2257639 -0.7298836]
-0.8079571;0.2894262;-0.6084295;[-0.77487767  0.30716246 -0.48085418]
-0.7727267;0.27225423;-0.6587209;[-0.76368034  0.28205898 -0.54025334]
1.1524683;0.16647947;0.011556279;[ 0.7885426   0.05137071 -0.19308116]
0.9588728;0.53921825;-1.7109227;[ 1.0024374   0.44586897 -1.7884227 ]
1.1049558;0.14007342;-0.17888498;[ 0.840264    0.08302411 -0.2962364 ]
-0.59035206;0.32002658;-0.5876061;[-0.5147717   0.26163054 -0.5749512 ]
0.15851942;1.4671255;-0.16261064;[ 1.0850281e-03  1.2101514e+00 -2.9654202e-01]
0.32434;-0.28541714;-0.46012765;[ 0.16502187 -0.41096973 -0.595234  ]
0.1445879;0.6166863;-0.097554356;[ 0.10805605  0.42635548 -0.10644351]
0.17811988;-0.251001;-0.22651961;[ 0.06413516 -0.3101893  -0.35266122]
-0.12494123;-0.31464875;-0.42479545;[ 0.03158607 -0.4680183  -0.43451133]
0.80035466;0.27629802;-0.027201276;[ 0.7989865   0.29130945 -0.01649604]
0.5722866;1.665192;-0.17826709;[ 0.40287453  1.3573865  -0.10591854]
0.37371665;0.54143304;0.5184452;[0.3097583  0.36624932 0.14184104]
-0.026361391;-0.080647245;-0.4919473;[ 0.0144536  -0.24890326 -0.46779722]
0.4186588;0.7344883;-0.32402086;[ 0.45095325  0.60067195 -0.26848307]
-0.8454295;1.661997;0.3956938;[-0.8452314   1.4291965   0.27358517]
-0.90507215;1.6789521;0.32924148;[-0.8846346   1.4078708   0.15285547]
-0.47076243;1.1334306;0.021503914;[-0.6392494   0.9512248  -0.04464351]
-0.36316746;0.7905137;1.153483;[-0.66312754  0.79082614  0.6045645 ]
-0.7454087;1.1094049;-0.11372727;[-0.5285492   0.8880644  -0.22895499]
-0.6242233;0.83433205;0.08951779;[-0.51676697  0.6547425   0.01098379]
-0.20376556;-0.21508728;0.64347875;[-0.09631397 -0.21323954  0.06665415]
0.051635593;-0.63996345;-0.5956298;[-0.10600545 -0.7742187  -0.5599062 ]
-1.7210798;2.6016457;-1.9347739;[-1.6712009  2.3854234 -1.4977757]
-0.6526082;0.8556375;-0.1566761;[-0.51599425  0.6066855  -0.2702609 ]
-0.56286246;0.83423245;-0.18905006;[-0.46472895  0.5989442  -0.28296512]
-0.6158033;-0.046647653;-0.61624324;[-0.5713891  -0.13230838 -0.48724934]
-0.4848606;-0.042001702;-0.47431386;[-0.43937594 -0.09409165 -0.38164634]
-0.6475885;0.8631097;-0.22296685;[-0.5418395   0.6917857  -0.36352292]
-0.49276966;0.05779319;-0.37682876;[-0.49656343 -0.02342621 -0.32567236]
-0.5235897;0.82182217;-0.7833966;[-0.35966194  0.64104354 -0.74409574]
-0.4225163;0.023282435;-0.38925242;[-0.32869017 -0.12122029 -0.4338189 ]
0.8972677;0.5225761;-1.7672174;[ 1.0075341   0.44333118 -1.6772858 ]
0.79038644;0.099991694;-0.27866358;[ 0.6869912   0.01732431 -0.54346776]
-0.59912425;0.2952394;-0.47491437;[-0.4768163  0.2388201 -0.5879151]
0.9243036;0.12924258;-0.41621795;[ 0.75558     0.05104232 -0.46723726]
-0.49841928;0.30189252;-0.4424321;[-0.4213487   0.27892622 -0.40091738]
0.82171935;0.9890447;-1.1049798;[ 0.62311417  0.7486654  -1.0071467 ]
0.77137744;0.5397471;-2.1470387;[ 0.8117196   0.46086442 -1.9586481 ]
0.6994327;0.12226813;-0.24624503;[ 0.67280847  0.07313828 -0.4326299 ]
0.40017444;0.49374193;-1.1591731;[ 0.3571306  0.2924372 -1.1606749]
0.33801436;0.052816488;-1.0324693;[ 0.32026547 -0.05069821 -0.8992911 ]
-0.61844546;0.3245141;-0.4151187;[-0.585907    0.27156955 -0.48932555]
0.91076887;0.68988305;-0.008345436;[ 0.69998014  0.5111067  -0.12275901]
0.9948976;0.15390304;0.053123303;[ 0.88033617  0.09406824 -0.13054661]
-0.994942;1.250611;-0.18067083;[-0.97809255  1.1480864  -0.29252458]
0.73479545;-0.30276275;-1.1375742;[ 0.6164032  -0.31709784 -1.1427456 ]
0.7333649;-0.32266802;-0.3386121;[ 0.60841346 -0.31867427 -0.6712441 ]
-0.57417256;0.35810584;-0.5964295;[-0.4452002   0.31915832 -0.5451073 ]
-0.32148135;-0.07669866;0.14474304;[-0.139959   -0.07078612 -0.12611152]
0.10005529;0.5369998;-0.22477537;[ 0.18774492  0.41210163 -0.25104558]
-0.15863849;-0.39274544;-0.50100315;[-0.06136866 -0.46520013 -0.5663769 ]
0.09809485;1.4277359;-0.1365793;[ 0.03678809  1.2139004  -0.20685446]
-0.2727579;-0.31809908;-0.22431388;[-0.00841311 -0.38301694 -0.36397406]
-0.3900054;-1.2061663;-0.66142726;[-0.23698698 -1.3306477  -0.7721488 ]
-0.5080743;0.8104901;-0.61261415;[-0.3493604   0.6437701  -0.60671896]
-0.27250624;-0.08978672;-0.32063508;[-0.21539514 -0.14881504 -0.34495246]
-0.27031404;-0.051890805;-0.28143734;[-0.23458593 -0.11746801 -0.26792568]
-0.5172343;0.79499674;-0.12997347;[-0.43270224  0.62048495 -0.15398383]
-1.1605734;1.7535526;-0.102573395;[-0.9987962   1.5559839  -0.19540957]
-0.96056145;1.68783;-0.52308106;[-0.92133486  1.4784187  -0.6447039 ]
-0.4680969;0.7673537;-0.16690512;[-0.42207313  0.571436   -0.20717363]
-0.6714848;0.87245643;-0.42779243;[-0.65362895  0.7467957  -0.3778952 ]
-0.62168247;0.7955935;-0.14243725;[-0.56862855  0.61672926 -0.22754246]
-0.4179443;-0.0689898;-0.24877378;[-0.36696506 -0.17012481 -0.32292044]
-0.43036026;-0.012110755;-0.54595655;[-0.45624363 -0.00082535 -0.4540384 ]
-0.61446434;0.83689225;-0.15317515;[-0.5544225   0.68127596 -0.2770222 ]
-0.85460705;1.3542486;-0.34277487;[-0.85741234  1.1509199  -0.49749202]
-0.49091715;0.9359415;0.073926926;[-0.28090125  0.7248843   0.03480593]
-1.6784546;2.2515948;-0.42924398;[-1.6218034  1.9933056 -0.8994345]
-0.82999414;1.3494726;-0.08560811;[-0.8153368   1.1468741  -0.33074224]
-0.45366126;0.45292056;0.03445739;[-0.3845575   0.29028916 -0.00247906]
-0.7111275;0.9663981;0.5259072;[-0.65759665  0.75963247  0.42646632]
-0.63041383;0.9096983;-0.17956121;[-0.50222814  0.7253311  -0.10015577]
-0.69167167;0.44248837;-0.55637;[-0.50820535  0.39976388 -0.57307404]
-0.5677337;0.9936531;0.6963525;[-0.4384792   0.81705683  0.53074485]
-0.7441868;1.0333087;0.7865993;[-0.81760037  0.8682779   0.6642264 ]
-0.48461848;0.4713701;-0.13218343;[-0.31630063  0.2988941  -0.2974036 ]
-0.9148297;1.318915;0.2144635;[-0.8867285   1.1626571   0.15160882]
-0.5512888;0.44378006;-0.09863515;[-0.54663676  0.321105   -0.12924264]
-0.6038287;0.4218685;0.020149361;[-0.49494952  0.33634996  0.0854781 ]
-0.525829;0.4132198;-0.015401896;[-0.45057386  0.29296345  0.00925457]
-0.37018496;-0.494381;-0.42360735;[-0.32639837 -0.4998095  -0.44776365]
-0.7573545;1.6895834;0.09259023;[-0.7233515   1.5268945  -0.05403865]
-1.062558;1.7368299;0.19000265;[-0.9628879  1.5646521  0.0751048]
-0.576948;0.8621618;-0.1759925;[-0.6186575   0.74811435 -0.3281199 ]
0.48338753;0.94874984;0.07087376;[ 0.45653662  0.82587516 -0.00962968]
2.0541182;0.03010529;-0.15175444;[ 2.6878552 -0.2631731 -0.6790408]
2.118015;0.042757053;-0.1327716;[ 2.9296057  -0.31236136 -0.7210366 ]
0.34606224;0.013019368;-0.11070813;[ 0.2668422  -0.03760503 -0.16130342]
0.004523635;0.16591492;0.53387797;[-0.03215213  0.1289855   0.15647735]
0.48541248;-0.27483147;0.5329098;[ 0.39856726 -0.41326976  0.07005732]
1.9000994;-0.7485489;-0.21681723;[ 2.3524642 -1.0467843 -0.8526584]
0.6001352;0.04716196;-0.005504068;[ 0.5751597   0.06930568 -0.10341242]
0.4421929;-0.8233443;-0.039645497;[ 0.35088313 -0.7928527  -0.26923946]
20.256207;0.46391112;6.2590714;[21.946114   0.6498445  9.272404 ]
-0.53018075;0.7971489;-0.1965797;[-0.4411183   0.5671171  -0.22766183]
-1.7053128;2.5860157;-1.3835618;[-1.6368177  2.3430405 -1.4022046]
-0.8976726;1.7139975;-0.7191422;[-0.8771266  1.505596  -0.8094428]
-0.46842855;0.57643753;1.261108;[-0.49923664  0.4134934   0.9946596 ]
-0.47568852;0.056641303;-0.55025196;[-0.49778837 -0.00572476 -0.46061957]
-1.7157913;2.1357074;-1.1105895;[-1.6680328  1.991855  -1.3347844]
-0.76882976;1.2663476;-0.816664;[-0.78617406  1.1262984  -0.6553009 ]
-0.94147307;0.9399027;0.3627446;[-0.77215403  0.7724145   0.35537192]
-0.64465684;-0.41406512;-0.42119974;[-0.6065942  -0.3589027  -0.44672623]
-0.6516854;0.889301;0.4938853;[-0.40050554  0.7285121   0.3919303 ]
-0.49574143;-0.5250072;-0.3689016;[-0.39096725 -0.5090085  -0.3408451 ]
-0.45032197;-0.5126446;-0.37827322;[-0.3430065  -0.49498492 -0.28934407]
0.96681756;1.0795091;0.28517163;[0.8192055  0.8655857  0.09899019]
0.79357284;0.5356861;-0.86381453;[ 0.7397437   0.28942186 -0.9272798 ]
1.1120576;0.1802404;0.094473414;[ 0.836806    0.02788839 -0.26102954]
-0.5238759;0.26993763;-0.3647131;[-0.44993138  0.18591657 -0.40679327]
0.99471694;-0.36865157;-0.95613635;[ 0.7967509 -0.4338004 -1.0839981]
0.16093323;1.4835212;-0.21482041;[-0.07421149  1.2384257  -0.37112293]
0.961644;0.6695498;-1.3431036;[ 0.99054646  0.41676348 -1.2981752 ]
0.8019994;-0.18368767;-1.0708495;[ 0.8830197  -0.29793268 -1.1439652 ]
0.9720564;-0.16819142;-0.90086055;[ 0.8854084  -0.30047762 -1.0152934 ]
0.47968817;0.3333854;-0.6488821;[ 0.44321954  0.24251312 -0.6698288 ]
0.45468503;-0.6285084;-0.4149678;[ 0.53944016 -0.66206783 -0.4080415 ]
-0.8845161;1.2909333;-0.3593784;[-0.8642976   1.1187278  -0.64548886]
-0.52409333;0.38505292;0.2999446;[-0.39856553  0.27614343  0.12635468]
-0.3781634;0.8729717;0.2186868;[-0.19628082  0.6603741   0.15327662]
-0.96214324;1.2625648;-0.11710277;[-0.8945174  1.1268009 -0.3961791]
-0.4615993;0.8682675;0.043612365;[-0.49442083  0.68701744  0.0427306 ]
-0.7056218;0.41493672;-0.48714042;[-0.51782274  0.39588404 -0.5282656 ]
-1.201203;1.340185;0.051593907;[-0.9377643   1.2093903  -0.22296149]
-0.75265926;0.43830615;0.12092213;[-0.6082982   0.3494721   0.06252214]
-0.7016459;0.47082037;0.17917207;[-0.6987848   0.36180663  0.24233295]
-0.5872136;-0.51500404;-0.43835843;[-0.63693297 -0.45883018 -0.5138431 ]
-0.40259194;-0.5214388;-0.046056744;[-0.3170696  -0.49807346 -0.14618056]
-0.6297956;0.89645183;-0.11060037;[-0.4888153   0.66309583 -0.07238747]
-0.6909576;0.44308662;-0.36723182;[-0.68487597  0.32108992 -0.2702749 ]
-0.8280344;0.43732387;0.1152845;[-0.8428948   0.43086082  0.11432895]
-0.5422082;0.41871762;0.32655773;[-0.46844465  0.30171323  0.07919671]
-0.5264472;0.38398862;0.0046782754;[-0.39381623  0.22235335 -0.11442988]
-1.7028395;2.1375506;-0.7937606;[-1.6333934  1.9564155 -1.0702516]
-0.7878385;1.2608682;0.20492053;[-0.74515665  1.0136353   0.03450525]
-0.51239735;0.37095958;0.18881422;[-0.401366    0.23102929  0.09888752]
-1.2069238;1.292864;-0.0037097149;[-0.92648876  1.1719176  -0.21989751]
-0.605894;0.39276946;0.14698437;[-0.5232606   0.31441867  0.0196412 ]
-0.900868;0.96613955;0.877627;[-0.8381673   0.85011125  0.84469694]
-0.41646653;-0.49503475;0.12559262;[-0.43697548 -0.43414545  0.14297436]
-0.663695;0.077920295;0.76572555;[-0.7812444   0.02613426  0.7037745 ]
-0.4714113;0.34473193;-0.14711842;[-0.2939855   0.23573492 -0.3185204 ]
-0.8824082;1.2825845;-0.44209206;[-0.8716996  1.1168861 -0.612273 ]
-0.5236212;0.38826752;-0.13901918;[-0.41471076  0.24424683 -0.11366266]
-0.50815916;0.89329755;0.5278284;[-0.3936118  0.7055862  0.4982619]
-0.49502265;0.3610109;-0.53899384;[-0.3518452   0.31637692 -0.35797104]
-1.7046901;2.1827826;-0.5521724;[-1.6424116  1.9866091 -1.038911 ]
-0.7768405;1.2808791;0.07999872;[-0.7520897   1.0473921   0.04444842]
-0.78034693;0.424563;-0.008237701;[-0.64593154  0.3517648  -0.0161608 ]
-0.6941168;0.40422165;-0.18642986;[-0.64505047  0.33334273 -0.12651813]
-0.7476786;0.9294241;0.6602789;[-0.84698904  0.7969135   0.7050213 ]
-0.68840677;0.4360664;0.19654065;[-0.65131557  0.34243     0.1866393 ]
-0.56165475;-0.4702466;0.21000907;[-0.6310501  -0.44164717  0.22854899]
-0.56671983;-0.52636343;-0.22458494;[-0.5582442  -0.60656035 -0.14480898]
-0.38752437;-0.035270996;-0.0954082;[-0.5162327  -0.03179643  0.00151683]
-0.58807456;-0.50344115;-0.4259788;[-0.6302385  -0.46822524 -0.51859397]
-1.0238672;0.9070194;1.3312025;[-1.1558363   0.7393975   0.97418576]
-0.8157626;1.264635;0.07038188;[-0.7783357   1.049751   -0.08681774]
-0.7597808;0.43676937;-0.06828727;[-0.67841184  0.2930091  -0.01405016]
-0.7267366;0.37312043;-0.38549852;[-0.7373801   0.26743817 -0.22875325]
-0.68949014;-0.53098726;-0.08280793;[-0.7101878 -0.5235202 -0.2798101]
-0.8780858;1.2483954;-0.8183621;[-0.92392695  1.0965103  -0.9638863 ]
-0.5508405;0.34450155;-0.042770345;[-0.41455054  0.19063759 -0.14031631]
-0.85579723;0.0027205795;1.0747162;[-0.78479207 -0.0014894   0.69663197]
-0.8942371;1.2560661;0.26733664;[-0.80393374  1.0309923   0.00912901]
-0.7856018;1.2390193;-0.80577266;[-0.68107843  1.1110106  -0.6871058 ]
-0.81331617;0.41589177;0.25794974;[-0.55980843  0.33515173 -0.32373983]
-0.4252038;-0.01197768;-0.18114614;[-0.4458871   0.0372583  -0.02906848]
-0.6876091;-0.50480837;-0.59153545;[-0.6141973  -0.410725   -0.47911677]
-1.2286261;1.3027414;-0.12191816;[-0.9927906   1.1903397  -0.33745974]
-0.8224274;0.36032695;-0.11017224;[-0.7667669   0.29172677 -0.14284708]
-0.84238416;0.9144746;0.7463701;[-0.83760333  0.8266467   0.61248094]
-0.98214704;0.037718333;0.5920532;[-0.927323    0.03536734  0.4935623 ]
-0.24067844;-0.03336677;-0.1357456;[-0.1499949  -0.06574352 -0.01870217]
-0.56932306;-0.49566942;-0.56193256;[-0.42606646 -0.45521963 -0.4679751 ]
-0.88340294;1.2491797;-0.86209416;[-0.93184316  1.0957489  -0.9703982 ]
-0.6070786;0.35095042;0.04737499;[-0.47414684  0.20608826 -0.19615653]
-0.5833367;0.8605527;0.62596625;[-0.3847432   0.73748606  0.44579425]
-0.648002;-0.496835;-0.06484446;[-0.3822791  -0.43438148 -0.47856244]
-1.7157812;2.1357074;-1.1107655;[-1.6680304  1.9918554 -1.3347766]
-0.7998914;1.2286724;0.17374091;[-0.74803007  1.0172287  -0.03892777]
-0.66004467;0.39990705;-0.29131845;[-0.56544536  0.28727633 -0.2944485 ]
-1.2125312;1.2905732;-0.021078486;[-0.9522909   1.1803638  -0.30533704]
-0.6866701;0.39703;0.15786035;[-0.66062045  0.30053455 -0.02705665]
-0.7303514;0.43046933;-0.09927079;[-0.66004705  0.31045473 -0.06178777]
-0.87393886;1.2378398;-0.7185695;[-0.9048734   1.0920508  -0.87038714]
-0.44986713;-0.51264447;-0.3939891;[-0.3878032  -0.5118077  -0.25180134]
-1.3731123;2.3572218;0.7427784;[-1.3198701   2.356531    0.56469744]
0.6345247;0.7974319;-0.9116074;[ 0.6573566   0.5647211  -0.73915595]
1.6889266;0.6521328;0.323687;[ 1.1763977   0.42304218 -0.19869532]
1.3600149;1.3487157;0.22609946;[1.2094618  1.11454    0.33615658]
-0.60683316;0.5592681;0.22054794;[-0.51829547  0.61525625 -0.02573634]
2.1102116;1.3363963;1.5114707;[1.6058804 1.2074832 1.2046313]
0.09194276;0.7666281;-0.25098485;[ 0.14211416  0.606359   -0.20629704]
2.023102;0.4760908;1.0195798;[1.1079825  0.50412244 0.9738268 ]
0.22779965;-0.09443483;-0.59698;[ 0.10923213 -0.20530061 -0.46626785]
-1.6975187;2.5727017;0.6882516;[-1.5078688   2.3343694   0.58024997]
-0.5473191;1.1490418;-0.086422116;[-0.54474485  0.9934554  -0.10717458]
-0.46338576;0.9298759;1.2636635;[-0.6871837   0.89103395  0.648289  ]
-0.6570463;0.8180384;0.020604495;[-0.5546612   0.6674001   0.02150759]
-0.54044;0.7898062;0.06895326;[-0.365663    0.6267075  -0.04974832]
2.191063;1.024392;0.98836505;[1.6993419 0.9862324 1.1818391]
0.5568703;0.46597844;0.2939309;[ 0.3362703   0.48138982 -0.00622392]
0.7091016;-0.3612842;0.17813441;[ 0.4876532  -0.30294865 -0.3776704 ]
0.48828954;0.39848626;0.04635439;[ 0.44061333  0.4305483  -0.10217892]
-1.6879616;2.3243968;0.20918912;[-1.5082473   2.1177278   0.09008637]
-0.9052581;1.5280088;0.14944011;[-0.911767    1.3236035   0.08138841]
-0.53297496;0.65317196;-0.21744955;[-0.46975142  0.48167294 -0.212143  ]
-0.9159362;1.544438;0.9713042;[-1.0108341  1.4401914  0.5897773]
-1.1279601;1.5106164;0.8250375;[-1.1593093  1.5031037  0.5816161]
-0.83615845;0.6483668;0.49144563;[-0.94225836  0.73755074  0.31506863]
-0.9574711;1.5609337;0.16540624;[-0.94345915  1.3497607   0.14054151]
-0.8102879;0.6912394;-0.23193786;[-0.74683046  0.6346384  -0.15007712]
-0.8757389;0.6641428;-0.19968769;[-0.9162103   0.6727255  -0.06462806]
0.48008746;-0.3762508;-1.2488579;[ 0.44857585 -0.40802127 -1.064817  ]
0.15921304;1.1072536;-0.53462934;[ 0.07717262  0.8408291  -0.6039626 ]
0.10445218;1.3955683;0.19856423;[0.01188636 1.1362939  0.09609535]
0.81924206;0.52328944;-0.9916928;[ 0.83412665  0.29419214 -0.9824935 ]
0.10964223;1.0096375;0.9064286;[0.03980561 0.8145083  0.5330181 ]
0.7754455;0.10831228;0.32763532;[ 0.7931271   0.0198722  -0.01463361]
0.39171708;-0.39608544;-1.2701612;[ 0.48681653 -0.42455512 -1.0881261 ]
0.4466514;0.7294247;0.95943224;[0.22260189 0.651744   0.48110673]
0.65644795;0.21602754;0.72181207;[0.4317088  0.21805577 0.37938312]
-0.17511632;-0.3678457;-0.3316999;[-0.07681908 -0.40601307 -0.20299952]
0.16924998;0.5481655;0.04636326;[ 0.05751586  0.41150296 -0.00075421]
0.77540976;-0.37005103;-1.0471778;[ 0.67036015 -0.38834816 -0.9746002 ]
1.466031;-0.74350685;-0.6132068;[ 1.0229456  -0.77894586 -0.67670166]
1.086636;-0.6307162;-0.71171427;[ 0.73544335 -0.5427065  -0.782523  ]
1.0942274;-0.33351266;-0.7903041;[ 0.7930415  -0.41322327 -0.92555064]
0.032908283;0.16054617;0.8323505;[-0.03533275  0.06078932  0.4625724 ]
0.5541203;-0.7493306;0.26019523;[ 0.4014241  -0.7813356  -0.03407464]
0.10476316;-0.6188697;-0.7425338;[-0.16261326 -0.6658202  -0.87747425]
0.009412192;-0.2852232;0.007882506;[-0.02193129 -0.36390316 -0.15574168]
0.4131096;-1.2460812;-0.8365353;[-0.03361712 -1.2863828  -0.9416427 ]
-0.1121493;-0.65810186;-1.0705175;[-0.13119952 -0.6983106  -0.9718103 ]
0.09777073;0.224207;-0.7556889;[ 0.09955652  0.0404813  -0.75627583]
0.16362095;0.49521673;0.05480407;[ 0.20813118  0.35913593 -0.03608124]
0.66122913;0.1296983;-0.021796029;[ 0.59025073  0.06102002 -0.09813419]
0.25268817;0.22034408;-0.674654;[ 0.29877323  0.06509773 -0.58705133]
0.9407658;-0.64228076;-0.7047206;[ 0.76822746 -0.55075836 -0.7467901 ]
1.5178045;-0.74449205;-0.63230336;[ 1.225674  -0.7784939 -0.6680377]
1.4244534;-1.1949862;-1.6648557;[ 1.3381138 -1.2210846 -1.5863154]
0.12948427;0.12166752;0.70862114;[ 0.19253054 -0.02769376  0.37692443]
0.58005893;-0.27151525;0.5030949;[ 0.48087412 -0.3278252  -0.08989325]
0.24480587;-1.2039949;-0.9599;[ 0.18186629 -1.2477177  -1.0314465 ]
-0.14090048;-0.7100827;-0.94590235;[-0.16836368 -0.74312675 -0.9599578 ]
-0.56457835;0.781143;0.071497366;[-0.51459646  0.6414664   0.0743264 ]
-1.6925541;2.5135486;0.6428256;[-1.5724118   2.2743325   0.53424865]
-0.86776173;1.1501844;0.04778552;[-0.7641912   0.9634827  -0.00403569]
-0.7825914;0.8271193;-0.033606645;[-0.86464596  0.7899573   0.04570664]
-0.41807073;-0.18252419;0.58387536;[-0.38611674 -0.2346382   0.24223591]
-0.6159253;-0.004114844;-0.5263335;[-0.4805357  -0.02816127 -0.43192843]
-0.8712548;1.6888617;-0.9192473;[-0.91935384  1.5118588  -1.0308714 ]
-0.6501126;0.8535223;-0.14911765;[-0.5464281   0.6715572  -0.25263366]
-0.6233161;0.8430734;-0.1793373;[-0.52788556  0.63846284 -0.26464966]
-0.60106224;0.84564155;-0.14099355;[-0.5472068   0.6350912  -0.15808956]
-1.721193;2.5858912;-2.0172305;[-1.6640444  2.392876  -1.511602 ]
-0.6460497;0.57271534;1.3471498;[-0.6591414  0.3865615  1.1130023]
-0.90525776;0.8610406;-0.3498839;[-0.926149    0.78808844 -0.18784952]
-0.4567395;0.74262226;-0.22887921;[-0.39554524  0.5608541  -0.23373295]
-0.650564;-0.088723406;-0.6462015;[-0.596873   -0.09813344 -0.39815566]
-0.9372924;1.655352;-0.63460684;[-0.8930216  1.4891456 -0.6581091]
-0.55557173;0.7744398;-0.16338792;[-0.4897313   0.60661113 -0.25133416]
-0.8296662;0.80819124;-0.50694114;[-0.8301164   0.6664042  -0.32524943]
-0.54309934;-0.11559658;-0.4299105;[-0.59558594 -0.15063564 -0.30178046]
-0.6703324;1.3037544;-0.12258379;[-0.68811023  1.0745391  -0.15466468]
-0.8564945;1.3452454;-0.033431303;[-0.85104585  1.1102072   0.00447417]
-0.7099349;0.8996367;-0.09933257;[-0.5972042   0.7131709   0.02891222]
-0.8380525;0.45308316;-0.08204642;[-0.8678694   0.2650928  -0.04255541]
-1.1670868;1.3814634;-0.200008;[-0.9495735   1.2190846  -0.24940135]
-0.7803245;0.4874428;0.42377454;[-0.83287466  0.3848601   0.302809  ]
-0.61806214;0.0013713688;-0.25625286;[-0.5682242  -0.038229   -0.14787638]
-0.8623275;1.3330594;-0.5535909;[-0.8968048  1.1406809 -0.6886553]
-0.4186399;0.4104995;-0.64800143;[-0.370731    0.30724669 -0.56727004]
-0.56285006;0.44973838;-0.24517462;[-0.48233056  0.27407467 -0.1767664 ]
-0.48833847;0.0060666353;-0.24612468;[-0.29214412 -0.03248867 -0.12659945]
-0.5371986;-0.46312118;-0.39245528;[-0.42518562 -0.4258927  -0.43791977]
-0.67101675;-0.45475394;-0.23198092;[-0.67954105 -0.54183924 -0.17833436]
-0.058240548;0.5172545;-0.310139;[ 0.03890796  0.32434285 -0.2892427 ]
-0.25975716;0.6034506;-0.21985584;[-0.10951401  0.41762054 -0.20126726]
-1.386139;2.089517;-0.56182253;[-1.3921952   1.9504172  -0.71969694]
-0.7362424;1.215365;-0.4409998;[-0.81662285  1.0980078  -0.38143045]
0.7177207;0.5479693;-0.9259695;[ 0.6693395   0.30667824 -0.9696867 ]
1.0913241;1.1008068;0.48338675;[0.86021256 0.86596185 0.19417803]
1.1542258;0.16765751;-0.07707457;[ 0.8076073   0.05848247 -0.22629252]
-0.81523937;0.28629357;-0.55581605;[-0.8030113   0.27318048 -0.40331653]
-0.4923095;0.3107704;-0.46890885;[-0.44702888  0.2527873  -0.41291896]
0.19134751;-0.33385366;-0.19782194;[ 0.13767163 -0.43458468 -0.3719028 ]
-0.050573036;-0.3105507;-0.3451601;[ 0.10721762 -0.44223619 -0.3588604 ]
-0.87190336;1.692902;-0.8434442;[-0.9126675  1.4991567 -1.0057331]
-0.92184407;1.7346232;0.023421895;[-0.9113585   1.458147   -0.07403533]
-0.74431723;1.7020854;-0.062716976;[-0.8010142   1.4239434  -0.17864257]
-0.56100225;0.83915484;-0.12770277;[-0.48208392  0.6081979  -0.13372436]
-0.5039846;0.048327312;-0.19217974;[-0.5258929  -0.05376302 -0.23941024]
-0.7094014;0.027281962;-0.27843973;[-0.78295195 -0.03095777 -0.28027663]
-0.24787147;-0.027865827;-0.29678345;[-0.18524595 -0.18963264 -0.34370896]
-0.9157594;1.2421125;0.30385858;[-0.8548142  1.0593343  0.0373317]
-0.31185734;0.83456546;0.05637747;[-0.40078962  0.6567618   0.1234809 ]
-1.2197677;1.2893885;-0.0686395;[-0.95284796  1.1840652  -0.30513853]
-0.2831419;0.061835166;-0.11135642;[-0.36481905  0.02014673 -0.02856469]
-0.5899711;0.39112556;-0.17414443;[-0.4798922   0.23747161 -0.2291661 ]
-0.8672543;1.567615;0.415267;[-0.88507795  1.4200083   0.24009655]
-0.8350628;1.6243435;0.3468023;[-0.8913208   1.4650918   0.29784068]
-0.8937352;1.6230339;0.38414717;[-0.97431195  1.472375    0.32734162]
-1.1715493;1.6140403;0.38421673;[-1.0786532  1.5185     0.3733349]
-0.82150346;0.76719123;-0.12756246;[-0.8680779   0.7934711  -0.01983688]
-0.5662164;1.0108713;-0.11160068;[-0.55463743  0.837605   -0.15455069]
-0.7110708;0.17918587;-0.32238662;[-0.6494382  0.0457382 -0.3303184]
-0.8649991;1.5165483;0.10477489;[-0.8693087   1.3200344   0.06251837]
-0.65790415;0.6588954;-0.09786606;[-0.5576624   0.52143365 -0.15538612]
-0.8857293;1.4460034;0.025506038;[-0.8687346   1.2819906  -0.12656558]
-0.2730571;0.112774506;-0.20292288;[-0.27171075 -0.00663229 -0.27614504]
-0.5438135;-0.7364873;-0.52885556;[-0.5442287 -0.8454094 -0.5100125]
-0.6259876;-0.7677406;-0.4778654;[-0.5928705  -0.83091724 -0.4732289 ]
-0.07753685;0.5462381;0.27686894;[-0.03583558  0.39260817  0.05737269]
-0.37116444;0.19288173;-0.92079425;[-0.25052136  0.04654698 -0.9711714 ]
0.6802097;0.59403974;0.60125333;[0.38664228 0.45020634 0.20063345]
1.505205;0.21126378;0.05539129;[ 1.4338969   0.11161163 -0.17119779]
0.2970915;0.2788455;0.33807003;[0.2969653  0.16650265 0.1286176 ]
-0.4414814;-0.11966561;0.27003437;[-0.161278   -0.09683235  0.29876012]
-0.189986;0.5386639;0.32742682;[-0.14268188  0.42857248  0.07214847]
0.69851595;0.12654126;0.24613795;[ 0.35453868  0.05340099 -0.03466684]
0.13762572;0.26346833;-0.61713547;[ 0.14676952  0.10342059 -0.622853  ]
-0.17381044;0.1416618;1.0744193;[-0.17244495  0.09921219  0.6154708 ]
-0.40984827;-0.3054849;0.025647406;[-0.25828367 -0.36670035 -0.15032445]
0.1585789;-1.2079595;-0.96639645;[ 0.04098131 -1.2066389  -1.0635904 ]
0.7982126;-0.7229539;-0.05861998;[ 0.6858284  -0.83898336 -0.37351725]
-0.2833479;-0.69932956;-1.0637314;[-0.17542456 -0.71912616 -1.0226153 ]
0.58169436;-0.27172118;0.34050322;[ 0.53799886 -0.3227443  -0.08009222]
0.73073876;-0.73694843;0.058720727;[ 0.8156221  -0.80123776 -0.296393  ]
0.6240038;-1.2166711;-0.7851021;[ 0.6427383 -1.1950129 -1.0588453]
-0.42831582;-1.2259986;-0.17950001;[-0.29175878 -1.2418367  -0.47680905]
-0.60816133;0.83493394;-0.22491956;[-0.531574   0.6239012 -0.2636855]
-0.73149174;0.08879139;-0.2713501;[-0.6110883  -0.01553302 -0.2975395 ]
-0.50629836;-0.03674324;-0.48459333;[-0.40083897 -0.06645741 -0.45740095]
-0.8395941;1.6729649;-0.773963;[-0.8361783  1.4951193 -0.8284132]
-0.95622784;1.7311879;-0.0024824925;[-0.9382504   1.5085043  -0.10863549]
-0.9385312;1.7113489;-0.0623216;[-0.9153266  1.4894466 -0.1739108]
-0.53481406;0.81629795;-0.19067141;[-0.49680144  0.6130934  -0.20096515]
-0.97933286;1.7321063;0.029145282;[-0.94689786  1.4649502  -0.05595013]
-0.59961146;0.5454152;1.287928;[-0.57045776  0.38603222  1.0208691 ]
-0.83952594;0.938359;-0.12531991;[-0.84291255  0.7636855  -0.1098436 ]
-0.7949427;0.91687965;-0.2198923;[-0.7927947   0.720016   -0.18176033]
-0.31320506;-0.0007427633;-0.30956158;[-0.2873404  -0.12045713 -0.30655864]
-0.29636413;-0.029925197;-0.28482932;[-0.26340848 -0.15083699 -0.29978058]
-0.34150803;0.014855117;-0.2916342;[-0.31203294 -0.10209961 -0.33568153]
-0.5586943;1.0025609;-0.06855157;[-0.59651285  0.8263775  -0.13580455]
-0.7007763;0.17325418;-0.34748977;[-0.66884184  0.04484527 -0.3833404 ]
-0.95438;1.5123808;0.17081912;[-0.94933116  1.3263844   0.1549807 ]
-0.7929738;0.7187131;-0.08217721;[-0.8051914   0.6299808  -0.09519416]
-0.86478823;0.6889657;-0.24478212;[-0.8745657   0.64339936 -0.10423727]
-0.8744331;1.4258939;0.011577517;[-0.86687076  1.2675929  -0.11828431]
-1.0282267;1.7291912;-0.0115815215;[-0.9694009   1.4888891  -0.08879109]
-1.2581226;1.7264657;-0.20574808;[-1.0407771   1.5934775  -0.36691114]
-0.6707461;0.08324135;-0.40098143;[-0.69447756  0.0636485  -0.33759955]
-0.8120156;0.052736267;-0.2928283;[-0.75915074  0.05462492 -0.25090888]
-0.47504437;-0.022135936;-0.48902178;[-0.40597832 -0.04931454 -0.41869533]
-0.6177845;0.083026074;-0.35373467;[-0.48920065 -0.02804156 -0.26628873]
-0.5242547;-0.04572825;-0.51231337;[-0.4664365 -0.0672604 -0.3462038]
1.3011688;0.8576355;-0.7589815;[ 1.1099834   0.59247994 -0.5531184 ]
-0.84387857;0.4103076;0.11963924;[-0.8740636   0.35453123  0.03082326]
0.12629318;0.8723859;0.42930853;[0.03349864 0.8482684  0.33773568]
-1.0054829;0.40740895;2.7817082;[-0.98718584  0.37293303  2.8135266 ]
-0.66881555;1.2341801;0.50893325;[-0.61666536  1.103094    0.46036   ]
-0.39216435;0.7545194;0.5812791;[-0.31451255  0.59988356  0.41725275]
0.25661615;1.2539464;-0.16553728;[0.09398958 1.0157826  0.00716908]
0.32149625;1.0134937;0.7009427;[0.10919834 0.83937967 0.4040186 ]
0.8889482;0.93918866;0.7582922;[0.7119515  0.8727871  0.40139148]
-0.23227005;1.271685;-0.13531843;[-0.05360542  1.026949   -0.21904911]
-0.04617107;0.78684735;-0.50487715;[-0.22378992  0.62043476 -0.52131283]
0.10555124;-0.13090442;-0.14825983;[ 0.05621479 -0.14870904 -0.19879036]
-0.38364595;0.47673053;0.670769;[-0.17376603  0.32480812  0.4497504 ]
-0.05515589;0.80957854;-0.069182664;[ 0.05508254  0.5884418  -0.11587954]
0.46470386;0.4752754;0.78827965;[0.42965674 0.43252593 0.64060813]
-0.1751336;0.44929838;0.47878158;[-0.0276172   0.27217776  0.32257107]
0.12590261;-0.05912435;-0.5682336;[-0.01276891 -0.16489048 -0.5127557 ]
-0.43391693;1.276704;0.6528814;[-0.57554615  0.94682664  0.3775369 ]
-0.45522028;1.2736312;0.86492336;[-0.4836675   0.9401357   0.42490014]
-0.23794623;1.0560527;0.34142458;[-0.43629658  0.94933605  0.4226977 ]
-0.5466657;0.65697384;-0.2186831;[-0.2942894   0.40375674 -0.23115776]
0.3039357;-0.26733202;-0.8114361;[ 0.17002839 -0.369595   -0.72754675]
0.20397888;-0.25591564;-0.8231765;[ 0.02446012 -0.42120576 -0.78845745]
0.39285982;-0.71852094;-1.6202706;[ 0.34007245 -0.8637332  -1.5376108 ]
0.38946927;1.4367844;0.3155665;[0.36797005 1.2100239  0.20893475]
-0.671187;0.45298266;-0.40195954;[-0.48258328  0.27405474 -0.34770307]
0.043229043;0.122925624;-0.513684;[-0.09259047 -0.06791911 -0.5463825 ]
-0.13847642;0.34955007;-0.3868668;[ 0.02179086  0.13813186 -0.44075432]
-0.42499393;0.981174;0.68747514;[-0.15637057  0.7115681   0.59952515]
0.24284981;0.42797148;-0.08652741;[0.24687798 0.23737758 0.04203478]
0.24670422;1.3394816;0.30651125;[-0.01174922  1.1356661   0.19649573]
-0.6865443;0.42694384;-0.4181865;[-0.46565127  0.21783336 -0.41619936]
0.020146944;1.3271301;0.24113396;[-0.0912791   1.0788226   0.16822661]
3.1725311;0.51637495;1.0234464;[2.8121781  0.12941049 0.19660185]
-0.31303674;0.5982613;-0.33454216;[-0.3765353   0.610087   -0.36915848]
-0.4679904;1.4234854;-0.17387441;[-0.7852081   1.3973722  -0.20676556]
-0.52002734;1.0586532;-0.21746117;[-0.6936754   1.1098468  -0.21490966]
0.09130688;-0.21347837;-0.66423416;[-0.07268126 -0.19441353 -0.7759669 ]
0.711997;-0.831814;-1.4959667;[ 0.7410057 -0.7935088 -1.4534025]
-0.009125389;1.3989757;-0.17555524;[-0.28828204  1.1612092  -0.29528752]
0.5543785;0.856713;-0.52373904;[ 0.22029226  0.63291067 -0.4789036 ]
-0.5168925;0.99557596;-0.5100486;[-0.84756374  0.9330528  -0.65598816]
0.9108704;0.33223748;-1.3432086;[ 0.80288625  0.18426697 -1.3926864 ]
0.8366345;-0.5576423;-1.504956;[ 0.732916  -0.5921202 -1.5326921]
-0.5640127;1.0466678;0.32329518;[-0.81621027  1.0597659  -0.08120258]
-0.28400624;0.17754608;0.07409196;[-0.43834448  0.15821375 -0.20786418]
-0.5819276;1.0678566;0.33789602;[-0.86539495  1.0743667  -0.11389224]
-0.30525064;0.21098572;0.07780489;[-0.4741127   0.153087   -0.37946525]
1.4150125;-0.07723646;-1.0051854;[ 0.89697134 -0.07271937 -1.3592831 ]
0.24257201;-0.07411297;-0.23070163;[ 0.03581794 -0.07884057 -0.32018632]
-0.56707305;0.68651885;-0.19272727;[-0.8127923   0.6835243  -0.15113378]
-0.4639747;-0.2904094;0.17213108;[-0.6620416  -0.23564537 -0.23837599]
-0.06471147;-0.7626109;-0.11329548;[-0.28212893 -0.74253523 -0.39003453]
-0.24881847;0.14536779;0.54558975;[-0.39184546  0.23548308  0.07882488]
-0.31039184;-0.37335753;0.046996105;[-0.4914984  -0.22972108 -0.10040665]
-0.48360258;1.0036258;0.196428;[-0.7666217   1.0148869  -0.18278967]
0.5702597;0.6681213;-0.62234783;[ 0.42657894  0.4408425  -0.4849777 ]
-0.4880861;0.54913384;-0.08520043;[-0.7398087   0.5842322  -0.28785127]
0.7488634;-0.14710666;-0.9093298;[ 0.4762317  -0.19776027 -0.9429323 ]
0.08812939;-0.09199186;-0.27846938;[ 0.0318495  -0.11611827 -0.251016  ]
-0.4426239;0.27186513;0.05808939;[-0.6462404  0.2621512 -0.2122726]
-0.5846775;0.8234254;0.0067825206;[-0.7145684   0.86965847  0.05886554]
0.21574278;0.7111887;-0.16479975;[ 0.0790907   0.5027969  -0.06248028]
0.52320737;-0.6052602;-0.1576677;[ 0.47610527 -0.5606669  -0.36560333]
0.04458636;-0.4580844;-0.8299052;[-0.09002857 -0.46083122 -0.86880565]
-0.53256136;1.0315961;-0.16642174;[-0.7609252   1.0330981  -0.15289035]
-0.49394226;0.23490722;-0.17342672;[-0.6831535   0.24436943 -0.25924903]
-0.3204432;1.846969;-0.22276855;[-0.5877272   1.8359613  -0.19382456]
-0.13328852;0.54777604;-0.397873;[-0.26056057  0.5938065  -0.52879894]
0.1659768;0.8388382;-0.46942675;[ 0.10289383  0.6307787  -0.4409139 ]
0.3703013;-0.27545136;-2.2531905;[ 0.32447127 -0.51812226 -2.0725808 ]
0.3345368;0.034352493;-0.7298665;[ 0.09388323 -0.0051818  -0.80775946]
0.61449546;-0.66565275;-1.5839062;[ 0.5262095 -0.7138495 -1.594406 ]
-0.26212788;-0.7211378;-0.56052625;[-0.4362977  -0.7158595  -0.58477837]
0.28798336;0.21135126;-0.48458815;[ 0.4428916   0.04515793 -0.41769707]
-0.7514645;0.22023581;-0.42860502;[-0.5697051   0.17164071 -0.40946934]
-0.16590227;0.6086992;-0.31716123;[-0.32032508  0.6460068  -0.39662197]
-0.6864147;1.2138517;-0.45519412;[-0.42382318  1.0782771  -0.6240807 ]
-0.39134413;1.0114685;-0.3851521;[-0.59052783  1.0681559  -0.49419436]
0.7162848;-0.11255297;-0.7745411;[ 0.4590435  -0.10502964 -0.81637794]
-0.19438766;0.10323792;-0.5360194;[-0.2411759  0.1610198 -0.6899418]
-0.42869276;0.84539175;-0.41480714;[-0.13871409  0.66175175 -0.51800126]
-0.08686015;0.68859035;-0.3540252;[-0.07248534  0.64655316 -0.40180954]
-0.3698771;0.8210644;-0.2097956;[-0.5212013   0.82283264 -0.28091073]
-0.019945525;-0.18473093;-0.49783206;[-0.02315424 -0.19626446 -0.6049687 ]
-0.56585866;1.2036651;-0.17415412;[-0.28610444  1.0672461  -0.22932841]
-0.07794614;0.7094634;-0.02297042;[-0.28480077  0.68382573 -0.11871694]
-0.17906477;0.19980162;-0.3557852;[-0.3343292   0.28028083 -0.48301163]
-0.121060416;0.19920647;-0.19181779;[-0.24015681  0.22846352 -0.35177895]
-0.30419207;1.0617058;-0.26374638;[-0.4948234   1.1372882  -0.28033352]
-0.2600122;0.82838017;0.4167332;[-0.4073556   0.8544086   0.31861398]
-0.10539256;0.73865145;0.031315204;[-0.23348238  0.70535976 -0.06083045]
-0.12740825;0.22220413;-0.22991729;[-0.13671102  0.24297564 -0.27181765]
-0.57136303;1.5694989;-0.19565019;[-0.35381228  1.3997514  -0.3090628 ]
12.28264;0.6592527;3.0741696;[15.138941  -0.3189417  4.8999643]
-0.6174454;1.7123224;-0.29481393;[-0.3354485   1.4323725  -0.38345334]
-0.38111895;1.5548342;-0.32056564;[-0.47440088  1.5303227  -0.3312076 ]
0.85593987;0.4998811;-1.000831;[ 0.7448478   0.39832717 -0.9958952 ]
-1.1727812;4.6699023;0.63001746;[-0.8423132   4.485023    0.39121377]
-1.0311811;3.7889369;0.31561947;[-0.8911929  3.6730533  0.2481061]
1.8382206;2.8369792;-1.0036372;[ 1.9255109  2.3983364 -1.3302052]
1.5567104;2.7922888;-1.0646783;[ 1.9376135  2.391985  -1.367578 ]
-1.3784815;4.18645;0.8009949;[-1.033883   3.9846945  0.5305072]
-0.88362104;3.2981136;0.49607497;[-0.72851706  3.0555816   0.19764145]
0.7231292;1.272635;-0.96222746;[ 0.95884186  0.90792847 -1.0409625 ]
-0.8504527;1.3958635;-0.89744294;[-0.22772978  1.0633136  -0.87470967]
0.6703685;0.985037;-0.49595433;[ 0.6591889  0.6796262 -0.4500271]
0.6532151;1.0456462;-0.36764866;[ 0.553585   0.6864581 -0.3905218]
-0.4910987;0.41372192;-1.1037185;[-0.01904365  0.13932016 -1.0075163 ]
0.7078727;0.35987318;-1.0664018;[ 0.7988487   0.21351616 -1.075447  ]
-1.5357033;2.9903286;0.15080751;[-1.2792028   2.6791916   0.03320554]
-1.3507217;2.18887;-0.11911067;[-1.1337738   1.9426535  -0.10877641]
-0.78589404;1.2888997;-0.4235208;[-0.7177019   1.0640486  -0.37874886]
0.7832746;0.914347;-1.1267841;[ 0.6460462  0.5785604 -1.2383657]
0.8600892;0.035874486;-1.5365337;[ 0.6441041  -0.12015024 -1.3897133 ]
0.8367589;0.46120095;-1.0053995;[ 0.6169474  0.300642  -0.8914754]
-0.8769968;2.214113;-0.12842095;[-0.8500433   1.8426353  -0.21763377]
-0.5799743;1.314132;-0.4902404;[-0.4935128  0.9604082 -0.5546043]
-1.5384699;3.0792904;0.16397367;[-1.2798918   2.7003756  -0.03031538]
-0.6679875;1.3689733;-0.3286634;[-0.6422546   1.0573771  -0.39314124]
-1.0498692;1.4476423;-0.3247521;[-0.9196373  1.1532539 -0.3114653]
-0.59822434;0.8803379;-0.3605069;[-0.42053002  0.66988695 -0.5024737 ]
-0.8037865;1.8021128;0.31252742;[-0.8207184   1.5950054   0.00850229]
-0.7230154;1.4641383;0.03338105;[-0.64788085  1.240181    0.05524107]
-0.68882996;0.9832878;0.035235316;[-0.6377723  0.8513379 -0.141279 ]
-0.53883904;0.93369025;0.00917675;[-0.46001917  0.7562156  -0.20886062]
-0.8634576;1.8129936;0.21358198;[-0.7978333   1.5620164  -0.01751513]
-0.6284202;1.4978607;0.5760211;[-0.51365304  1.2540076   0.4632335 ]
-0.73481333;1.5020703;0.12753898;[-0.66124374  1.2842182   0.13222669]
-0.46171528;0.9051175;0.016238742;[-0.36094028  0.7057804  -0.19229569]
-1.5402173;2.6677978;0.27816236;[-1.2677587  2.3960333  0.0791519]
-1.3558798;1.8689382;0.044576105;[-1.0942835   1.667946   -0.08579761]
-0.596379;0.89363796;-0.2920736;[-0.4594463   0.6567017  -0.22202982]
-0.04639475;0.9026209;-0.15599568;[ 0.07306677  0.63722545 -0.3076817 ]
0.5012886;1.3149714;0.10467991;[ 0.39257503  1.092821   -0.11293098]
0.5439953;0.41735303;-0.07281062;[ 0.30092052  0.27759314 -0.22264898]
-0.57203454;1.2572352;-0.34166914;[-0.4637686   0.95564103 -0.45440915]
-0.72515476;1.3244785;-0.31611538;[-0.66547704  1.0561724  -0.38471624]
-1.3243603;1.7327722;-0.09474942;[-1.1097172   1.5659634  -0.24851155]
-0.86907244;1.6624856;-0.14740872;[-0.8295342  1.4286028 -0.3199532]
-1.2798148;2.509009;-0.18013608;[-1.2523037   2.250897   -0.25972083]
0.500497;1.5282997;-0.1698843;[ 0.4559335   1.1766529  -0.26921758]
0.4335963;0.82085896;-0.69958323;[ 0.29867017  0.59759307 -0.6905493 ]
0.46912682;0.58879817;-0.32795078;[ 0.46423978  0.4025154  -0.4184622 ]
-0.14027612;2.2629647;-0.5223062;[-0.131884    2.0412817  -0.50044817]
1.5790502;1.3533288;-2.0876327;[ 1.4641296  1.0398389 -2.082312 ]
1.1092352;1.3635834;-0.7186732;[ 1.7651746  0.9826529 -0.9217201]
0.5942171;0.96284765;-1.30422;[ 1.0336044   0.63807297 -1.1801597 ]
-0.33802092;0.3144049;-1.7308456;[ 0.7815378   0.12150402 -1.71565   ]
0.6437059;1.3440396;-0.3612523;[ 0.42843854  1.0535592  -0.55064374]
0.6852277;1.8454479;-0.25528148;[ 0.89809453  1.4772924  -0.25261497]
0.67342526;0.8812379;-0.548273;[ 0.792395   0.6686712 -0.5016662]
-0.22540034;1.8791919;-0.47889566;[-0.30869693  1.5888368  -0.46382058]
-0.0027253106;0.97561574;-0.846168;[-0.11750288  0.72399855 -0.75382304]
0.5735635;0.35848767;-0.6899154;[ 0.44426203  0.23107278 -0.78160244]
0.38001657;0.30718678;-0.9576756;[ 0.54602414  0.2328013  -0.91503996]
-0.7824761;0.35562384;-0.49821633;[-0.1953779   0.3463124  -0.57600415]
-0.6351318;0.17413825;-1.2927213;[-0.02067913  0.0525265  -1.4756365 ]
0.9402469;-0.4799195;-2.2558928;[ 0.845941  -0.596996  -2.2551801]
0.8901065;-1.0909903;-2.8591554;[ 0.79029083 -1.1492137  -2.5019383 ]
-0.63276684;-0.46944785;-0.38712916;[-0.44046307 -0.35026956 -0.6024627 ]
-0.34317148;-0.37515903;-0.21179932;[-0.2763623  -0.38625938 -0.24995318]
0.10403698;-0.18590932;-0.047486585;[-0.08010386 -0.12760244  0.01870181]
0.3505411;-0.7105586;-0.28729188;[ 0.23651963 -0.76527876 -0.34696096]
-0.2420436;-0.57046103;-0.9622365;[-0.33452702 -0.664714   -0.90531904]
-0.24376164;-1.1621414;-0.87823236;[-0.25186002 -1.1095444  -0.94005555]
-0.17925708;-0.22222991;-0.024898302;[-0.17519863 -0.15592054 -0.14967874]
-0.20069064;0.46408653;-0.55882555;[-0.09786336  0.37701762 -0.5639167 ]
-0.37018794;0.36326218;0.11884211;[-0.13683005  0.32192546  0.04775726]
-0.05632256;0.5994256;0.28045085;[0.03871875 0.5238198  0.18916978]
0.031966873;-0.4644974;-0.45787787;[-0.21491246 -0.35434347 -0.469506  ]
-0.39456213;0.12112863;-1.0900171;[-0.38505715  0.08169225 -1.1159492 ]
-0.09182115;-0.3700897;-1.1949756;[ 0.14895426 -0.39592385 -1.0288043 ]
-0.4398291;0.19053479;-0.5128943;[-0.16000526  0.09935353 -0.40367794]
0.083425164;-0.9595197;-1.1889061;[ 0.35580346 -0.90177953 -1.137728  ]
0.032808393;-0.43200195;-0.09585622;[ 0.01936917 -0.47814763 -0.22137181]
-0.30405003;-0.43033308;0.13494542;[-0.32404482 -0.30972362  0.00813441]
-0.019883215;-0.36512518;-0.45080388;[-0.17986502 -0.25499475 -0.58401775]
-0.046862885;-0.9528906;-0.3423326;[-0.09310107 -0.89122206 -0.3062419 ]
-0.29120702;1.7640955;0.15993907;[-0.23650174  1.4895471   0.04136913]
0.17540815;1.4040083;0.06949843;[ 0.2739126   1.1255189  -0.03894791]
0.33552712;0.5161862;-0.0700558;[ 0.4348182   0.33761495 -0.26153237]
-0.36984754;0.012386199;-0.95994496;[-0.26224244 -0.04479843 -1.0362349 ]
-0.5879478;1.2306637;0.20277606;[-0.31120557  1.0556732   0.23645215]
-0.24177806;0.8837548;0.31078556;[-0.04972608  0.7245693   0.28285426]
-0.74175394;0.4971944;-0.051936705;[-0.37563282  0.35864252 -0.19907434]
-0.17079927;0.3902408;-0.29410446;[-0.10691135  0.22090225 -0.45929682]
-0.31520212;1.2835749;-0.09962994;[-0.20658062  1.093147   -0.21376373]
-0.07447849;0.4817605;-0.12681115;[ 0.23503396  0.3192743  -0.11399554]
0.5826654;-0.07458584;-1.3370587;[ 0.3426961  -0.16786939 -1.1809572 ]
0.56641537;-0.4678408;-1.9299052;[ 0.6139893 -0.5332325 -1.8874844]
-0.7213101;0.36713564;-1.0231411;[-0.2899502   0.36622924 -1.0645202 ]
0.7107881;-0.2700827;-1.9739199;[ 0.8977169 -0.3764869 -1.9440273]
-0.61406136;-0.09947075;-0.56992316;[-0.23463024 -0.04133044 -0.68575937]
0.8547049;-1.0371748;-2.2833838;[ 0.9146415 -1.0801116 -2.1900673]
0.9565708;-1.0048999;-1.356952;[ 0.81010115 -1.0174614  -1.3377794 ]
0.04677752;-0.21650864;-0.48136985;[ 0.05422933 -0.29374605 -0.42545253]
0.04640042;-0.21988492;-0.8445289;[ 0.03959861 -0.33419144 -0.56293184]
0.042703047;1.1131316;-0.17196819;[ 0.17191419  0.95508635 -0.21901593]
0.34095442;0.5163026;-0.38085967;[ 0.6158091   0.41557246 -0.50012505]
0.0045080185;0.43367517;-0.70022964;[-0.21125723  0.34352678 -0.6813788 ]
0.031234786;-0.99904484;-1.3636104;[ 0.0840508 -1.0673046 -1.3114725]
-0.10959338;0.26752898;-0.4878832;[ 0.07344778  0.2685377  -0.5154438 ]
0.31460696;0.20498653;-0.31178048;[ 0.31231767  0.07660155 -0.40897647]
0.37308472;-0.33057517;-0.546838;[ 0.62316036 -0.4278838  -0.64833444]
0.08536506;-0.16452618;-0.20855945;[ 0.03379694 -0.20454158 -0.2664005 ]
-0.05729863;-1.026396;-1.0261129;[-0.02810125 -1.1102935  -0.7884489 ]
-0.07805435;0.9631477;-0.11153382;[ 0.02381068  0.7377622  -0.08780329]
-0.07849018;0.9417394;-0.059711542;[ 0.03040348  0.7160487  -0.10135698]
-0.4326461;1.0499102;0.24169365;[-0.32760346  0.88235974  0.0615552 ]
0.24286777;0.56356186;-0.45529902;[ 0.48336667  0.36868066 -0.35594064]
-0.3483991;0.7051331;-0.8303984;[-0.2099799   0.51708275 -0.8385528 ]
-0.44060498;0.68512946;-0.8733497;[-0.324059    0.5392222  -0.97287196]
-0.3398795;-0.16268747;-0.9620602;[-0.2114269 -0.3265    -1.0554694]
-0.20390432;-0.72612715;-0.5461807;[-0.07951994 -0.78483623 -0.5876281 ]
0.033073924;0.54348564;-0.011383776;[0.08691366 0.41676056 0.01121649]
-0.1950349;-0.36128742;-0.18071985;[-0.07281365 -0.3502295  -0.377704  ]
-0.114959136;1.4114827;0.21090722;[-0.04687552  1.1809367   0.19392437]
-0.2128668;0.98791105;0.02419221;[-0.08555128  0.8012208  -0.00744115]
-0.40280885;0.5316657;0.08664951;[-0.11997856  0.37819123 -0.01599815]
0.29167128;0.60124606;0.012451861;[ 0.39880028  0.47015226 -0.03826429]
-0.46656662;0.24146846;-0.62700653;[-0.34499407  0.16515294 -0.8134808 ]
-0.19355325;0.08276385;-0.5701429;[ 0.01764031  0.11125543 -0.6064449 ]
-0.2050076;-0.39493376;-0.98845696;[ 0.025839   -0.33325028 -1.0653307 ]
-0.43092555;0.1108657;-0.14472412;[-0.1086617   0.06069728 -0.22924627]
-0.20243354;0.15069023;0.00052748993;[-0.16010614  0.21093407 -0.02640748]
-0.31187427;-0.34564376;-0.01661333;[-0.17319347 -0.21527784 -0.293869  ]
0.048752367;0.13472697;-0.10481273;[ 0.14857982  0.05645659 -0.09629811]
-0.14521474;-0.3187858;-0.3465974;[-0.02198547 -0.32595843 -0.36199078]
-0.113712415;0.24541958;-0.5758577;[-0.17340805  0.13721183 -0.6839804 ]
-0.19178848;0.7407443;-0.27576116;[-0.2879839   0.7054387  -0.14230545]
-0.2538281;0.570978;-0.8698231;[ 0.168573   0.4283139 -0.8095426]
-0.056942523;0.15049383;-0.51828897;[ 0.14657566  0.10926043 -0.52266836]
-0.14171419;-0.33588547;-1.0345509;[ 0.125671   -0.32560515 -1.0311933 ]
0.061391354;0.21886452;-0.633508;[ 0.6247194   0.11956962 -0.69751865]
-0.16253217;0.1882035;0.39308932;[-0.0035416   0.13478579  0.299969  ]
-0.15034391;0.60682076;0.28773704;[-0.1622959   0.5169974   0.13177522]
-0.31732154;0.2629552;0.59286255;[-0.25672388  0.29511407  0.4698302 ]
-0.15459098;1.397939;0.22157702;[-0.03506182  1.1329857   0.15466498]
-0.10003547;0.25695026;-0.5756251;[-0.10697518  0.17315444 -0.5966833 ]
0.016352147;0.5197029;-0.013891052;[ 0.1009175   0.36706722 -0.03444423]
0.5291855;0.23431452;0.0835617;[ 0.59705055  0.18577334 -0.04472482]
-0.09530847;1.6579331;0.18331373;[-0.1453908  1.439593  -0.0134902]
-0.31788146;-0.4179523;-1.4893056;[-0.5322136  -0.59021676 -1.3266329 ]
0.38603818;0.49560267;-0.2145209;[ 0.36496812  0.45192415 -0.14223617]
0.5777348;0.19883162;-0.14263874;[ 0.37579566  0.180189   -0.02275708]
0.12583241;0.64235693;0.09833424;[ 0.21325946  0.5273101  -0.08128375]
-0.21301965;0.39416182;-1.3542857;[-0.05391772  0.28003085 -1.2877729 ]
0.2726729;0.67969555;-0.115348026;[ 0.2931199   0.65848655 -0.22338755]
-0.11975521;0.4492234;-0.4849354;[-0.14705382  0.38801837 -0.4116759 ]
0.22956084;-0.04147742;-0.46685696;[ 0.24550655 -0.08868536 -0.4158443 ]
0.42944372;0.020680398;-0.37774688;[ 0.2307449  -0.00120603 -0.42759612]
0.33313006;-0.41327113;-0.40653306;[ 0.2907558 -0.3749628 -0.4748936]
0.0020906255;-0.15238585;-0.67254686;[ 0.10162826 -0.24511467 -0.6709576 ]
0.58090615;-0.5651974;-0.07285735;[ 0.3147412  -0.61762345 -0.25079057]
-0.16203703;-0.4380644;-1.1155005;[-0.34740353 -0.43331414 -1.1094006 ]
0.41131616;-0.23080187;-0.08526677;[ 0.4015545  -0.37638372 -0.26312172]
0.92812026;-0.9283914;-0.48648977;[ 0.7968043  -1.0482657  -0.56886584]
-0.20924135;-0.84600073;-1.2858204;[-0.17329668 -0.92482966 -1.038148  ]
-0.03678438;0.9854516;-0.088009104;[ 0.09033047  0.72604954 -0.1339651 ]
0.08633666;0.15676606;-0.2488296;[ 0.13623089 -0.0479527  -0.326117  ]
-0.43703902;1.0621694;-1.0455085;[-0.03956433  0.867121   -0.9108712 ]
0.21511292;1.5383137;0.04689297;[ 0.3474722   1.1914358  -0.03722896]
0.48933405;0.63082963;-0.07839741;[ 0.4910388   0.43408597 -0.1464029 ]
0.43250299;1.2020375;0.16400018;[0.5550294  0.92072374 0.1603479 ]
0.3156234;0.71918243;0.06893836;[ 0.19144347  0.4804473  -0.05538841]
-0.07093696;1.4145094;0.18032317;[-0.02224827  1.1404065   0.05354331]
0.45574164;0.66091615;0.02249578;[ 0.311228   0.5333841 -0.0046178]
-0.39897156;1.1651033;-0.6604748;[-0.4583624   1.0392789  -0.78254145]
-0.09788832;0.76579905;-0.28655106;[-0.30587488  0.7620338  -0.22642657]
-0.15166144;0.29403645;-0.7571532;[-0.13334669  0.20076945 -0.73351324]
0.09630288;-0.29915506;-1.0918244;[ 0.23329127 -0.29461348 -0.9579284 ]
-0.095676124;0.60327107;0.18024057;[-0.14207585  0.4937647   0.0233074 ]
0.557631;0.14776997;-0.027574774;[ 0.5490251   0.03858379 -0.11682183]
0.49240017;-0.39080954;-1.0802964;[ 0.6524928  -0.39238602 -1.0722963 ]
-0.8275151;1.132325;0.047911633;[-0.40655446  0.97958696 -0.01956039]
-0.42396617;0.6647411;0.25483254;[-0.24296923  0.5808649   0.24769618]
0.77729815;0.7253713;-0.7194218;[ 0.5569978   0.55566233 -0.6658612 ]
0.15968128;1.0399559;-0.17547032;[ 0.26275957  0.79543835 -0.20434426]
1.0338877;0.35416877;-0.7903811;[ 0.9876762   0.23072676 -0.81467825]
0.4656387;0.59873146;-0.086759135;[ 0.49644673  0.4919684  -0.16345586]
0.9444331;-0.09414914;-0.84752685;[ 0.661101   -0.07139032 -0.9130599 ]
-0.24643804;0.2658885;-0.7698562;[-0.11517479  0.361624   -0.8968248 ]
1.0772365;-0.36958957;-1.5432532;[ 0.8065388 -0.3075348 -1.5929929]
1.069286;0.18393065;0.13008507;[0.6967075  0.11449971 0.06987953]
0.76445955;-0.478751;-0.31549174;[ 0.8438022 -0.4933573 -0.6256066]
-0.37377048;0.2011468;-1.0210314;[-0.16833787  0.05434853 -1.0503467 ]
0.5650739;-0.4061938;-1.7718544;[ 0.44123447 -0.5118237  -1.7601625 ]
0.27248335;0.030355204;-0.32322213;[ 0.36197954 -0.01832053 -0.4513826 ]
0.5084761;-0.5555855;-1.0774004;[ 0.7609616  -0.62219036 -1.0775183 ]
0.33334687;0.38436955;-0.25385827;[ 0.29304314  0.26299572 -0.19829156]
0.112903595;0.52103627;-0.40250826;[ 0.21470967  0.4337092  -0.33325168]
0.5157469;-0.07278727;-0.226493;[ 0.43857276 -0.06811994 -0.23198438]
0.65694445;-0.48439562;-0.6618444;[ 0.60264474 -0.4856738  -0.6727032 ]
-0.013478361;0.51672983;-0.65238416;[-0.10102324  0.4252401  -0.49920246]
0.1411507;0.22903563;-1.095859;[ 0.15257072  0.13810848 -1.0195246 ]
0.35528797;-0.37848824;-0.66089386;[ 0.14143354 -0.27783436 -0.6097538 ]
0.3373149;-0.50116646;-0.66324246;[ 0.3853361 -0.5152967 -0.7036753]
0.01853314;-0.07451877;-0.21861142;[ 0.01033702 -0.17204899 -0.280073  ]
0.22766857;-0.33977377;-0.40446812;[ 0.22839099 -0.3218029  -0.4668083 ]
0.17706594;-0.49712515;-0.40827495;[ 0.25599486 -0.58251613 -0.43096164]
0.13301823;-0.39687222;-0.5889392;[ 0.16298315 -0.3929873  -0.55560887]
0.7173981;-0.8992451;-1.121899;[ 0.7034538 -0.979386  -1.0033213]
0.18761323;-0.9689302;-1.1709526;[ 0.28147402 -0.99085736 -1.0515468 ]
-0.5306141;1.2612436;0.5029228;[-0.46130002  1.1903309   0.4196042 ]
-0.16099156;0.7838592;0.59202355;[-0.15888937  0.7177948   0.37794408]
-0.87996894;0.38701075;-0.26699758;[-0.37974614  0.36571884 -0.15134963]
-0.65539056;0.6246433;-0.3954261;[-0.35390556  0.490888   -0.44344535]
1.3189462;1.3206569;-0.020577487;[ 0.9275811   0.9687733  -0.18080649]
-0.8603055;1.4773277;-0.39210033;[-0.6948774   1.2350129  -0.42305353]
-0.83491117;1.5556241;-0.35356534;[-0.77549136  1.4084498  -0.45521453]
-0.94350725;1.6560374;-0.40289974;[-1.0487386  1.5047857 -0.4780142]
-0.12068872;0.45651865;-0.24129611;[ 0.04509036  0.31723517 -0.3873441 ]
0.36005116;-0.033939242;-0.19809246;[ 0.29646844 -0.03628046 -0.4301803 ]
2.7342556;-0.024780892;-0.22254717;[ 2.5766501  -0.28428334 -0.6479416 ]
0.35466278;-0.05831702;-0.21554866;[ 0.2750004  -0.07698949 -0.36874202]
0.4242434;-0.20541619;-1.0050116;[ 0.5210591  -0.31261045 -0.9502644 ]
0.83104247;-0.62015986;-1.0440633;[ 0.86514264 -0.6863227  -0.95673186]
0.4565093;-0.008179843;-0.2550537;[ 0.43501237 -0.05806702 -0.34738392]
3.6905332;-0.06963496;-0.35596567;[ 4.044983   -0.17482792 -0.0973357 ]
0.7348146;0.16113459;-1.5683951;[ 0.9565896   0.02562611 -1.5043262 ]
-1.3814358;2.540733;-0.70840895;[-1.3762004  2.2772925 -0.7784614]
-0.8415094;1.6662434;-0.7501221;[-0.84282434  1.4616343  -0.7071548 ]
0.84210134;1.634287;0.48132893;[0.49015188 1.3088409  0.22318207]
0.87814474;1.5288366;-0.051487107;[ 0.7223391   1.1612791  -0.17668332]
0.8446685;0.60282856;-0.29533592;[ 0.7975805   0.46223682 -0.32197344]
0.7874419;0.7039925;0.33208132;[0.60821337 0.5960243  0.20777602]
-0.6822786;0.82106215;-0.54398745;[-0.61153066  0.7053968  -0.6087945 ]
0.7524919;0.7606815;0.39775634;[0.46676508 0.6321259  0.33736908]
-1.0139135;1.7575448;0.28543642;[-0.92587054  1.5662495   0.12168196]
0.9428943;1.0133635;-0.93652654;[ 0.80219865  0.7839848  -1.0391518 ]
1.0418016;1.0687084;-0.50481623;[ 0.8125581  0.8165602 -0.7132165]
0.92691225;0.1829679;-0.33027297;[ 0.7500022   0.11856936 -0.4026585 ]
-0.73694056;0.39882892;-0.6959768;[-0.7278888   0.3462426  -0.67755765]
0.9897928;0.17974037;-0.94447076;[ 0.770677    0.06726241 -0.92153805]
-1.0807229;1.2668319;-0.4882918;[-1.0108247  1.1920954 -0.5450984]
-0.6936175;0.8595973;-0.23376685;[-0.5503768  0.7882767 -0.2629193]
0.57718545;-0.30452722;-1.3663974;[ 0.57477003 -0.33822632 -1.3425683 ]
0.8670303;0.24386679;-0.48105752;[ 0.6683298   0.11499478 -0.6542589 ]
-0.9006706;1.2297952;-0.5933126;[-0.84884155  1.0881789  -0.6247286 ]
0.8416622;0.5550688;-1.7474518;[ 0.9455825   0.43370426 -1.8023137 ]
0.86304474;0.14762042;-0.8787257;[ 0.78957987  0.06111544 -0.8855032 ]
0.7280689;-0.31980753;-1.6152954;[ 0.81123513 -0.33308762 -1.4588677 ]
0.788105;0.44975173;-1.6867952;[ 0.84785587  0.32544363 -1.575972  ]
0.77322966;0.43807775;-2.1300259;[ 0.65942425  0.3256184  -1.8983124 ]
1.2119323;-0.14144209;-2.9986787;[ 1.2236174  -0.31161964 -2.6200898 ]
-1.0107574;1.0834464;-0.64962053;[-1.0265402  1.0249127 -0.7875336]
-0.6268026;1.2143365;-0.1578865;[-0.6732891   1.0828733  -0.31097522]
0.514861;0.43333822;-0.08642444;[ 0.5214518   0.3765297  -0.13661419]
-0.12973985;1.7718047;0.075750515;[-0.0596935   1.560176   -0.05301853]
0.4032454;1.30503;0.035593126;[ 0.39977002  1.1595354  -0.07335098]
0.24768627;0.49637097;0.14000815;[ 0.1388565   0.40148646 -0.05371865]
0.3827681;0.44388002;-0.049715336;[ 0.23939419  0.31146348 -0.18756169]
1.6638886;-0.46671933;-0.46734947;[ 1.8521734  -0.6398687  -0.92252344]
-0.9473135;2.086788;-0.96676934;[-0.9112307  1.8752269 -1.0630066]
-0.55733603;1.2118405;-0.682279;[-0.396232    1.0143557  -0.63334054]
-0.37207574;0.38222307;-0.5899987;[-0.2270794  0.2682708 -0.5473741]
-1.6988491;2.9652083;-2.3502378;[-1.5700537  2.718439  -1.5363957]
-0.9348182;2.0741584;-0.8049249;[-0.9435543  1.8434767 -0.8037377]
-0.6548556;1.2239733;-0.3395071;[-0.6348723   1.093727   -0.42382386]
-0.2739069;0.39194;-0.22241557;[ 0.01839922  0.29008174 -0.23534267]
-1.7105751;2.5613048;-1.5968486;[-1.633856   2.361291  -1.3907868]
-0.77145106;1.6671532;-0.9634253;[-0.79429495  1.4929745  -0.7494569 ]
-0.51398546;1.2518405;-0.08963713;[-0.40995872  1.0884732  -0.19274896]
-0.606397;0.79928726;-0.6899258;[-0.49961048  0.6634066  -0.5700727 ]
-1.2540025;1.7025429;-0.37016854;[-1.026641    1.5803078  -0.38040772]
-0.69364244;0.83734685;-0.31070805;[-0.60177135  0.70882046 -0.3719711 ]
-0.41603446;0.4023118;-0.14338593;[-0.25511295  0.35325778 -0.19552465]
-0.541044;-0.033341795;-0.38571072;[-4.7908926e-01  3.1075627e-04 -4.3924901e-01]
-0.8888393;1.5295638;-0.75928336;[-0.8040731  1.4428633 -0.7361937]
-1.3738819;2.40767;-0.8760772;[-1.4122574  2.2759674 -0.9514242]
-0.8665714;1.5273765;-0.75734735;[-0.8705511   1.4343244  -0.68100405]
0.9821394;0.97357637;-1.1365663;[ 0.69559133  0.755631   -1.0727352 ]
-1.0404955;1.5621716;-0.40900597;[-0.9916196   1.4907221  -0.48655373]
0.98043317;0.9210059;-1.2784586;[ 0.8599896   0.66532964 -1.2697425 ]
-0.69354266;0.7250127;-0.44161224;[-0.67889225  0.6474539  -0.5813529 ]
0.12846212;0.9709933;-0.30850828;[ 0.13090606  0.79546636 -0.3727401 ]
0.1286053;1.0231037;-0.23960572;[ 0.02364627  0.833269   -0.21861757]
0.57146233;0.7136666;-0.22403693;[ 0.43523526  0.5057076  -0.23373158]
-0.3464083;0.45062798;-0.66944695;[-0.18296172  0.31379086 -0.56492084]
-0.7759701;1.3374184;-0.32277042;[-0.7124863  1.1946968 -0.264964 ]
-0.71318847;1.2849115;-0.41412792;[-0.60879636  1.1105322  -0.43733844]
-0.034510046;0.44785225;-0.5072694;[ 0.04916257  0.28673977 -0.6076564 ]
0.5240815;-0.2251191;-1.4771447;[ 0.51829123 -0.3363818  -1.3347932 ]
0.5296553;0.6477447;-1.6327031;[ 0.5229163   0.39936262 -1.5320866 ]
0.53591424;-0.5396474;-0.35472494;[ 0.44782966 -0.54079074 -0.5278503 ]
-0.21815969;-0.4614995;-0.6852503;[-0.20753242 -0.4373632  -0.90485036]
0.2894541;-1.0044829;-1.5279971;[ 0.3520126 -1.0111077 -1.5491756]
-0.31991047;-0.23363926;-0.9424851;[-0.26489103 -0.40265834 -0.99454015]
-0.3106144;-1.0119678;-0.88452953;[-0.15370335 -1.1805257  -0.89086145]
-0.34676057;-1.0581378;-0.98684525;[-0.12285496 -1.1409036  -0.9517838 ]
0.71812075;0.5280524;-0.9504461;[ 0.63833517  0.35676414 -0.92811966]
-0.7306964;0.7938085;-0.59797776;[-0.7093045   0.67868495 -0.6729924 ]
-1.4015193;2.516761;-0.6937549;[-1.3931701  2.2917027 -0.7284922]
-0.5993123;0.74402815;-0.79948056;[-0.5365303   0.59763944 -0.85674626]
0.7350086;0.071318924;-2.0270782;[ 0.68574345 -0.03193572 -1.9358076 ]
0.8435028;1.4992645;0.097219855;[ 0.6084438  1.1615065 -0.1304249]
0.86117846;0.56751674;-0.17920531;[ 0.73417306  0.43829966 -0.36852705]
-1.1135349;1.7104288;-0.50794613;[-1.0991893   1.5623714  -0.46084508]
0.791135;0.62175375;-0.121883065;[ 0.6268931   0.50467986 -0.20392613]
0.7325974;0.6558961;0.14643429;[0.5488001 0.4553162 0.1030574]
0.8774596;0.65785664;0.22190976;[0.53281385 0.45506334 0.426708  ]
0.81475925;0.17604263;-0.05051856;[ 0.6278204   0.08048518 -0.08692876]
0.7734105;0.09929513;-0.4434104;[ 0.4341235  -0.01804019 -0.38282195]
0.7253267;-0.32677305;-1.0196415;[ 0.46660155 -0.40406    -1.0584949 ]
0.77949345;0.10614298;-0.52975017;[ 0.61257184 -0.01008706 -0.4113765 ]
-0.3836335;-0.10435505;-0.77193606;[-0.28936118 -0.10141832 -0.7874665 ]
0.010417417;1.0109624;-0.26809293;[-0.06418522  0.7719879  -0.33254722]
-0.193767;0.105225585;-0.51899225;[-0.02757393 -0.04260409 -0.6098897 ]
-0.2302547;0.102202564;-0.41683266;[-0.11190505 -0.06207725 -0.64445096]
0.07161088;1.8529365;-0.20337504;[-0.02020608  1.5626903  -0.25930607]
-0.14365838;1.0438644;-0.16081391;[-0.12114786  0.79786074 -0.29171768]
-0.14460199;1.0573729;-0.118173376;[-0.1529135   0.85673606 -0.25008094]
0.021290094;0.07473603;-0.3893835;[-0.00274642 -0.08155809 -0.5326955 ]
-0.1207871;0.18939209;-0.29806253;[-0.13645698  0.03092165 -0.4468    ]
-0.6267913;1.2609127;-0.58846223;[-0.49563092  1.0309547  -0.57846594]
-0.78405136;1.2822546;-0.37030578;[-0.7301794   1.1195239  -0.44196162]
-1.7072412;3.030945;-2.2472625;[-1.6248136  2.749483  -1.5050825]
-0.48835844;1.2090853;-0.7264468;[-0.3979023  1.0265969 -0.7010434]
-0.6699615;1.2831346;-0.41234002;[-0.66710144  1.1078712  -0.43309632]
-0.37740391;0.35110146;-0.5723706;[-0.30056643  0.18805695 -0.71889573]
-0.6843663;1.2996732;-0.26793012;[-0.71870315  1.1216251  -0.35263097]
-0.27042192;-0.44934815;-0.43789005;[-0.20205499 -0.524288   -0.6705361 ]
1.3911062;0.15113321;-0.22393373;[ 0.82868314  0.07035127 -0.31597498]
0.10265194;0.04092493;0.386959;[-0.01442379 -0.00833558  0.04259317]
1.5692383;1.7097536;-1.4094453;[ 1.6474885  1.3309814 -1.5255929]
-0.84060097;2.5725574;-0.28324658;[-0.7700553   2.2538843  -0.39059037]
-1.0117137;2.6670547;-0.035018276;[-1.023068    2.3817427  -0.07903515]
-0.6915343;1.7185785;-0.22270298;[-0.67889136  1.4862784  -0.407712  ]
-0.57111067;1.6579068;-0.33465976;[-0.44393975  1.4284967  -0.4487695 ]
1.2895216;0.7044007;-1.7765453;[ 1.460522   0.5072255 -1.7990173]
0.7771862;1.3896661;-1.3472407;[ 0.5824256   0.88758695 -1.2740027 ]
0.87273675;1.4875466;-0.9975139;[ 0.5495132   0.9800921  -0.89971024]
0.73872405;0.46032518;-1.0987988;[ 0.49168324  0.19144893 -1.1209278 ]
-0.61332613;1.3203913;-0.35087627;[-0.48332858  1.0637084  -0.42753172]
-1.2386557;2.2736795;0.013609782;[-1.0680321   1.998738   -0.07315463]
-0.81017387;2.1956058;-0.27282822;[-0.8302293  1.8561739 -0.4132983]
-0.73637563;1.3949779;-0.36025685;[-0.65446144  1.1211609  -0.3924491 ]
0.3675657;0.6058758;-1.2662866;[ 0.00582556  0.4021625  -1.2991436 ]
0.7200295;0.3713587;-0.28983805;[ 0.5820548   0.28370678 -0.30901864]
0.51820135;-0.896637;-2.0816433;[ 0.65576994 -0.9453045  -1.9641436 ]
-0.59337986;0.7661013;-0.322052;[-0.51974714  0.58726907 -0.27285117]
-0.18443619;-0.33221978;-0.28596562;[ 0.2053869  -0.48286372 -0.30509427]
-0.030703068;0.9840173;-0.04539408;[ 0.02488558  0.7588076  -0.05925844]
-0.7501535;0.56989217;-0.27920884;[-0.63357794  0.43220973 -0.27068597]
0.24196796;0.0987508;-1.3144996;[ 0.14235793 -0.04543494 -0.89583474]
0.7862827;0.7015032;-0.1543643;[ 0.85849273  0.5457264  -0.11250359]
0.5734042;1.3332423;0.53854823;[0.38969827 1.0581805  0.43356383]
-0.62861305;0.659113;0.7078972;[-0.5598572   0.6345103   0.41767386]
0.25802386;0.773503;0.15399504;[0.07108723 0.5761006  0.02904832]
0.71845144;-0.0772952;-0.32514805;[ 0.8143381  -0.20174511 -0.28324926]
-0.24708526;-0.15183768;-0.91989803;[-0.19795494 -0.27717358 -1.0010829 ]
-0.43426985;0.15341583;-0.89012223;[-0.38398027  0.05363888 -0.73757166]
-0.42542195;-0.29481065;-0.3834416;[-0.28737742 -0.40911382 -0.41291836]
-0.3840652;-0.7410968;-1.1114784;[-0.32206064 -0.777179   -1.1166385 ]
-0.40837342;0.7943188;-0.57164276;[-0.46936572  0.65768933 -0.639457  ]
0.18816033;0.14494625;-0.5509234;[ 0.14261708  0.03051095 -0.37993425]
-0.65600204;-0.27011716;-0.2885854;[-0.5474711  -0.23420312 -0.40383068]
0.23769392;-0.780006;-1.2858337;[ 0.14150295 -0.72858506 -0.87632483]
-0.9505212;2.0859349;-0.9714205;[-0.90383923  1.8646166  -1.0944511 ]
-1.6973499;2.9583077;-2.3284063;[-1.5680578  2.715273  -1.5676459]
-0.85840285;2.05296;-0.85106444;[-0.882851    1.8327538  -0.86643577]
-0.7768144;1.2677379;-0.23744303;[-0.773777    1.1561307  -0.31832916]
-1.3361868;2.1216166;-0.49112332;[-1.0412388  1.9501817 -0.458842 ]
-0.7176992;1.2339119;-0.5271164;[-0.70184386  1.089316   -0.511681  ]
0.9231063;0.6671434;0.31870896;[0.6812537  0.5461484  0.28304306]
-0.88451153;1.6346959;-0.68728745;[-0.8148985  1.4400413 -0.7052271]
0.82753474;0.5357514;-1.0353446;[ 0.6691971   0.36491597 -0.8973749 ]
-1.3915993;2.506467;-0.7951432;[-1.4076728  2.2763014 -0.8863984]
0.8370876;0.93920916;-2.6489935;[ 0.8039197  0.7077551 -2.2193148]
0.9535716;0.9421888;-1.8334203;[ 0.94516903  0.6822713  -1.8480297 ]
-0.5674066;0.75420433;-0.8712422;[-0.4881671   0.62177485 -0.89527786]
-1.038517;1.72888;-0.35573238;[-1.0666645  1.5508174 -0.4188299]
0.6863517;0.6036325;-0.84715164;[ 0.47616252  0.38419342 -0.74456424]
-0.689949;0.7933199;-0.4864807;[-0.60876477  0.6893164  -0.6270165 ]
0.81615067;0.13022551;-1.3230095;[ 0.77332026 -0.03694773 -1.3623381 ]
0.8235032;0.13463873;-0.5185337;[ 0.5600156  -0.05454513 -0.42570192]
0.9285149;0.13674825;-1.3432178;[ 0.83104837 -0.0719616  -1.4095286 ]
-0.46197325;-0.08823292;-0.6189035;[-0.43833005 -0.10991682 -0.79548186]
0.8849288;0.11417046;-0.55718744;[ 0.76942503 -0.031011   -0.34869125]
0.8722555;-0.28690785;-0.7240236;[ 0.7887356  -0.38545126 -0.76718646]
0.7527513;-0.75058216;-1.6877128;[ 0.7509586  -0.74020445 -1.6299037 ]
0.78814614;1.6599262;0.04955228;[0.63591677 1.364797   0.08782429]
-0.13951357;0.13607797;-1.0166159;[-0.05403171 -0.06458887 -0.8089983 ]
-0.14625542;0.16370806;-0.6674437;[ 0.02203363 -0.02836047 -0.5684521 ]
0.76081276;0.82985693;0.015546616;[ 0.51727796  0.6856546  -0.00389271]
0.11021262;0.16720219;-0.28952393;[ 0.09020688 -0.0219472  -0.40483758]
-0.09428054;-0.739196;-1.0024166;[-0.00445668 -0.7977252  -0.8281273 ]
-0.5649229;1.2856048;-0.81898403;[-0.3875594  1.0208681 -0.7529974]
-0.25135463;0.45742637;-0.7126687;[-0.1092578   0.30061418 -0.60571593]
-0.95094067;2.177209;-0.9754729;[-0.95576346  1.9044608  -1.0740285 ]
-0.56300163;1.2621232;-0.8227457;[-0.45317948  0.9951724  -0.76990145]
-0.48669612;1.2617306;-0.7181152;[-0.37514204  1.0235983  -0.6494029 ]
-0.68758994;1.3498617;-0.4603194;[-0.6994898   1.1493696  -0.46714944]
-0.29672873;0.41783613;-0.7224018;[-0.22047268  0.20580272 -0.7202371 ]
-0.43054396;0.50786346;-0.38405603;[-0.37391758  0.272769   -0.4775849 ]
-0.6745154;1.3258854;-0.40396878;[-0.62489706  1.1153651  -0.43509284]
-0.415218;0.46862888;-0.40980157;[-0.29555762  0.28451854 -0.47957653]
-0.369875;0.47730023;-0.48929358;[-0.31323934  0.32806402 -0.52088106]
-0.06297539;-0.42903697;-0.74146736;[-0.03957237 -0.53633285 -0.7397915 ]
-0.6184935;0.8490886;-0.39430362;[-0.425672    0.6461189  -0.42928633]
-0.56175894;0.85770017;-0.6334156;[-0.4123363   0.66295403 -0.5857837 ]
-0.84888566;1.7049373;-0.64035165;[-0.8421689   1.4986643  -0.74981344]
-0.43888384;1.2859648;-0.17114353;[-0.34941936  1.105285   -0.11163455]
-0.50196344;0.7971852;-0.6753336;[-0.43200016  0.6953757  -0.5988093 ]
-0.78847164;0.8689551;-0.12078616;[-0.7083641   0.7842941  -0.16428962]
-0.79099613;0.86488336;-0.15014704;[-0.70358783  0.7624203  -0.21890034]
-0.7168868;0.8859411;-0.42771995;[-0.65000564  0.7696033  -0.4751861 ]
-0.37286866;0.44087392;-0.14088494;[-0.27779174  0.3677736  -0.12334977]
-0.49511534;0.03276605;-0.2538657;[-0.39925617 -0.04526226 -0.32487315]
-0.50360054;0.837716;-0.36803472;[-0.31918395  0.6584352  -0.5137769 ]
-0.7019547;1.3836673;0.73601127;[-0.52979493  1.1867975   0.5200512 ]
-1.2632408;2.2963707;0.7900983;[-0.9765583   2.047725    0.70122665]
-0.8204486;1.7401563;-0.946229;[-0.79676545  1.5431435  -0.720948  ]
-0.56555146;0.84524924;-0.7153511;[-0.45039427  0.7137259  -0.6105055 ]
-0.3804192;0.50033474;0.47629118;[-0.13364772  0.43890864  0.26755682]
-1.0333197;1.4480323;0.86057144;[-0.93676853  1.344494    0.5999166 ]
-0.26429868;0.45686442;-0.06152616;[-0.24493374  0.36969322 -0.10118546]
-0.5148875;0.82971936;-0.24204513;[-0.38624954  0.6220659  -0.31350696]
-1.7241944;2.5869277;-1.9111681;[-1.6608945  2.3840494 -1.5023993]
-0.78310007;1.6959392;-0.1804061;[-0.81300163  1.4798323  -0.29443416]
-0.6024844;0.81734145;-0.18664348;[-0.5273739  0.645097  -0.2535508]
-0.47987604;0.80516875;-0.2296359;[-0.42135674  0.59418523 -0.31446648]
-1.2059985;1.7878062;-0.111031905;[-1.0471975  1.6078123 -0.2692024]
-0.8819602;0.9456989;-0.0852782;[-0.8693241   0.76512    -0.09291059]
-1.3318096;1.7594379;-0.39363363;[-1.0796505   1.6297008  -0.41715363]
-0.3919443;0.0023671463;-0.2745554;[-0.29246157 -0.08269082 -0.27088627]
-0.5404123;0.83116335;-0.21158993;[-0.6835463   0.7766596  -0.32007536]
-0.84577256;2.0233333;-0.09009476;[-0.8044629   1.8263015  -0.23421547]
-0.38366127;1.1334751;-0.2563337;[-0.3890878   0.99608123 -0.34611318]
-1.1792508;2.1241467;0.069792956;[-1.1153375  1.9741472  0.0290701]
-0.5689818;1.1984059;-0.116229326;[-0.66213155  1.0721925  -0.25955054]
-0.31962788;0.19851033;-1.0359755;[-0.2706492   0.06874442 -0.8263197 ]
0.5316002;1.0821816;0.039125763;[0.58313084 0.8506761  0.05177367]
-0.66891754;1.0872676;-1.0697985;[-0.6776173   0.97435695 -0.7753281 ]
-0.44209355;0.5991903;-0.7923624;[-0.10279401  0.5103336  -0.60757643]
3.2608624;0.171989;0.22103858;[3.5846686  0.08274825 0.30973563]
0.49191755;0.23023464;0.9097698;[0.3736432 0.1841205 0.6439288]
0.6294896;0.7539736;-0.0147619285;[ 0.36280763  0.5082295  -0.08043894]
0.5795462;0.23275878;0.016811453;[ 0.5023326   0.06553306 -0.0926545 ]
-0.3113768;0.8601274;-0.52949774;[-0.27165067  0.6944747  -0.6410424 ]
2.8846684;-0.3026454;-0.44284225;[ 3.9567916 -0.6805122 -0.6675308]
2.802405;-0.3642531;-0.5287334;[ 3.9914556 -0.6514294 -0.5738157]
-0.5472099;1.2974375;-0.76633304;[-0.39669752  1.0456825  -0.6901452 ]
-0.59008867;1.334386;-0.77379626;[-0.39698458  1.0445154  -0.7132741 ]
-0.24531566;0.5061217;-0.69344723;[-0.1197948   0.33728975 -0.594033  ]
-1.2868302;2.2773433;-0.23791578;[-1.1240743   2.0196764  -0.23008487]
-0.75234526;1.41382;-0.26894158;[-0.72198784  1.1835002  -0.28241333]
-0.7289935;1.3860339;-0.36963066;[-0.6574491   1.1447567  -0.40573117]
-0.701861;1.3555788;-0.60576993;[-0.6735637   1.1441796  -0.56186384]
-0.9525474;1.7292295;-0.9245682;[-1.0008246  1.5344464 -1.0503318]
-0.70232755;1.4074249;0.30272886;[-0.45429963  1.1893617   0.30784184]
-1.7251378;2.5999107;-1.9727378;[-1.6641296  2.3921914 -1.5069586]
-1.2749672;1.8124579;-0.16880988;[-1.126507    1.6543204  -0.23501271]
-1.3518331;1.7870103;-0.4272777;[-1.0912844   1.6322871  -0.42165813]
-0.8001091;0.93506485;-0.21644342;[-0.7089529   0.76085913 -0.31843632]
-0.6940622;0.90677434;-0.5516988;[-0.6794624  0.7880435 -0.5265544]
0.09677082;1.1651541;-0.36735597;[ 0.17436248  0.9096037  -0.35269552]
0.04942447;1.2809926;-0.25074497;[-0.02672516  1.0032719  -0.30075094]
0.9323971;0.22727022;-1.3512475;[ 0.8191558  0.0814798 -1.2084202]
-1.035673;1.7726617;-0.30221415;[-1.0709757   1.6262356  -0.28086466]
1.1263484;0.70807177;-0.01825497;[ 0.7910088   0.5186122  -0.13068727]
1.0626985;0.20611262;-1.4760103;[ 0.9768389   0.07364726 -1.387849  ]
0.12038245;1.9643259;-0.2989903;[-0.12240724  1.6434613  -0.41035601]
0.53101414;0.8330781;-0.17695487;[ 0.45220697  0.5996196  -0.19563757]
0.5705598;0.8150976;-0.19141915;[ 0.4475515   0.5366496  -0.24474461]
0.06778556;0.3348285;-0.29593104;[ 0.03164229  0.1430297  -0.3383713 ]
0.9588022;-0.57231134;-1.1529137;[ 0.8727446  -0.67035335 -1.2311696 ]
-0.36678427;0.8329247;-0.5186453;[-0.1750832   0.5158871  -0.49520066]
0.23599856;1.8713723;-0.1250641;[-0.01179138  1.5547622  -0.28091434]
0.106667854;1.0279536;-0.24756104;[-0.06516166  0.8164291  -0.41030735]
0.13167189;1.0030128;-0.2628749;[-0.04361485  0.8012552  -0.32618788]
0.043859717;-0.1867178;-0.4161326;[ 0.11798274 -0.2644986  -0.41657808]
0.16919242;0.18753336;-0.26896125;[ 0.3684006   0.07203861 -0.2905695 ]
0.06042425;0.7218428;-0.33444783;[ 0.05963804  0.56587267 -0.31966856]
0.40708023;0.2275109;-0.29832903;[ 0.396572    0.13243765 -0.25697535]
0.09052842;1.1064016;-0.14048782;[ 0.28915069  0.93398046 -0.15342693]
-0.01227726;-0.14932443;-0.25171685;[-0.02030513 -0.25212532 -0.35895127]
0.32273635;-0.5952292;-0.42241174;[ 0.2526384  -0.6468797  -0.40988037]
0.21980777;-0.23017274;-0.26603022;[ 0.38399792 -0.33855218 -0.30906084]
0.095368944;1.0240456;-0.24522164;[ 0.180714    0.76199377 -0.31156805]
0.10791542;1.020292;-0.25807726;[ 0.17058706  0.7821061  -0.36729848]
0.008508809;0.19759788;-0.28833187;[-0.00830317 -0.00892651 -0.4993754 ]
0.017505385;1.0708662;-0.25945228;[-0.02878441  0.8015527  -0.3016294 ]
0.0662744;0.16459906;-0.36700204;[ 0.05942374  0.00372047 -0.4517267 ]
-0.05601619;0.82046735;0.9347464;[-0.12482361  0.6714937   0.69600135]
0.109545864;0.21236117;-0.20521486;[-5.3703785e-05  1.3672926e-01 -2.2781332e-01]
0.09032145;0.20319016;-0.29460275;[ 0.01315634  0.12891787 -0.26488316]
-0.09076375;-0.25138593;-0.49724138;[-0.01096092 -0.32272208 -0.5140288 ]
0.12666486;0.5912195;-0.21635786;[ 0.1770426   0.40337843 -0.30342558]
0.05790381;0.2089911;-0.13477474;[ 0.08784491  0.05724412 -0.14475755]
0.6622648;0.30038008;0.011734262;[0.7172207  0.27662957 0.01684939]
-1.283399;2.0253446;-0.74264723;[-1.2876269   1.8521869  -0.75631535]
1.6169537;0.7192741;-3.9108438;[ 1.3497008   0.43190885 -3.160739  ]
0.957392;1.0382481;-0.15521935;[ 0.8330978   0.7448212  -0.36041522]
0.931552;0.4893614;-1.3049402;[ 0.80757517  0.297965   -1.3630656 ]
0.72314924;0.47345918;-1.4941261;[ 0.8271636   0.31564128 -1.4827927 ]
0.041651413;1.3942397;-0.35986182;[-0.06669052  1.124964   -0.4188143 ]
0.6810614;1.102491;-0.19429198;[ 0.62639314  0.89379466 -0.26351666]
0.88871473;0.34703308;-0.18443881;[ 0.74199045  0.22045927 -0.3848726 ]
-0.00015660375;0.49052602;-0.46779168;[ 0.05592823  0.31312954 -0.51176137]
-0.777744;1.0058821;-0.21422783;[-0.73246574  0.7844422  -0.25203755]
-0.6165466;0.91066664;-0.3600909;[-0.2963372   0.68407875 -0.42111978]
-0.45950627;1.2655212;-0.25929275;[-0.40922546  1.0414441  -0.3192663 ]
-1.598451;3.0455256;0.1433999;[-1.3063625  2.7487953 -0.0174362]
-1.1138891;2.2193954;-0.039213847;[-1.0581882   1.942617   -0.13427298]
0.06639068;0.1519925;-0.18314725;[ 0.1888453  -0.01860497 -0.3020335 ]
0.45028347;1.412851;0.012474436;[ 0.46247     1.1831173  -0.04083106]
0.5926963;1.6659167;0.4035969;[0.32378912 1.3409957  0.31618476]
0.4935655;1.1661123;0.48027086;[0.40602815 0.9733659  0.31094512]
0.5726309;0.73934644;0.18886518;[0.40987077 0.6002784  0.12635274]
0.5473701;0.23629959;0.27627826;[0.45616886 0.21142085 0.1051157 ]
2.0515242;0.49455017;-0.15742181;[ 2.483585    0.07455216 -0.52925134]
0.21178794;0.57245475;0.13773242;[ 0.15923418  0.4260056  -0.05823144]
18.27522;0.02350906;5.6181455;[18.91278     0.23163544  7.9227433 ]
2.729544;-0.36204106;-0.43785697;[ 3.2405818  -0.5811808  -0.56186074]
-1.3144522;2.2212808;-0.45006633;[-1.0453331   1.961278   -0.42024657]
-0.70373774;1.3376936;-0.3613696;[-0.6489808   1.1253803  -0.42478707]
-0.89495796;2.1824758;-0.88956904;[-0.9033724  1.8912883 -0.940538 ]
-0.53464234;1.278642;-0.71807456;[-0.3936339  1.0447384 -0.6830731]
-0.7371751;1.3631009;-0.38309813;[-0.69857776  1.105959   -0.46185014]
-0.70911914;1.3765029;-0.35592902;[-0.7024053   1.0771761  -0.42553854]
-0.46389526;0.52765554;-0.43459895;[-0.42684233  0.27852237 -0.5413114 ]
-0.72459704;1.3616542;-0.31040335;[-0.6565553   1.0832533  -0.41728687]
-0.44936925;0.5255481;-0.41156176;[-0.3522582   0.30857342 -0.49165425]
-0.5471042;0.8623725;-0.69332933;[-0.4120732   0.6755985  -0.55279404]
-1.039858;1.4615151;0.51445067;[-0.88145256  1.2848464   0.5168219 ]
-0.5008477;0.83806247;-0.7435498;[-0.41747135  0.67577326 -0.5951765 ]
-0.6840671;1.3732835;0.39664525;[-0.5317297  1.1497339  0.3550539]
-0.79959506;0.9660954;-0.32464448;[-0.74013174  0.7500968  -0.39712963]
-0.71867836;0.8889372;-0.2300992;[-0.5820168   0.7089089  -0.40845206]
-0.44335645;0.028942805;-0.41333434;[-0.38139236 -0.01725946 -0.4532922 ]
-0.64160335;0.5250396;0.26298773;[-0.47825766  0.46275014  0.2178012 ]
-0.6071839;0.5728542;-0.11902681;[-0.5564327   0.4779238  -0.11487165]
-0.6595278;0.15538546;-0.42529556;[-0.687673    0.05424356 -0.4252403 ]
-0.30942482;0.030854188;-0.6915796;[-0.19300918 -0.04984111 -0.56653214]
-0.46976668;0.48783684;0.1945617;[-0.1912149   0.36840254  0.18016428]
0.9877029;1.0081407;-1.8219129;[ 0.9549582  0.7800576 -1.8296261]
-1.0248225;1.7174443;-0.41848004;[-1.024253    1.5128797  -0.49926645]
1.0260942;1.0679744;-1.1540432;[ 0.8465684  0.6937808 -1.2650617]
0.98761684;0.98324245;-1.8271468;[ 0.97637916  0.7532198  -1.7776214 ]
0.87633777;0.7208164;0.2292315;[0.75379145 0.61191565 0.17091039]
-1.0419358;1.7596091;-0.34013963;[-1.0599836   1.5301942  -0.40595898]
0.9407258;0.73123676;0.2135269;[0.7109455  0.48415804 0.05115288]
-0.66199905;0.80539995;-0.4539615;[-0.56246406  0.6768354  -0.53375334]
0.95403194;0.19283044;-1.4977082;[ 0.9406459   0.03515124 -1.4280323 ]
0.6389495;0.7195605;-0.31656563;[ 0.66407406  0.47980624 -0.21017219]
0.13775243;1.1127023;-0.22057581;[ 0.02381918  0.8615998  -0.20006585]
0.6194654;1.6107904;-0.2470018;[ 0.5663001   1.2267559  -0.14358523]
0.9462988;1.1581142;-1.3646858;[ 0.99027205  0.77284247 -1.3557681 ]
0.14907748;1.0448084;-0.3252912;[ 0.16312063  0.7936574  -0.38152903]
0.06577028;0.74923927;0.68166924;[0.02829883 0.60802305 0.48856536]
0.0004778877;1.1678394;-0.2553552;[-0.05664907  0.86812174 -0.22511089]
0.1123271;0.335025;-0.31293547;[ 0.04307269  0.09589937 -0.32170665]
0.38994908;-0.04110691;-0.94353366;[ 0.3704983  -0.09070154 -0.8602875 ]
-1.728354;3.0714507;-2.2731;[-1.6577803  2.7725089 -1.5412235]
-0.9446891;2.1992629;-0.96891475;[-0.99408555  1.9200251  -1.0775849 ]
-1.3178035;2.2393138;-0.4645049;[-1.0661592  1.9845775 -0.4205711]
-1.2525494;2.2449152;-0.26451874;[-1.0563544   1.9504024  -0.35737565]
-0.6893478;1.334604;-0.43781343;[-0.63563406  1.1233377  -0.47681168]
-0.71856374;1.3787886;-0.36790603;[-0.6954201   1.1103882  -0.42108867]
-0.65106857;0.60243315;-0.41079655;[-0.6306026   0.36826658 -0.4367407 ]
-0.4515044;0.5318361;-0.42801306;[-0.32403588  0.3176217  -0.460308  ]
-0.29404938;0.52246654;-0.7663558;[-0.0967816   0.29349542 -0.6520952 ]
0.54472405;1.038653;0.6820897;[0.03207882 0.87901056 0.39441168]
0.034281157;1.4470397;-0.38546732;[-0.1273895   1.178629   -0.46767667]
0.96483856;0.3704846;-1.2844036;[ 0.86345637  0.20996001 -1.071793  ]
1.1695701;0.50295305;-1.8483812;[ 1.0098183   0.36309224 -1.9561135 ]
1.5310138;-0.11095114;-2.468147;[ 1.3238643  -0.16172732 -2.6061895 ]
-0.03676282;0.5763085;-0.44937873;[-0.08309458  0.39951783 -0.50933295]
0.6980083;-0.08794157;-1.0732787;[ 0.5926689  -0.23115142 -1.0789778 ]
1.417955;0.1502612;-0.13876992;[ 1.0892438   0.19127138 -0.21675873]
0.4629783;0.32049263;-0.8262708;[ 0.31941515  0.24725269 -0.9640525 ]
0.010053821;0.537778;-0.504789;[ 0.03151606  0.37018478 -0.53230226]
0.591192;-0.11427142;-1.037221;[ 0.6097633  -0.25140244 -1.1375891 ]
0.81232804;-0.4979424;-1.292464;[ 0.8342984  -0.56036043 -1.1291175 ]
0.8007602;-0.34244716;-1.5185064;[ 0.85474056 -0.30673867 -1.442355  ]
1.2589141;-0.9048589;-2.352048;[ 1.342912   -0.97047424 -2.2863493 ]
0.71007264;0.46453822;-0.3241182;[ 0.54215264  0.4579975  -0.24620971]
0.16009858;-0.048933007;-0.4579879;[ 0.00977971 -0.21550803 -0.48619032]
0.08247452;-0.06822185;-0.56653345;[ 0.04468799 -0.23348586 -0.4796231 ]
0.35894567;-0.4297846;-0.5881916;[ 0.25996813 -0.49046582 -0.5330511 ]
0.026850663;-0.11572124;-0.545365;[ 0.08377391 -0.27351928 -0.5017334 ]
0.30993378;-0.4822507;-0.6357743;[ 0.3787754  -0.55169463 -0.54609305]
0.61512476;-0.90212065;-1.369108;[ 0.6908055 -0.9581145 -1.1755608]
0.48903406;-0.3889783;-0.454646;[ 0.43766755 -0.434179   -0.4701856 ]
-1.4131023;2.5731494;-0.7032082;[-1.4062088  2.3147979 -0.8315911]
0.7226711;0.20085394;-1.2245789;[ 0.74135554  0.01893575 -1.304531  ]
0.78184307;0.21996726;-1.5434513;[ 0.95330524  0.02725336 -1.493169  ]
0.12120266;1.9377513;-0.19586834;[ 0.00715579  1.5755535  -0.25620502]
0.02224069;1.0989093;-0.27949363;[-0.03523095  0.84524566 -0.3075708 ]
0.6104931;-0.006133184;-0.21930766;[ 0.63676965 -0.11449493 -0.23653549]
-0.5659886;0.84299946;0.009095799;[-0.48212802  0.6756443  -0.26261973]
-0.63974434;0.8307532;0.043229945;[-0.5608603   0.67113197 -0.22251931]
-0.44408303;-0.07628311;0.13553715;[-0.37980676 -0.19358711 -0.14192241]
-1.198171;1.7878883;0.50630987;[-1.0933567   1.5900967   0.20520712]
-1.2157894;1.7608823;-0.19725901;[-0.96744955  1.6022522  -0.31996495]
-0.62099904;0.8597706;0.031479426;[-0.59759617  0.73607624 -0.10349928]
-0.87981296;1.448829;1.0233297;[-0.8521514  1.2941068  0.8215341]
-0.37975967;-0.005259976;0.113062546;[-0.29051095 -0.01849794 -0.0452309 ]
-0.21769507;-0.9272648;0.042208895;[-0.15217508 -0.9892646  -0.25231797]
-0.9690333;1.3063792;-0.6784762;[-0.94453037  1.1407241  -0.6083664 ]
-0.97100705;1.254482;-0.38071913;[-0.8940258   1.1223581  -0.44513848]
-1.2008384;1.3599306;0.46870732;[-1.0016962   1.1815197   0.20825502]
-0.69684;0.4437778;0.8103498;[-0.8143128   0.3552156   0.40812486]
-0.7890721;0.4658537;-0.04388642;[-0.6751496   0.39205348 -0.137877  ]
-0.5574779;-0.48019117;0.26362136;[-0.5260668  -0.4007948   0.21010141]
-0.43075013;-0.5208023;0.24272135;[-0.36248922 -0.45636946  0.10346065]
0.1540944;0.23834401;-0.893106;[ 0.14425756  0.13272415 -0.70057946]
0.13584419;1.1061137;-0.810585;[-0.01455623  0.902037   -0.7628687 ]
0.8224286;0.99276745;-0.16733778;[ 0.6528889   0.7833324  -0.10393943]
-0.6312052;0.8624756;-0.47586632;[-0.4611163  0.6721401 -0.5543008]
-1.7084861;2.632418;-1.9915946;[-1.6424078  2.3999686 -1.4011773]
-0.9349976;1.7390102;0.030635063;[-0.9356353   1.5428468  -0.02667094]
-0.5225512;0.85239524;-0.35507184;[-0.41813618  0.69298947 -0.41896486]
-0.47846752;0.49835402;0.9758313;[-0.27427953  0.44231707  0.67410123]
-0.76879126;0.87820184;-0.3021257;[-0.6682416  0.7757973 -0.4035407]
-0.6093233;0.87547827;-0.29104838;[-0.37546188  0.6770319  -0.3021375 ]
-0.45895582;-0.019339785;-0.07263146;[-0.23745973 -0.0733383  -0.16127999]
-1.696809;2.604898;-0.656762;[-1.6175202  2.348025  -1.1486751]
-0.7605023;1.6965052;-0.6132373;[-0.74113584  1.5675331  -0.5240827 ]
-0.706567;0.8460937;0.024833508;[-0.58002365  0.6819435  -0.1665219 ]
-1.1851112;1.7608486;0.50577575;[-1.0749792   1.5782505   0.18101001]
-0.7716226;0.88146514;0.5153245;[-0.8148805   0.74271613  0.30636153]
-0.6955981;1.3607868;0.18929619;[-0.6758519   1.2110441   0.16648573]
-1.3724056;2.143167;-0.10001597;[-1.3223445  1.9928898 -0.5289846]
1.1140958;1.456698;-1.8522801;[ 0.9684193  1.2052785 -2.2393486]
-0.8622938;1.2225535;-0.075907186;[-0.8690938   1.1270181  -0.33093393]
0.94582033;0.559346;-1.3095232;[ 0.95577353  0.4321651  -1.441492  ]
-0.9839714;1.2764299;0.012086306;[-0.908826    1.2174646  -0.24430083]
1.0604415;0.59791976;-0.9429072;[ 0.9360027   0.41834718 -1.1845787 ]
0.90102965;-0.2861665;-0.91730684;[ 0.7865608  -0.27671248 -1.0590551 ]
0.8821643;-0.2643798;-1.1091807;[ 0.90047497 -0.28042477 -1.2009839 ]
0.77857345;1.1718401;-0.28658527;[ 0.7769318   0.9046335  -0.22288363]
0.2647199;1.0808624;-0.3044568;[ 0.11297975  0.87211335 -0.15958986]
0.16058719;-0.30538136;-0.59203684;[ 0.01938272 -0.2887661  -0.5863468 ]
-0.5646917;0.87475723;-0.5293273;[-0.35962558  0.6840788  -0.65571135]
-0.7807444;0.8806611;-0.15663202;[-0.7013796   0.76715326 -0.28225344]
-0.69982964;0.914859;-0.4603241;[-0.67223185  0.78112686 -0.4667404 ]
-1.1929487;1.776611;0.23568414;[-1.0057453   1.5574012  -0.14674784]
-1.0400202;2.3031178;0.9138956;[-0.9498377  2.040746   0.7346993]
-0.5801432;0.84839505;-0.2323296;[-0.42150742  0.6605978  -0.37384593]
-0.794015;0.8576769;0.22860272;[-0.72800434  0.73562413 -0.04521623]
-1.2037613;1.8008348;0.40306813;[-1.0433022   1.5816289   0.07702094]
-0.6290852;0.88461083;-0.2627387;[-0.51292574  0.72329825 -0.35421458]
-0.88782704;0.93377244;0.17173299;[-0.82726514  0.7983007   0.03950143]
-0.46608835;0.04160998;-0.5869315;[-0.46452928  0.02843586 -0.5465592 ]
-0.45761847;0.054569602;-0.18654707;[-0.31867528 -0.03607601 -0.26757848]
-0.6589127;0.04127145;0.16120553;[-0.61253726  0.05028532  0.02558813]
-0.37049478;0.8699873;0.3738812;[-0.17730455  0.6777069   0.16630481]
-0.5239845;0.37214082;-0.4641953;[-0.36951667  0.28973824 -0.3273964 ]
-0.55126685;0.8652325;0.463489;[-0.3813144   0.7050214   0.32632253]
-0.8037826;1.2734576;0.33909017;[-0.7814187   1.052076    0.23277612]
-0.6291563;0.83426243;0.45041898;[-0.5659148   0.6914313   0.20577277]
-0.85746527;0.9238165;0.519608;[-0.8108734  0.8274622  0.4002317]
-0.6893905;0.87641054;0.35949814;[-0.6752575   0.7765641   0.35049704]
-0.6967265;0.4424116;0.16832793;[-0.6608332   0.334521    0.15799953]
-0.7878968;0.45765913;-0.2551813;[-0.64836645  0.3593912  -0.32380247]
-0.5905084;-0.48850697;-0.2338408;[-0.47184074 -0.4126597  -0.17591989]
-0.6557078;0.41446418;-0.4027364;[-0.46419066  0.2500563  -0.46515092]
-0.17296426;-0.032675162;0.22323728;[ 0.02041362 -0.03799827  0.02463952]
-0.46171278;-0.5220569;-0.41256955;[-0.28948712 -0.45813823 -0.266008  ]
-0.46123952;-0.031503543;0.3052228;[-0.2635048  -0.10358623  0.09564877]
-0.9644106;1.3939084;-0.011078294;[-0.9238312  1.3141006 -0.0837208]
-0.47397262;0.055586174;-0.41534677;[-0.33288658  0.09556063 -0.364555  ]
-1.1904052;1.4174374;0.08789929;[-1.0192511   1.3652055   0.01150775]
0.18255895;0.52754325;0.058831945;[0.19004838 0.42726427 0.05573228]
0.62432426;0.08516756;-0.21140936;[ 0.5647478   0.0050343  -0.20064329]
-0.2574647;1.0331978;-0.8702751;[-0.18305428  0.8196524  -1.0069555 ]
-0.5721505;0.5199037;-0.47348714;[-0.49980068  0.4161414  -0.07796605]
0.6660362;-0.035028636;-0.47007197;[ 0.53069496 -0.12088643 -0.66496426]
0.4335066;0.043409325;-0.15586376;[ 0.42518252 -0.00097308 -0.34394854]
-0.41546226;0.12520167;-0.99435616;[-0.29419845  0.00117972 -1.1722852 ]
-0.21962799;0.70733136;0.36758503;[-0.02650638  0.56942457  0.19891718]
-0.41191328;-0.34599048;-0.41775322;[-0.34621358 -0.3119719  -0.17976685]
0.37007576;-0.32493633;-0.06601079;[ 0.32665372 -0.36892092 -0.18061192]
-0.43171877;-0.23576896;-0.5090412;[-0.11516045 -0.31965643 -0.5519407 ]
0.57654876;-0.8345045;-0.5677985;[ 0.50384694 -0.8697867  -0.7129584 ]
0.35699052;-0.78979594;-0.26389357;[ 0.39948797 -0.71421415 -0.42589834]
-0.39355528;-0.015850857;-0.2693708;[-0.34752983 -0.07559377 -0.27333242]
-1.7101177;2.6076512;-1.5502781;[-1.6351701  2.3757813 -1.3888092]
-0.8168486;1.6846584;0.06735006;[-0.83353233  1.4844372  -0.07257716]
-0.6260581;0.8304928;-0.1299383;[-0.6564088   0.7022083  -0.17471676]
-0.4970504;-0.015510514;-0.2842219;[-0.5499774  -0.01216957 -0.3280643 ]
-0.39092547;-0.030175656;-0.42701754;[-0.21561591 -0.09910448 -0.38346025]
-1.6837524;2.3465073;0.17641316;[-1.5325857   2.159996    0.12422104]
-0.89392775;1.5097908;0.21931924;[-0.90515506  1.3531951   0.13251092]
-1.182011;1.4822288;0.07837744;[-1.0337697  1.3924683  0.0479372]
-0.7437276;0.6208122;-0.11641675;[-0.65744936  0.5661353  -0.14241514]
-0.5158613;0.81160027;-0.23620614;[-0.43070185  0.6338024  -0.21208489]
-0.574715;-0.05537583;-0.6396763;[-0.5433716  -0.0482775  -0.43070146]
-0.7526571;0.009147655;-0.4032764;[-0.58993834 -0.00514547 -0.32432905]
-1.7229837;2.5957196;-1.9243476;[-1.6616015  2.4048338 -1.4642274]
-0.9727158;1.708705;0.015717503;[-9.4556010e-01  1.5120307e+00 -4.8279017e-04]
-0.6968606;0.820679;-0.59103656;[-0.76719326  0.66844016 -0.4375948 ]
-0.99102646;0.86315984;-0.2825567;[-0.9206339   0.79951787 -0.27322283]
-0.95732266;1.679325;-0.61683655;[-0.95470047  1.5219741  -0.7909463 ]
-0.7792283;0.8850437;-0.15104379;[-0.8364935   0.74794585 -0.14498962]
-1.2383853;1.72957;-0.38097852;[-1.0087918   1.6074582  -0.41640133]
-0.68386245;0.8536778;-0.12446515;[-0.7030784   0.7024229  -0.11494526]
-0.68784505;-0.0067344382;-0.47372842;[-0.7760718  -0.02405977 -0.4055963 ]
-0.90414006;0.06334404;-0.11543353;[-0.8969177   0.08752465 -0.26857173]
-0.5436455;-0.022571653;-0.23470673;[-0.5125621  -0.02887575 -0.32888177]
-0.41521448;-0.014752127;-0.28385052;[-0.3261494  -0.08941901 -0.30462787]
-1.3760487;2.0693967;-0.72174203;[-1.4245044  1.9687661 -0.7839295]
-0.6442905;1.1562479;-0.8151307;[-0.712115    1.0539577  -0.73157734]
-0.48608565;0.76726925;-0.42217362;[-0.35252202  0.6461081  -0.37529373]
-0.5184817;0.3189211;-0.794594;[-0.45566034  0.30087957 -0.72802854]
0.942416;0.5648747;-1.5542312;[ 0.9366941   0.47115535 -1.7089859 ]
-0.54439265;0.8997762;-0.49507028;[-0.36588     0.673805   -0.58300763]
-0.35083532;0.044704642;-0.680863;[-0.24045952  0.001044   -0.62809294]
-0.941842;1.7998658;-0.48394072;[-0.94975066  1.5485284  -0.6995929 ]
-0.50898373;0.91783744;-0.21710974;[-0.3414092   0.69272256 -0.36309907]
-0.5938199;0.91035146;-0.000266999;[-0.5663167   0.7527669  -0.17855477]
-0.7249599;1.4074308;-0.017327603;[-0.7071048   1.2146752  -0.05473507]
-0.6810885;0.92655367;-0.48050106;[-0.6526345  0.8118635 -0.4814346]
-1.6965635;2.6779296;-0.63787353;[-1.6327     2.3723643 -1.1958823]
-0.587491;1.4091685;0.61379606;[-0.49706417  1.1730477   0.4506624 ]
-1.2400122;1.8433284;0.52781963;[-1.1271037  1.6348575  0.2755638]
-0.6627551;0.9275177;0.35810566;[-0.73114157  0.73424625  0.00982588]
-0.29266298;0.071488425;-0.08572349;[-0.2477987  -0.04446462 -0.23228355]
-0.19698067;0.06524888;-0.23494771;[-0.09324799 -0.07988939 -0.35381022]
-0.7913801;0.91159046;-0.12083666;[-0.84251344  0.7709476  -0.15071449]
-1.7099868;2.6521323;-1.6832452;[-1.659609   2.3939009 -1.3924004]
-1.1654304;1.8047673;-0.111453235;[-1.0436708   1.5799726  -0.18358748]
-0.83070606;1.736902;-0.85068905;[-0.891961   1.51326   -0.9497845]
-0.576194;0.834912;-0.13642316;[-0.54804295  0.67411995 -0.20057075]
-0.40224385;0.7878328;-0.25476;[-0.411471    0.5955413  -0.41161788]
-1.2816694;1.8173797;0.14574003;[-1.086685    1.6170079   0.03899721]
-0.6263933;0.8823145;-0.3004213;[-0.5459355   0.7329845  -0.45381597]
-0.23924057;-0.021420509;-0.34584802;[-0.16637479 -0.1540559  -0.44251496]
-0.3923515;1.4528966;0.03617254;[-0.37223566  1.2309676   0.05692703]
-0.649329;1.8154191;-0.21658814;[-0.59814864  1.6047641  -0.3428346 ]
-0.5331525;0.9321101;-0.18807264;[-0.53425074  0.83913326 -0.3572537 ]
0.030449256;0.60376215;-0.08426806;[ 0.18450567  0.49775487 -0.08514076]
-0.26397753;-0.3028347;-0.45005167;[-0.09463967 -0.28536022 -0.5458279 ]
-0.025862351;1.4747003;0.07618901;[ 0.00752249  1.2748498  -0.007815  ]
0.43868095;1.0152745;-0.06837772;[ 0.40774357  0.87772834 -0.01937329]
0.27272177;0.5685633;-0.2246593;[ 0.30675605  0.43241    -0.2058246 ]
-0.35749274;0.5519703;-0.30923623;[-0.20015313  0.4449755  -0.4864075 ]
0.07658005;0.047058962;-0.2734304;[ 0.22807819  0.03337955 -0.38400757]
-0.052070513;0.15029022;0.3444432;[0.06065939 0.13080338 0.08207375]
0.39734542;0.15977725;-0.11000684;[ 0.24091944  0.09165163 -0.1441932 ]
-0.16368084;0.16202559;-0.2805854;[-0.06177853  0.14670114 -0.22677188]
0.13808036;-0.7440402;-0.4100846;[ 0.18672556 -0.69588935 -0.5009659 ]
-0.8661339;1.7538937;-0.63370353;[-0.8722472  1.5326566 -0.7358648]
-0.6833946;1.7216195;-0.8607563;[-0.709934   1.4838591 -0.7791182]
-0.47944075;0.83160347;-0.7598036;[-0.48091358  0.6818316  -0.6778381 ]
-0.6909;0.91321605;0.33666706;[-0.79016805  0.7669145   0.045933  ]
-1.1880575;1.7830182;-0.3297369;[-0.9514669   1.5954725  -0.36861083]
-0.70010936;1.3549843;-0.17132524;[-0.6857449   1.1541195  -0.19063602]
-0.43574268;0.022318494;-0.62555957;[-0.44294024  0.01511532 -0.6234011 ]
-0.73486763;1.3466753;-0.83497643;[-0.73994964  1.1582408  -0.5985839 ]
-0.590982;1.3824302;0.25518832;[-0.46403497  1.1232249   0.00731327]
-0.6456838;0.4458549;-0.7107903;[-0.50461435  0.37567437 -0.65943223]
-1.1899542;1.3772813;-0.3032237;[-0.9497502   1.2529091  -0.36364365]
-0.6947201;0.94870013;-0.11220476;[-0.6652244   0.8261643  -0.16337946]
-0.5752451;0.48589653;-0.6124792;[-0.5897825   0.36050427 -0.5829068 ]
-0.5276519;0.47220027;-0.6763026;[-0.38671303  0.33770686 -0.48025194]
-0.6712578;1.0031056;0.5722231;[-0.457471    0.8082851   0.39154014]
-0.47441262;0.43656248;-0.68859136;[-0.4113766   0.31070757 -0.6137716 ]
-0.91766256;1.3372205;-0.025503356;[-0.79900825  1.2150921  -0.31739616]
0.87344795;0.63483495;-1.3269384;[ 1.0540801  0.5723323 -1.5082003]
0.69603604;-0.23203053;-1.7455784;[ 0.7597796 -0.2361307 -1.5349534]
-1.3865341;2.2152295;0.17514491;[-1.2987434  2.0566688 -0.2768287]
-0.782186;1.3080475;0.058474712;[-0.80727375  1.1874418  -0.25867796]
0.8821886;0.61433536;-1.2925521;[ 0.9499258  0.5187427 -1.5232927]
-0.9742208;1.8755964;0.5954728;[-0.9353651  1.7037882  0.3974136]
0.6756429;0.60187757;-2.2937481;[ 0.77519274  0.4860931  -1.8902999 ]
-1.0210541;1.4024338;0.3152823;[-1.0604795   1.3476475  -0.04879072]
1.0980164;0.6841833;-0.8954072;[ 0.79654205  0.5093365  -1.2293497 ]
1.0957825;0.20849714;-0.16069409;[ 0.6839948   0.10278214 -0.4924835 ]
1.0369313;0.78105944;-0.039096337;[0.6951763  0.5787629  0.01501056]
0.87659293;0.24592592;-0.088071674;[ 0.79343206  0.27898866 -0.13602804]
-0.61024684;0.460526;-0.03974473;[-0.5418594   0.40623677 -0.22867648]
-0.7383494;1.0159516;0.4541177;[-0.78636956  0.92210245  0.27458933]
-0.64370334;0.96472377;-0.114651635;[-0.66151434  0.8626394  -0.25662118]
-0.70977145;0.4384169;-0.6596246;[-0.60628074  0.4308291  -0.67397016]
0.5451153;-0.25110865;-1.6534228;[ 0.62973356 -0.24503992 -1.444223  ]
-0.53590053;0.45858532;-0.10773228;[-0.40062702  0.36009806 -0.25539458]
0.102625705;0.6375944;-0.27174577;[ 0.17489773  0.5034639  -0.29728624]
-0.075727;0.21680257;-0.53762794;[ 0.05568877  0.08291883 -0.4061428 ]
-0.05316122;0.7027268;0.15125686;[-0.03456171  0.5689868  -0.20966186]
0.07045668;0.6652022;-0.25361177;[ 0.00966783  0.54043996 -0.3158495 ]
0.5765075;1.1689464;-0.0045589097;[ 0.570044    0.8925668  -0.08648629]
0.9044505;0.70207816;-1.2439048;[ 0.92799705  0.5092475  -1.2231156 ]
0.016071603;0.68390185;0.1129295;[-0.01779285  0.55354977 -0.032949  ]
0.108768634;0.20532288;-0.34070936;[ 0.05809878  0.09659739 -0.2796074 ]
0.12626141;0.20738615;-0.39072728;[ 0.13094741  0.0531488  -0.29674968]
-0.48727763;0.879589;-0.7116685;[-0.41077363  0.7013851  -0.62739366]
-1.2006162;1.8219358;-0.3642704;[-0.97657514  1.6258513  -0.42675897]
-0.6037953;0.9231438;-0.60937846;[-0.6228321  0.7705921 -0.5792704]
-0.8772853;1.0034255;0.08107108;[-0.97808456  0.8294623  -0.11044692]
-0.44264817;0.07280843;-0.6383514;[-0.4121896   0.03590915 -0.62627465]
-0.6025265;0.93939656;-0.69690555;[-0.44527596  0.7223598  -0.6917332 ]
-1.4107388;2.184093;-0.54739547;[-1.3680847   2.0149524  -0.49545613]
0.9610729;1.0905389;-0.24108851;[ 0.75670236  0.82255185 -0.4763685 ]
-0.65998733;1.2168533;-0.396234;[-0.7576204   1.0584717  -0.61169964]
0.9489797;1.1368257;-0.04812887;[ 0.71627784  0.8603823  -0.25468215]
-1.0569204;1.3686924;-0.35767165;[-1.057744    1.3102428  -0.27667966]
0.8058159;0.19051066;-0.16428068;[ 0.614682    0.14472292 -0.41347182]
0.27566183;-0.2883116;-1.5709865;[ 0.43039867 -0.2986297  -1.3869232 ]
1.1304406;0.7737457;0.20203649;[0.6705829  0.57227623 0.23433872]
1.2662463;0.21628024;0.047813512;[ 0.83217144  0.19005933 -0.06305858]
0.7851272;0.6176486;-1.4242892;[ 0.7257889   0.44292134 -1.3994795 ]
-0.6709506;0.33999544;-0.38692462;[-0.6173845  0.2721823 -0.5962874]
-0.9200322;1.305827;-0.5588199;[-0.85028505  1.1602978  -0.4779113 ]
0.8770978;0.59916013;-1.7856803;[ 0.96423835  0.51364595 -1.7928535 ]
0.9213855;0.20806335;-0.375328;[ 0.69251496  0.11479873 -0.5053005 ]
0.028553896;-0.35457283;-1.1895117;[ 0.2706057  -0.39036834 -1.2550741 ]
-0.21894528;0.5490706;-0.47958082;[-0.22075488  0.34086794 -0.59114605]
-0.23957069;-0.2813275;-0.48527473;[-0.14560474 -0.29614455 -0.6238336 ]
0.03598723;0.63928145;-0.28536808;[-0.01170005  0.4824947  -0.32793224]
-0.04502599;-0.27767646;-0.26936248;[ 0.10426899 -0.28503752 -0.39057252]
-0.88760513;0.8944519;0.9247669;[-0.7761339   0.71042514  0.73549503]
-0.6783872;0.9084157;0.93610656;[-0.6851702   0.6845262   0.61591023]
-1.646383;1.3942195;0.661211;[-1.5267657   1.1637603   0.24307959]
-0.7122402;0.88389957;0.78685474;[-0.6498413   0.68852746  0.6641833 ]
-0.6895181;-0.005596444;0.6098112;[-0.5724415   0.01843036  0.46932814]
-0.81557035;-0.041727833;0.7346831;[-0.47701538 -0.06700614  0.5020333 ]
-0.6164124;-0.038929835;0.6185101;[-0.39487076 -0.06471115  0.43631983]
-1.1272022;1.0051595;0.6808767;[-1.0192949   0.87412035  0.47433934]
-0.7451815;0.5662138;0.70256007;[-0.6707914  0.5045038  0.6844289]
-0.64823204;0.49565768;0.34116864;[-0.42084354  0.35105395  0.348914  ]
-0.9483934;1.3998765;-0.59067917;[-0.8657166   1.1915945  -0.51782924]
-1.1876252;1.4859489;-0.017588075;[-1.0339363   1.2627252   0.05273895]
-1.1753865;1.451144;-0.41993636;[-0.9685576   1.3003057  -0.37525365]
0.17870934;1.0719814;0.21916853;[0.10471144 0.8325653  0.22054516]
-0.096167445;-0.6573579;-0.3076052;[-0.06571741 -0.60714805 -0.19456796]
-1.6929547;2.254533;-1.7087976;[-1.6322483  2.0102112 -1.0994061]
-0.59652144;0.43793315;-0.24889502;[-0.61115456  0.29524988  0.14562027]
-1.1809283;1.4189223;0.16940363;[-1.048035    1.2385772   0.18981151]
-0.74834657;0.97888213;0.5443579;[-1.0560974  0.8479135  0.642806 ]
-0.34839338;0.06140108;0.061187945;[-0.27812743  0.05089712  0.06889927]
-0.6223329;0.9582931;0.46738562;[-0.63715744  0.8882257   0.47074696]
-0.5411205;0.47833848;-0.5231939;[-0.3526144   0.2928902  -0.44676995]
-0.45575655;-0.4406392;-0.32555425;[-0.43084633 -0.44386685  0.00789807]
-0.9489313;1.0965196;0.44280362;[-0.9564179   0.95636344  0.20351069]
-0.7267568;1.2873578;0.059069578;[-0.7196618   1.0620981  -0.08940065]
-0.65002817;0.44744384;-0.041678157;[-0.5655976   0.3425334  -0.05229677]
-0.7669858;0.48111367;-0.078162506;[-0.70814884  0.3171168  -0.0614435 ]
-0.55364686;0.44675678;0.04938102;[-0.47003073  0.33099437  0.06088306]
-0.5120403;0.42206204;-0.09199147;[-0.3827927   0.23340102 -0.1211576 ]
-0.6645978;0.43729234;-0.015020873;[-0.5361906   0.3032297   0.07482465]
-0.4676873;0.47402233;0.3350738;[-0.32938856  0.37422663  0.08923873]
-0.5283093;0.46358472;0.44523126;[-0.4277867  0.3866771  0.2091511]
-0.9455407;1.356013;0.02980858;[-0.90061283  1.1652544  -0.21593782]
-0.58707714;0.46316433;0.5936905;[-0.63021386  0.36227566  0.33715016]
-0.7481585;1.353712;-0.111049354;[-0.6738857   1.1792264  -0.25063342]
-0.710275;0.5090254;0.49860835;[-0.72064215  0.3990426  -0.05812288]
-0.5956636;0.50723046;0.20404184;[-0.6049396   0.37346196  0.10137442]
-0.6666399;0.52006453;-0.23885226;[-0.6449323   0.41119605 -0.2209649 ]
-0.41380328;-0.414447;0.42846048;[-0.43267798 -0.381388    0.1628179 ]
0.36276156;0.61895335;0.16764733;[ 0.098619    0.42199492 -0.07995765]
-0.085446596;0.74657947;-0.45864975;[-0.11746664  0.5956644  -0.5484804 ]
0.277327;0.20174123;0.08060258;[0.18829724 0.14383784 0.0305662 ]
0.6765322;-0.1832274;-0.43001404;[ 0.5148974  -0.3028354  -0.43562385]
0.26114762;-0.6507456;-0.4303014;[ 0.06174479 -0.66237867 -0.42108056]
0.724469;-0.2459357;-0.16262399;[ 0.73939085 -0.30493468 -0.18494831]
0.68851393;-0.72132295;-1.2044497;[ 0.8769734  -0.71878624 -1.0607989 ]
-0.49213642;0.9546212;0.2622313;[-0.28455305  0.7106482   0.09448929]
-0.75120544;1.3660867;-0.43753406;[-0.6668831  1.1178471 -0.455169 ]
-0.36680079;0.9206098;0.26603162;[-0.3154993   0.7163507   0.07547125]
-1.6889212;2.2686794;-0.32731426;[-1.6253961  2.0090568 -0.9468477]
-1.1541023;1.4329408;0.5791127;[-1.0626022   1.2537192   0.32148388]
-0.66469353;0.97838867;0.20684025;[-0.6132117   0.8182802   0.07622267]
-1.1770473;1.4046772;-0.048499268;[-0.93994546  1.2624856  -0.30344877]
-0.65933186;0.5449856;0.2106954;[-0.6818218   0.40201586  0.14727344]
-0.7090103;0.988307;0.4983795;[-0.7884089   0.85086834  0.42568246]
-0.49096185;0.5080916;-0.13809995;[-0.29061186  0.33827132 -0.4229363 ]
-0.79851437;1.3921691;0.96202016;[-0.554869    1.1379097   0.52133626]
-0.68203384;0.89688915;-0.19074576;[-0.60583115  0.72586966 -0.14108832]
-0.75000244;1.3614994;0.6095907;[-0.78123176  1.1306635   0.5847202 ]
-0.8142815;1.3896832;0.87982666;[-0.59888446  1.1426662   0.37349537]
-0.5613037;0.46098;0.40357888;[-0.44462723  0.3663445  -0.04234698]
-0.7426916;0.05161976;0.515308;[-0.74536115  0.00292845  0.28886333]
-0.71195334;0.5173619;0.5248291;[-0.6094945   0.42461133  0.4197518 ]
-0.30561173;0.09738059;0.68415916;[-0.48225302  0.08660964  0.5367629 ]
-0.5119749;0.50796765;0.7015381;[-0.25073767  0.32619566  0.1789753 ]
-0.54573435;0.007903084;-0.3011133;[-0.3589369  -0.05749749 -0.19587718]
-0.5332624;-0.8685651;-0.478886;[-0.42254758 -0.80737853 -0.44912976]
-1.667855;1.9259285;0.4992772;[-1.5249451   1.7770363   0.22789393]
-0.7173366;0.56547976;0.035182334;[-0.7611644   0.4511096  -0.19440567]
-0.72727567;1.0284882;-0.29070163;[-0.5769097   0.9068545  -0.33194077]
-1.1406764;1.06395;0.30842608;[-0.9513569  1.0274953  0.1366304]
-0.67807466;-0.31646925;-0.13121212;[-0.6924742  -0.35561174 -0.29922575]
-0.6218224;0.1665448;-0.30918217;[-0.5709819   0.21377212 -0.29727355]
-0.95088905;1.0478653;0.32932287;[-0.93668973  0.94292265  0.1341362 ]
0.747546;0.6148594;-0.12915406;[ 0.70269     0.40178293 -0.0261654 ]
-0.06777334;0.7103868;-0.53726125;[-0.17568927  0.5205985  -0.7501682 ]
0.927628;0.14416897;-1.2994657;[ 0.91202253 -0.02612992 -1.2054088 ]
-0.21341886;0.62110907;-0.15664895;[-0.2403334   0.41215867 -0.10314882]
0.12164636;0.16312288;-0.18341863;[ 0.05239448  0.07603672 -0.34630507]
0.1309456;0.21701993;0.56441605;[-0.02974291  0.19162749  0.2849132 ]
-0.004650466;-0.12428869;-0.40058845;[-0.05800058 -0.21835358 -0.5470014 ]
-0.078675255;-0.20943354;-0.1724707;[-0.1397598  -0.27349752 -0.08895548]
0.23694222;0.18633233;0.062620156;[0.23946312 0.15430352 0.06630535]
0.10951699;-0.2450753;-0.031373765;[ 0.08920142 -0.26571673 -0.18565784]
-1.6857134;2.2595491;-0.39119413;[-1.6193949  1.9975797 -0.8839144]
-0.7585003;1.3430065;-0.35055876;[-0.6732464  1.1241454 -0.4391411]
-0.52455133;0.450795;-0.32810307;[-0.4710076   0.3142056  -0.29043278]
-1.1433765;1.4175042;0.60589373;[-1.0797433   1.258142    0.43322444]
-0.6527961;0.5144317;0.4960556;[-0.7096379   0.40480566  0.3668575 ]
-0.6383136;0.48278064;0.21944681;[-0.5942608   0.41622353  0.08418436]
-0.6880142;0.96304667;0.28289184;[-0.627054    0.8260226   0.06276944]
-0.40220582;0.06614429;0.12816545;[-0.28606063  0.05855687 -0.07451525]
-0.8223923;1.6034638;0.5661254;[-0.74755424  1.37159     0.30230543]
-0.7681405;1.1274071;-0.26395184;[-0.5571441   0.967372   -0.24644138]
-0.7500086;-0.33177042;-0.041453626;[-0.6662502  -0.36979866 -0.30286387]
-0.9503357;1.1202823;0.5147311;[-0.9747932   0.98635834  0.23431881]
-0.5466908;0.7245383;0.750347;[-0.5363481  0.5730435  0.5552946]
-0.51048356;0.7262131;0.35628164;[-0.33740354  0.52689356  0.12401703]
-1.7031041;2.2425354;-0.5228261;[-1.652105   2.0218813 -1.1080087]
-0.6647759;1.313603;-0.04647002;[-0.6937068   1.0893542  -0.14475456]
-0.4700976;0.8948908;-0.17523248;[-0.49738485  0.71912456 -0.1782964 ]
-0.6373939;0.5054037;0.1326285;[-0.6752778   0.32548386  0.03767295]
-0.71007127;0.49212116;0.2729392;[-0.6719356  0.4369176  0.1373118]
-0.6089039;-0.38238078;-0.5031708;[-0.55584157 -0.29838002 -0.59250075]
-0.5127397;0.9250602;0.096576884;[-0.29067045  0.71192586  0.0246646 ]
-1.6873595;1.825493;-0.64901006;[-1.6119083   1.6274512  -0.62519735]
-0.73461187;0.91062194;0.43573165;[-0.792619    0.70596105  0.47689572]
-0.6973884;1.3443574;0.44987065;[-0.70278203  1.1127201   0.45638058]
-0.8567509;0.4763968;-0.08795299;[-0.59472257  0.33513027  0.19872609]
-1.6791569;1.8325151;-1.1692594;[-1.5973933  1.6182085 -0.5208966]
-0.41648608;0.9262411;0.86278284;[-0.49288386  0.79600227  0.66831726]
-0.549817;0.46723652;0.22790256;[-0.5833514   0.33596283  0.3095558 ]
-1.1633742;0.97000474;-0.1859822;[-0.9332775   0.8976234  -0.15352295]
-0.5347935;-0.8769008;-0.47691602;[-0.4279546  -0.80770326 -0.44391757]
-0.846993;1.3536171;0.27092963;[-0.8629619   1.1507257   0.24386193]
-0.70098615;1.37292;0.3595524;[-0.71343625  1.1538198   0.48301485]
-1.129141;1.0069764;0.56745094;[-0.9956713   0.8722013   0.37323263]
-0.81003255;0.56407636;1.0720414;[-0.9428054  0.4730351  0.7894934]
-0.63506526;0.05478838;0.32602593;[-0.6194002  -0.02473529  0.29761073]
-0.74941725;0.4890778;0.0950526;[-0.5108893   0.33345228  0.17675865]
-0.5369398;0.010415196;0.30375358;[-0.414315   -0.0874684   0.17196192]
-0.93704313;1.384034;-0.29052278;[-0.93308055  1.1893611  -0.43812755]
-0.5666977;0.47404623;0.35754934;[-0.46406978  0.37301934  0.23397394]
-0.45889074;0.45519495;0.19353135;[-0.32705784  0.3200634   0.03656014]
-0.8339905;1.3574781;-0.011286337;[-0.83138525  1.1348382  -0.26967508]
-0.45887274;0.43717533;0.36144292;[-0.43098605  0.29752922  0.07931669]
-1.1641341;1.425225;0.6241025;[-1.0853618   1.2652872   0.45604295]
-0.68273675;0.51993346;0.5697964;[-0.75075006  0.43613595  0.4123256 ]
-0.71511203;0.49639213;0.43714386;[-0.72922766  0.33946556 -0.17854255]
-0.5219256;-0.39686632;0.31588548;[-0.5810231  -0.42151064 -0.16865776]
-0.6421848;1.0113621;0.825208;[-0.49567795  0.8126299   0.6600931 ]
-0.72312206;0.97730577;0.6018361;[-0.8051704   0.8481432   0.40508822]
-0.5889551;0.4809354;0.18241371;[-0.5550738   0.38268667  0.05659384]
-0.5414764;0.50178784;-0.07649438;[-0.36647695  0.31409955 -0.25138405]
-0.28351027;-0.45626253;0.20038125;[-0.24019091 -0.40462255 -0.01873164]
-0.37588847;-0.42893952;0.2940331;[-0.36805284 -0.37063688  0.13341422]
-0.68739694;1.2861214;0.032037217;[-0.69451034  1.0941801  -0.11566705]
-0.6431796;0.44071782;-0.71082896;[-0.507794   0.3738538 -0.6544715]
-0.48057187;0.42358536;-0.10215762;[-0.35765815  0.27791    -0.1337312 ]
-0.44325125;0.024386276;0.4576651;[-0.4204504   0.0058484   0.23309629]
-0.54505473;-0.44028324;-0.7410801;[-0.36002862 -0.39023608 -0.6630538 ]
-0.94530946;1.8337445;0.7203842;[-0.9633683   1.5931774   0.52149624]
-0.50243646;0.9556281;0.5883816;[-0.45067465  0.82421553  0.27766052]
-0.73289025;1.8366455;0.8631605;[-0.8981372  1.6477723  0.5469002]
-1.315019;1.8733402;0.77829194;[-1.1830317   1.7598747   0.62411577]
0.7525994;1.6349831;0.19172579;[0.4703236  1.317231   0.07854755]
2.2035294;0.40109307;1.127912;[2.3754387 0.4499259 1.5358483]
0.66220254;0.74403787;-0.06803942;[ 0.43413427  0.6053735  -0.05604775]
0.17046271;0.26867265;-0.33508232;[-0.01163958  0.1115125  -0.33289868]
-1.6929036;2.5865595;0.6021904;[-1.5072427   2.247408    0.47551736]
-0.7557216;1.69695;0.18978888;[-0.72308207  1.3925163   0.05675861]
-0.73550403;0.89498276;0.35806513;[-0.7871995   0.8720002   0.24577166]
-0.7618255;1.2223588;0.4858024;[-0.73821104  0.98048127  0.3335317 ]
-1.2814597;1.3365568;0.6546674;[-1.1703643   1.2335955   0.58784187]
-0.7965475;1.6977226;0.5801418;[-0.6813306  1.4342864  0.5712051]
-0.73117846;1.2232909;0.113107115;[-0.62657917  0.99716294 -0.00355979]
-0.03082852;0.31730342;1.0463673;[-0.37654185  0.39303732  0.54771656]
-1.2780317;1.2972618;0.627962;[-1.1635174  1.1853039  0.5219665]
0.16305062;-0.23973642;0.056449026;[-0.2438562  -0.26326442 -0.2069904 ]
-0.57380325;0.8224569;0.79293907;[-0.50599474  0.6768209   0.6395443 ]
0.5574303;1.1303557;1.5052729;[0.2174185 0.9294379 0.9493016]
-0.17913412;0.47478127;-0.12853771;[ 0.03202151  0.3117116  -0.09164402]
0.5300359;0.34580708;1.2216811;[0.2077515 0.2838241 0.9133387]
-0.22160126;0.21557088;0.34331408;[-0.21966569  0.16942361  0.08505002]
-0.006915726;-0.37066948;-0.19921029;[ 0.08539075 -0.4321838  -0.19139867]
-0.10390811;-0.8406865;-1.0131866;[ 0.05471356 -0.9444194  -0.9600515 ]
0.51962066;0.26790684;1.2986174;[0.37258905 0.14704852 0.8390974 ]
-0.17138626;-0.8710291;-1.2132581;[ 0.03830217 -0.9472511  -1.1070486 ]
0.12689695;0.2474606;-0.33631766;[ 0.03306177  0.15208676 -0.30483267]
-1.6943012;2.5514398;0.5950813;[-1.5065159   2.236034    0.45822504]
-0.8111766;1.6682866;0.29542342;[-0.772112    1.3884088   0.12631907]
-1.2810179;1.7207816;0.41008246;[-1.1392711   1.573738    0.37816757]
-0.49305707;0.80350226;0.014394473;[-0.3075925   0.5822066  -0.08663073]
-0.7079515;1.2331414;0.101295814;[-0.6429831   1.0281947   0.01798092]
-0.9517866;1.2650361;0.5927567;[-0.9468609   1.0879315   0.46365586]
-0.51784414;0.3280605;-0.18040344;[-0.36820686  0.27242306 -0.12024358]
0.49038988;1.5447438;0.19683805;[0.3766889  1.2557414  0.07843204]
-0.5378035;0.58382356;2.7488909;[-0.65755916  0.5222442   3.037915  ]
0.409602;0.639229;-0.021259118;[ 0.26653668  0.49698222 -0.03074927]
-0.95085615;1.6972772;0.36245516;[-0.9213592   1.4649664   0.29385507]
-0.7801298;1.6722795;0.22182679;[-0.7794559   1.4262196   0.03293635]
-0.8674169;1.7296387;0.516597;[-0.9499773  1.549381   0.3967459]
-0.30557448;0.24162352;-0.30960655;[-0.11519809  0.14906883 -0.3080618 ]
-0.14678366;0.95092314;1.3519268;[-0.5175729  0.9045472  0.811308 ]
-0.05210407;1.1447963;-0.039094556;[-0.48724878  0.97167563 -0.02955153]
-0.7087075;0.8118445;1.0152477;[-0.9370487  0.6430496  0.6992991]
-0.72200924;0.37010974;-0.14094667;[-0.9481      0.31781805 -0.0035983 ]
-0.7822985;0.87728196;0.23735824;[-0.80442166  0.8868394   0.14147457]
0.07010188;0.36374944;-0.13328026;[-0.5928973   0.2704718  -0.09262501]
-0.95658463;1.6805032;0.35972816;[-0.92875826  1.4245692   0.24897338]
-0.94852823;1.7180262;-0.5169735;[-0.92786396  1.5142984  -0.62539387]
-0.632062;0.8292002;0.016110782;[-0.5187705   0.6731008  -0.20325738]
-1.1856208;1.7481302;0.4064929;[-1.056231    1.5302547   0.09187771]
-0.7671637;0.8532401;0.41242474;[-0.7968887   0.6908096   0.20511843]
-0.6801804;0.8346645;0.4145014;[-0.73785555  0.6733931   0.1321702 ]
-1.2699233;1.7548863;-0.20677942;[-0.99999356  1.6126705  -0.30070183]
-0.7457914;0.86881655;-0.031506475;[-0.6741041   0.7532008  -0.04143902]
-0.64799446;0.8536052;-0.017208401;[-0.62718654  0.7414345  -0.07740837]
-0.45511198;0.006209299;0.074617274;[-0.35673124  0.00458654  0.01110382]
-0.7265185;0.8760502;0.6154557;[-0.65066195  0.7728224   0.2158813 ]
-0.8703114;1.2380272;-0.24659857;[-0.7498627   1.1318802  -0.45816442]
1.0434891;0.52685374;-1.467221;[ 1.0055563   0.42482734 -1.5392634 ]
0.84499604;1.0582244;-0.19903404;[ 0.86005956  0.8676432  -0.24801002]
1.3151342;0.6291234;0.39393488;[ 0.835351    0.39975518 -0.01853095]
-0.9694193;1.2689555;0.2301118;[-1.0063392   1.1484054  -0.10014339]
1.0138417;-0.30919045;-0.9213234;[ 0.8786541  -0.30495238 -1.0424469 ]
-0.030715168;0.1722354;0.21661097;[0.04271559 0.10526636 0.0755755 ]
0.2203753;0.5908509;-0.12804797;[ 0.250189    0.4800831  -0.21040986]
0.23852977;1.4646448;-0.043138478;[ 0.08776996  1.2246681  -0.19779427]
-0.032238796;1.0884193;0.39933956;[-0.00440755  0.9028303   0.25714085]
0.040584326;0.6246974;0.05485234;[ 0.02585049  0.45242697 -0.06409656]
0.089425445;-0.2850241;-0.023264084;[ 0.12433916 -0.3296283  -0.15703344]
0.10198637;0.27975482;0.37959743;[0.00504407 0.23500417 0.26209134]
0.17923428;-0.3131681;-0.13966605;[ 0.21771395 -0.30724186 -0.23250581]
-0.55532736;0.8455509;-0.5809407;[-0.34054768  0.6480485  -0.6374869 ]
-0.5434523;0.45534092;0.6403065;[-0.3738175  0.3655603  0.3725617]
-0.70999163;1.4208182;0.82823586;[-0.5388106  1.1786326  0.7114623]
-0.6358284;0.8692921;-0.053907003;[-0.5985131   0.73953855 -0.1494379 ]
-1.15777;2.2840044;1.0703769;[-1.0160357   2.0320506   0.77884924]
-0.6572617;1.3475553;0.84513295;[-0.59411436  1.1327068   0.55903393]
-1.2142909;1.7719482;0.30110407;[-1.0232874  1.5241892 -0.0211431]
-0.55323374;0.046746157;0.64539504;[-0.6860857  -0.03962746  0.09743556]
-0.6989044;0.883702;0.06449422;[-0.5637695  0.6987753 -0.130938 ]
-0.36527473;0.03765074;-0.026777145;[-0.26925093 -0.05066116 -0.09286003]
-0.5575647;0.53874165;0.71635455;[-0.45632297  0.46783406  0.5082979 ]
0.47151804;0.21439011;-0.08528806;[ 0.5505855   0.11231752 -0.10096714]
0.0057456195;0.2159984;-0.8352541;[ 0.05639368  0.083454   -0.7654665 ]
0.705956;-0.38923395;-1.2308543;[ 0.79999596 -0.396662   -1.1039783 ]
0.1949327;1.3964766;0.2557427;[0.07137242 1.1509178  0.14530088]
0.6836087;0.9775896;-0.09671867;[ 0.6366163   0.7451657  -0.08084822]
-0.20996244;1.0805297;0.79590356;[-0.24985225  0.8726589   0.68305737]
-0.11644712;0.7567241;0.3833421;[-5.7944655e-04  6.0984409e-01  3.6421570e-01]
-0.050701752;0.18075192;0.7308723;[0.01897997 0.11422573 0.54813033]
0.6413724;0.1266061;-0.105721146;[ 0.48022062 -0.00216896 -0.22973181]
-0.18023767;0.23625775;0.7323335;[-0.25619113  0.2301518   0.6754416 ]
-0.7925394;1.7380884;0.006183561;[-0.8356316  1.5188032 -0.1279482]
-0.35089487;0.8171324;-0.31527606;[-0.33487606  0.6768758  -0.4185843 ]
-0.8289131;0.97801995;-0.278854;[-0.804803    0.8280862  -0.34057915]
-0.2907549;0.030577168;-0.035699714;[-0.3785981  -0.06809263 -0.19675535]
-0.40613824;0.5043216;1.1963565;[-0.23241167  0.38647145  0.7038735 ]
-0.22552358;0.025852371;-0.16103482;[-0.26331782 -0.03254166 -0.23081179]
-0.7757417;0.7448525;0.4315222;[-0.7116523   0.59486043  0.281309  ]
-0.8109249;1.2045226;0.4545594;[-0.76587784  1.04521     0.5629334 ]
-1.1242169;0.41343868;0.23434758;[-1.0570717   0.37554973  0.47950754]
-0.7265784;0.4569111;0.7574337;[-0.7428173   0.43414694  0.75351363]
-0.97307235;0.7999331;-0.399487;[-0.93818593  0.7157301  -0.4337022 ]
-0.6627162;0.32867193;0.22698653;[-0.4126793   0.25063765  0.20770745]
-0.5317443;0.37240434;0.68216425;[-0.40679455  0.3145017   0.6236934 ]
-0.63321346;0.33301955;0.3889306;[-0.41402113  0.2565456   0.37996545]
-1.1922213;0.84479004;0.19006136;[-0.9009725   0.75948167  0.03499031]
-0.87223977;0.4407214;0.47050464;[-0.9602119   0.38210183  0.6945897 ]
-0.72206134;0.4332562;0.4244712;[-0.64542806  0.39651394  0.45103246]
-0.5438203;0.36051655;0.44647986;[-0.34739393  0.3026651   0.37415078]
-0.4197287;-0.04562038;1.0717053;[-0.42826092 -0.08633912  0.7331775 ]
-1.705861;1.6848255;-0.3881943;[-1.6163952   1.5614033  -0.66178334]
-0.7124761;1.2401618;0.83512473;[-0.46257472  1.047679    0.4599106 ]
-0.7159462;0.7609275;-0.23317444;[-0.61471146  0.67160153 -0.12868984]
-0.8196525;1.264986;0.92777985;[-0.76744986  1.0343728   0.71650094]
-0.5386547;0.41000515;0.8426427;[-0.5067538   0.33970284  0.56899184]
-0.4709366;0.4293223;0.70524025;[-0.40118515  0.35191816  0.38265875]
-0.97298414;0.8000259;-0.39453945;[-0.9353465   0.7139844  -0.43600753]
-0.5873714;0.3712175;0.57979697;[-0.35867906  0.28243643  0.3890452 ]
-0.62993294;0.39795166;0.78532064;[-0.4713621   0.2541188   0.51133233]
-0.3193468;-0.04562038;1.0733087;[-0.4388163  -0.08343203  0.7540626 ]
-0.8311393;-0.53627586;0.46822083;[-0.6268612  -0.4548803   0.28826705]
0.79185313;0.51046216;-0.062009763;[ 0.7504538   0.28314173 -0.05671237]
-0.2843219;0.5493963;0.4098745;[-0.14110143  0.3412524   0.33552215]
0.21049558;0.12299506;0.25446326;[0.05979    0.0574     0.16824149]
0.8973242;-0.8216019;-0.84773314;[ 0.70713943 -0.7903173  -0.97785753]
0.70374507;-0.2518289;-0.2722487;[ 0.62797284 -0.34051675 -0.39908966]
0.8496204;-0.32957596;-0.075995535;[ 0.66215986 -0.4101286  -0.17643116]
0.664108;-0.30437624;-0.38689375;[ 0.6807144  -0.35048014 -0.41387895]
0.7835939;-0.35817212;-0.16060796;[ 0.7465779  -0.36241007 -0.19515422]
0.927688;-0.8348293;-1.1639795;[ 0.97203773 -0.8180015  -1.0753886 ]
-0.95683485;1.271168;-0.58474827;[-0.9314698   1.1088327  -0.57752585]
-0.6227517;0.41731507;0.30148703;[-0.5356126   0.30848718  0.13179632]
-0.9462401;0.88332254;0.569013;[-0.9119028   0.79548204  0.49333546]
-0.9565564;0.9006874;0.61900353;[-0.95781696  0.84732836  0.55688554]
-0.5570982;0.8742034;0.44423038;[-0.38989794  0.72925913  0.4688861 ]
-1.7087212;2.203139;-1.4901962;[-1.642553   2.004019  -1.0946728]
-1.267958;1.3676808;-0.40819958;[-0.9953232   1.2739979  -0.31529582]
-0.7124042;0.9190203;0.61764944;[-0.7537691   0.8302264   0.58483964]
0.3734789;0.54302907;-0.31759948;[0.06625465 0.39254016 0.09836824]
-0.10457204;-0.7579352;-0.19519103;[-0.19934864 -0.69915336 -0.28224248]
-0.95976704;1.2731026;-0.6612177;[-0.9377556  1.0964242 -0.646228 ]
-0.6190191;0.8346817;1.1045632;[-0.62893575  0.72126025  0.6859271 ]
-0.64881223;0.41037136;0.11081354;[-0.5574155   0.30297977  0.06293319]
-0.790139;0.9176499;0.78504044;[-0.8325112  0.8581058  0.6971932]
-1.1729914;1.0084381;0.41759413;[-0.93269813  0.93491185  0.21621136]
-0.6866583;0.08365822;0.03986703;[-0.5472152   0.1139124  -0.04281328]
-0.7174699;0.5936695;1.3728461;[-0.66823244  0.47493637  0.88196164]
-1.7216108;2.1476157;-1.091543;[-1.6658098  1.9918151 -1.3182343]
-0.7736921;1.2341329;0.23871881;[-0.7458751   1.0306365  -0.02575643]
-0.8470944;1.2242486;0.11079933;[-0.7423074   1.0267185  -0.03762705]
-0.73024344;0.42408645;0.2900504;[-0.7072624   0.27650315  0.09841448]
-0.79715437;0.40182948;-0.023390923;[-0.6300195   0.32842374 -0.00658239]
-0.5373487;0.37646395;0.053867508;[-0.38290596  0.21769764 -0.06491284]
-0.5956002;0.34476823;-0.06851977;[-0.39214593  0.20907305 -0.07544363]
0.23104917;0.9570034;0.32526392;[0.20551339 0.77430385 0.25622195]
0.74782765;0.5805734;-0.19246197;[ 0.74808997  0.31204504 -0.28880528]
0.74113643;0.61508185;0.24164717;[0.82085353 0.37628257 0.13218442]
0.33412257;-0.29985595;0.29201764;[ 0.06158502 -0.24962045 -0.00727045]
0.21675037;0.13315892;0.15049258;[0.11063282 0.11935386 0.07361412]
-0.29425722;-0.31059957;-0.026701573;[-0.19704385 -0.31695348  0.00908482]
0.4167701;-0.34893978;0.108734936;[ 0.292978   -0.3554551  -0.09807311]
-0.527406;0.35016936;-0.40725654;[-0.3593334   0.2549367  -0.31059414]
-0.5066668;0.3465377;-0.40812594;[-0.40782183  0.2865193  -0.32073754]
-1.205383;1.3092605;0.15097961;[-0.96110344  1.1472248  -0.09552453]
-0.6701553;0.41959023;0.12174189;[-0.586076    0.30199564 -0.01062611]
-0.62837267;0.8715052;0.4992218;[-0.61878115  0.75128603  0.32873484]
-0.58018714;-0.005683467;0.32016158;[-0.5909531   0.01720764  0.26642296]
-0.63164824;0.42526352;-0.12131062;[-0.53893375  0.33420467 -0.21964417]
0.06218527;-0.066930905;0.22581083;[ 0.13973632 -0.09762019  0.01040671]
-0.3041855;-0.5541585;-0.4038548;[-0.1911432  -0.4649787  -0.31011716]
-0.7546362;-0.38982666;0.3450662;[-0.7830862  -0.4685526  -0.19838265]
-0.88471454;0.6390287;0.91910005;[-0.9964589   0.60789716  0.7785854 ]
-0.5815184;-0.41100907;-0.06687692;[-0.5178881  -0.33619153 -0.21209954]
-0.63364726;0.5805251;0.7872509;[-0.5860647  0.4555524  0.631931 ]
-0.96455985;1.3298258;-0.29784507;[-0.9352933   1.166171   -0.49659735]
-0.6396547;0.90549517;0.46381795;[-0.49005288  0.7098683   0.41775617]
-0.49475068;0.39317834;0.20633677;[-0.32289755  0.30015522  0.06101913]
-0.6221003;0.38870555;0.37511894;[-0.55705017  0.26942283  0.12081599]
-1.2677183;1.3675404;-0.0694886;[-1.0073409   1.2587982  -0.21376114]
-0.6763069;0.47118622;0.31614298;[-0.6538701   0.43354797  0.2513605 ]
-1.0041307;0.88417965;0.7671493;[-0.94579136  0.71670324  0.624873  ]
-0.76719064;-0.46419734;0.44878215;[-0.9374081  -0.6105305  -0.11441354]
-0.6516119;-0.5021064;0.15608536;[-0.7178652  -0.48266268 -0.0081125 ]
-0.7106276;0.9582925;-0.2622165;[-0.61889815  0.8599294  -0.27060974]
-0.74390405;0.12780586;-0.15877444;[-0.6313239   0.15207149 -0.20032552]
-1.2562376;1.0157765;0.36190128;[-1.0601069   0.98696053  0.21269856]
-0.6358616;0.59645945;0.26622474;[-0.5517305   0.55641073  0.17216526]
-0.66847473;0.55789435;0.8235253;[-0.56083363  0.44289166  0.5519369 ]
0.11789201;1.1271099;0.18448171;[0.03254922 0.9060907  0.0941813 ]
-0.096659645;0.35183334;-0.33338737;[ 0.1565597   0.24412125 -0.22834904]
0.6454577;1.0339648;1.5030581;[0.32598388 0.9378377  1.1509128 ]
0.284907;0.4853266;-0.006021198;[ 0.2308114   0.3341344  -0.15512021]
0.49506938;0.054586127;0.7912148;[0.15845788 0.08799922 0.8351475 ]
0.43767703;0.016637228;0.964306;[0.226613   0.06536276 0.72098273]
0.4911074;0.14504567;1.2864227;[0.24583404 0.15765542 0.99238676]
-0.17209978;0.17975952;0.45898965;[-0.16996129 -0.01340712 -0.07862528]
0.1465761;-0.3868305;-0.24907655;[ 0.12568194 -0.4490093  -0.34448847]
-0.8269034;1.4176749;-0.005914543;[-0.7718524   1.2479354  -0.16624111]
-1.2635326;1.4805211;0.124007836;[-1.0617679   1.3785082   0.07427269]
-0.64765453;0.59858423;-0.05922092;[-0.58439314  0.53713053 -0.14208539]
0.036656022;0.19278058;-0.8876347;[ 0.02539752  0.03868838 -0.80342156]
0.5831509;0.053412884;-0.4134658;[ 0.58918864 -0.0304512  -0.36792168]
-0.05353698;1.0662105;-0.8332815;[-0.12228723  0.827966   -0.8764518 ]
0.42138845;-0.01598832;-0.58032954;[ 0.5350401  -0.12814623 -0.6053819 ]
0.6990747;0.29117066;0.09694825;[ 0.50216746  0.14144632 -0.0131681 ]
0.71418536;0.10969682;-0.0693243;[ 0.50239927 -0.03920788 -0.19858693]
-0.20279364;-0.5886648;-0.9899045;[-0.05904014 -0.6309571  -1.0162129 ]
0.8498116;-0.38304615;-1.054688;[ 0.742235   -0.41665858 -1.0426058 ]
0.3966778;-0.82509905;-0.6217229;[ 0.5634721 -0.8551097 -0.6379075]
0.50387543;-0.7829326;-0.4754678;[ 0.5881704 -0.7616881 -0.485994 ]
-0.17142965;-0.6589967;-1.116302;[-0.05268706 -0.6646962  -1.0016717 ]
0.65545684;1.3566037;0.14113295;[ 0.44192642  1.1634973  -0.02568053]
1.0992713;0.9229321;-0.18410417;[ 0.9409243   0.7443588  -0.09110107]
1.363053;0.5685771;-1.2516122;[ 1.2898725  0.3020448 -0.9989092]
0.45735186;0.49977696;-0.0021604262;[ 0.1968763   0.47175312 -0.02062459]
2.7807736;1.002999;0.4968298;[1.4575732 0.9138974 0.9824186]
0.7731071;0.56701;1.7903696;[2.1694708 0.8651011 3.234901 ]
0.5798552;0.35979593;-0.53982854;[ 0.4305352   0.30306238 -0.38344097]
-0.9523218;1.712051;-0.94318223;[-0.96963656  1.533544   -0.9740823 ]
-0.6746543;0.8130217;-0.14366719;[-0.5038544   0.66944945 -0.16119981]
-0.94946855;1.6891323;0.02597538;[-0.9093678  1.5077975 -0.0825298]
-1.20654;1.7407366;-0.011620898;[-1.0092785  1.5720834 -0.1732876]
0.42717218;0.20344393;-0.026608627;[ 0.45178342  0.08203085 -0.11406913]
0.5380666;1.0734185;0.16629353;[0.44072253 0.82084453 0.05926057]
0.2538505;0.17830855;-0.107634306;[ 0.48449498  0.06750363 -0.19803624]
0.56095487;0.27414024;0.36001486;[0.36940372 0.1705922  0.07238831]
0.6335785;0.24682757;-0.02840269;[ 0.52676314  0.15026115 -0.02499868]
0.59315306;0.28324154;0.028033957;[ 0.34263986  0.15595578 -0.03063942]
-0.054944173;-0.15289612;0.40896958;[-0.01116461 -0.18239242  0.08389919]
0.16073257;-0.6562435;-0.30068892;[ 0.33492553 -0.6940757  -0.41664806]
-0.49198252;0.84016865;-0.5035973;[-0.3245386  0.6504112 -0.6086441]
-0.46726233;0.468176;1.0910352;[-0.37246835  0.37392896  0.6008265 ]
-0.6222295;0.839894;-0.11484076;[-0.45055467  0.6431837  -0.17568284]
-0.8239302;1.6956164;-0.5707334;[-0.8016757  1.4954332 -0.7299615]
-0.8732595;1.7153035;0.07114649;[-0.840647    1.4699296  -0.10919717]
-0.6906499;0.85568494;-0.05620336;[-0.64907664  0.69094443 -0.18459004]
-0.43305427;0.018332813;-0.039905112;[-0.38154882 -0.09933695 -0.16769876]
-1.0132979;1.5201136;1.5206754;[-1.0953572  1.3064014  1.2647446]
-0.61702824;0.61455876;-0.008006629;[-0.46958327  0.48263454 -0.03904547]
-0.82960516;0.6885137;-0.26657566;[-0.7914046   0.5990143  -0.16961654]
-1.2689136;1.5028623;0.109858885;[-1.0705434   1.3857883   0.06985968]
-0.5597598;0.6208149;-0.184272;[-0.50620764  0.5490046  -0.20398256]
-0.46955222;0.58871603;-0.29684886;[-0.2967267   0.47863007 -0.28538567]
-0.26416755;1.3898392;-0.2704963;[-0.2969507   1.1453382  -0.27743492]
-0.09144366;0.6625748;-0.27314627;[-0.10427482  0.41387576 -0.25488767]
1.0572367;1.4389094;-2.7854;[ 0.8689307  1.1598366 -2.376393 ]
-0.80639523;1.2110652;-0.38807258;[-0.78854895  1.0687174  -0.4231002 ]
0.559631;1.0811669;0.24552232;[0.58864903 0.87989724 0.13823059]
-0.9980294;1.280609;-0.160737;[-0.9602828   1.1723412  -0.23017709]
-0.736015;0.373537;-0.43378198;[-0.6935759   0.36182886 -0.4655621 ]
1.1239094;-0.30381018;-1.3149948;[ 0.8457     -0.31304502 -1.2995718 ]
-0.87329906;1.2464811;-0.5403958;[-0.8188752   1.0688561  -0.64531314]
-0.6172665;0.31375694;-0.46467674;[-0.4770609   0.27013993 -0.46942648]
1.0027827;-0.344891;-1.2931578;[ 0.8063154  -0.35201758 -1.2362841 ]
0.17968172;1.4792961;-0.17170224;[ 0.0056151   1.2242764  -0.29188588]
0.94341236;1.1923897;0.051885508;[ 0.8063591   0.9779935  -0.04661126]
0.10473856;-0.24426629;-0.114331245;[ 0.05835943 -0.30661225 -0.38950726]
0.8653275;0.29785532;-0.06983298;[ 0.80347425  0.3291101  -0.10945825]
-1.7260696;2.613001;-1.8737808;[-1.6705705  2.3865    -1.491615 ]
-0.6322275;0.83116835;-0.18132299;[-0.5027807   0.6139567  -0.28622687]
-0.53648835;0.062591836;-0.24159235;[-0.51599014 -0.01292482 -0.3297909 ]
0.836379;0.19224463;-0.48898888;[ 0.6902676   0.07748416 -0.5226651 ]
0.99057454;0.16959041;-1.0682428;[ 0.83450615  0.10798959 -0.9593022 ]
0.97731835;1.429128;-1.671102;[ 0.9432069  1.168348  -2.243487 ]
0.9844061;1.0171298;-1.1039487;[ 0.8545775  0.802882  -1.0090175]
0.9198099;1.0455922;-0.33862635;[ 0.7796739   0.82437545 -0.3230708 ]
0.61488074;0.137032;-0.3135984;[ 0.45916504  0.02615794 -0.5544122 ]
-0.7249917;0.40606856;0.31972894;[-0.69385064  0.38977385 -0.11284547]
0.5431247;-0.2788701;-0.67965925;[ 0.56710255 -0.2752936  -0.9892573 ]
-1.0304278;1.2934921;-0.022364844;[-0.9629617   1.2496151  -0.22014125]
0.91343224;0.6029878;-0.9647716;[ 0.9292243  0.4190696 -1.1882573]
-0.7063969;0.375481;-0.6501092;[-0.63443553  0.3715127  -0.68426603]
-0.60920423;0.39832193;-0.25054702;[-0.4325958   0.33181685 -0.43281797]
0.12999402;0.5819981;-0.21331948;[ 0.20314614  0.47237784 -0.2513439 ]
0.13035685;0.16493328;-0.43111312;[ 0.19116968  0.05135822 -0.28404304]
-0.011996426;-0.30661386;-0.74263895;[ 0.0320873  -0.31084096 -0.61144096]
-0.08479495;0.6127294;0.038052697;[-0.02114888  0.4665674  -0.07288624]
-0.33206272;-0.2733419;-0.019652229;[-0.06019171 -0.3755151  -0.2223771 ]
-0.45442265;0.464697;0.4821713;[-0.25370187  0.35140163  0.2333837 ]
-0.18046285;0.43627864;-0.2044028;[ 0.03075817  0.2840904  -0.13733448]
-0.95579594;1.7473143;-0.5839024;[-0.9561912  1.5227171 -0.8053736]
-0.63161033;1.37947;0.7376378;[-0.57253075  1.1451212   0.50239897]
-0.71902686;0.9176036;-0.4492674;[-0.69228554  0.79184794 -0.44839606]
-0.6227744;0.86219984;-0.25788966;[-0.42281735  0.64854234 -0.38544118]
-0.77465874;0.8774694;-0.07279718;[-0.69589406  0.7634988  -0.13628326]
-0.774179;1.7155836;-0.67893445;[-0.7268715   1.5210317  -0.63559276]
-1.1850723;1.7725911;0.3675508;[-1.012053    1.5394014  -0.01983507]
-0.6361761;0.8571245;0.22722152;[-0.56447864  0.69242245 -0.06291649]
-0.31141;0.4447927;-0.08576879;[-0.2560479   0.34659958 -0.13384555]
-0.46139985;0.03188081;-0.52576673;[-0.47451997  0.03553939 -0.5333586 ]
-0.36930966;0.0032877624;-0.29270643;[-0.1976089  -0.13228385 -0.46466827]
-0.8751176;0.4930418;0.8495749;[-0.90235174  0.3790341   0.33945742]
-0.4572479;0.06629552;-0.22073454;[-0.4020434   0.06845537 -0.23551601]
-0.94743437;1.3756537;-0.38175088;[-0.96453524  1.1616656  -0.6622707 ]
-0.61419505;0.9761183;0.6177356;[-0.5181184   0.77254087  0.49732015]
-0.6234283;1.3530831;0.63531005;[-0.6156738  1.1426672  0.4198895]
-0.72016066;2.1954553;0.30036676;[-0.6652616  1.9727881  0.3164189]
-0.98117405;2.2274065;0.81185627;[-0.92225325  1.9719326   0.6614496 ]
-1.0587666;1.7601599;0.4307113;[-1.0024537   1.5752527   0.22317107]
0.25246072;0.13723552;-0.1673052;[ 0.26996866  0.02403987 -0.13986939]
0.52577615;0.24209465;-0.22509852;[ 0.45343733  0.13988842 -0.1705824 ]
0.40540427;0.6253579;-0.07838774;[ 0.4295486   0.5110598  -0.03841851]
0.12894884;1.019184;-0.019363392;[ 0.04613876  0.83163714 -0.01933788]
0.59631;0.53366804;-0.035483833;[ 0.50930554  0.38348597 -0.0796452 ]
-0.18259542;0.5366774;-0.4904645;[-0.01344214  0.41636002 -0.3667334 ]
-0.24173196;1.0682532;0.43148407;[-0.11585893  0.8784205   0.33976832]
0.21491411;0.5827294;0.46726233;[0.26454398 0.4660563  0.23635896]
2.4758887;0.09241125;-0.031889882;[ 3.2590883  -0.25979537 -0.34254202]
0.34177434;0.09634555;0.17305303;[ 0.28136528  0.0380742  -0.0547865 ]
0.5506372;0.14001828;0.050526734;[ 0.42593592  0.05257049 -0.08008899]
0.496449;0.2998374;-0.15349814;[ 0.27799332  0.15379325 -0.16006614]
0.4189933;-0.18295829;-0.129376;[ 0.38960123 -0.28002083 -0.18121414]
0.14208286;0.17384514;-0.043993395;[ 0.07245931  0.09905504 -0.10459907]
-0.13715374;-0.29975528;-0.35160312;[ 0.00360312 -0.28264725 -0.3896443 ]
0.6072907;0.09365296;-0.04145292;[ 0.58081084  0.1193388  -0.10121633]
0.37452352;-0.76590866;-0.53028524;[ 0.33355683 -0.7141971  -0.46339726]
-0.701657;1.3581797;0.67230105;[-0.59731925  1.1095504   0.4347827 ]
-0.32915545;1.3061302;-0.11155629;[-0.30085504  1.0616637   0.00618866]
-0.4994865;0.060843475;-0.60879105;[-0.48963273  0.02449882 -0.54037505]
-1.7222863;2.1467893;-1.0230668;[-1.6650494  1.991429  -1.3174969]
-0.94455725;1.7203914;0.8028097;[-0.88569343  1.5102862   0.7423666 ]
-0.37144017;0.8616171;-0.103181005;[-0.3750552   0.6978506  -0.03366841]
-0.5602765;0.85553485;-0.250072;[-0.3832212   0.7372469  -0.20494175]
-0.7258743;1.3736225;0.95696557;[-0.55689406  1.135209    0.5150098 ]
-1.0002822;0.9600609;0.6905463;[-0.8974583   0.8493797   0.59420985]
-0.7169353;0.47089517;-0.20296898;[-0.5835251   0.35496855 -0.25462314]
-0.7180496;0.4552464;-0.5652306;[-0.63800627  0.37527347 -0.5087587 ]
-0.49848455;0.069468796;-0.2540779;[-0.35553515  0.08239914 -0.19881274]
-0.54438543;0.35219568;-0.7126838;[-0.4053691  0.2902223 -0.5808729]
-0.5655242;-0.47689134;-0.7197112;[-0.3777818  -0.40548807 -0.60177046]
-0.9087544;1.6944592;0.48293257;[-0.93374944  1.5747961   0.28743726]
0.9469185;1.0536827;-0.344173;[ 0.84373426  0.8389195  -0.40202186]
1.2850581;1.0113815;-0.85576063;[ 1.0649964  0.7413641 -0.8021262]
-0.9597414;1.7170249;0.5770513;[-0.91878986  1.5209731   0.34608418]
0.85882527;1.0733248;-0.012624864;[ 0.8085742   0.80483    -0.13097927]
-0.9509432;1.2435268;-0.03798488;[-0.92740667  1.1320775  -0.17532231]
0.9197879;0.23206098;-0.320645;[ 0.746957    0.07892959 -0.42000124]
-0.7053912;0.3699507;-0.65532506;[-0.6881932  0.3199616 -0.6490119]
0.9145009;0.18146515;-0.39986616;[ 0.8358583   0.12918922 -0.4234396 ]
1.257588;0.1474085;-0.86717427;[ 1.0474675   0.04895132 -0.82465315]
-0.7705528;0.8428306;0.3530078;[-0.5908967   0.6625253   0.08193126]
0.9995797;0.6754454;-1.3378711;[ 0.997875    0.42788464 -1.2741488 ]
0.3326103;1.075432;-0.16044705;[ 0.12773609  0.853109   -0.08517105]
0.117835335;0.6169736;-0.43085527;[ 0.08367625  0.40669835 -0.49511012]
-0.052747115;1.1355276;0.33023128;[-0.01556893  0.8874146   0.2509385 ]
0.58021075;0.40269452;-0.4155601;[ 0.38865095  0.2180111  -0.4603002 ]
1.0261568;-0.1675916;-0.793645;[ 0.9530015  -0.33392906 -0.9901993 ]
0.16889676;0.6226008;-0.29231846;[ 0.14689597  0.4211974  -0.380491  ]
0.658382;0.29176867;-0.18252055;[ 0.63007486  0.18228067 -0.18302678]
0.5129418;0.36245078;-0.54785883;[ 0.4337302   0.25461733 -0.5823728 ]
0.93768257;-0.21777923;-1.1633266;[ 0.9659702  -0.22594376 -1.153632  ]
-0.08099778;0.22761586;0.15977477;[ 0.03437527  0.09723458 -0.01231718]
-0.71279645;1.3807985;-0.0029342063;[-0.66025245  1.1949217   0.12519453]
-0.5688309;0.84712434;-0.7458371;[-0.4090731   0.68109024 -0.5881016 ]
-0.7346279;0.9054992;0.0012741536;[-0.56641805  0.7089438  -0.16824739]
-0.97592;0.95374006;0.09811197;[-0.85770786  0.8032432  -0.03546667]
-0.71620303;0.91571397;-0.36469597;[-0.55799794  0.74997675 -0.45718575]
-0.7334542;0.5257767;0.55577976;[-0.57859993  0.4501816   0.39938316]
-0.50827247;0.07941984;-0.61782116;[-0.45383984  0.05349521 -0.550267  ]
-0.52722806;0.48917818;0.45065472;[-0.23057763  0.38088965  0.27548036]
-0.13410158;0.45569342;-0.2707255;[ 0.08456479  0.28369242 -0.07443362]
-0.580575;0.41891176;0.2598257;[-0.43582028  0.2941575   0.15712772]
-0.7312172;1.2934695;-0.3705765;[-0.67517805  1.1201583  -0.43229696]
-1.1758971;1.3643719;0.1551106;[-0.93662155  1.181461   -0.10232097]
-0.7579052;0.4734642;0.05155311;[-0.6201294   0.37836015 -0.02438537]
-0.4756639;0.029993672;1.2332879;[-3.8355398e-01  4.6104193e-04  5.9500927e-01]
-0.8865856;1.3363961;0.4680988;[-0.84733844  1.138879    0.2169305 ]
-0.58162636;0.94465226;0.7160815;[-0.56652063  0.7696328   0.47705117]
-0.75169593;0.48149437;-0.22104338;[-0.6313262   0.33878648 -0.20591237]
-0.5086706;0.5782661;0.60438246;[-0.30946434  0.3594569   0.30095792]
-0.5509345;0.34148693;0.2912894;[-0.4825623   0.22266774  0.17924039]
-0.6637122;0.41572934;0.20621616;[-0.54712176  0.29544228  0.12001266]
-0.9045529;0.9777804;0.925954;[-0.93748426  0.869848    0.92230487]
-1.0448068;0.92115444;0.8320082;[-1.1481258   0.8126081   0.66846436]
-0.72432464;0.44077837;0.27022946;[-0.6692639   0.32776523  0.16307452]
-0.51908505;0.38147157;-0.23152113;[-0.32381362  0.2392066  -0.42551503]
-0.35684794;-0.56132096;0.08698346;[-0.3063336  -0.4966973   0.03817515]
-1.7110543;2.194968;-0.5607537;[-1.6408628  1.9881705 -1.0194391]
-0.96397;1.2612212;-0.14452186;[-0.90305996  1.1248652  -0.3696705 ]
-0.673148;0.9332927;0.352696;[-0.54170805  0.793303    0.28391865]
-0.6997891;0.45206344;0.3244431;[-0.6556764   0.35424823  0.15274578]
-0.6260024;-0.45823103;0.2967574;[-0.60717624 -0.40295696  0.13795476]
-0.48556525;-0.51964235;0.13829589;[-0.44408458 -0.475712    0.13822831]
-1.2048436;1.3223208;0.08460755;[-0.9469143   1.1704563  -0.20856024]
-0.8524793;0.41023982;0.18881093;[-0.76493526  0.2791903   0.04146113]
-0.81489474;0.40322524;0.059579793;[-0.63330364  0.34058934  0.03033181]
-0.6272524;0.3484949;-0.011717003;[-0.42256314  0.20906225 -0.09836572]
-0.77209526;1.2443256;-0.8122114;[-0.6806412  1.1183637 -0.6701745]
-1.0096501;0.930237;0.68356985;[-0.9322094   0.82750833  0.64571744]
-0.55560666;0.359078;-0.615276;[-0.3685035   0.28835052 -0.53722924]
-0.61706656;-0.58641607;-0.32347357;[-0.5407091  -0.61894995 -0.3682024 ]
-1.7222439;2.1469336;-1.0932863;[-1.6661466  1.9921235 -1.3182403]
-1.1954191;1.3116312;0.13873367;[-0.9598043   1.1644236  -0.17581315]
-0.7240559;0.4240167;0.28106725;[-0.69542265  0.27964032  0.08689792]
-0.74935657;0.43839866;0.015341207;[-0.67356634  0.33054203 -0.08132011]
-0.65221894;-0.40658897;-0.45071328;[-0.6062756  -0.33858418 -0.51893216]
-0.9570623;1.274896;-0.7950244;[-0.98954463  1.1114444  -0.8755133 ]
-0.4172595;-0.03040503;0.61694217;[-0.37588018 -0.08928086  0.27873948]
-0.8297559;0.028015155;1.0561202;[-0.7294787   0.01140741  0.6403492 ]
-0.9507876;1.627987;0.37610614;[-0.9735768   1.4655942   0.26413867]
-0.6067231;0.2140021;-0.24411032;[-0.44861007  0.11270154 -0.30322185]
-0.8100659;1.0964795;-0.12765372;[-0.8547355   0.9799496  -0.19686083]
-0.8086151;0.34000963;-0.22730294;[-0.71331483  0.28476202 -0.23998703]
1.2104396;1.0045791;0.13867481;[1.1326017  0.8925899  0.13783322]
0.53951424;0.4255795;0.021842394;[ 0.4493453   0.4438405  -0.07224603]
-0.78792715;0.14356701;-0.481902;[-0.72833043  0.10702722 -0.41482535]
-0.24357273;0.5408775;0.05029141;[-0.15529992  0.32539833 -0.14047979]
0.18659535;1.0923848;-0.6284124;[ 0.10495292  0.83690906 -0.6259907 ]
0.7552227;1.0037323;0.08014591;[0.55274016 0.7341759  0.00954861]
0.73057526;0.9970722;0.059558533;[ 0.57196116  0.7672969  -0.03430273]
0.40149105;1.0880219;-0.6885642;[ 0.21024302  0.8411776  -0.68724126]
1.1196427;0.25690877;-0.76189995;[ 0.90882504  0.16071364 -0.7917302 ]
1.6252297;0.11978095;-0.7793884;[ 1.4506128  -0.06588403 -0.6706723 ]
1.6388464;-0.32796097;-1.9789219;[ 1.5810608 -0.407511  -1.6726645]
-0.24911632;0.16465332;-0.8955079;[-0.15424888 -0.01586007 -0.98580086]
0.54417425;-0.36064982;-1.1299635;[ 0.7518734  -0.39235336 -1.0577731 ]
0.8235949;-0.30193144;-0.90550786;[ 0.80555487 -0.40738732 -0.9825067 ]
0.7155424;0.16273351;0.013268199;[ 0.49657536  0.0432208  -0.15611985]
0.99804264;-0.5301598;-0.68329793;[ 0.6267221 -0.523032  -0.7326763]
1.1486222;-0.32987362;-0.7627834;[ 0.8888366  -0.44423258 -0.9741549 ]
-0.12027711;-0.6175667;-0.74129486;[-0.16574492 -0.6695192  -0.8712425 ]
0.12811553;-1.2440783;-0.97557163;[-0.01961319 -1.2443925  -0.9577715 ]
0.7332441;0.14352214;-0.07571313;[ 0.61537266  0.04178829 -0.0866196 ]
0.75071687;-0.39458817;-1.0762461;[ 0.857103   -0.38600874 -1.0411733 ]
0.7408838;0.14454621;-0.06860924;[ 0.63211477  0.09112532 -0.13155402]
1.0201952;-0.27521253;-0.08418785;[ 0.89732987 -0.31492072 -0.1564078 ]
1.3011757;-0.7237732;-0.7734457;[ 1.1551584  -0.73730624 -0.751346  ]
0.32888904;0.23822266;-0.6973722;[ 0.31335467  0.0760778  -0.61404026]
1.5234894;-0.7198144;-0.7825948;[ 1.3236488  -0.7959975  -0.72810555]
-0.09188011;-0.68038374;-0.98491585;[-0.09712912 -0.7527645  -1.0095192 ]
-0.9489866;1.6554236;0.41126868;[-0.98494244  1.4619621   0.32328722]
-0.7824819;1.6624887;0.4423017;[-0.85790694  1.4809171   0.31437373]
-0.69861317;0.8430696;-0.029915292;[-0.7292831   0.81047696 -0.01541218]
-0.87201804;0.31398815;-0.14418575;[-0.7478381   0.24320477 -0.2241777 ]
-0.7227108;0.8552802;0.3631679;[-0.77736044  0.8076401   0.15625258]
-0.5396408;-0.17227596;0.59547824;[-0.33331758 -0.16269445  0.41363755]
-0.63003665;0.8451192;-0.14970994;[-0.4668668   0.6088681  -0.18993314]
-0.8947508;1.7183242;0.026597288;[-0.8513943   1.4431968  -0.12337919]
-1.7244093;2.599617;-1.9773088;[-1.6639081  2.3915997 -1.5067662]
-0.98379785;1.7360083;0.05073371;[-0.9303099   1.4957292  -0.06270345]
-0.5612852;-0.00498648;-0.5272054;[-0.50710356 -0.05717827 -0.45641008]
-0.9564975;0.8704403;-0.36492157;[-0.8438804  0.8033614 -0.2303447]
-0.8174081;0.9312734;-0.087119445;[-0.7780142   0.7452719  -0.16961394]
-0.88635117;0.943356;-0.016379293;[-0.8515457   0.7976578  -0.14575264]
-0.52502954;0.79951066;-0.1655769;[-0.39789551  0.6588024  -0.15602252]
-0.5962722;0.83235455;-0.50883234;[-0.3946166   0.64389026 -0.49774048]
-0.6098477;0.7718901;-0.14342201;[-0.54167575  0.6354548  -0.2809892 ]
-0.80140513;0.8917994;-0.26144332;[-0.7805747  0.8020339 -0.3365032]
-1.2766906;1.7305204;-0.42557043;[-1.0148119  1.6207445 -0.3886062]
-0.5530526;-0.03128188;-0.2585151;[-0.5362127  -0.00461076 -0.34150165]
-1.702426;2.2492216;-0.74116504;[-1.6547898  2.013771  -1.1281835]
-0.7683566;1.3255465;0.42921636;[-0.7915659   1.150308    0.19475444]
-0.78768;0.5243193;-0.040096056;[-0.72923166  0.3758629  -0.15213144]
-1.2702053;1.4120812;-0.23896399;[-1.0245397   1.2751158  -0.30612433]
-0.6092276;0.5040698;-0.23337948;[-0.61714745  0.37983298 -0.18540893]
-0.6254392;0.07199404;-0.2753694;[-0.42756605  0.06161439 -0.2549548 ]
-0.4968741;0.43779796;-0.20160815;[-0.39289045  0.281175   -0.18426129]
-0.49214488;-0.002124533;-0.36217532;[-0.24535717 -0.05297843 -0.24589531]
-0.548446;1.3716007;-0.28690797;[-0.360179   1.1594595 -0.3771112]
-0.46093118;0.62700725;-0.33490258;[-0.23397692  0.40126938 -0.3620624 ]
-0.41717768;0.61027706;-0.26513124;[-0.2148977   0.42552483 -0.27715483]
1.1334351;0.5225358;-1.5910333;[ 0.9253477   0.35514843 -1.4751881 ]
0.3729627;0.5189051;-1.2117636;[ 0.42859343  0.31509024 -1.1741229 ]
1.0298526;1.0697201;0.20308048;[0.84387517 0.8337071  0.05107409]
-0.7230327;0.39997244;-0.58027864;[-0.7202388   0.34829253 -0.6559349 ]
-0.61885935;0.3344106;-0.30970713;[-0.62050164  0.31870532 -0.3947502 ]
0.94341177;0.17635532;-0.10899392;[ 0.6875426   0.05323239 -0.32750478]
-0.7781052;0.3631574;-0.42243284;[-0.713525   0.3310746 -0.4995369]
0.940053;0.14535213;-0.16556403;[ 0.75688726  0.09285714 -0.3036256 ]
0.8700277;1.196024;0.11723903;[0.7981176  0.95126677 0.03559168]
-0.016737036;0.21288659;0.36172038;[-0.0125643   0.10541924  0.04405821]
0.16769817;-0.2888291;-0.19627464;[ 0.07106434 -0.34409565 -0.3857891 ]
0.16592656;-0.32074714;-0.27454066;[ 0.13874076 -0.41080546 -0.42109123]
-0.14923911;-0.32086778;-0.484537;[-0.03259854 -0.4544558  -0.49225047]
-0.002880998;0.20913997;0.5610374;[0.07938628 0.14720483 0.3029209 ]
-0.7180917;0.91156477;-0.16856202;[-0.72694093  0.7114104  -0.20322002]
-0.52713853;0.85105026;-0.18373628;[-0.40665215  0.61427605 -0.19232328]
-0.8040311;1.7026714;-0.037268598;[-0.7971504   1.42867    -0.15039653]
-0.74186665;0.9269206;-0.5148745;[-0.68581665  0.7426772  -0.44566903]
-0.53560185;0.08386743;-0.5852504;[-0.534109   -0.01497863 -0.49542227]
-0.6923941;0.88576686;-0.1639446;[-0.5559237   0.69828546 -0.34540156]
-0.49927956;0.07185386;-0.55094826;[-0.46948606  0.00724805 -0.46740448]
-0.6645017;0.15538551;-0.42093062;[-0.6861493   0.05519774 -0.42409828]
-0.3076421;0.017379504;-0.3485864;[-0.20797975 -0.11299285 -0.36160013]
-0.74998474;1.2332453;-0.82957804;[-0.66094875  1.0937173  -0.6941654 ]
-0.43114203;0.8419412;-0.045488086;[-0.50680745  0.6863105   0.0549533 ]
-0.67547446;0.41527694;-0.60110384;[-0.54572517  0.3725434  -0.5934627 ]
-1.0035577;0.9313689;0.60578334;[-0.9794439  0.7981175  0.734592 ]
-0.7515407;0.45382577;0.10290952;[-0.69479764  0.29973662  0.10571347]
-0.64079857;-0.503009;-0.45344657;[-0.67155945 -0.4423874  -0.53232247]
-1.2813926;1.314285;-0.3111099;[-1.0195383  1.2227906 -0.3668069]
-0.91220766;0.90649754;0.71444833;[-0.8991401  0.8132579  0.6661981]
-0.72810924;0.428145;0.20775136;[-0.5996427   0.35332125  0.05890775]
-0.64345485;-0.40669525;-0.47306734;[-0.6035687  -0.34326816 -0.5208757 ]
-0.67587453;0.8489572;0.64202535;[-0.4953934   0.69514835  0.5486949 ]
-0.58946663;0.8783734;0.5392308;[-0.40693736  0.72792906  0.47371098]
-0.5370567;0.3752764;0.12828366;[-0.3822608   0.21927872 -0.04827585]
-0.56130755;0.38473672;-0.03915291;[-0.41452527  0.20824005 -0.11932564]
-0.75354344;0.7809705;-0.16163746;[-0.7553247   0.785718   -0.04428122]
-1.7084435;2.3496635;0.17029428;[-1.4985447   2.1461647  -0.02175017]
-0.5923402;0.98219556;-0.23609865;[-0.5442878   0.83860517 -0.23640801]
-1.2502092;1.5459548;0.14753298;[-1.0552119   1.3964351   0.10256493]
-0.8517464;0.7388601;-0.03657792;[-0.8141192   0.63759625 -0.09150542]
-0.28062248;0.12617412;-0.28556076;[-0.23180921  0.0257676  -0.30402687]
-0.42111653;0.5360577;0.12156539;[-0.20945884  0.3472827  -0.12145285]
-0.30726618;0.18873428;-1.0234109;[-0.27659863  0.01363689 -1.0439793 ]
0.16314393;-0.43922442;-1.1182592;[ 0.3176377  -0.43512708 -1.0808884 ]
0.85012597;1.1040882;0.32724625;[0.74671286 0.87354946 0.19197677]
1.1641538;0.67335546;0.38482112;[1.0117924  0.55713093 0.13554467]
0.18856326;0.25750077;-0.6091462;[ 0.18554012  0.11741504 -0.65810287]
0.9142945;-0.3472777;-0.51254773;[ 0.7992711 -0.4062466 -0.8853516]
-0.46031946;-0.27613395;-0.009360861;[-0.34767675 -0.3383972  -0.16897382]
0.6480385;0.15706466;0.0031014532;[ 0.39983082  0.0302214  -0.13426495]
-0.13809219;0.17372754;0.68250775;[-0.12322904  0.10779009  0.3408045 ]
0.20380703;-1.2017142;-1.0929439;[ 0.17925224 -1.1673573  -1.0783516 ]
0.16156319;0.24126782;-0.75283575;[ 0.25480312  0.0756438  -0.6335533 ]
0.9939812;-0.15719691;0.19578792;[ 0.85337716 -0.19419666 -0.08320388]
-0.6572805;0.8367518;-0.15727046;[-0.5084269   0.6275014  -0.15255827]
-0.83253485;1.685157;-0.76503444;[-0.8302046   1.4947304  -0.82827276]
-0.7762564;1.701467;-0.07426727;[-0.8287058   1.4494554  -0.21004947]
-0.7719738;0.8752178;-0.63178825;[-0.80577576  0.6802294  -0.4189783 ]
-1.2499099;1.7625381;-0.023994606;[-1.0205662   1.549869   -0.22861141]
-0.7836492;0.9153665;-0.1510846;[-0.76438624  0.6965138  -0.18390654]
-1.2948642;1.754001;-0.37763613;[-1.034417    1.6199743  -0.41636053]
-0.4568643;0.010154609;-0.20940599;[-0.4201333  -0.0389657  -0.31247413]
-0.7527515;0.09059282;-0.48884112;[-0.8029877  -0.00805371 -0.37021962]
-1.7097008;2.334583;0.24830374;[-1.5161928   2.1194901   0.13341208]
-0.5851069;0.99588853;-0.18442051;[-0.5680337   0.8286159  -0.19250928]
-0.8157074;0.7376419;-0.049681645;[-0.7963712   0.6062505  -0.06316067]
-1.7398096;2.5749764;-2.049421;[-1.6872807  2.4056149 -1.5412729]
-1.0228341;1.7160715;0.014550652;[-0.9453784   1.4774681  -0.07920182]
-0.86126083;0.84476435;-0.47907633;[-0.7265262   0.728631   -0.30215624]
-0.95875627;0.87025064;-0.37479526;[-0.8681638   0.79931915 -0.22769488]
-1.008459;0.92019314;-0.0065270327;[-0.8385502   0.7686028  -0.03154756]
-0.92075294;0.1635972;-0.09863618;[-0.8118298   0.08673659 -0.2813614 ]
-0.6173273;0.032588944;-0.3906991;[-0.5535474   0.03629634 -0.44416544]
-0.8080292;0.055830598;-0.34397143;[-0.7339816   0.08523779 -0.31279126]
-0.95397395;1.7027897;-0.9116555;[-1.0203584  1.5484434 -1.0685908]
-0.59906304;0.85284406;-0.19420624;[-0.4834211   0.64634836 -0.20206575]
-0.7309953;0.09803909;-0.2868799;[-0.5799706  -0.00534943 -0.29239175]
-0.45845294;-0.008797385;-0.50855136;[-0.3587408  -0.03964928 -0.461863  ]
-0.19451775;0.1665672;0.028630804;[-0.05485626 -0.01046177 -0.06536616]
-0.49384308;1.0810705;0.19066621;[-0.27210128  0.86697143  0.14848138]
0.12822086;-0.23008542;0.04002163;[ 0.1605763  -0.5434659  -0.19879217]
0.7596391;0.621213;-1.016439;[ 0.73468846  0.42051315 -0.9243794 ]
0.82878613;-0.22751562;-1.4515288;[ 0.7442044 -0.4474095 -1.2760941]
-0.36134976;0.69450337;-0.4978673;[-0.1809239   0.36772954 -0.46069613]
-0.16573523;-0.20564274;-0.6570987;[-0.03837265 -0.47416675 -0.60142595]
-0.30742103;-0.029353797;-0.5375442;[-0.13353275 -0.2726316  -0.5506149 ]
-0.41184253;0.7559509;-0.13322482;[-0.11144508  0.4867577   0.11106935]
-0.33784872;0.23894604;-0.44247466;[ 0.006586    0.08890579 -0.45526445]
-0.112751156;-0.55912;-0.61921746;[ 0.01456264 -0.6979468  -0.57112855]
0.4652251;0.3707193;-0.02383731;[ 0.16388676  0.17287186 -0.05969941]
0.31323013;1.1662742;-0.11746675;[ 0.07178779  0.9237596  -0.10651773]
-0.51748663;0.31359562;-0.44084865;[-0.36688703  0.07467809 -0.37143573]
0.43258172;0.28655732;-0.2780897;[ 0.25590026  0.11135607 -0.22462693]
0.898275;-0.06468433;0.7120079;[ 0.3120052  -0.03687556  0.63855255]
-0.7181565;1.018051;-0.19843194;[-0.66158605  1.0192796  -0.14759958]
-0.59067404;1.376109;-0.2002011;[-0.6848111   1.392072   -0.23575872]
0.1904803;0.14644155;-0.20500383;[ 0.25041693 -0.03858673 -0.24750207]
0.09568567;1.0545024;-0.063563794;[ 0.20983814  0.78272307 -0.0813193 ]
-0.57472163;0.6305155;-0.878584;[-0.7700857   0.60277826 -0.7372785 ]
-0.5372816;0.7487193;-0.41039255;[-0.1835189   0.67479616 -0.39618757]
-0.75726646;1.620118;-0.26824456;[-0.529794   1.5121628 -0.3294105]
-0.72356266;1.5536231;-0.293427;[-0.5849103   1.4614196  -0.35859624]
-0.60905546;1.0404692;-0.25750527;[-0.52181286  1.0898007  -0.26506194]
-0.72722065;1.1185136;-0.47385126;[-0.46672922  1.0067017  -0.5811146 ]
-0.5455232;0.19823395;-0.6315206;[-0.24045525  0.14629272 -0.66101843]
-0.10595909;0.54924554;-0.44443184;[-0.00409599  0.43279123 -0.32478896]
-1.0561293;3.3336866;0.47525802;[-0.9874017  3.0614846  0.3674926]
0.5439727;0.8513941;-0.39595914;[ 0.47266573  0.46903676 -0.46447518]
-1.5536426;3.0748684;0.114148185;[-1.2959005   2.7123847  -0.09292708]
-0.9117573;2.272475;0.08956009;[-0.7902882   2.024813    0.03981827]
-0.78998536;1.7873747;-0.12041381;[-0.7837224  1.5188378 -0.3824875]
-0.77331007;1.4781405;-0.010427479;[-0.7003487   1.2971166   0.05720619]
-0.5266555;1.4079547;-0.115945995;[-0.34489602  1.1703086  -0.08829762]
-1.2852663;2.340319;-0.29023188;[-1.2582115  2.2002785 -0.4675121]
0.84700674;1.7082605;-0.98209393;[ 0.63560927  1.3732841  -1.1756049 ]
-0.9886313;1.5529131;-0.4092245;[-1.0328755   1.4517831  -0.49288014]
0.8709826;0.8865163;-1.1184859;[ 0.63144433  0.6519474  -1.0482495 ]
-0.8574267;1.4720845;-0.40458596;[-0.77551377  1.3504956  -0.51683545]
0.0076405033;1.8533376;-0.23485702;[-0.09577467  1.5223895  -0.3530086 ]
-0.019642472;1.0143282;-0.3006509;[-0.03422137  0.777696   -0.29647192]
-0.8831956;2.152846;-0.11397907;[-0.8148143  1.8366235 -0.1844697]
-1.1604034;2.2384102;-0.10212;[-1.0795254   1.9448124  -0.17712007]
-0.89174145;2.1521895;-0.19660845;[-0.856426   1.8207186 -0.3082323]
-0.67932934;1.3607529;-0.34196138;[-0.6240284  1.0709189 -0.3715556]
-0.7351595;1.3449315;-0.21806341;[-0.68021953  1.097793   -0.2702632 ]
-1.0842255;1.4074819;-0.17366987;[-1.0201627   1.2031833  -0.21557744]
-0.59325695;1.2799252;-0.3278578;[-0.45218432  1.0009918  -0.37316987]
0.7941821;1.7275108;-0.20797592;[ 1.0162647   1.3962722  -0.23579471]
0.59936476;1.2953929;-0.24735662;[ 0.4071475   1.0237386  -0.44074863]
-0.15332933;-0.0028607324;0.007906102;[ 0.11079755 -0.04034913 -0.14174624]
-0.4506048;0.93550366;0.039149202;[-0.13632222  0.8264997  -0.01842638]
-0.25698447;0.2980352;0.022423238;[-0.16971906  0.31235343 -0.04826194]
20.929073;-0.35599875;6.1613855;[23.834711   -0.07508101  9.288976  ]
-0.024200931;0.06518561;-0.068602666;[ 0.10496397 -0.05424225 -0.15788373]
0.16039738;-0.9515007;-0.23316905;[ 0.46498805 -1.0265812  -0.42432845]
-0.0036344826;-1.4058757;-0.90554094;[-0.07341881 -1.5708787  -0.9672309 ]
-0.006863743;0.97692555;-0.047004294;[ 0.06275772  0.73265016 -0.06455314]
-0.103195176;-0.34227663;-0.5089202;[ 0.02182408 -0.5180497  -0.5097955 ]
0.015651532;0.9587185;-0.6422549;[ 0.05173387  0.73545945 -0.2843637 ]
0.33080715;1.6720989;0.20621394;[0.27583855 1.363854   0.17338072]
-0.299343;1.0551996;0.19655424;[-0.26254123  0.8709054   0.02761105]
0.5483027;0.7791373;0.05216823;[0.41895822 0.60025877 0.06314693]
0.21720995;-0.1079755;-0.30579406;[ 0.30596805 -0.23378341 -0.37410647]
-0.19571795;0.54305834;-0.06800042;[-0.06324662  0.36552775 -0.16419025]
0.5605527;1.0973452;-0.19577792;[ 0.45010036  0.86026895 -0.18521881]
0.70667297;0.1179787;-0.15287796;[ 0.5293662   0.02686575 -0.25499314]
0.72923416;0.54812753;-0.91718745;[ 0.8179591  0.2847013 -0.927625 ]
0.5110822;0.10419202;-0.63136554;[ 0.6651595  0.0091802 -0.6893595]
0.548071;-0.3484758;-1.063665;[ 0.62359184 -0.38371456 -1.057267  ]
1.1111457;0.21754111;-0.736918;[ 1.2216936   0.04056059 -0.7675064 ]
-0.25822335;0.17376725;0.00912055;[-0.15820403  0.21722567 -0.05790082]
0.30383638;0.3018304;-0.16795045;[ 0.2669497   0.19040084 -0.15854183]
0.13947648;0.5254896;0.06882359;[0.19951211 0.4038729  0.03964139]
0.5584905;-0.70320684;-0.3580879;[ 0.45477024 -0.7040836  -0.37062314]
0.5656925;-1.2015913;-1.1999838;[ 0.39139998 -1.1930584  -1.1946915 ]
-0.17081185;1.2879336;-0.15349744;[-0.14307342  1.1150483  -0.2394758 ]
1.0877581;0.6403069;-1.1028574;[ 0.90259266  0.47401172 -0.89816976]
-0.03768745;0.40565073;-0.25061163;[ 0.02657381  0.29350513 -0.3457856 ]
0.5282138;-0.00769794;-0.30105674;[ 0.47177202 -0.00597827 -0.36578837]
-0.22912608;-0.48130924;-1.2080073;[ 0.32200828 -0.48317212 -1.2627038 ]
0.31869572;1.0448892;-0.27664912;[ 0.28980932  0.80044544 -0.33077097]
0.7088819;0.33593488;-0.325176;[ 0.45983642  0.2266264  -0.22406413]
1.0548803;0.29271704;-0.71511567;[ 0.734322    0.03423152 -0.8401403 ]
1.1654991;-0.3636744;-1.1091706;[ 1.1935618  -0.50459504 -1.2035578 ]
0.58376014;0.20579185;-0.46169513;[ 0.3885192   0.03663297 -0.37379232]
0.65889126;0.15244979;-0.5101563;[ 0.5247687   0.06795539 -0.36013904]
0.62279016;-0.5312646;-0.44732034;[ 0.39883065 -0.58522564 -0.3905973 ]
0.6631758;-0.1770506;-0.32148868;[ 0.62864065 -0.36403304 -0.33990446]
0.2971745;-0.659164;-1.1058974;[ 0.5841998  -0.63806266 -0.89939904]
-0.34295315;1.0885361;0.1968919;[-0.16218348  0.88087523  0.02727748]
-0.1350622;1.885218;0.09312466;[-0.08927874  1.5284479   0.03395233]
0.034858294;0.99775046;-0.12091175;[ 0.10036318  0.7494216  -0.13300286]
-0.20311092;1.071134;0.11891686;[-0.1823975   0.8897561   0.00369928]
-0.27686888;1.0463535;-1.0314785;[-0.06905265  0.86281085 -0.91056806]
0.8346252;0.6921587;-0.46379006;[ 0.81801254  0.46559823 -0.55488133]
-0.12834251;0.2665456;-0.79683876;[-0.17226605  0.1848139  -0.7832002 ]
-0.30429077;0.27475703;0.18909082;[-0.26504517  0.22700109 -0.13722695]
-0.38727146;0.2344005;-0.58849;[-0.4435796  0.2145209 -0.6382547]
0.32428005;-0.20733051;0.3158843;[ 0.37517098 -0.2666958  -0.04230008]
0.0011652857;0.20316197;-0.05109172;[ 0.07775372  0.05506924 -0.16358663]
0.5337275;-0.17197742;-0.116995975;[ 0.37698245 -0.28383064 -0.25440055]
-0.0076353773;0.19830665;-0.19761992;[ 0.0760814   0.05712198 -0.20922193]
0.9746733;1.3751171;-0.09331295;[ 0.8408477   1.0647466  -0.18013547]
-1.2862068;1.9687816;-0.9578599;[-1.3108361  1.8430706 -0.8871959]
0.901677;1.3083521;-2.022829;[ 0.72381276  1.012771   -1.9433578 ]
1.809755;0.29399586;-1.2736424;[ 1.5172044   0.17500757 -1.2682104 ]
1.3632376;-0.14529164;-3.002251;[ 1.4395034  -0.22978546 -2.507232  ]
-0.98538357;1.133443;-0.60266185;[-1.0261352   1.0524586  -0.75449216]
-0.73159647;0.22619708;-0.9511409;[-0.69999707  0.21805717 -0.968924  ]
0.8226308;0.5330225;-0.86081904;[ 0.6303114   0.36287642 -0.83715177]
-0.60181606;0.7549096;-0.7636349;[-0.4646747   0.6423684  -0.73511523]
0.9022102;1.7875413;-3.1265745;[ 0.8125031  1.3627502 -2.3847034]
0.8274682;1.3725768;-0.9762304;[ 0.53320944  1.0572221  -0.9982248 ]
-1.0647576;1.6885854;-0.45849764;[-0.9944205   1.5365996  -0.42194104]
-1.0157444;1.6424279;-0.34843543;[-1.0154577   1.4924412  -0.49141207]
0.7311074;0.9663372;-1.1953413;[ 0.6618044  0.6338181 -1.2234151]
-0.7448848;0.78304577;-0.5036896;[-0.71689993  0.76540935 -0.519019  ]
0.060389504;1.8284358;-0.2612103;[-0.10343663  1.5687554  -0.38504106]
-0.0890723;1.0118026;-0.28786588;[-0.11901475  0.7532307  -0.33306387]
0.011178553;1.0236467;-0.22151771;[-0.03736185  0.82199454 -0.18873903]
-0.116836086;0.12443777;-0.34515035;[ 0.00615712  0.00887112 -0.43952557]
-0.55719346;1.2169082;-0.8352014;[-0.3945408   0.99824226 -0.76031035]
-0.96063644;2.1211812;-0.9974779;[-0.95472085  1.9000474  -1.0861859 ]
-1.7144483;2.9920073;-2.3591254;[-1.6101942  2.7517562 -1.5539933]
-0.85180706;2.080929;-1.0467935;[-0.9292551  1.8720056 -1.0788283]
-1.246188;2.182441;-0.3752289;[-1.0980848  2.0197566 -0.303234 ]
-0.9380302;2.1090229;-0.86987513;[-0.9570495   1.8770617  -0.83202463]
-0.6041017;1.2182139;-0.73685044;[-0.5062971  1.019418  -0.7018604]
-1.1828879;2.1952713;-0.09722057;[-1.116853    1.9845511  -0.08487242]
-1.1089329;2.1569867;-0.28967452;[-1.0153173   1.9201187  -0.31545904]
-0.6681003;1.2634283;-0.43172908;[-0.68318    1.1427369 -0.4171568]
-1.051568;1.3671173;-0.18240389;[-1.03944    1.2989852 -0.1512862]
-1.5929446;2.987454;0.06437139;[-1.3380572   2.7123842  -0.14470102]
-1.1165655;2.1829202;-0.013282303;[-0.9654926   1.897173   -0.06992935]
0.031479806;0.9889898;-0.06355724;[ 0.19855197  0.79891276 -0.13467236]
-0.1360011;1.8694776;0.051081903;[-0.06575818  1.5975771  -0.07376575]
1.789163;0.40486026;-0.5481386;[ 2.1891243  0.1086228 -0.9544018]
0.66806006;1.6572074;0.27613997;[0.51578027 1.3135589  0.26711497]
2.235897;0.4733125;-0.15023424;[ 2.686063    0.07055612 -0.47395024]
0.28883454;0.5773993;0.09548034;[ 0.255597    0.4248942  -0.08961127]
15.625378;0.77818054;5.784472;[20.631878    0.65142417  8.798392  ]
1.9918898;0.055385932;-0.20524907;[ 2.2724984  -0.22823335 -0.47467905]
1.5735854;-0.36942774;-0.5244098;[ 1.9461285  -0.64429885 -1.0306507 ]
0.49557054;-0.37151706;-0.6719455;[ 0.53443587 -0.37813592 -0.4258587 ]
-0.52703387;1.2831877;-0.7162155;[-0.38028282  1.0083424  -0.66457427]
-1.716997;3.0346344;-2.3439863;[-1.6051272  2.7498307 -1.5699221]
-0.90069133;2.1669376;-0.9100424;[-0.93581176  1.9027706  -0.9742792 ]
-0.8424182;2.1510246;-0.8915273;[-0.8868704  1.8702437 -0.928667 ]
-0.67602247;1.3500735;-0.37739444;[-0.67627865  1.1155802  -0.46377382]
-1.390145;2.2256706;-0.5317012;[-1.1361423  2.0177538 -0.4163073]
-0.7222369;1.3516212;-0.3916028;[-0.7152073   1.167466   -0.37963334]
-0.69312423;1.3322109;-0.42519736;[-0.7102545   1.1397139  -0.44244036]
-0.9575563;1.7204884;-0.90840685;[-1.0033841  1.5241785 -1.045179 ]
-0.57711476;0.8537398;-0.7448876;[-0.41811484  0.67692125 -0.5969384 ]
-0.7158324;0.8933181;-0.2569486;[-0.5780473   0.68693984 -0.3621425 ]
-0.67042506;0.0984403;-0.6045798;[-0.4987275   0.02684043 -0.49499473]
-1.7263001;2.5899956;-1.888005;[-1.6599005  2.3826337 -1.5019995]
-0.8342937;1.6883315;-0.77652985;[-0.82929695  1.4944314  -0.8342327 ]
-0.53622323;0.8390671;-0.82177216;[-0.49355197  0.6896607  -0.6824102 ]
-1.0378952;1.7812331;-0.039829995;[-0.9724941   1.5424732  -0.17030723]
-0.7775805;0.9150707;-0.19762462;[-0.6409391   0.73227084 -0.29981405]
-0.40040773;0.4540279;-0.17327291;[-0.21824361  0.36317533 -0.19462645]
-0.5248633;0.076747045;-0.37417117;[-0.49275666  0.00518037 -0.48320293]
-0.79786307;0.9253724;-0.30478746;[-0.72117496  0.775571   -0.32534596]
-0.49102885;0.05411522;-0.38758183;[-0.4599905   0.02494312 -0.41995564]
-0.51631397;0.8360538;-0.6520671;[-0.36808228  0.65704346 -0.622273  ]
-0.7615269;0.84774125;-0.53184235;[-0.66648525  0.6478396  -0.5581514 ]
-0.8951003;1.6531755;-0.744406;[-0.8397634   1.4514165  -0.73890984]
1.040194;1.6302688;0.37273484;[0.7291994  1.3033353  0.30592075]
0.8728988;1.0957844;-1.083231;[ 0.7597321  0.7348255 -1.029256 ]
-0.636969;0.8476661;-0.46431226;[-0.6558902  0.6692685 -0.5946886]
1.0516157;1.0610175;-1.302377;[ 0.91389984  0.7373277  -1.2630252 ]
0.9788019;0.19853827;-1.2099596;[ 0.95071185  0.02549646 -1.2783762 ]
0.9918729;0.78709126;0.425062;[0.65099686 0.6564388  0.3546863 ]
-0.055129334;0.24431539;-0.40143782;[ 0.05201872  0.01318555 -0.42388526]
0.12884146;1.0684297;-0.31772095;[ 0.1564435   0.81345737 -0.37523022]
0.5870126;1.6194557;-0.27477372;[ 0.5481792   1.2591608  -0.18603078]
0.10463444;1.0513003;-0.38164663;[ 0.12754704  0.81613535 -0.4613948 ]
-0.0488718;1.1566471;-0.27146807;[-0.03028108  0.8629582  -0.20638753]
0.07514624;1.1358926;-0.21330428;[ 0.01776202  0.86589515 -0.15168554]
0.5064996;0.818652;-0.1933797;[ 0.44518632  0.5592663  -0.2235802 ]
0.9243622;0.3701372;-0.9913198;[ 0.89898723  0.13396564 -1.0899274 ]
1.0607208;0.36826903;-0.9372232;[ 0.9864675   0.11082141 -1.0747614 ]
0.0193142;0.84890693;0.93107224;[-0.11329456  0.7092849   0.7185029 ]
-0.68716854;1.3576901;-0.470007;[-0.71291506  1.1662078  -0.4468288 ]
-0.6668499;1.3767211;-0.44115523;[-0.6768476   1.1445676  -0.47167537]
-1.7375795;3.0594866;-2.3054283;[-1.6495602  2.7787578 -1.5566525]
-1.3617395;2.2468784;-0.49832118;[-1.1002449  2.0081258 -0.4525421]
-0.8379272;2.1747696;-0.8915504;[-0.88052523  1.898974   -0.92783594]
-0.53260607;1.2971069;-0.77912843;[-0.42492795  1.0652633  -0.68729883]
-1.1387345;1.4647981;-0.1208251;[-1.0593866   1.3254999  -0.11864249]
-1.124359;1.5029242;-0.130972;[-1.074556    1.3175966  -0.21224125]
0.029266313;1.3945829;-0.456729;[-0.14779831  1.1159357  -0.6520117 ]
-0.07655248;0.5448725;-0.52349436;[ 0.00466736  0.38495666 -0.63069457]
0.5368541;-0.13960902;-1.553823;[ 0.8122605  -0.24425285 -1.370889  ]
0.6531258;-0.1116094;-1.1203265;[ 0.58996964 -0.29367107 -1.0843713 ]
0.6415617;-0.14325613;-1.377224;[ 0.6163937  -0.30402452 -1.3599533 ]
0.5230017;-0.9382736;-1.6338251;[ 0.6761959 -0.9675212 -1.5489265]
0.12863334;0.38810623;0.06673385;[ 0.16020289  0.21282166 -0.10846391]
-0.064714834;-0.05956073;-0.6807575;[-0.04305445 -0.23803543 -0.6005077 ]
0.023223393;-0.049105458;-0.53899324;[ 0.10451098 -0.22478224 -0.47532108]
0.0055584162;-0.13290776;-0.6063945;[ 0.09138991 -0.25840092 -0.641664  ]
1.9206165;-0.29708862;-0.62398267;[ 1.3937234  -0.31803966 -0.65101194]
-0.008751333;-0.92957133;-0.7026909;[ 0.01728116 -1.0815178  -0.7865959 ]
0.81680316;1.0639622;-1.2562287;[ 0.82802963  0.7321409  -1.2667449 ]
-1.4117218;2.5567248;-0.72060573;[-1.4091043   2.3044236  -0.84519786]
-0.99945265;1.7597798;-0.5804892;[-0.96898675  1.5141762  -0.4756999 ]
0.841935;0.61804223;-0.5473719;[ 0.6765518   0.39708376 -0.41741386]
0.7006472;0.69509095;0.17972551;[0.58479744 0.47101718 0.04995764]
0.6468273;0.7099442;-0.06615096;[ 0.46765745  0.5187875  -0.05926118]
-0.8392759;0.9269368;-0.4713034;[-0.91041625  0.7836896  -0.5860285 ]
0.52625906;0.24013756;-1.2058756;[ 0.44836885 -0.00275525 -1.1993359 ]
0.77089006;0.7126101;-0.036062595;[ 0.5233376   0.5170652  -0.07341444]
-0.6859358;0.84746677;-0.6822965;[-0.6068186  0.693923  -0.673655 ]
0.7875584;0.18743145;-1.189204;[ 0.8664169  0.0213315 -1.2886859]
1.0521564;0.18717654;-0.20422694;[ 0.729395    0.0988788  -0.02678147]
0.87434596;-0.23733653;-0.6565445;[ 0.63563687 -0.33425605 -0.60868603]
-0.55874133;0.7833664;-0.806354;[-0.4498039   0.60191643 -0.7858122 ]
0.10797432;1.0446606;-0.26951015;[ 0.1840764   0.78841925 -0.31550243]
0.05754455;1.016181;-0.35363775;[ 0.11453445  0.75460565 -0.46127334]
-0.09461421;1.1056632;-0.21432233;[-0.10550298  0.846676   -0.36371782]
-0.055293858;0.19995297;-0.35330626;[ 0.06549063 -0.0154472  -0.48360118]
0.7366537;0.771678;-0.0874359;[0.74180806 0.6698774  0.00698495]
0.7295664;0.85856014;0.09925985;[ 0.5323269   0.6887965  -0.00908551]
-0.09718089;0.29957378;-0.17207408;[-0.0506257   0.11287081 -0.28499517]
-0.033578143;-0.65970844;-0.5013398;[ 0.01541774 -0.8106542  -0.7142359 ]
-1.0488688;1.4455007;-0.12665172;[-1.0210744   1.2437268  -0.22096305]
-0.69706196;1.3504916;-0.44714046;[-0.67996943  1.1570619  -0.41907978]
-0.87513757;2.1651416;-0.9904922;[-0.93078744  1.8942944  -1.0704315 ]
-0.53402096;1.2632014;-0.82123506;[-0.42086303  1.0607015  -0.7400816 ]
-1.1416477;2.2937021;-0.08860627;[-1.0719469   1.909679   -0.12847422]
-0.63019776;1.3410997;-0.31585425;[-0.61129487  1.0924934  -0.3719209 ]
-0.3729599;0.47365826;-0.40168166;[-0.28924763  0.27928168 -0.47570387]
-0.45473987;0.527417;-0.47997445;[-0.32358062  0.3118714  -0.5325298 ]
-1.712067;2.6205142;-0.8245437;[-1.6343012  2.3779843 -1.364323 ]
-0.83953613;1.7079873;-0.26606202;[-0.82676804  1.522934   -0.58380246]
-1.0231174;1.7683594;0.396437;[-1.0042673  1.5328515  0.1379066]
-0.64335495;0.85351115;0.31506693;[-0.66521585  0.7068651   0.15065603]
-0.81273514;0.882143;-0.094736025;[-0.76726466  0.7931738  -0.18400647]
-0.37679;-0.011427641;-0.15179577;[-0.20055635 -0.09098329 -0.33994046]
-0.75262654;0.8664345;-0.19074029;[-0.58225405  0.69782174 -0.2473224 ]
-0.65642554;0.82616216;-0.17731504;[-0.48998785  0.6814221  -0.1535509 ]
-1.7224869;2.602904;-1.9156222;[-1.6598601  2.4028249 -1.4626039]
-0.67584115;1.6492494;-0.1683814;[-0.75749433  1.4596298  -0.30447575]
-0.6106268;0.83781296;-0.15164004;[-0.6179924   0.63765967 -0.18358678]
-0.5147463;-0.008738935;-0.27058673;[-0.51100755 -0.06099617 -0.4153337 ]
-0.8068389;0.8718969;-0.30308378;[-0.7413732   0.80560005 -0.32201868]
-0.5206995;-0.018028721;-0.22980866;[-0.49751896 -0.00393536 -0.34136775]
-0.96365124;1.7934915;-0.75830156;[-0.993696    1.5467758  -0.90774125]
-0.62933147;0.90086967;0.22925204;[-0.6232548   0.6944001  -0.03876267]
-1.0267702;1.8133836;-0.22213319;[-0.92587066  1.5650772  -0.30766487]
-0.67539185;1.3979098;-0.1310342;[-0.64571154  1.1728693  -0.13815999]
-0.7947951;0.9846149;-0.11243874;[-0.8649092   0.80004585 -0.14958991]
-0.56045336;0.89967567;-0.258187;[-0.51292604  0.70161533 -0.3774634 ]
-0.44107252;0.46428078;-0.20067468;[-0.29727238  0.36058658 -0.2018767 ]
-0.5562777;0.8922654;-0.6978779;[-0.39940637  0.6651161  -0.7099546 ]
-0.7000531;1.2865915;-0.890645;[-0.7478441   1.1373367  -0.86197984]
-0.60580164;0.94176203;-0.2478565;[-0.6170551   0.81354475 -0.3503888 ]
0.6510388;0.1897082;-1.1271437;[ 0.48390466  0.07420857 -0.9828735 ]
-0.69593674;0.42499083;-0.6051439;[-0.6197912   0.37513936 -0.72261995]
0.9032176;0.66941565;-0.9752579;[ 0.90917754  0.51536673 -1.2577325 ]
0.86700076;0.22167636;-0.9243292;[ 0.6574481   0.11443059 -0.9132735 ]
-0.72589844;0.43798554;-0.48903817;[-0.5957249   0.42332047 -0.6072582 ]
-0.5303086;0.91616297;-0.2978217;[-0.36564982  0.76468134 -0.35665193]
0.8639892;0.19587438;-1.1340159;[ 0.7071046   0.11096187 -1.0628749 ]
-0.00858631;0.67484814;0.043918;[ 0.06515868  0.51256347 -0.17487718]
-0.11050691;0.23346956;-0.39809066;[ 0.01366575  0.16189308 -0.3071992 ]
-0.13450836;-0.2565183;-0.46763647;[ 0.00219978 -0.22376879 -0.5617996 ]
0.111842394;0.6312492;-0.29362503;[ 0.19194604  0.48804975 -0.29851952]
-0.07408768;-0.27442366;-0.7019445;[ 0.01129748 -0.28202087 -0.7121548 ]
-0.6182527;0.95690614;0.3550955;[-0.6204568  0.8720387  0.4760032]
-0.59684706;0.98703605;0.58141184;[-0.7271024   0.9589971   0.58272487]
-0.9629083;1.3839198;-0.8864681;[-1.0054514   1.1737615  -0.84054786]
-0.6432738;0.059783515;0.2140573;[-0.61788034 -0.02821726  0.26846835]
-0.66152567;1.295096;0.29917923;[-0.707207    1.0967962  -0.03362207]
-0.71612114;0.47114396;0.38569707;[-0.668005   0.2932495 -0.1461626]
-0.62234885;0.51074356;0.123674855;[-0.6353232   0.34165168  0.03017638]
-1.3858435;1.4303564;-0.16381927;[-1.1452065   1.3276409  -0.24110135]
-0.7857278;0.52186537;0.3693322;[-0.74781847  0.50343037  0.24095197]
-0.96183544;1.3809628;-0.44476622;[-0.9900309  1.1566472 -0.674666 ]
-0.5411054;0.4609859;0.26647276;[-0.42975402  0.35920823  0.12799503]
-0.61332256;-0.4113078;0.19080761;[-0.4543041 -0.416063  -0.3847422]
-0.7954033;1.718445;0.460778;[-0.9302877   1.5135926   0.29600564]
-0.35143793;1.1572427;-0.19067463;[-0.69269097  0.9977078  -0.1160592 ]
-1.1146299;1.7461798;0.40877548;[-1.0944754   1.5932606   0.38277182]
-1.406306;1.7485703;0.37555242;[-1.2195375   1.5998152   0.37093738]
-0.7584353;0.89444053;0.31648993;[-0.8279618   0.8589257   0.19435062]
-0.45632327;0.39738148;-0.17884193;[-0.6839856   0.32431298 -0.13376163]
-0.52021354;0.8462249;0.2641794;[-0.45944     0.7074429   0.11726145]
-0.7255148;0.86018187;0.05127944;[-0.5608697  0.6267502 -0.1824497]
-0.67304164;1.3817805;0.9985161;[-0.56617856  1.168097    0.5977501 ]
-0.52819;0.83151096;-0.33445027;[-0.3392564   0.6459809  -0.47386122]
-1.7135503;2.5932295;-1.1083841;[-1.6337886  2.3496838 -1.3622414]
-0.6657223;0.87899727;-0.051995423;[-0.66403747  0.75913644 -0.15617946]
-1.0762694;1.4873136;0.9737658;[-0.9433707   1.3706185   0.88074976]
-0.25447965;-0.9053547;-0.0096119605;[-0.23089997 -0.9402306  -0.22173086]
-1.0361576;1.2982775;0.09419888;[-0.89674973  1.0863647  -0.04273962]
-0.82263005;0.9290107;0.7018402;[-0.8604531  0.8192961  0.6891314]
-1.4004579;1.3386714;-0.41660807;[-1.1407865   1.2696553  -0.31885582]
-0.57953364;0.8592365;0.5674319;[-0.40769392  0.75022167  0.52226084]
-0.7300698;0.423222;-0.11974785;[-0.5225831   0.23995896 -0.25009245]
-0.7553341;1.2185296;0.262611;[-7.5817585e-01  1.0419121e+00  5.0320849e-04]
-0.68072355;0.407193;0.56106013;[-0.71431285  0.26396596  0.22810389]
-0.6611771;0.43509382;0.19975126;[-0.5923056   0.35149646  0.1410752 ]
-0.9645638;1.2643932;-0.72306657;[-0.9926826  1.108235  -0.7176977]
-0.71409565;0.4188438;0.1697757;[-0.50773805  0.25709903 -0.13739663]
-0.0064262003;1.0746337;-0.8445695;[-0.11176898  0.86453366 -0.87245667]
0.18949717;1.4004005;0.14652117;[ 0.04350269  1.1653717  -0.02023241]
-0.24240015;1.0406892;0.6926936;[-0.12818097  0.8371724   0.554084  ]
-0.17499389;0.5538652;-0.028324578;[ 0.00116481  0.33629084 -0.05149228]
0.68438894;-0.4028598;-1.2593744;[ 0.8186603 -0.3745466 -1.1656104]
-0.10033342;0.16826236;0.58873653;[0.05158536 0.07182238 0.41675314]
-0.11384168;-0.34344262;-0.21233302;[ 0.02066433 -0.45272744 -0.22959535]
-0.7620789;0.8732404;-0.17363265;[-0.57384485  0.64103544 -0.3171573 ]
-0.9967744;1.7235368;-0.005715657;[-0.9095408   1.513175   -0.15924917]
-0.8172156;1.7079355;-0.7505212;[-0.83675253  1.523024   -0.80879754]
-0.6526254;0.8617453;-0.11373748;[-0.56626725  0.66947997 -0.14651933]
-0.9655853;1.5217239;1.3681569;[-1.0773224  1.2688729  1.0823048]
-0.73888767;0.58049285;1.1951182;[-0.67035866  0.4041577   0.8826551 ]
-0.46458066;0.04574961;-0.3081752;[-0.34586376 -0.09059547 -0.31473875]
-0.715629;0.8362152;0.114247024;[-0.55577934  0.6337239  -0.16248545]
-0.93649715;1.6805278;-0.3341085;[-0.88180697  1.5140867  -0.51975566]
-1.0572289;2.2284553;0.95837796;[-0.8851392   2.0036507   0.72364193]
-0.7143079;0.8317326;0.2920014;[-0.69138104  0.68002766  0.11975335]
-1.1393846;1.755767;-0.16948532;[-0.9712739   1.5829269  -0.27537733]
-0.7740492;0.9089676;-0.38505447;[-0.707495    0.82513255 -0.4162698 ]
-0.797957;0.88588744;-0.25927323;[-0.73008525  0.8298157  -0.31365788]
-1.011086;1.4364532;0.99160427;[-0.98596966  1.3633982   0.737894  ]
-1.3891348;2.1065166;-0.3273813;[-1.3642615   1.962473   -0.69342166]
-0.7584697;1.6908835;-0.19960785;[-0.75807655  1.5469477  -0.19096293]
-0.91961044;1.2563431;0.066632524;[-0.8985585   1.0983689  -0.16591354]
-0.8964613;1.2903708;-0.077646926;[-0.9087082  1.1848983 -0.2512426]
-1.0883132;1.2969856;-0.091501236;[-1.0458052   1.2606252  -0.25084755]
-0.6496944;0.8802125;-0.09065345;[-0.6763175   0.82659066 -0.07992229]
0.82247925;0.24378584;-0.2067973;[ 0.758435    0.10614745 -0.30901578]
-0.88204044;1.2370092;-0.37577912;[-0.80820405  1.0873417  -0.6063582 ]
-0.42381948;0.82137626;-0.2662201;[-0.2789353   0.69539803 -0.2414443 ]
1.1230769;0.14995766;-1.0401803;[ 0.911765    0.14076209 -0.89697546]
0.7641997;0.1770325;-0.37196782;[ 0.81882876  0.14179772 -0.2944342 ]
0.19339366;1.4655529;-0.11836994;[ 0.03538421  1.2322794  -0.26781607]
0.7400462;1.177051;-0.34367645;[ 0.7419037   0.93102896 -0.28388175]
0.21310891;1.0440094;-0.38002855;[ 0.0987096   0.85921735 -0.20349793]
-0.051078364;0.6195908;-0.06429008;[ 0.04830705  0.38659155 -0.11645839]
0.604549;0.34276968;-0.33657417;[ 0.6467379   0.17637275 -0.35047412]
0.20924824;0.6575071;-0.039617855;[ 0.09523913  0.51277834 -0.10233392]
0.71721727;0.36315882;-0.24481848;[ 0.71011597  0.20237087 -0.2786747 ]
0.09616318;-0.29189724;-0.78552663;[ 0.07503574 -0.32780302 -0.65416354]
-0.05464302;-0.2670859;-0.22608668;[ 0.0572231  -0.41746354 -0.32305214]
-0.720752;0.87448186;-0.027551103;[-0.55188525  0.6284788  -0.25066727]
-1.0351192;1.4509088;0.8853745;[-0.9952978  1.3343474  0.6583068]
-1.7274238;2.6057453;-1.3562622;[-1.6669487  2.379311  -1.4853541]
-1.1686022;2.2823253;0.8148616;[-0.99599504  2.0317986   0.64136535]
-0.36248636;1.2922577;-0.21954012;[-0.29157287  1.06594    -0.10224867]
-0.8181727;1.7426376;-0.85326433;[-0.7551194  1.5085628 -0.7504549]
-0.6347831;0.862626;0.028083373;[-0.5180083  0.6371742 -0.0853139]
-0.68455476;1.403298;0.025973242;[-0.6514032   1.1809323   0.13614708]
-0.6999243;0.8859093;-0.07902348;[-0.54562694  0.6990504  -0.31582633]
-0.6653998;0.51605797;0.63294655;[-0.5991118   0.4804147   0.40114608]
-0.5681184;0.84551984;-0.74937284;[-0.4046027   0.65461457 -0.7409076 ]
-0.49612713;0.4645905;0.43395805;[-0.20168151  0.3772033   0.24767675]
-1.0418724;1.3022728;0.1277163;[-0.88574886  1.0975521  -0.07317582]
-0.75304;0.4171906;-0.023437005;[-0.6667813  0.2895292 -0.1339581]
-1.0424281;0.91589534;0.63480437;[-1.0449568   0.75022256  0.55388004]
-0.7208465;0.45324224;0.1542075;[-0.6531017   0.3114428   0.07094896]
-0.72892237;0.4322819;-0.16695642;[-0.6085704   0.34120566 -0.18469813]
-0.82662886;0.42740327;0.1926932;[-0.6722982   0.36845595  0.09699047]
-0.7357032;0.43212563;-0.08936767;[-0.5194061   0.25343812 -0.26781183]
-0.64932275;-0.48411292;-0.208314;[-0.4837777  -0.47393835 -0.3169292 ]
-0.767881;0.17132613;-0.51231027;[-0.53586423  0.15904933 -0.39692107]
-0.6697999;0.25089762;-0.41779912;[-0.49822205  0.20748474 -0.35086676]
-0.44527644;0.12804574;-0.41573003;[-0.23908035  0.08877621 -0.40271464]
-0.7888373;0.6505752;-0.1017673;[-0.56829536  0.5023026  -0.16127555]
0.08656444;1.3954089;0.1802921;[0.04369755 1.1547312  0.07874766]
0.7523361;0.4847569;-1.3013213;[ 0.7517236   0.25340766 -1.1938106 ]
-0.21738692;0.7070779;0.36770836;[0.02811454 0.5588808  0.27017662]
0.7222161;0.09049143;0.34326905;[ 0.8381625  -0.05384953 -0.1120531 ]
0.5699311;0.11895312;0.17288662;[ 0.48368925  0.00644326 -0.17581959]
0.53909284;-0.34591657;-0.79684794;[ 0.60141087 -0.37843615 -0.9344112 ]
0.40076828;0.13231242;-0.13215162;[ 0.37777472  0.04727199 -0.19494995]
0.5538926;0.16570148;-0.038854886;[ 0.49635065  0.01336808 -0.1722734 ]
-0.18074532;0.1713789;0.33254325;[-0.12228434  0.12709022  0.24245153]
-0.10707027;0.21805887;-0.8490426;[ 0.02364688  0.04316787 -0.86499625]
-0.086546585;0.14363554;0.1735022;[0.07592827 0.02321179 0.11991791]
0.47576898;0.23485422;-0.04646485;[ 0.59116966  0.14562275 -0.0750563 ]
-0.53795713;0.84669995;-0.19021435;[-0.39843237  0.65331084 -0.24945751]
-0.6508209;0.8850736;-0.3022209;[-0.6404745  0.7640507 -0.337023 ]
-1.7095634;2.3322914;0.16211303;[-1.5056506   2.1298025   0.01116184]
-0.6609549;0.95785403;-0.40202248;[-0.65776205  0.8739654  -0.40503535]
-0.8663992;1.5177699;0.11882223;[-0.8787843   1.3355709  -0.02139479]
-1.0080984;1.519683;0.15630919;[-0.97267973  1.3336248   0.14180999]
-0.71875185;0.7076453;-0.3249611;[-0.7064282   0.5687426  -0.19931681]
-0.7943163;0.7371279;0.025428511;[-0.7855511   0.6149993  -0.07427457]
-0.8542902;0.7062951;0.12559424;[-0.80602276  0.631939    0.01119581]
-0.7365111;0.6360515;-0.046925243;[-0.5606969   0.49110472 -0.09375216]
-0.5267411;-0.15624876;-0.4460628;[-0.44457197 -0.2312374  -0.3815084 ]
-0.7448362;0.87061495;-0.66558933;[-0.79612494  0.6895211  -0.4888446 ]
-1.1536139;1.762895;-0.21365806;[-1.0233015   1.5960191  -0.32040778]
-0.9354244;0.06440602;-0.11946164;[-0.84523404  0.05084276 -0.3002283 ]
-1.4063102;1.7685593;-0.46123588;[-1.1669527  1.6880046 -0.3927173]
-0.83825016;0.91964823;-0.047601227;[-0.82445085  0.7917975  -0.03978917]
-0.745316;0.093445376;-0.38685894;[-0.74752945  0.05451427 -0.36372313]
-0.9673036;0.08080007;-0.28143656;[-0.792541    0.09180187 -0.36929315]
-0.78012556;0.86109275;-0.22299033;[-0.592417   0.6429993 -0.3432788]
0.8286064;1.2159885;-0.67688715;[ 0.6481618   0.8076051  -0.47588027]
-0.089398906;1.2465976;-0.024788227;[-0.01120198  0.98163325 -0.03048988]
0.0134396255;0.36595094;-0.15414284;[ 0.10610387  0.12239338 -0.18003426]
-0.035323948;0.39365792;-0.1925568;[-0.12923123  0.26768464 -0.18233071]
-0.68019027;1.0092124;0.10965237;[-0.5682869   0.93658173 -0.10394932]
-0.64071923;1.0333097;-0.50147426;[-0.65222716  0.9679358  -0.5022337 ]
0.08944525;1.1627997;-0.2769974;[ 0.3110121   0.8203982  -0.20674692]
-0.6532605;1.5689445;-0.29446566;[-0.5097792  1.4995126 -0.3113152]
-0.6431027;0.8544838;-0.23715562;[-0.5608913   0.83494246 -0.32951072]
1.69162;2.539441;-1.5994151;[ 1.5642953  2.0097992 -1.8133149]
1.3214065;1.7062087;-1.588154;[ 1.4441972  1.2100381 -1.5042021]
1.4940605;1.725341;-1.2217755;[ 1.4738286  1.2662579 -1.4403509]
1.6244992;1.7148532;-1.1232079;[ 1.5190225  1.2575605 -1.4259706]
-0.85784763;2.5143821;-0.058142852;[-0.7399717   2.2505207  -0.16615091]
0.7065507;1.422762;-1.0184293;[ 0.583188    0.91668797 -0.87462884]
0.8122352;1.423504;-0.68459725;[ 0.5977301   0.96356344 -0.771983  ]
-1.2598978;2.2183566;0.03672627;[-1.1204488   1.9984528   0.05598347]
-0.95623976;2.1319551;-0.30474567;[-0.92895067  1.861065   -0.46801177]
-1.0651823;2.2260087;-0.11280106;[-0.99217355  1.9062294  -0.11828169]
-1.234012;2.2357776;0.032056298;[-1.0947001   1.9901863  -0.00904669]
-0.7549308;1.3291123;-0.22654653;[-0.7089547   1.1364654  -0.24547052]
-0.5332677;0.39962327;-0.56357014;[-0.4042275   0.2471685  -0.57907635]
0.3403349;1.5680642;-0.8269014;[ 0.04725574  1.2773304  -0.8293553 ]
-0.05837272;1.2056061;-0.8925699;[-0.06784751  1.0031487  -0.8804043 ]
-0.4924199;0.7454334;-1.4206717;[ 0.4962197   0.47876948 -1.4371039 ]
0.18614665;0.7340687;-0.5472342;[ 0.0080882   0.57152903 -0.6254512 ]
8.434515;0.43699932;3.8301635;[7.4970536  0.75187945 3.8627422 ]
1.3494846;-0.32422763;-1.5879412;[ 0.9793267  -0.42835474 -1.6375023 ]
-0.4840451;-0.03621401;-1.1690154;[ 0.43126258 -0.20115565 -1.3014795 ]
1.424354;-0.74675333;-1.9289995;[ 1.2170323  -0.92764467 -1.9481374 ]
2.4878836;0.120807126;-0.4227453;[2.3912935  0.14637911 0.51288   ]
0.7519442;0.16846113;-0.65879387;[ 0.9393584   0.03164709 -0.6895302 ]
0.73215157;0.2573986;-0.51829404;[ 0.71415067  0.14793925 -0.51985633]
0.068869345;0.3158555;-0.9455447;[ 0.05449453  0.19212869 -0.8993432 ]
1.2554483;-0.3808717;-1.8550361;[ 0.9941231 -0.48389   -1.7259787]
0.65476024;-0.40540355;-0.4442737;[ 0.75663424 -0.59606963 -0.5883394 ]
0.31748986;-0.8206071;-1.6078236;[ 0.5400244 -0.9602238 -1.5620819]
-0.5740939;0.7968051;-0.4067981;[-0.52134585  0.59758794 -0.36297974]
-0.11726917;-0.011897773;-1.0688274;[-0.1806459  -0.23846255 -1.0074421 ]
-0.28995025;-0.0316341;-0.33198208;[-0.17614992 -0.06522328 -0.18284841]
0.39654642;0.23606528;-0.09091662;[ 0.10409382  0.11968407 -0.17812802]
0.22943811;-0.2883715;-0.76964056;[ 0.44148305 -0.41921705 -0.8203743 ]
-0.13274918;-0.87389106;-1.1037467;[-0.04170929 -1.0800688  -1.0141888 ]
0.27591228;1.6157695;0.00927091;[ 0.331527    1.2696713  -0.05838714]
0.7891527;0.5896454;-0.48595685;[ 0.92273754  0.4014113  -0.40852973]
0.043750808;0.6944509;-0.88823926;[ 0.18557355  0.5124186  -0.8449426 ]
-0.3873012;1.0374566;-1.067847;[-0.07310243  0.838572   -0.9476449 ]
-0.34533572;0.5774959;-0.4159621;[-0.04344495  0.36902773 -0.34312358]
-0.30989045;1.0852644;0.15935887;[-0.11877085  0.83255684 -0.03038309]
-0.6891374;0.22953393;-0.507068;[-0.61078393  0.20818208 -0.58953875]
-0.4471962;0.82902795;-0.52104604;[-0.5308139  0.7311169 -0.5197665]
0.52916664;0.7320768;-0.094661176;[ 0.486431    0.5292071  -0.08439673]
-0.040783003;-0.0733476;-0.30499813;[ 0.06315143 -0.17589553 -0.4037309 ]
-0.15273441;0.33284372;0.4806;[-0.16052173  0.25050992  0.2579721 ]
-0.2521885;-0.106066346;-0.77301323;[-0.24794374 -0.25118417 -0.87620384]
0.00668703;-0.19570391;-0.425633;[ 0.24634923 -0.26632553 -0.39544913]
0.30491272;0.20338468;-0.42321357;[ 0.318304    0.07321185 -0.3159425 ]
-0.5783163;0.2843442;-0.60660464;[-0.39073706  0.24996875 -0.5079686 ]
0.050970126;-0.10045035;-0.6794555;[ 0.18615918 -0.17176758 -0.8075463 ]
0.081930146;-0.024127662;-0.4446336;[ 0.00693715 -0.00969233 -0.58845186]
0.16085038;-0.6899596;-0.63594896;[ 0.13709866 -0.76394594 -0.5963933 ]
-0.9573205;2.1065202;-1.0446357;[-0.9657862  1.8949071 -1.1488104]
-0.5994409;1.2472565;-0.77640146;[-0.46822    1.0344744 -0.6577858]
-0.94717866;2.1017725;-0.9596336;[-1.0069901   1.911262   -0.88050854]
-1.0581335;2.1547353;-0.241988;[-0.96733165  1.8485998  -0.2814079 ]
-1.1839776;1.4042162;-0.04537033;[-1.1020706   1.312489   -0.16759418]
-0.7551383;0.8280465;-0.52103996;[-0.64098287  0.58530295 -0.62923735]
0.6470306;0.17062177;-1.2750144;[ 0.62334204 -0.10163422 -1.2657123 ]
1.0002328;0.61739177;-0.06423469;[ 0.8297319   0.46126157 -0.16117364]
0.88835603;0.19596113;-1.3640606;[ 0.84112257  0.00427718 -1.2542322 ]
0.86942697;1.4095491;-1.0430944;[ 0.52370137  1.0625237  -1.055909  ]
0.8893599;0.96480143;-2.5871878;[ 0.7894059  0.7254034 -2.2055204]
1.0301368;1.5065855;0.025689472;[ 0.7853604   1.1636451  -0.08907771]
0.92655265;1.0631647;-1.5180324;[ 0.88225746  0.7101159  -1.3327223 ]
-1.0088989;1.7297436;-0.36195028;[-0.9839982   1.4934504  -0.40723324]
-0.72331494;0.8446367;-0.5165644;[-0.6229377   0.64911854 -0.6337561 ]
0.66945225;0.17113861;-1.3505325;[ 0.6604919  -0.05793445 -1.3060309 ]
-1.0024532;1.7309251;-0.32512343;[-1.0656394  1.5974854 -0.3235404]
-0.6790455;0.83755535;-0.4359576;[-0.65056634  0.7415797  -0.52784735]
-0.9469636;0.9136335;-0.36531568;[-0.9301107   0.8247766  -0.44975647]
0.8236281;0.18591112;-0.11156389;[ 0.5841971   0.00961604 -0.15995897]
-0.60414094;0.77942127;-0.8976077;[-0.46664077  0.6402869  -0.8760432 ]
-0.57820517;-0.03539583;-0.7053411;[-0.44259375 -0.10413253 -0.816381  ]
-0.12997194;0.2144217;-0.42832524;[-0.00773267 -0.05548526 -0.51690537]
0.020196877;0.2236364;-0.3765599;[ 0.05305299  0.01952571 -0.3939301 ]
-0.006030917;1.117941;-0.2863366;[-0.05855544  0.876093   -0.24831781]
-0.25179178;0.21216139;-0.7563633;[-0.03600369 -0.06321132 -0.6051093 ]
0.760024;0.788266;-0.11345044;[ 0.7076443   0.6893344  -0.01403679]
-0.08269991;0.23813626;-0.6372902;[ 0.07357843  0.02333856 -0.49798024]
-0.08795811;0.2105562;-1.042236;[ 0.01869141 -0.04709911 -0.7856669 ]
-0.22522222;-0.64465266;-0.9216933;[-0.07691319 -0.8435145  -0.82657605]
-0.5756188;1.2928967;-0.8450569;[-0.42102486  1.0411522  -0.7801132 ]
-1.4097567;2.2478402;-0.5563485;[-1.1676155   2.0501735  -0.42057756]
-1.103218;1.4627281;-0.08950803;[-1.0986252   1.2789725  -0.15333755]
-0.4618731;0.5075388;-0.5558676;[-0.37182963  0.2856921  -0.54964286]
-1.7324597;3.0456107;-2.3353055;[-1.6445068  2.7776775 -1.5723526]
-1.0700067;2.2442784;-0.2237671;[-0.9960488   1.8954412  -0.24464698]
-0.64301616;1.3548905;-0.30347514;[-0.5850886   1.0428686  -0.31262714]
-0.97995955;1.4679099;-0.19216844;[-0.9859805   1.2417701  -0.21888196]
-0.64425665;1.3754194;-0.36799216;[-0.6508111   1.0717021  -0.39494684]
-0.4547149;0.49293572;-0.45177662;[-0.349742    0.2446456  -0.49634615]
-1.023374;1.4546632;-0.12892182;[-1.0163463  1.2937387 -0.1440506]
-0.65173197;1.3759776;-0.3242007;[-0.7065886   1.1423643  -0.34159717]
-0.7377588;1.38208;-0.38993186;[-0.67262995  1.1692147  -0.41554916]
-0.7062294;1.3625584;-0.46649325;[-0.680837   1.1611305 -0.4551358]
-0.40036583;0.5185542;-0.46015954;[-0.31490648  0.3315146  -0.4651812 ]
-0.6843059;0.8663116;-0.08341017;[-0.5352887   0.6710671  -0.09132268]
-0.53055024;0.8280253;-0.60369253;[-0.39088732  0.716539   -0.58165383]
-0.6367267;0.87017;-0.37062022;[-0.51739085  0.64327776 -0.40669835]
-0.7083965;0.8881703;-0.3477214;[-0.62773013  0.74196154 -0.42894337]
-0.66449434;0.8597185;-0.17427617;[-0.613328    0.7006391  -0.22449538]
-1.2331487;1.8021424;-0.29470024;[-1.1071948   1.6579894  -0.26769197]
-0.75227517;0.893767;-0.18799889;[-0.68511015  0.8095937  -0.28525886]
-1.4126378;1.8082794;-0.4960159;[-1.1644639   1.6874508  -0.35162836]
-0.95872647;1.7206329;-0.92208016;[-1.0088042  1.526915  -1.0460527]
-0.6862921;0.8570418;-0.08505148;[-0.5135185   0.617325   -0.14215448]
-0.69368494;1.3882346;0.66580343;[-0.47527534  1.1844518   0.42457077]
-0.59277976;0.8706414;-0.6806988;[-0.42286444  0.7219757  -0.5749852 ]
-0.56117344;0.8647588;-0.07511054;[-0.51994026  0.66022325 -0.14158104]
-1.1477524;1.4871256;0.8040255;[-1.00329     1.3742037   0.61380583]
-0.6517561;0.8941173;-0.1994437;[-0.65400994  0.7775718  -0.28992283]
-1.0393363;1.4980282;0.7540206;[-0.90597904  1.3865677   0.6927802 ]
-0.51108843;0.83451986;-0.4738556;[-0.3580883   0.67218703 -0.57743895]
-0.39132053;0.056961432;-0.23722959;[-0.28914165 -0.10375789 -0.3119668 ]
-0.81142575;1.68881;-0.2091006;[-0.8422185   1.5005428  -0.30649737]
-1.2514645;1.7852592;-0.27102494;[-1.1284232  1.6486968 -0.2913353]
-1.418302;1.7806257;-0.48075378;[-1.1841305   1.6856557  -0.39155525]
-0.77012783;0.91022784;-0.054284994;[-0.76432127  0.7736485  -0.09724754]
-0.9609111;1.7101413;-0.9176155;[-1.0385228  1.5477694 -1.0860523]
-0.7059471;0.8384432;-0.20198056;[-0.48085374  0.6440213  -0.2507967 ]
-0.48810512;1.7082644;-0.29351276;[-0.3549214  1.4801216 -0.3320311]
-0.3380192;0.8870794;-0.22154868;[-0.3856517   0.8401768  -0.22893627]
-0.85933346;2.0372477;-0.09624031;[-0.82609975  1.8326312  -0.2589384 ]
-0.717224;1.2268788;-0.1575584;[-0.6149868  1.0362638 -0.2034072]
-0.5959786;1.2196171;-0.24244258;[-0.5238378  1.0060929 -0.2406276]
-1.6111805;2.905504;-0.012274336;[-1.364784    2.69065    -0.24370885]
-0.99473625;2.0969484;-0.11644226;[-0.9391606   1.8595123  -0.11684121]
-1.2577931;2.110091;0.09505844;[-1.1328434   1.9711483   0.06760141]
0.039426893;1.0311306;-0.12011108;[ 0.21419254  0.8013088  -0.20844518]
-0.28314233;0.20435831;-0.97919035;[-0.21363561  0.08177027 -0.8216086 ]
0.4881255;1.4264722;-0.07671191;[ 0.4694575   1.2135789  -0.12041444]
2.485982;0.53995687;-0.1305659;[ 3.3067114   0.05610068 -0.53828   ]
0.3601032;0.61591154;-0.09705947;[ 0.3281049   0.41147393 -0.16585654]
2.9603481;0.5706438;-0.049549025;[ 3.832534    0.06815596 -0.23937038]
0.4853235;0.64247876;-0.015530195;[ 0.39646816  0.51666397 -0.07780169]
0.5821432;0.25298095;0.04844503;[ 0.55560184  0.11446287 -0.03321939]
-0.2886514;0.8518605;-0.53561604;[-0.18989192  0.68845457 -0.53859794]
-0.57423353;0.30772793;-0.6935922;[-0.4534924   0.19697724 -0.59877616]
0.6383728;0.16809861;-0.08492513;[ 0.70285547  0.11662915 -0.09067737]
-0.6908905;1.3681947;-0.32990757;[-0.59516925  1.0287869  -0.31247684]
-0.74286395;1.3952377;-0.2901122;[-0.67633677  1.17848    -0.25095317]
-1.2487353;2.2665129;-0.25395966;[-1.1240178   2.0326738  -0.19384854]
-1.0688819;2.2424977;-0.22308329;[-0.9803046   1.8770832  -0.23866746]
-0.6880219;1.3802747;-0.37524524;[-0.6343185   1.0728395  -0.36707604]
-1.1085438;1.4712106;-0.1223474;[-1.0412832   1.3352996  -0.09607854]
-1.0793068;1.4395409;-0.14039275;[-1.0174131   1.2054056  -0.23146495]
-1.7406067;2.5786092;-2.0337875;[-1.6869674  2.4045296 -1.5410584]
-0.87668073;1.7238103;-0.94496155;[-0.9040648  1.5665672 -0.7489295]
-1.3476363;2.2772005;0.40359282;[-0.9432869   2.0397213   0.41435674]
-0.7592269;0.9308415;-0.3947568;[-0.6522347  0.7131678 -0.3857805]
-0.8296598;0.9309219;-0.18032281;[-0.7021569   0.72857636 -0.2017484 ]
-1.2754922;1.7975789;-0.2890337;[-1.1452034  1.6490403 -0.2875243]
-0.85458094;0.9456468;-0.1431243;[-0.748204   0.7938902 -0.2150194]
-0.8373815;0.93884903;-0.23329979;[-0.77794254  0.8087614  -0.29617727]
-0.7369999;0.5676519;0.050432805;[-0.63290226  0.5229836  -0.03865504]
-0.9625407;1.7103535;-0.9133248;[-1.037886   1.5465391 -1.0847989]
-0.60284203;0.8569351;-0.6663438;[-0.46511257  0.7039279  -0.58074325]
-0.72924817;1.4089445;0.2834996;[-0.44518906  1.191577    0.28665727]
-0.73362213;0.89302295;-0.39579433;[-0.6504132  0.7120645 -0.3922798]
-0.6457047;0.08839662;-0.38261163;[-0.46418583  0.00732015 -0.35354978]
-0.7926263;0.5712146;0.24828105;[-0.51400155  0.4567309   0.22801821]
0.090623066;1.1647868;-0.36155602;[ 0.21511935  0.8819212  -0.35028842]
1.1178625;1.5347403;-0.11718997;[ 0.81867373  1.207068   -0.11873665]
-0.97194344;1.7522119;-0.63181037;[-1.0056813  1.5759791 -0.4827738]
-0.93898445;1.7460879;-0.42590734;[-0.9882387   1.52151    -0.35673925]
0.83970624;1.0970255;-1.1669719;[ 0.8031623   0.71533424 -1.0455066 ]
-0.98798233;0.9490228;-0.36457372;[-0.94680846  0.8670486  -0.4155608 ]
-1.1217102;1.7393038;-0.40140748;[-1.1106757   1.6252953  -0.37254807]
0.9261755;0.74109864;0.2033664;[0.7366844  0.49361092 0.01475444]
-0.9461749;0.9280856;-0.33525348;[-0.98813415  0.8079908  -0.38944635]
-0.6890968;0.87059563;-0.48514974;[-0.58965325  0.64781725 -0.46506128]
0.7773356;0.24477912;-1.1133618;[ 0.7302971  -0.02849157 -1.0883102 ]
0.10410099;1.9476684;-0.33593735;[-0.1397401   1.6515557  -0.43343338]
1.0948524;1.1575571;-1.4118893;[ 0.9902754  0.8131347 -1.391225 ]
0.010701247;1.1555792;-0.25245807;[ 0.02473058  0.8455914  -0.13574576]
0.5816666;0.84071666;-0.19378203;[ 0.4702161   0.6040414  -0.15901592]
1.0903054;0.38273793;-0.83639514;[ 1.0297365   0.10246301 -0.9949806 ]
0.0940575;1.1507814;-0.20283204;[-0.02319817  0.9131174  -0.16968389]
0.5558283;0.8489788;-0.15696853;[ 0.4328253   0.59579635 -0.16519237]
0.07412609;0.34003258;-0.32714576;[ 0.04393776  0.15934092 -0.3012123 ]
0.10468947;0.25195187;-0.41980228;[ 0.13224286  0.05401331 -0.40781423]
-0.06555459;0.27524674;-0.42913294;[ 0.06317486  0.00249045 -0.40902796]
0.80870795;-0.55392486;-1.1117439;[ 0.891624   -0.65625536 -1.1339883 ]
-1.7528754;3.0363743;-2.3171232;[-1.6753612  2.7904346 -1.5894402]
-0.67893964;1.366392;-0.34814298;[-0.6398067   1.0707096  -0.26251078]
-1.0799469;1.4385715;-0.1698621;[-1.059038    1.2532085  -0.17682095]
-1.0815187;1.4595847;-0.1332258;[-1.0630199   1.3090681  -0.10272676]
-1.08232;1.4790093;-0.11070734;[-1.0222803   1.3122121  -0.09860975]
-0.7219587;0.6055606;-0.3173287;[-0.6033585   0.42443192 -0.31337422]
-0.7177;0.60516936;-0.27209952;[-0.6505954  0.416614  -0.3023726]
-1.1040584;0.68997264;0.043779023;[-1.0806589   0.5535561  -0.26209673]
-0.61417955;1.2996143;-0.85141826;[-0.47295743  1.0676132  -0.77238387]
-0.45367283;0.53116375;-0.43007314;[-0.31519234  0.26838344 -0.36580932]
-0.33947575;2.1572995;-0.15988688;[ 0.22590168  2.0083199  -0.10262936]
0.5789861;1.927519;-0.20754436;[ 0.14639305  1.565813   -0.02227043]
-0.68779695;1.3017296;-0.95895743;[-0.06629936  1.1193398  -0.92032534]
-0.24933143;1.4535172;-1.0785666;[ 0.43363017  1.3119558  -1.0140908 ]
-0.21004249;0.897679;-1.8000282;[ 0.7968523  0.6852799 -1.6729194]
0.1693941;0.8325562;0.610829;[0.23286302 0.7334895  0.629523  ]
-0.015299097;1.3905214;0.35310972;[-0.13785098  1.2974969   0.45877704]
2.587048;0.17736417;-0.7875177;[ 2.6876595   0.14279713 -0.595919  ]
-0.6663998;0.34694648;-1.7604241;[-0.05905955  0.0206461  -1.371079  ]
0.42013073;0.9042309;0.48222506;[0.37255782 0.7295038  0.7714286 ]
0.32714593;0.36467433;-0.54201186;[ 0.32044503 -0.00315468 -0.47939292]
1.9602134;0.21052721;-0.9921223;[ 1.7829937   0.14608136 -0.5722326 ]
0.85848576;-0.42830336;-2.9720497;[ 1.3975548  -0.87533426 -2.7403586 ]
0.19154625;-0.35552734;-2.1444054;[ 0.9582586  -0.34056336 -1.848417  ]
0.5827861;-0.8076804;-3.151743;[ 1.8094648 -0.7640721 -2.664613 ]
1.6149095;-0.038456842;-0.6297908;[ 1.1706891  -0.26295328 -0.35805002]
0.054123104;-0.15427189;-0.9192631;[-0.17287423 -0.38745618 -0.7829613 ]
1.5343201;-0.06334868;-0.6655878;[ 1.1213746  -0.30482703 -0.4054667 ]
-0.03677523;-0.04050356;-0.121016696;[-0.08789928  0.12973958 -0.49778453]
-0.297822;0.07636406;-0.06377387;[-0.16635798  0.14086843 -0.46593654]
-0.039951324;0.45417368;-0.6231223;[ 0.09859198  0.40787947 -0.48039362]
0.0036824122;0.29582328;-0.52599114;[-0.29586786  0.23127641 -0.37039736]
0.03896471;0.31736803;-0.50137734;[-0.28258651  0.18628223 -0.34854826]
0.24778242;-0.464819;-2.0453854;[ 0.32468513 -0.63434523 -2.066057  ]
1.072957;0.43466902;-0.3945868;[ 0.89428097  0.10496542 -0.2907398 ]
0.054030627;0.30123013;-0.63872063;[-0.07298599  0.17350712 -0.4237806 ]
-0.7305156;0.44484496;-0.5114901;[-0.69010603  0.35170323 -0.40361825]
0.29968077;-0.08872093;-1.4762907;[ 0.2561193  -0.35918182 -1.1139041 ]
0.0034763962;0.42401475;1.9382188;[0.18151899 0.43054074 1.400163  ]
0.78224885;-0.039535835;0.8914142;[0.5805104  0.17075434 0.65391314]
0.15298122;-0.5445145;-0.310164;[ 0.08775347 -0.48260307 -0.58814687]
-0.022256404;-0.5578339;0.4229731;[ 0.18551151 -0.60433656 -0.4596113 ]
0.29168928;-0.05110053;0.59316456;[0.12463694 0.04310914 0.4063371 ]
0.85979265;-0.39992386;-0.0919207;[ 0.59131306 -0.2908144  -0.24862595]
-0.29787225;-0.40322095;-0.112474084;[-0.07888524 -0.3319003  -0.17122807]
-0.20298113;0.03175678;1.0429888;[-0.14941604  0.05046871  0.7928633 ]
0.03279388;-0.8582757;-0.39523166;[ 0.26008886 -0.8573472  -0.730957  ]
-0.5028493;-0.031724155;0.96022177;[-0.3068902   0.01315454  1.0326501 ]
0.18017891;-0.59543705;-0.069417804;[ 0.04821004 -0.64153165 -0.24548751]
-0.73186487;-0.48155624;0.27620316;[-0.8333889  -0.41671228 -0.08933399]
0.30777812;-1.3848286;-2.0863848;[ 0.3293288 -1.3656467 -2.261402 ]
-0.05325757;0.940536;0.52987134;[-0.16347565  0.8070042   0.5768925 ]
-0.07935132;0.58111227;-0.534748;[ 0.10252789  0.42934364 -0.31484523]
0.52008563;0.21020009;-1.1821744;[ 0.5577259  -0.04109022 -0.90314615]
0.23123427;0.5812656;-0.7168351;[-0.0141394   0.42064875 -0.44317433]
-0.23779507;-0.0108034685;-1.6820639;[-0.26234448 -0.18272434 -1.4022504 ]
-0.44355214;0.8769321;0.3198368;[-0.3480165   0.75599366  0.5605229 ]
0.34442058;0.4393363;-0.6095091;[-0.14726628  0.1810894  -0.2652111 ]
0.38860613;0.14363939;-1.8795824;[ 0.08695641 -0.07237427 -1.5433878 ]
-0.073715255;0.9226338;0.20573467;[0.05055526 0.7142788  0.44623753]
0.3613267;0.37965888;-0.7066722;[ 0.13839424  0.20815715 -0.33785462]
0.1812656;0.14783697;-0.06385577;[ 0.18643627  0.11675972 -0.06378202]
1.6919622;0.18447317;-0.015901659;[ 1.1795003   0.01693557 -0.03975652]
0.7188712;-0.2111182;-0.5047502;[ 0.59795004 -0.33302563 -0.4494329 ]
0.120005876;0.5201852;0.6690022;[0.15807113 0.43416518 0.4067479 ]
1.1329218;0.083196744;0.10160473;[ 0.88750064 -0.07638568 -0.04037679]
0.5206855;-0.33973962;-0.37724808;[ 0.5466426  -0.42222565 -0.46457958]
-0.08616324;-0.41806287;-0.76303786;[-0.15623815 -0.44579512 -0.7122038 ]
-0.24706392;0.4693578;0.62947655;[0.02875224 0.42065185 0.44088683]
-0.03744009;-0.41503608;-0.5773126;[-0.1623965  -0.45695478 -0.6506067 ]
0.50274116;-0.3018093;-0.7188603;[ 0.2888406  -0.3502751  -0.67008525]
1.1967148;0.14143313;-0.06940937;[ 0.7720118  -0.11214437 -0.20236105]
2.0743082;-0.39205706;-0.7871096;[ 1.194669  -0.6665616 -0.8030347]
0.05015707;-0.40752745;-0.6189664;[ 0.18852419 -0.34356445 -0.45502275]
0.8601114;-0.4335627;-0.21585596;[ 0.77630436 -0.53470814 -0.26067355]
0.03871149;-0.5172351;-0.4176252;[-0.07124986 -0.53814673 -0.33935484]
-0.38771135;-0.47635204;-0.33295947;[-0.61180425 -0.47546816 -0.37845668]
-0.3006708;0.08802661;0.18447225;[-0.01024587 -0.0719427   0.29083806]
1.0274614;-0.36248112;-0.4371065;[ 0.8889837  -0.58476937 -0.36518177]
2.2078924;-0.49739712;-0.2429983;[ 1.8548716  -0.69378114 -0.14448228]
1.994301;-0.87995654;-1.515592;[ 1.3317342 -1.1452866 -1.0944864]
0.5678851;-0.8805942;-1.6263721;[ 0.47469205 -1.028242   -1.196076  ]
1.7283639;-1.2870691;-2.55638;[ 1.3097779 -1.6202449 -2.0072982]
-0.13544022;0.5718315;0.70787674;[-0.08638345  0.440682    0.6747287 ]
0.78614026;0.12791276;0.27475813;[ 0.5102854  -0.00388902  0.16275252]
-0.13039933;0.06161487;0.15053059;[-0.22222976 -0.03085117  0.09074976]
-0.40723294;0.099527195;0.3579045;[-0.64484525 -0.04808849  0.17489454]
-0.08693625;-0.6849804;-1.0522922;[ 0.04154389 -0.99719477 -1.6652504 ]
1.2310855;0.35860372;-0.3481533;[1.3956463 0.3203696 0.3770166]
1.2405773;-0.24495439;-1.124668;[ 1.2582698  -0.33988917 -0.7719602 ]
-0.2511263;0.8389141;0.5753391;[0.2553587  0.74149936 0.9148682 ]
-0.24068685;0.34265006;-0.22793132;[-0.11379339  0.19694981  0.21643919]
0.6975675;0.32784528;-0.39203632;[1.0265526  0.39600694 0.45478418]
0.50169295;-0.2672695;-1.0215023;[ 0.8377251  -0.53731644 -0.525449  ]
0.4537273;-0.3503443;-1.050176;[ 0.9225274  -0.39255238 -0.43918204]
0.020249188;-0.4723382;-1.172484;[ 0.38093126 -0.5646124  -0.7982387 ]
-0.1649039;0.22166078;-0.3513319;[0.00247145 0.2239746  0.03198015]
-0.56181914;-0.43957877;-1.3792299;[-0.29993105 -0.54848564 -1.0361702 ]
0.10541518;0.27827615;-0.45833004;[ 0.50806224  0.26888624 -0.19321097]
0.7565792;-0.30478495;-1.2112103;[ 0.8835114  -0.32077897 -0.7697564 ]
-0.7997935;-1.4214836;-2.7548137;[ 0.10201794 -1.6877323  -2.467365  ]
0.42241138;0.6027388;1.6838634;[0.06036429 0.56372195 0.8285591 ]
0.002181977;0.51631904;1.1774158;[-0.10839219  0.362027    0.9278224 ]
1.1006225;-0.21375848;0.24311507;[ 0.8830175  -0.14737506  0.3637862 ]
1.7796823;0.035990983;-0.034385722;[ 1.7534856  -0.15895121  0.236668  ]
0.5046813;-0.11030294;-0.42978913;[ 0.37833443 -0.33368593 -0.3435249 ]
0.23058245;-0.14282168;-0.060836207;[ 0.21637255 -0.19084702 -0.10513774]
0.24230376;-0.011945218;0.1673758;[ 0.17373836 -0.08420427  0.00190973]
0.5325709;-0.80733055;-0.16728881;[ 0.84824336 -0.85161054 -0.5641665 ]
-0.026149675;0.4874757;1.1382842;[-0.15153523  0.36498457  0.9131716 ]
1.2746254;-0.0104036555;0.45565385;[ 1.3191829  -0.07391594  0.17529303]
0.3292728;-0.02353838;0.2931997;[ 0.16196895 -0.05226944  0.01170636]
-0.2933706;0.35933375;1.0969312;[-0.22274981  0.288019    0.88902754]
0.24721462;-0.56238586;0.31715912;[ 0.17513601 -0.44334102  0.06684501]
0.4345752;-0.1473084;-0.43944976;[ 0.29939625 -0.3250078  -0.32155183]
-0.35827023;-0.09396036;1.5719233;[-0.34063298 -0.06848326  1.2001034 ]
-0.6102087;-0.17118019;0.29572132;[-0.6510131  -0.20709158  0.08394055]
-0.58194906;-0.54437107;0.57294655;[-0.70150524 -0.51024246  0.3367375 ]
0.19288057;-0.15550512;-0.17075261;[ 0.12057035 -0.1708618  -0.10405599]
0.6329149;-0.5783963;-1.3165712;[ 0.6772371 -0.5502068 -1.1633074]
0.296243;-0.9329434;-0.5870115;[ 0.48522407 -0.8904049  -1.0288221 ]
0.8933423;0.12744713;0.31817448;[0.70904195 0.07532502 0.1139731 ]
1.0112795;-0.574574;0.44868487;[ 0.59275824 -0.56435317  0.21674065]
-0.037728682;-0.58080894;0.9141197;[ 0.15372497 -0.49186307  0.35797378]
-0.60363233;-0.5392637;0.93545365;[-0.56013286 -0.51178604  0.48539838]
0.29941705;-0.5503251;0.553374;[ 0.25688615 -0.43414617  0.18608926]
-0.3671214;0.08603285;0.6787087;[-0.16293503  0.04566961  0.68350285]
-0.19743387;0.027846802;0.8447971;[-0.09031077 -0.08920513  0.77515125]
-0.25234848;-0.4247535;0.13114093;[-0.22041745 -0.6223971  -0.10187121]
0.5227758;-0.6487828;0.18779789;[ 0.28471395 -0.6348288   0.04657887]
0.7345352;-0.42612636;0.25858635;[ 0.65725046 -0.64858216 -0.02047265]
-0.09699193;-0.60668486;0.19043374;[-0.12070702 -0.6963928  -0.02021629]
0.07714482;-0.95938736;-0.5538329;[ 0.01837867 -1.213705   -1.3605442 ]
0.31308478;0.034273293;0.76131207;[ 0.18903764 -0.05783988  0.89682525]
-0.29266196;-0.53549176;0.32310095;[-0.29036134 -0.7112959   0.40774992]
0.5790593;-0.5794739;0.25173834;[ 0.323758  -0.6197273  0.1462444]
0.80021787;-0.94243926;-0.5535524;[ 0.9288262 -1.0549842 -0.9078334]
1.1268443;-0.8304812;-0.43485615;[ 1.1775078  -1.0139313  -0.61156183]
1.5741377;-0.65968454;0.15799183;[ 1.2520404  -0.6047569   0.15902041]
2.0716965;-0.36791182;-0.11981803;[ 1.6210021 -0.5758669 -0.258437 ]
0.14588991;-0.12760097;0.7258792;[ 0.10593686 -0.17375574  0.749227  ]
0.7051259;-0.60309476;-0.06705828;[ 0.38560832 -0.53766584 -0.05893124]
1.4690934;-0.36422807;1.6390529;[ 1.4257032 -0.5424421  1.2592248]
0.35679722;-0.008478239;1.6401017;[0.17343637 0.05137287 1.3325546 ]
2.220107;-0.439052;0.98489916;[ 1.9766866 -0.3869394  0.7959267]
0.76699775;-0.5447269;1.2910473;[ 0.3666735 -0.5723456  1.0785246]
0.42806745;0.5205667;1.1195459;[0.29286194 0.2944888  0.8288035 ]
0.8152544;-0.240867;0.18176562;[ 0.88503987 -0.43073213  0.1835559 ]
1.2411767;-0.9342;-0.3446408;[ 1.0928673  -1.0961676  -0.20397648]
0.22461654;-1.0884062;-0.58984536;[-0.0128313  -1.1639861  -0.48571172]
0.2656769;-0.9398584;-0.6300107;[ 0.17833811 -0.9077116  -0.5152168 ]
1.1852204;-0.91598934;-0.45825255;[ 1.03902    -0.9763638  -0.27895057]
0.63668644;-1.3300656;-1.1259704;[ 0.6651401 -1.4415793 -1.2593552]
-0.32352757;-0.6229051;0.2285268;[-0.14744066 -0.62146336  0.32138357]
0.13555846;-1.0863402;-0.70878094;[ 0.0325413  -1.0543562  -0.57236034]
0.19672963;-0.94554096;-0.9951887;[ 0.02424906 -1.1379844  -0.8126717 ]
0.24997476;-1.0858117;-0.68077767;[ 0.18789351 -1.0633698  -0.6101636 ]
0.48196065;-1.477671;-1.7243192;[ 0.32340917 -1.5162708  -1.7740101 ]
0.9482295;-1.0156945;1.1147565;[ 1.1585909 -1.120549   0.4776266]
0.92093056;-1.3472525;0.5111309;[ 1.4957029  -1.396994   -0.09575845]
-0.16589527;-0.6160638;1.797701;[ 0.03781326 -0.676034    1.3311039 ]
0.2561593;-1.0914919;0.8203459;[ 0.33961445 -1.12352     0.26531452]
0.63042104;-1.0894744;0.21972936;[ 0.5076151 -1.0196695  0.2920939]
0.76231027;-1.4828856;-0.68152785;[ 1.0609791 -1.3760637 -0.7496309]
0.29637182;-0.016354337;0.92647254;[ 0.19070388 -0.23306768  0.13343647]
0.62933403;-0.76919395;-0.01177467;[ 0.645268   -0.9353363  -0.26606458]
1.2345749;0.118684694;0.22145987;[1.0908093  0.05919808 0.15304986]
0.17332226;0.079746075;-0.14157267;[ 0.01608141 -0.06430618 -0.12239398]
0.18764947;-0.028424956;-0.104035616;[ 0.12709427  0.05832536 -0.21848501]
0.5075464;-0.41602784;-1.0416286;[ 0.42111468 -0.41779506 -1.0008198 ]
-0.07520965;0.9500485;0.7185647;[-0.24682142  0.7791404   0.67862433]
0.21705164;0.56859004;-0.5645107;[ 0.01225586  0.38482124 -0.33020407]
0.41023993;0.08651397;-1.0614603;[ 0.45596504 -0.19343595 -1.0270357 ]
0.012566581;0.40516096;-0.21402758;[-0.3342147   0.24906911 -0.13504583]
0.51197994;0.43381554;-0.40442568;[-0.0856149   0.16500565 -0.12272118]
0.058327973;0.042102538;-1.0552633;[ 0.13236926 -0.27145398 -0.93971914]
-0.062191054;0.45271885;-0.5740221;[-0.03577559  0.3374232  -0.35371265]
0.50788134;-0.36837435;-2.611188;[ 0.4229254  -0.55839646 -2.2602422 ]
-0.04101029;0.88901955;0.18715265;[0.04506384 0.6715907  0.5357859 ]
1.9792603;0.0031875893;-1.8558761;[ 1.419231   -0.36405295 -0.99864817]
-0.06849283;-0.39898342;0.19006766;[ 0.17302215 -0.55419624 -0.19060817]
-0.11641371;0.0060397834;0.2287337;[-0.02717225 -0.13230923  0.43996722]
0.042990275;-0.9336571;-1.4133205;[-0.00138931 -1.0331806  -1.0701056 ]
0.64166665;-0.5013067;-0.2742624;[ 0.14940462 -0.7172848  -0.15992063]
-0.3574565;-0.48454374;-0.24869937;[-0.5395675  -0.60837525 -0.28270173]
0.33477262;-0.8864928;-1.3110425;[ 0.31899726 -0.92978764 -1.1496531 ]
0.5686189;-1.3250145;-1.8077809;[ 0.7555716 -1.4795393 -1.9523516]
1.7337561;0.11261187;-0.20377526;[ 1.5703516  -0.04788217 -0.02806102]
-0.009383261;0.60713804;0.50430065;[0.0761632  0.40547395 0.5092688 ]
0.3690945;0.012910884;-0.41566467;[ 0.25134864 -0.18945755 -0.5173251 ]
1.3079764;-0.0641467;-0.22746739;[ 1.5803558  -0.40182573 -0.5258258 ]
1.0264071;-0.17472292;1.2996209;[ 0.9302424  -0.35410762  0.5802812 ]
0.17328835;-0.94977146;-0.16676363;[-0.06684701 -0.90087426 -0.3890538 ]
0.23477425;0.57469416;1.9979782;[-0.02675001  0.5062506   1.5582031 ]
0.08218108;0.5569525;2.3493743;[0.12808046 0.45408958 1.9609898 ]
-0.3642931;0.57113564;2.2824495;[-0.26249188  0.45402515  2.182223  ]
0.3601132;-0.40517312;0.9771784;[ 0.5624493  -0.54548854  0.09634566]
-0.1333168;-0.42567837;0.37642914;[ 0.09029706 -0.40072888  0.14343558]
0.2757185;-0.83553433;-0.22380963;[ 0.65286994 -0.73517233 -0.30595118]
-0.12570696;0.056149725;1.4909816;[-0.15157612 -0.03698739  1.0345415 ]
0.30215716;-0.8731644;0.07510501;[ 0.5607667  -0.8788742  -0.48883727]
-0.04117225;-1.0180256;-1.1394835;[ 0.02804109 -0.99686086 -1.2581123 ]
0.9964798;-0.5869376;0.38930857;[ 0.37336543 -0.6973921  -0.11665539]
-0.44287908;-0.4760278;0.81770325;[-0.69445795 -0.48766786  0.33260423]
0.036050543;0.4535262;0.5904902;[0.23547183 0.44949096 0.08963865]
0.061187163;0.0026213378;0.44585845;[ 0.0524729  -0.0462584   0.53869367]
1.0931275;-0.41492862;-0.19492477;[ 0.8486264  -0.5496032  -0.16671598]
0.2558322;-0.40072381;-0.47237593;[ 0.20762853 -0.4060123  -0.35416004]
0.5159366;-0.79408056;-0.83714217;[ 0.65688914 -1.0009476  -0.9222849 ]
-0.10056634;1.0191648;1.329083;[-0.24208088  0.78586805  0.93728536]
0.91931313;0.57839435;0.6019454;[0.8529779  0.3675176  0.31256366]
0.47820085;0.17129658;-0.031890687;[ 0.7467804 -0.0542064 -0.5011272]
-0.26083052;0.81969345;1.2737253;[-0.26885116  0.6874475   1.0483233 ]
0.14986363;0.27767342;-0.076961085;[0.08057263 0.19158225 0.04032527]
-0.47507572;-0.08612688;0.4376262;[-0.2986971  -0.11747886  0.49901506]
-0.72233975;-0.53389347;-0.25347823;[-0.7134566  -0.61968416 -0.23823039]
0.21170665;-0.55878043;-0.48843116;[ 0.10460012 -0.47241503 -0.38671497]
-0.19391496;0.4260158;0.8620412;[0.28986558 0.47774374 0.63297933]
0.07151647;-0.2032399;0.067655414;[ 0.27045572 -0.10127206 -0.25088936]
0.33318722;0.5212648;-0.29169157;[ 0.22945957  0.41451192 -0.11656055]
-0.74379367;0.3472153;-0.25884473;[-8.6281765e-01  2.3712106e-01  4.9533322e-04]
0.23214677;0.38613534;-0.59424424;[ 0.11631764  0.33368462 -0.22235282]
-0.34862405;-0.3946377;0.37252906;[ 0.14637335 -0.49293417 -0.4448683 ]
-0.29599452;-0.0023596436;0.18720126;[ 0.25214976 -0.13324237 -0.04543684]
0.63964623;-0.4106158;-0.23522654;[ 1.6031389  -0.69277877 -0.33321616]
0.17687483;-0.023958728;0.17655392;[ 0.5309655  -0.1896819  -0.13493332]
-0.19200866;0.07680312;0.44653133;[-0.00663196 -0.05244857  0.48594424]
1.4695779;-0.3671292;-0.24866426;[ 1.3053111  -0.618272   -0.23567747]
1.9545311;-0.12180549;0.12719351;[ 1.5946995  -0.10522245  0.31271702]
1.5504894;0.1372129;1.7361714;[ 1.6154001  -0.04907757  1.5260623 ]
0.99074256;0.14538229;1.5832996;[0.9573856  0.07247928 1.33349   ]
1.8605506;-0.25899017;1.6974938;[ 1.3592016  -0.39356142  1.9290937 ]
0.35471922;0.5496458;1.9150348;[0.19723448 0.52507937 1.6438738 ]
2.366899;0.13035825;1.3070605;[2.260906   0.07220213 1.0894439 ]
-0.30898452;-0.3813743;2.2652779;[-0.5162415  -0.41116673  2.5465567 ]
0.7736718;0.021801956;1.1791679;[0.31697464 0.01446114 1.2068356 ]
-0.01445584;0.01801797;1.7007154;[-0.24746783 -0.08500803  1.4338735 ]
0.9044214;-0.465033;0.9929701;[ 0.9357096 -0.596297   0.6413339]
0.89163435;-0.89115274;0.22266448;[ 1.0461245  -0.8838474   0.04145278]
1.6531941;-0.39803642;1.0955034;[ 1.7916223  -0.49097133  0.8881768 ]
0.9948116;-0.7977815;0.40244466;[ 1.1982319  -0.8691242   0.05121607]
1.1934396;-0.7905496;1.5718832;[ 0.7761776 -0.7726358  1.6870874]
0.7481204;-0.760446;1.4670485;[ 0.55787593 -0.8727468   1.4738839 ]
1.9742979;-1.1560687;1.0896076;[ 1.6238716 -1.2766442  1.0370344]
-0.2544979;-0.8940945;2.0228944;[-0.26982749 -0.89556694  1.8193969 ]
1.5583099;-0.364538;0.7282309;[ 1.5534934  -0.49404806  0.66362447]
-0.15653224;-0.39214236;2.473894;[-0.28684872 -0.48306978  2.7297165 ]
0.6350203;-0.8353015;1.350708;[ 0.21369219 -0.9110693   1.5710965 ]
-0.32240552;-0.546113;0.9421519;[-0.57814366 -0.4727164   0.91621387]
-0.052668884;-0.87902987;2.0356963;[-0.47542506 -0.9084636   2.171651  ]
1.3871073;-0.8682118;1.2861918;[ 0.7738333  -0.88219416  1.6395054 ]
0.80805045;-1.8156213;-0.4272502;[ 0.89811707 -1.7459813   0.15513441]
0.2365621;-0.8062605;-0.3313952;[ 0.4121621  -0.7641705  -0.34406033]
0.74284965;-0.9450826;0.4792347;[ 0.510711   -0.93076617 -0.12628748]
0.11977024;-0.22551353;1.8623781;[-0.056758   -0.15452926  1.3179017 ]
-0.40000355;-0.7266759;1.2748247;[-0.5890862  -0.65432674  0.843664  ]
-0.5211702;-1.2791513;-0.39718604;[-0.26565737 -1.0885137  -0.38863292]
-0.41601408;-1.7061578;-0.807519;[-0.08215602 -1.6434394  -0.93518907]
-0.7270691;-1.1933945;-0.23103368;[-0.63815236 -1.2274375  -0.52635014]
-0.40482128;-0.8381867;0.91850877;[-0.29600006 -0.8134895   0.65055144]
-0.42448133;-1.3492001;-0.6107663;[-0.3154332 -1.201023  -0.5082567]
-0.37989914;-1.7320524;-1.3824121;[-0.3840798 -1.671671  -1.6094338]
-0.08836323;0.18232131;0.28828007;[0.0124626  0.01461375 0.21954094]
1.2880088;-0.27254677;-0.3707515;[ 0.8728985  -0.5672643  -0.49542254]
1.7647337;-0.095946;0.74366647;[ 1.5937505  -0.18703817  0.6033866 ]
0.76128405;-0.032812268;1.5972643;[0.5967845  0.01142903 1.158247  ]
0.921356;0.2145318;1.6856086;[0.90678555 0.1676058  1.3031777 ]
2.2084467;-0.010654047;1.3142537;[ 2.0593326  -0.02766325  1.2947726 ]
0.0042969137;0.40169758;2.6859398;[0.09539655 0.37520427 2.307294  ]
-0.29077357;0.39600652;2.5127218;[-0.31556302  0.34801996  2.4667504 ]
-0.37864774;-0.1350341;2.0418427;[-0.4669307  -0.17670457  1.7908617 ]
1.985858;-0.8296685;0.80741894;[ 1.6424547 -0.7746906  0.447823 ]
1.4804558;-0.06842072;2.0408814;[ 0.9431986  -0.00983593  1.7606536 ]
1.0611572;-0.80255073;-0.87765944;[ 0.93511814 -0.97085106 -0.7269869 ]
1.0792681;-1.0652989;-0.550407;[ 1.3673476  -1.2942635  -0.92577404]
0.27202582;-0.55863625;-0.06843366;[ 0.2262228  -0.73284143 -0.5964238 ]
1.7043388;-0.5340843;0.05465005;[ 1.6289792  -0.64526093 -0.29393485]
0.22818834;-0.54637;0.89109635;[ 0.2532489  -0.45860052  0.6200867 ]
1.0969689;-0.41582173;1.1596011;[ 1.2381932  -0.38587743  0.8749599 ]
-0.006457031;-0.034873046;1.329977;[ 0.01966955 -0.13749386  1.4622879 ]
0.34935895;-0.6406032;0.22443879;[ 0.38784707 -0.66125286  0.21313204]
-0.14706732;-0.13584356;1.759494;[-0.1350378  -0.07612872  1.7500082 ]
-0.18978249;-0.5167415;0.4930125;[ 0.3153691  -0.4248175   0.24856637]
-0.11849463;-0.59800863;0.8576155;[-0.24871261 -0.5960789   0.3584378 ]
-0.38757384;-0.9769588;0.3896116;[-0.19982137 -1.0365921  -0.08087675]
-0.32167256;-1.1303861;0.3901792;[-0.18512912 -1.115485   -0.13840073]
0.06926075;0.034501273;0.18331417;[-0.00087965 -0.03082956  0.29671064]
0.043941513;-0.025949128;0.27697706;[ 0.00141233 -0.12671314  0.3175938 ]
0.34438616;-0.45776123;-0.36931908;[ 0.11746337 -0.3840307  -0.38827428]
-0.08049743;-0.97473425;-1.2480187;[-0.08139955 -0.92532074 -1.0855254 ]
-0.41502744;-0.0596395;0.2706198;[-0.17924832 -0.09206635  0.30823806]
0.56718296;-0.53239095;-0.28842407;[-0.01042852 -0.6317928  -0.24582769]
0.0650668;-0.5733679;-0.389789;[ 0.03187643 -0.4746136  -0.39981422]
0.46948612;-1.3668238;-1.7090509;[ 0.5093966 -1.4518567 -1.9145807]
1.8949527;-0.92156667;-1.3535948;[ 1.2495055 -1.1898993 -1.138764 ]
-0.44625616;-0.39304876;-0.45986784;[-0.17551441 -0.5001024  -0.5305476 ]
1.734306;-1.3225554;-2.1744354;[ 1.3096584 -1.6967323 -2.0104773]
0.9899897;-1.3053702;0.53778195;[ 1.0860294  -1.31977     0.18327685]
0.14044836;-1.7275668;-0.28065696;[ 0.5118294 -1.852268  -0.7270736]
-0.08640213;-1.3764547;-0.01259869;[ 0.02307442 -1.3154938  -0.11661799]
-0.34265977;-1.0034602;1.0689491;[-0.24674807 -0.97957325  1.0945865 ]
-0.38970798;-1.4399003;0.03365645;[-0.2878167  -1.481323   -0.21056534]
0.025734589;-1.8508258;-1.3230422;[ 0.16364048 -1.8547657  -1.1968186 ]
-0.055676684;2.0126622;1.1632106;[-0.175532    1.7012242   0.83991104]
1.862571;1.4269111;0.6444343;[1.5350893 1.0488948 0.4166293]
0.5214642;1.0640055;-0.066074505;[ 0.81200683  0.6841795  -0.47156784]
0.43959957;1.4251685;1.8756162;[0.20599793 1.3285826  1.4282938 ]
2.365943;1.0019317;1.2534416;[1.7226356  0.7553443  0.90141994]
0.45350862;1.3720454;1.0259984;[0.3407026  1.111535   0.97139746]
-0.33240068;1.9914235;1.1620264;[-0.31046855  1.7110378   0.99083394]
0.2188346;1.222588;0.058080636;[ 0.3692602   0.91488653 -0.14033918]
0.22233897;1.2203242;0.025053505;[0.3980589  0.99987775 0.030221  ]
-0.23846231;1.8055465;1.1463406;[-0.34431362  1.529708    0.81712025]
-0.53630024;1.4588946;2.1067042;[-0.40651888  1.190542    1.9336343 ]
-0.5063628;0.86190456;1.5628402;[-0.44771814  0.7360227   1.3572539 ]
-0.44271642;1.1917523;-0.7765738;[-0.07740839  0.6306448  -0.8713086 ]
-0.56342024;1.2535194;1.6599388;[-0.5440747  0.7847756  1.2127937]
-0.30025685;0.48848546;0.9184598;[-0.43159056  0.2230394   0.13488673]
0.24704717;1.2836593;-0.039524835;[ 0.39209312  0.89166874 -0.11976208]
0.95911926;0.7293444;-0.4759156;[ 1.2673659   0.27504647 -0.46829343]
0.6189533;1.4932414;0.2786394;[0.2234184  1.0316855  0.44801602]
0.47192115;1.5435585;1.9453627;[0.26529074 1.3480529  1.6717917 ]
0.6813596;1.1272358;0.944396;[0.20699461 0.7989159  1.0088005 ]
0.04848691;1.7980939;1.1921601;[-0.13960965  1.5219032   1.0582443 ]
0.04266553;1.4780997;2.216732;[0.2589571 1.2480173 1.9015708]
-0.59047335;1.3341339;0.44282013;[-0.87161124  1.1445751   0.17212719]
-0.4170742;0.96382755;-0.7220095;[-0.06282879  0.60654986 -0.7108055 ]
0.71530056;1.0826255;1.0918926;[0.48178095 0.9127829  0.9934009 ]
0.090537064;1.0778239;0.50611323;[-0.06732182  1.1874945   0.6999628 ]
-0.030128568;1.0363933;0.49462414;[-0.16548665  1.1185054   0.7045314 ]
0.33956328;0.5929715;-0.22205344;[ 0.11102223  0.7563126  -0.13420594]
0.23874171;0.49000227;-0.16723193;[-0.38292718  0.60923374  0.01130078]
-0.17451175;0.51078385;-0.11497936;[-0.347865    0.52803814  0.07448535]
0.36169297;-0.26136738;-1.4562753;[ 0.38600057 -0.31831962 -1.5909067 ]
-0.12426476;1.1830379;0.41517287;[-0.20553987  1.1021284   0.52193946]
1.2039913;0.75560796;-0.1133309;[ 0.8694259   0.5763416  -0.03598332]
0.16175064;0.6292984;-0.2635894;[-0.17167793  0.57962716 -0.11661616]
1.3187257;0.1776016;0.6880652;[0.31152707 0.24391195 0.17787872]
0.7063313;-0.46474415;-0.43474618;[ 0.01486729 -0.35661882 -0.6738934 ]
-0.06716178;0.602453;1.5899329;[0.18946175 0.5987371  0.9216146 ]
0.013308935;0.13930212;0.999914;[-0.08717529  0.13356762  0.34051904]
1.4381033;-0.2657889;-0.26985672;[ 0.21196891 -0.17984389 -0.5498927 ]
1.3239971;-0.85353994;-0.85591066;[ 0.45586362 -0.7907186  -1.3405892 ]
-0.0050943717;-0.03450057;0.9287807;[-0.2873965  -0.04845107  0.5103844 ]
-0.20219596;-0.43561238;-0.7410238;[-0.22254987 -0.6351333  -1.1261302 ]
1.1314445;-0.49583298;0.26241955;[ 0.49826825 -0.56263745 -0.08131346]
-0.4584152;-0.47961217;-0.25774536;[-0.37368762 -0.48922485 -0.44743907]
0.9288231;-0.669136;-0.3758175;[ 0.09166078 -0.66070646 -0.40628973]
0.17250997;-1.0924588;-0.9773208;[-0.12661518 -1.1426079  -1.4506387 ]
-0.2526514;-0.59005576;-0.68527895;[-0.23300897 -0.51409906 -0.50080144]
-0.3482712;-0.9399031;-1.5310318;[-0.40090787 -0.8132554  -1.5078064 ]
0.11713446;0.41442776;-0.24682462;[-0.11769359  0.33006752  0.04006024]
0.6130607;-0.3421893;0.23002538;[ 0.6910692  -0.3704309   0.19226722]
0.7104996;-0.7900372;-0.3547467;[ 0.5452627  -0.8496086  -0.44189617]
-0.24195753;-0.78808093;-0.31997824;[ 0.18746194 -0.8952186  -0.37677094]
0.17651683;-1.3120214;-0.99003327;[ 0.07455537 -1.3595222  -1.0584337 ]
0.112151965;0.5424219;-0.20499933;[-0.13767882  0.4191892   0.10108709]
0.11144588;0.0651228;-1.0057788;[ 0.11997627 -0.13802703 -0.5482345 ]
0.18639714;-0.41449386;0.19236353;[-0.17079522 -0.48360956  0.30439436]
-0.18178467;-0.39519304;-0.32926857;[ 0.11458981 -0.45735717 -0.5257667 ]
0.27648365;-0.7896171;-0.6858443;[ 1.4036111  -1.0519798  -0.87386376]
0.15649469;0.25318423;-0.08358468;[0.14859179 0.25378966 0.05029674]
0.35379106;-0.9112242;-0.6537558;[ 0.11668901 -1.0659758  -0.49633035]
-0.32267213;-0.9528987;-0.27001935;[-0.1851048  -1.1276954  -0.56245536]
0.12010988;-1.1213762;-0.22620231;[-0.12201948 -1.0854083  -0.31118223]
0.1485776;-0.62606674;-1.4623806;[ 0.11422531 -0.67678785 -1.4589883 ]
0.17228633;-1.4931782;-1.34161;[ 0.14914805 -1.3693796  -1.2808203 ]
-0.051320776;-0.25736564;-0.4309577;[ 0.18999876 -0.25554222 -0.3162026 ]
-0.013016678;-0.40656024;-0.2794271;[ 0.0314794  -0.45837688 -0.22571568]
-0.2276342;-0.80606616;-0.79727805;[-0.24055849 -0.8462757  -0.8843715 ]
0.054542046;-0.7359448;-0.87775064;[ 0.08282585 -0.7199997  -0.990158  ]
0.5405172;-0.27212286;-0.3630608;[ 0.63062894 -0.5254804  -0.3897899 ]
0.752478;-1.1572194;-2.0762763;[ 0.80371886 -1.5290377  -1.7180041 ]
-0.29161286;-0.16821383;-1.1176584;[-0.35540414 -0.35442883 -0.84531325]
-0.07132268;-0.9309735;-1.0672061;[-0.07617916 -0.99044335 -1.1784672 ]
0.025703229;-0.60953015;-0.077529535;[-0.12609546 -0.6075785  -0.20157807]
0.4399336;-0.50997275;0.26773593;[ 0.24965286 -0.49641502 -0.11774692]
0.26863384;-0.98800725;-0.37760472;[ 0.2694036  -1.1466194  -0.82027155]
0.78600377;-0.12421562;-0.8967731;[ 0.67655444 -0.34864414 -0.5610986 ]
0.9645558;-0.5253949;0.31154153;[ 0.9259364  -0.5663835  -0.19214608]
0.098441646;-0.96924406;-0.6252836;[ 0.21765548 -0.93662655 -1.1716181 ]
0.79232615;-0.98361963;-0.064940155;[ 0.69369024 -1.0450269  -0.59979194]
0.47648615;-0.099888965;1.3324866;[ 0.32545024 -0.10487142  0.9504618 ]
0.59968334;-0.6961872;0.65412974;[ 0.5749525  -0.76955414 -0.11760117]
-0.22431438;-1.1234473;-1.2170186;[-0.4234774  -1.1044866  -0.76338786]
0.21040677;-1.5236627;-1.6478552;[-0.07889862 -1.4979585  -1.3262731 ]
-0.2757271;-1.6918377;-2.2152047;[-0.7926947 -1.6774081 -1.98763  ]
-0.35129517;-1.7076851;-2.0479274;[-0.75038546 -1.755182   -1.8939456 ]
0.13915135;-2.089526;-2.769984;[-0.18095966 -2.117853   -2.8132534 ]
0.012923412;0.27573574;-0.7294438;[-0.01495363  0.3729251  -0.5998941 ]
0.86898404;0.20096885;-0.46636498;[ 0.7011859   0.05530025 -0.34161386]
-0.110792086;0.14397296;-0.7233316;[-0.15144898  0.2760679  -0.6516867 ]
-0.6783141;-0.26424158;-1.4691665;[-0.5491622 -0.3227557 -1.3648742]
0.43984056;-0.18439828;-1.6738887;[-0.04554413 -0.19471343 -1.4646553 ]
-0.2779914;0.79846257;0.062537566;[-0.23261596  0.7483707   0.14043196]
0.831181;-0.32427764;-1.4066902;[ 0.7882958  -0.52583987 -1.0947698 ]
0.8427202;-0.0036994964;-0.65080154;[ 0.6612909   0.03886284 -0.21579583]
-0.22370012;-0.8446792;-3.023541;[ 0.21715844 -0.9266365  -2.6003408 ]
0.96252865;-0.029140055;-0.6370289;[ 1.0306003   0.07231534 -0.43813032]
1.0419104;-0.4338501;-1.8650315;[ 0.9850443 -0.5841506 -1.3042125]
0.6530326;-0.46826982;-1.8371956;[ 0.70621717 -0.4141593  -1.4162176 ]
0.33000273;-0.8570585;-3.1649356;[ 0.356955   -0.95613384 -2.5209987 ]
-0.2766633;-1.2099458;-4.3174806;[ 0.6100809 -1.3363999 -3.685215 ]
0.5042794;0.13739541;-0.77244985;[ 0.56186163  0.09541415 -0.35194555]
0.016522236;-0.39229262;-2.0061526;[ 0.23559232 -0.54579043 -1.4601294 ]
0.6242557;-0.7582249;-3.1419096;[ 0.9150207 -1.0956703 -2.383857 ]
0.059609488;-0.7477405;-3.266881;[ 0.39916041 -1.0104493  -2.4581482 ]
1.543288;0.82501477;-0.4418127;[ 1.1690394   0.59346384 -0.00449266]
0.443789;0.8226366;-0.8933803;[ 0.12517735  0.66108984 -0.5856021 ]
0.045627333;0.71396047;-0.9321563;[-0.3220393   0.49642545 -0.32352984]
0.057751633;0.74525064;-0.9821712;[-0.05744107  0.6671028  -0.616114  ]
-0.47373933;0.34198123;-2.1984177;[-0.48519295  0.09897137 -1.5145909 ]
-0.16679485;1.2867061;0.21412335;[-0.35073555  1.1422813   0.60153645]
1.2197858;0.8423074;-0.5432825;[ 0.88260245  0.60609317 -0.0347703 ]
-0.787012;0.8875093;-0.63374996;[-0.8534366   0.77125454 -0.20105743]
0.21686725;0.0012228042;-0.71168935;[ 0.12804496 -0.02039137 -0.54757315]
-0.032064974;0.30683684;0.07709672;[-0.03990497  0.2294775   0.5326794 ]
0.92620176;-0.077375546;-0.51103723;[ 0.80713326 -0.22580965 -0.22331692]
0.36208647;-0.05743994;-0.79929054;[ 0.07107431 -0.07884839 -0.550165  ]
-0.17152892;-0.53171027;-1.5878682;[-0.3102646 -0.6300474 -1.4574732]
0.56493145;-0.4631828;-1.8277402;[ 0.051998  -0.5440004 -1.6736459]
1.4236443;0.9195512;-0.009765569;[1.2393669  0.6227115  0.23342974]
0.8941167;0.58944243;-0.6781233;[ 0.76080394  0.3114221  -0.8996858 ]
0.7323239;0.55095893;0.8851305;[0.3986982  0.49070072 0.6357924 ]
-0.28307855;0.44930184;1.6338413;[-0.2139967  0.4064005  1.2769498]
0.71375024;0.04585756;0.83891624;[ 0.7895244  -0.04567268  0.6275689 ]
0.2150147;-0.27531815;0.13607417;[ 0.5272236  -0.39727122 -0.28970015]
-0.23291428;1.3887423;0.6293243;[-0.36913234  1.305048    0.83627486]
-0.58711153;0.49916875;1.1195809;[-0.42759275  0.43503594  1.3792952 ]
-0.2927568;0.059537306;-0.14710355;[-0.10067265 -0.0250782  -0.0420807 ]
-0.15939577;1.4432976;0.7932683;[-0.23526837  1.2750489   0.9644761 ]
0.46783584;0.64897496;0.061586834;[ 0.08770092  0.6239031  -0.18183203]
-0.72798157;0.9327933;1.8220605;[-0.62544906  0.82494056  1.8428181 ]
-0.6457494;0.36738074;0.97306496;[-0.5657322   0.32216024  1.3066019 ]
-0.25435817;0.8775075;-0.3815359;[-0.6120986   0.6852449   0.01027619]
-0.20290251;-0.12802579;0.26772928;[-0.52550495 -0.24369617  0.0905297 ]
-0.43386513;-0.5529066;-1.1835688;[-0.15962239 -0.71393126 -1.3108399 ]
-0.091957465;0.98401964;-0.6599692;[-0.2019407   0.6607453   0.03540896]
-0.42707294;1.2813781;0.47295102;[-0.46045095  1.1688873   0.76319915]
-0.52207583;0.37014318;1.470362;[-0.5312679  0.3286885  1.15884  ]
-1.033071;-0.06298344;0.35997197;[-1.0820156  -0.13596322  0.26582906]
0.85915273;0.49621195;1.0308294;[0.61876315 0.4421906  0.7295392 ]
1.0705097;0.1304039;-0.3074454;[ 0.74575317  0.03890257 -0.08403511]
-0.0060156584;1.3419403;0.4532643;[-0.14774232  1.1933148   0.6158747 ]
-0.005891517;0.9442669;-0.6174331;[ 0.11244914  0.7734658  -0.42911705]
1.5470369;0.92917556;-0.34875166;[1.3188946  0.6513822  0.09997064]
0.66854143;0.5934814;-1.3393829;[ 0.6047992   0.27969497 -1.0332044 ]
-0.0884407;1.3106679;0.28433576;[-0.24497496  1.1331792   0.5434771 ]
0.8536197;0.8606557;-0.3798162;[ 0.83397484  0.57719666 -0.12158862]
0.3143328;0.92298865;-0.8104635;[ 0.0271783   0.76209265 -0.5381411 ]
-0.32287383;0.4211697;-1.8579069;[-0.28679806  0.2111171  -1.5271972 ]
0.16476882;0.81153244;-0.78523564;[-0.16430192  0.5712021  -0.35227433]
-0.21118413;0.38933015;-1.5000663;[ 0.0081532   0.07754658 -1.1711358 ]
-0.4814039;0.43506587;-2.0078454;[-0.33797652  0.17967534 -1.4930738 ]
0.43948412;0.5191423;-2.120316;[ 0.11477119  0.28635424 -1.6388737 ]
0.30240268;0.81105214;-0.81858283;[ 0.06945711  0.5696672  -0.43376094]
2.3066912;0.79892987;-0.35064745;[2.0268836  0.4206509  0.12631588]
-0.11248393;1.4780971;0.41943997;[-0.28788012  1.2349961   0.8353743 ]
-0.03173013;1.1455709;1.9641246;[0.06267692 0.96812963 1.7771391 ]
-0.27585602;0.9442125;-0.54171443;[-0.3416612   0.6690362  -0.19740112]
-0.100449905;-0.021831185;0.22871864;[-0.14790054 -0.27662545 -0.09905095]
-0.022786096;1.0178411;1.5884632;[-0.17448689  0.99627197  1.2671266 ]
-0.019885778;0.88722867;-0.5011216;[-0.27203876  0.6965349  -0.14437394]
0.53260547;-0.05811155;0.6271053;[ 0.49213147 -0.11873458  0.04130833]
1.5017675;0.954936;-0.12297374;[1.1459469  0.68492883 0.12961343]
-0.39726818;0.18665549;0.60132277;[ 0.12172177  0.05359231 -0.1698368 ]
-0.025439933;-0.071378425;-0.2944721;[ 0.25426522 -0.37112123 -1.5819818 ]
-0.08096634;-0.4538259;-1.6516602;[-0.40067023 -0.514122   -1.173654  ]
0.23794386;1.0320468;1.9273144;[-0.04215519  0.95272875  1.5434128 ]
0.05458501;1.0186696;2.282692;[0.09429488 0.9124545  1.9298422 ]
1.0365157;0.6392296;1.5269406;[1.2355666 0.451953  1.1863645]
0.96120816;0.6420298;1.2867634;[0.7039917  0.60140735 1.0466754 ]
0.26163542;0.45810664;1.2648947;[-0.11683719  0.35852748  0.7720724 ]
0.40424955;0.077149376;0.21485816;[ 0.39759743  0.03031988 -0.03431216]
-0.039617196;0.4739818;1.611018;[-0.06141941  0.34725773  1.168305  ]
0.4331727;0.63224334;1.0374831;[0.1980716  0.49850857 0.9533357 ]
0.95226514;-0.27363515;-0.44029528;[ 1.1133101  -0.38153553 -0.9459749 ]
-0.25075084;0.59048694;1.444679;[-0.3998176   0.44103754  1.1788865 ]
0.3420027;-0.14548232;-0.30920944;[ 0.71568733 -0.2746992  -0.1659423 ]
-0.22433026;0.5928522;1.4350333;[-0.23041771  0.4087519   1.2730497 ]
0.6728578;0.16904628;0.78569865;[ 0.8803662  -0.03114694  0.52515113]
0.13684216;-0.22564216;-0.004011791;[ 0.54040855 -0.4062252  -0.37338772]
-0.29834992;-0.38275337;-1.1486647;[-0.1572947  -0.52943134 -1.240856  ]
0.09010241;-0.0018350556;0.3452617;[ 0.04096092 -0.23140375  0.16508824]
-0.7623108;0.118613884;0.73020285;[-0.82801604  0.05604651  0.4957237 ]
-0.384718;0.12881508;-0.11714125;[-0.10511027  0.04390455  0.23688264]
-0.22836344;-0.291556;-0.6555184;[ 0.0858479  -0.25406444 -0.46336776]
-0.23155849;-0.67127997;-1.1047232;[-0.05271481 -0.78907776 -1.0227367 ]
0.18139969;0.060264505;0.2570189;[0.13781348 0.1646368  0.21007721]
-0.1252691;-0.33867943;-0.6024906;[ 0.08449832 -0.27176547 -0.49375793]
0.13243786;0.03802245;0.28929654;[0.07028542 0.14266422 0.29124704]
0.48220855;-0.41216177;-0.3725025;[ 0.11832988 -0.47724235 -0.28281042]
-0.11764127;-0.40469092;-0.3135985;[-0.25378817 -0.44218457 -0.40808925]
0.2716521;-0.2718768;-0.5849209;[ 0.3550849  -0.47769904 -0.45206204]
-0.4939549;-0.3878019;-0.76986676;[-0.1372052  -0.43921614 -0.5889908 ]
0.6727386;-0.7602214;-1.4849317;[ 0.4723282 -1.0421323 -1.2734982]
0.05738701;0.41931581;0.24758723;[0.12910406 0.38084608 0.40137294]
1.364191;0.032647815;-0.5222509;[ 1.0895262  -0.11679669 -0.09328498]
0.60463333;-0.31977975;-1.2352642;[ 0.5721231  -0.45195532 -0.9135012 ]
0.016601808;0.36383033;0.21102412;[0.08123818 0.293634   0.36873102]
0.2812925;-0.004047416;-0.6833688;[ 0.16577068 -0.05572958 -0.5209511 ]
-0.37950194;-0.50485206;-1.6482086;[-0.24561553 -0.54894024 -1.3224996 ]
-0.3189544;0.3366959;0.24018538;[-0.1583444   0.29658794  0.41936126]
0.08111517;-0.08925176;-0.72691095;[ 0.12153695 -0.09273791 -0.5605766 ]
0.3224144;-0.880187;-2.2648287;[ 0.3377826 -0.9737432 -2.2735236]
1.846327;0.30474973;1.3913568;[1.1553305 0.2568209 0.9394837]
0.23516001;-0.40113664;0.054672662;[-0.04408015 -0.59207225  0.5771715 ]
0.33290827;-0.9732377;-0.6160726;[ 0.22880417 -1.1239246  -0.43584922]
0.37475044;-0.49308592;0.68544877;[ 0.22369878 -0.49523658  0.6736516 ]
0.7504918;-0.30795932;-0.98562;[ 0.44710916 -0.5080297  -0.98994344]
0.041466758;0.40702647;0.44685274;[0.12605458 0.3797195  0.6788284 ]
1.1577392;-0.010208361;-0.20449519;[ 1.0406423  -0.12166473 -0.0423568 ]
0.38380337;0.022730716;-0.55879533;[ 0.12396073 -0.01589585 -0.43969002]
0.0036806017;0.098481715;1.9419737;[0.2187125  0.06870464 1.4959651 ]
0.6919203;-0.2731871;0.9890086;[ 0.67287964 -0.27117103  0.72343904]
0.9491994;-0.31999516;1.1428754;[ 0.8397025  -0.3568648   0.72530293]
0.95174474;-0.6432056;0.43725383;[ 0.84898186 -0.73859847  0.10463838]
-0.15787359;-0.49675018;1.240984;[-0.14726977 -0.44441372  1.0057429 ]
-0.3798498;0.1351107;1.7523793;[-0.30686724  0.165198    1.7752811 ]
0.2176157;-0.28435433;0.44372386;[ 0.26707885 -0.26832318  0.5982583 ]
1.0331016;0.06882817;-0.15356308;[ 0.9148846  -0.10911162  0.04398248]
1.294779;0.056170467;-0.17397697;[ 1.0020512  -0.00401422  0.09243228]
-0.4054305;-0.019400217;1.6850533;[-0.30702806  0.03956564  1.6752158 ]
-0.4707846;-0.47260916;0.8574109;[-0.38039827 -0.41825765  1.1468078 ]
0.35435778;-0.077099636;-0.6794064;[ 0.11693421 -0.08427419 -0.49916688]
0.36951566;-0.41453576;0.37685964;[ 0.21751952 -0.34928292  0.49949023]
0.025315791;-0.9108863;-0.47657067;[-0.14006628 -0.9766234  -0.3378168 ]
-0.44706243;-0.39980364;1.2398967;[-0.5277823 -0.4358763  0.9459011]
0.1482503;-0.10416566;-0.13955201;[ 0.10961583 -0.27265102 -0.47332525]
0.09421082;-0.0036158115;-0.48799276;[-0.28361267 -0.17340502 -0.11205494]
-0.3399154;0.5280365;0.5573755;[-0.15515007  0.3906778   0.74437237]
-0.42120433;-0.46618706;1.3889039;[-0.33518857 -0.38809407  1.1003339 ]
-0.42228478;-0.0924782;-0.3533673;[-0.78847516 -0.16417915 -0.32996583]
0.30421498;-0.08676863;-0.5899019;[ 0.17367281 -0.10048454 -0.55987316]
0.6894215;-0.41155028;0.9274343;[ 0.59672385 -0.42530632  0.60772663]
0.077863894;0.48298055;0.33261105;[0.14703344 0.39396662 0.46100616]
0.09731809;0.09171939;-0.6341496;[ 0.2637415   0.0017594  -0.45049578]
1.4841233;0.09543326;-0.42322323;[ 1.2391236  -0.08439331  0.00680403]
-0.26189417;-0.43479997;-1.5445077;[-0.1398202 -0.5094558 -1.248189 ]
-0.32276297;0.4003392;0.33042455;[-0.13379149  0.32900935  0.46787217]
-0.18735231;-0.4369912;-1.4060692;[-0.17081533 -0.5508161  -1.1959339 ]
1.1089958;0.08164853;-0.41575283;[ 0.9194596  -0.17853694 -0.24960001]
0.6091506;-0.4169597;-1.5853935;[ 0.48008418 -0.6675112  -1.203439  ]
-0.010062277;0.91059387;0.3848473;[-0.07031365  0.7736541   0.7213922 ]
1.8578209;0.47436994;-0.43307918;[1.6054008  0.21862969 0.15264884]
1.2118698;0.6138373;0.01346438;[0.932148   0.40164876 0.08068191]
1.0589286;0.5374928;-0.11371598;[ 0.8679579   0.24330242 -0.07136863]
0.3788823;0.16750875;-1.098867;[ 0.4367342  -0.16542548 -1.0978581 ]
-0.046191946;0.44393748;-0.22901976;[-0.33348322  0.2912518  -0.1839029 ]
-0.38471782;0.9422087;0.60240716;[-0.3102041   0.76293015  0.6926662 ]
0.33464086;0.18068284;-1.6559503;[ 0.07674298 -0.10395129 -1.5308057 ]
1.731795;0.03462269;-1.5269264;[ 1.4282838  -0.29446024 -0.87172323]
-0.36654586;0.5154839;-0.30551696;[-0.22886436  0.36305076 -0.33952647]
1.6688241;-0.37228304;-2.6830275;[ 1.5123514 -0.8055077 -1.9569155]
0.19773543;0.17333332;-0.09439345;[ 0.16954231  0.0727789  -0.10555874]
1.330307;0.18682578;-0.120574385;[ 9.0608168e-01  2.5054812e-04 -6.4873919e-02]
0.1363733;0.52613014;0.5381626;[0.16451791 0.38254225 0.5760233 ]
1.2075102;0.10571766;-0.022201415;[ 1.0002896  -0.06580248  0.01698185]
0.3906451;0.124146625;-0.14499058;[ 0.14637873  0.05698524 -0.07658896]
0.5274914;-0.32101136;-0.65126026;[ 0.5956037  -0.49665606 -0.6614601 ]
0.6967904;0.029398948;0.05590329;[ 0.3172112  -0.19677036  0.09515607]
-0.038273737;-0.4204026;-0.8397804;[ 0.0223646  -0.51800424 -0.80681235]
0.046591796;-0.4137838;-0.6913866;[ 0.07702254 -0.3465492  -0.6361919 ]
1.1382518;-0.3911962;-0.6008755;[ 0.839762   -0.4195233  -0.31176513]
0.17090592;-0.45706397;-0.7498586;[ 0.05508165 -0.36239374 -0.6008951 ]
0.44387394;-0.88863784;-1.3306632;[ 0.41348165 -0.95331943 -1.2929276 ]
-0.115986854;-0.94329554;-1.8222747;[-0.20822327 -0.9165658  -1.5429331 ]
-0.20113651;-0.96704;-1.5817609;[-0.19642963 -0.9685918  -1.5470833 ]
0.3269021;-0.9010787;-1.7923797;[ 0.07740451 -0.8634461  -1.7106813 ]
0.3692928;-1.3437539;-2.493046;[ 0.36934918 -1.4267913  -2.5930705 ]
1.548065;-0.44590122;-0.719532;[ 1.1533751  -0.6129564  -0.38647035]
0.6999518;-0.8947359;-1.4231571;[ 0.5324652  -0.86386883 -1.2986847 ]
-0.2949065;0.89725995;0.65262043;[-0.1446539  0.8578112  0.282439 ]
2.2026608;0.75001293;0.39639115;[2.303905   0.40444064 0.6873922 ]
-0.09688185;0.6021163;-0.4101871;[-0.03617059  0.3637963  -0.4344918 ]
0.29892978;1.275683;0.76131636;[0.00711317 1.2337303  1.0257609 ]
0.42477053;0.79719585;-0.3810151;[ 0.21073471  0.82709724 -0.27085057]
1.8536481;-0.015732914;-1.7563543;[ 1.7704079  -0.10388035 -1.4107084 ]
1.8320531;0.63227564;0.34090883;[1.980354   0.36245346 0.50242555]
0.9205461;-0.18287338;-1.4284737;[ 0.6465259 -0.5576642 -1.4440196]
1.4346764;0.04335684;-0.83750546;[ 1.5501359  -0.02458394 -0.83631855]
-0.2933032;0.4737532;0.80858976;[-0.03080876  0.43101406  0.92071015]
0.3416422;0.6147588;-0.14980936;[ 0.09717681  0.47469133 -0.089514  ]
0.7199246;-0.12588362;-0.9545405;[ 0.56842005 -0.11396317 -0.9303215 ]
0.45708406;-0.3459527;-1.3959715;[ 0.56645656 -0.28056884 -1.133012  ]
0.4859386;-0.704604;-1.9401734;[ 0.9333619 -0.7777446 -1.9367834]
0.7817014;0.03374665;-0.3571682;[0.615609   0.23929285 0.0472717 ]
0.4262522;-0.6757727;-1.9128773;[ 0.7957555  -0.75728804 -1.7863772 ]
0.0065296367;-0.59887934;-0.67947966;[ 0.38176978 -0.7266939  -0.7428742 ]
0.8571208;-0.24014877;-0.27225593;[ 0.660094   -0.29567218 -0.11509442]
1.1114948;0.06852956;-0.09223126;[ 1.1158131  -0.05941735  0.00802837]
1.1852134;0.089662015;-0.22633877;[ 1.0397446  -0.01426288  0.18326929]
0.2643016;-0.3001927;0.70746624;[ 0.21327773 -0.25948858  0.76219803]
-0.47222883;-0.38879323;1.16446;[-0.26989132 -0.34418964  1.4113632 ]
-0.412026;0.106478244;1.9264932;[-0.27702183  0.13772848  2.0047305 ]
-0.4588011;-0.3823493;1.0859339;[-0.2640168  -0.30745047  1.5028551 ]
0.21826674;-0.2988578;0.62929034;[ 0.36220276 -0.3053218   0.74279636]
0.36401105;0.073721625;0.5771577;[0.56794924 0.02856901 0.6457896 ]
-0.062757894;0.85548836;1.8023868;[-0.10390182  0.58079034  1.4526969 ]
0.20473361;0.29153162;0.77131367;[0.03909884 0.05057258 0.33447257]
0.3918705;-0.12056433;0.4036384;[ 0.42431366 -0.26785976  0.16358033]
0.3988517;-0.20490514;0.46241173;[ 0.4377508  -0.40201145  0.06422903]
1.2856905;-0.13207948;0.08075802;[ 0.916917   -0.23364021  0.03758958]
1.3747967;-0.5741098;-0.2363466;[ 0.92595345 -0.78334683 -0.47378936]
2.3926497;-0.30255407;0.37390393;[ 2.3783326  -0.2717718   0.35746542]
1.7935405;0.110920794;1.3221948;[1.8147272  0.16770266 0.731072  ]
1.5838164;-0.019363865;0.7937077;[1.2100043  0.1467607  0.36644587]
2.3587728;-0.3938557;0.49707448;[ 2.001417   -0.3461085   0.22676541]
0.7335368;0.2446079;0.55108565;[0.20311274 0.06573095 0.56765574]
3.490368;0.041692656;0.6215311;[3.3065534  0.03770758 0.49219432]
1.5028881;0.7988433;1.9368889;[1.0237461  0.77393043 1.7480649 ]
4.018404;-0.31093556;0.33628368;[ 3.339211   -0.38342774  0.591575  ]
2.409688;-0.3629614;0.13106993;[ 2.2169037  -0.26714593  0.24507977]
0.31121296;-0.38415718;0.95701134;[ 0.53511316 -0.3503912   0.6731139 ]
1.0339625;-0.17993502;0.2227149;[ 1.2833307  -0.26605648  0.25418118]
1.84352;-0.11498794;0.37033138;[ 0.99029607 -0.32697207 -0.08086053]
0.51662153;0.0009871349;1.4433022;[0.49513787 0.07588452 0.98354656]
0.42175055;-0.029202864;0.92525864;[0.369417   0.06077913 0.5808055 ]
0.3651464;-0.4413411;0.04184455;[ 0.5928021  -0.5268854  -0.25335765]
-0.12164141;0.07005168;0.22766125;[-0.113472    0.01950172  0.5277308 ]
0.8851614;0.33900326;1.0278102;[0.48892462 0.29756027 1.0407017 ]
0.9050189;-0.5866184;-0.5973053;[ 0.4701646  -0.67324173 -0.42597345]
0.2722562;-0.38840902;-0.032850098;[ 0.23683858 -0.40230078 -0.07739234]
0.5973425;-1.0043668;-0.7044625;[ 1.0187869 -1.0363513 -0.6592833]
0.6984584;-0.75551766;-0.72986835;[ 0.744009   -0.7553119  -0.61243707]
-0.47465438;0.020965308;1.840405;[-0.2291997  -0.08838777  1.9508977 ]
1.0356396;0.13343562;0.6742203;[0.8646569  0.06904338 1.0181981 ]
-0.54721296;-0.60469973;-0.9712846;[-0.26963097 -0.7046703  -1.1160516 ]
2.5812185;-0.027594537;0.9032484;[ 2.3884308  -0.03985359  1.1292379 ]
-0.22167616;-0.33438975;-0.31192344;[-0.27833766 -0.3852077  -0.4761081 ]
-0.31062353;-0.81890726;-0.83383083;[-0.03758155 -0.80592346 -0.95665246]
1.0223012;0.21033661;0.16702493;[ 0.06622456  0.13204336 -0.18391591]
0.062094815;0.21702573;0.5639546;[0.03599723 0.16963768 0.1832247 ]
0.70666397;-0.68500084;-1.080482;[ 0.6048144  -0.7540452  -0.85194355]
0.430811;-0.73188186;-0.99973464;[ 0.47131217 -0.9009805  -0.9575475 ]
0.029663652;0.063711986;0.32471126;[ 0.05478509 -0.04955957  0.5003287 ]
-0.17883877;0.7929825;1.5889099;[-0.05312295  0.785646    1.3482288 ]
0.11871773;0.85217947;0.9640519;[0.1995488 0.6654091 1.1777651]
0.09008012;1.0024359;0.8483827;[0.26886836 0.80810696 1.0530901 ]
1.5995194;0.5401109;0.295085;[1.6367384  0.25433964 0.47919443]
0.10534948;0.501026;1.9425644;[-0.3313107   0.2643286   0.99536115]
0.7859686;0.06275514;1.5040133;[0.3664999  0.03075595 1.3883554 ]
0.06005802;-0.042214446;1.7665927;[ 0.06011057 -0.04436399  1.9696485 ]
0.7880154;-0.4866621;0.3000552;[ 0.29045686 -0.4244755   0.64629906]
0.11163072;-0.77022326;0.70514077;[ 0.27880055 -0.73701483  0.66569084]
-0.39241397;-1.583585;-1.8851185;[ 0.10383584 -1.7756643  -2.3936048 ]
1.9059833;-0.71150166;0.8475237;[ 1.7487898  -0.5442559   0.67328775]
2.1090345;0.14690906;1.3032306;[1.7136638  0.02240324 1.1241369 ]
0.19524229;-0.700421;1.1247716;[ 0.5274313  -0.62365687  0.93335885]
-0.10800268;0.11665438;1.644048;[-0.3472587  -0.02684259  1.400567  ]
1.0180702;-0.34795249;0.9542967;[ 0.88716483 -0.56806904  0.65923566]
-0.55296004;-1.3977486;0.6811633;[-0.37994897 -1.3163084   1.0325301 ]
-0.030692026;-1.5434622;-1.3898492;[ 0.49805832 -1.6607977  -1.7510959 ]
1.5501264;0.3200794;1.9604682;[0.81890446 0.3938691  1.9107966 ]
-0.364905;0.34069812;1.8666995;[-0.22030427  0.26435757  1.2904259 ]
1.3865258;0.78619355;1.2405813;[0.77324456 0.6085792  1.0280883 ]
-0.21587346;0.54780847;0.82921714;[0.2795826  0.47522902 0.5349245 ]
0.76632833;0.048864037;0.29209843;[0.26962394 0.14987345 0.08086072]
0.13622142;0.05678519;-0.050881896;[ 0.3133938   0.03412652 -0.06303735]
0.9608783;0.3362813;1.2763035;[1.8074603 0.3089013 1.2901925]
1.5404;0.19362354;-1.1462029;[ 1.3602706   0.01134627 -0.75970054]
0.12858176;-0.2582807;-0.41576993;[ 0.1867879  -0.24438553 -0.3535274 ]
0.68520886;0.6600737;1.3338591;[0.45124143 0.5444378  0.9930882 ]
1.8103161;-0.10692836;-0.0418203;[ 1.671506   -0.1495821   0.30783972]
0.34956557;-0.39811903;-0.39821076;[ 0.5311984  -0.42064422 -0.09101473]
0.5843852;-0.41543502;0.021321494;[ 6.7634773e-01 -4.0593761e-01 -1.2727454e-04]
-0.37287313;-0.16830243;0.70642245;[-0.17079125 -0.2835372  -0.06611095]
0.32037354;0.042819474;0.38665634;[0.69531333 0.28620815 0.73575455]
0.014435887;0.5092717;0.788989;[0.29042917 0.5066214  0.2499279 ]
0.12358295;0.6630868;2.274898;[0.29565096 0.5482811  1.9124144 ]
0.90472966;0.20503502;1.450969;[1.0563445 0.2683465 1.0611684]
1.3994938;0.009883795;1.3892304;[1.3454161  0.04847988 1.1083983 ]
2.0733967;0.04383769;1.4481148;[2.259019   0.05987616 1.0731401 ]
-0.15099294;-0.35956192;0.5042542;[ 0.04827338 -0.5039751   0.43429762]
0.39202517;-0.89740837;-0.3427756;[ 0.841077   -0.969332   -0.30069995]
1.4499139;0.58018875;0.5435519;[1.3065141 0.504748  0.5413644]
-0.035632163;0.35433757;0.7465229;[0.18650813 0.36128575 0.1681794 ]
0.36899316;0.48486805;0.26587555;[0.40055025 0.36160195 0.10494262]
0.18483427;0.35815746;0.5311037;[0.2289332  0.4304226  0.17438488]
0.16820666;0.36124867;0.66032183;[0.2919106  0.42828548 0.13005073]
0.07732221;0.8442074;1.163611;[0.08823712 0.7404567  1.1404017 ]
-0.2096044;0.74435407;1.5251973;[-0.2331235  0.7020357  1.1803426]
1.3563511;0.46286017;0.38736647;[1.0663813  0.3874337  0.38387313]
0.77716064;-0.4625522;-0.061045613;[ 0.8231216  -0.47269237  0.0360039 ]
-0.11539556;0.928395;0.22466743;[-0.17638646  0.78216916  0.417102  ]
0.33520508;-0.17305015;-0.417148;[ 0.5603022  -0.411079   -0.35263678]
0.16077754;-0.1071652;-0.030005809;[ 0.17605984 -0.21625088  0.11400676]
1.1232957;-0.32633382;1.1028543;[ 1.1673644  -0.13018863  0.8963615 ]
1.15054;-0.9175043;0.14932993;[ 0.95275605 -0.7696816   0.40327778]
1.7710916;0.49531096;0.5394884;[1.7485112  0.3628363  0.69965833]
2.3017898;-1.2649182;-0.5324022;[ 2.2159634 -1.2035946 -0.3860472]
0.95296884;-0.68684864;-0.10886374;[ 0.8239081 -0.6110822 -0.692575 ]
0.82847506;-0.6261576;-0.7085118;[ 0.7872016  -0.77951145 -0.49817827]
1.4892956;0.49421328;-0.045472857;[1.2584794  0.3141834  0.19280206]
1.3879584;0.072514236;-0.15928937;[ 1.0213703  -0.08739454 -0.08880656]
0.66061836;-0.11019227;1.2021511;[0.46194178 0.0566327  0.81707805]
1.9216799;-0.11638543;1.2962132;[ 1.9335439  -0.10364676  1.0345534 ]
1.060173;-0.24497084;1.2784785;[1.0603182  0.04801127 1.0409039 ]
1.5741519;0.04945866;2.1486077;[0.88294667 0.1999534  1.5744481 ]
0.12542678;0.86716443;2.0880303;[0.18751362 0.64036894 2.0616968 ]
-0.38376653;0.90689325;0.8315133;[-0.38461143  0.7394536   0.89078397]
-0.37521017;-0.021299332;0.36942428;[-0.17307402 -0.068092    0.4687846 ]
1.0806358;-0.05291105;-0.38330662;[ 1.0792317   0.1235615  -0.08756766]
0.35393807;-1.0818285;-0.5885598;[ 0.6910433 -1.0879085 -0.5194916]
1.0613258;-1.0208796;0.16008472;[ 0.8377944  -0.77068305  0.26962662]
1.7736338;-1.4189603;-0.6030348;[ 1.6158657 -1.3116686 -0.7154937]
-0.35709095;0.45554322;1.317898;[-0.03543474  0.45565826  0.82216513]
0.38113177;-0.7926193;-0.6856661;[ 0.3793505 -0.8946574 -0.7526198]
0.70967275;-0.4697979;-1.5965624;[ 0.9246727  -0.31773221 -1.2277368 ]
0.86393374;0.19850037;0.31776324;[0.29682338 0.1189023  0.24248745]
0.31257498;-0.5256311;-0.42816895;[ 0.49869257 -0.48811495 -0.14954983]
0.5486526;-1.0892497;-1.5072225;[ 0.85451436 -1.0008191  -1.0429553 ]
0.7706475;0.43316102;1.6878138;[0.5853667  0.31378335 1.6325036 ]
1.2461257;-0.45132267;0.68717283;[ 1.1204435  -0.49828535  0.15956055]
-0.24977048;0.25823796;-0.40927988;[-0.3126822   0.18451284 -0.2137834 ]
-0.7777774;-0.21198978;-1.3645463;[-0.4581471 -0.2688002 -1.1736974]
-0.13205619;-0.6673633;-0.9625709;[-0.20211427 -0.7893714  -0.948599  ]
0.16136463;0.053478688;-0.3518499;[ 0.0214372  -0.11740682 -0.13411605]
-0.2493761;-0.36066276;-1.3295515;[-0.1660793  -0.53535444 -1.0831811 ]
-0.48814255;0.35558933;2.0616443;[-0.27504194  0.14772087  1.2610717 ]
-0.14105646;-0.28767997;0.9621215;[-0.09479614 -0.405388    0.5967012 ]
0.7747918;0.4544013;0.8536952;[ 1.069517   -0.04394595  0.35313222]
0.32388312;-0.9218847;-0.8756943;[ 0.4470078  -0.97462606 -0.9207437 ]
0.62867457;-0.98709804;-0.9325004;[ 0.43774676 -1.0775194  -1.0924224 ]
-0.53061104;-0.2376556;1.329854;[-0.43331212 -0.42632723  0.23835509]
2.1584053;-1.0862073;-1.3646944;[ 1.3319817 -1.1910616 -1.0711776]
0.4685315;-1.5200993;-2.2357802;[ 0.5351981 -1.6172062 -2.2847083]
0.8978368;-0.029855087;1.5226717;[ 0.7204309  -0.03647463  1.2653383 ]
0.3766445;-1.2776955;-1.3241436;[ 0.8847212 -1.2167523 -1.0044777]
-0.48528153;-1.1681225;-0.42137602;[-0.3004033 -1.252809  -0.5645813]
-0.27429253;-1.1045314;-0.3162379;[-0.0774055  -1.2274088  -0.27476558]
-0.146176;-1.5360574;-1.5942088;[ 0.16445372 -1.5865527  -1.9066318 ]
-0.22432984;0.85050565;-0.07626158;[ 0.06447479  0.43735033 -0.55511254]
0.27156276;-0.29394054;-1.70203;[ 0.47013193 -0.47450227 -1.161006  ]
-0.37366635;-0.2983086;-0.6491802;[-0.02951355 -0.4000891  -0.36101875]
0.088523574;0.002599001;-0.4363916;[ 0.04029197 -0.14615919 -0.2104484 ]
0.16784649;-0.110119745;-0.072449505;[ 0.07630236 -0.21483164  0.13093825]
-0.04421301;-0.6313413;-0.8800012;[-0.16655953 -0.87243783 -0.6287314 ]
-0.2654013;0.38280058;-0.53675425;[-0.39049947  0.17970783 -0.42473033]
0.81688887;0.27797255;-0.57226795;[ 0.5608776   0.17632756 -0.13844049]
0.46749276;-0.24347179;-1.6860001;[ 0.3777042 -0.5123697 -1.2370616]
0.049842037;-0.60641575;-1.3607417;[ 0.07850015 -0.86167186 -1.0266834 ]
0.19368578;-0.3177976;-1.2801005;[ 0.25691926 -0.6834986  -1.0451092 ]
0.6497818;0.07897562;-1.4731805;[ 0.6449808  -0.37042844 -1.068031  ]
0.3729273;0.790628;1.5164008;[-0.05655609  0.6909956   0.81449527]
-0.15794845;0.90287405;0.94181585;[-0.0233786  0.6778567  1.1659672]
0.79147065;0.050714202;1.02131;[ 0.96931624 -0.01231398  0.982212  ]
-0.3539955;-0.37347496;-0.69770604;[-0.21192424 -0.715811   -0.66290504]
-0.113425896;1.0358688;0.83909726;[-0.02880566  0.81752837  1.0109069 ]
-0.28583455;0.16471294;1.8877704;[-0.17573498  0.03456636  1.4947693 ]
-0.24122883;1.0422251;0.8422502;[0.01193373 0.8111073  1.0309426 ]
2.861477;-1.448731;-0.88180065;[ 2.2126245 -1.414214  -1.1210927]
-0.3815369;-1.516976;-2.9597082;[-0.09494068 -1.8782227  -3.3677642 ]
1.7145095;0.024624445;1.0299736;[ 1.1341307  -0.05627371  1.7206603 ]
2.2001617;-0.7261573;-0.109615535;[ 1.5372406  -0.74534935  0.04676018]
0.70850766;-0.49880737;0.62551296;[ 0.36724007 -0.50228685 -0.11749394]
0.5343738;-1.1937082;-1.3264647;[ 0.49275285 -1.4632193  -1.3720698 ]
0.042590678;-1.5553561;-2.821581;[ 0.4894867 -1.8875152 -3.0907574]
-0.33148456;1.0238057;0.9060744;[-0.4492786  0.8674609  0.9010548]
0.30345607;0.93525237;2.2479124;[0.12487456 0.65939915 1.8420118 ]
0.12393104;-0.30509835;0.33267093;[ 0.32365143 -0.43485886 -0.06986421]
-0.5779921;0.081737034;0.70731616;[-0.6210486   0.0444156   0.48108986]
0.5477523;-1.0545888;-0.52322114;[ 0.74645114 -1.0732778  -1.0024548 ]
-0.5858743;-0.6678247;-0.76307046;[-0.3521754  -0.83354735 -0.7171506 ]
-0.34269392;1.4769851;0.6970058;[-0.3440504   1.3233876   0.62793225]
0.5209976;0.42602187;0.85702765;[0.31948256 0.21952623 0.59990776]
-0.18707772;1.2897934;0.7975707;[-0.19054438  1.199056    0.6856919 ]
0.64522266;0.37197685;1.1214616;[0.32147908 0.2480786  0.85036963]
-0.31421113;0.2465766;-0.3564991;[-0.56657875  0.22739638 -0.23725037]
0.093559794;0.25931364;0.31337246;[0.08670859 0.29426122 0.3385152 ]
-0.1725185;0.55513406;0.47888154;[-0.06783374  0.4546033   0.6489845 ]
-0.2161267;0.037072018;-0.24240226;[-0.22582088 -0.10519938 -0.19143228]
2.4209557;0.57298356;0.1092996;[0.2327062  0.7317268  0.77987176]
-0.19564573;0.123530366;2.098487;[-0.00178172  0.08852782  1.7170073 ]
1.4363118;0.8706179;2.1046727;[0.92065483 0.8102796  1.8268361 ]
0.40327787;0.057774547;0.92352074;[0.3166613  0.11489215 0.538353  ]
0.0037992299;0.5358971;2.2384388;[-0.16908367  0.47394693  1.9300679 ]
-0.1091568;0.56982726;2.4464912;[-0.17825942  0.4820612   2.1496458 ]
-0.5744868;-0.6982848;0.49144363;[-0.69256085 -0.7406342   0.47815207]
-0.19789214;0.049983397;1.8710586;[-0.29973435 -0.09710501  1.6343056 ]
0.40027964;-0.6199748;0.27236262;[-0.04530783 -0.5766783  -0.11791058]
0.2801236;0.88409084;2.174881;[0.11654974 0.57985395 1.8797039 ]
-0.33941478;0.9217323;0.76270163;[-0.500049    0.739726    0.86319155]
-0.15619223;0.5079864;0.58781576;[-0.05916016  0.45028126  0.53068185]
-0.44995362;0.58043313;1.6325337;[-0.53402156  0.4613893   1.4509517 ]
0.11394423;0.6289245;1.7547162;[0.14152968 0.49707776 1.0355107 ]
-0.5503202;0.7513237;1.0860604;[-0.48787194  0.4524796   0.46144387]
-0.6341792;-0.49174905;-0.35109958;[-0.7662855  -0.5910539  -0.38312843]
-0.41590673;-0.021259755;-0.29593328;[-0.6937386  -0.06389745 -0.24855976]
-0.7766291;0.11329803;0.62237984;[-0.9412154   0.07759394  0.66467065]
0.061226938;0.8719155;1.5408664;[-0.05514546  0.41329384  1.486355  ]
0.7210586;0.30980152;0.12262721;[ 0.16737202  0.16815469 -0.15736516]
0.8714053;-0.82835656;-1.1050483;[ 0.36998102 -0.7746796  -0.9269002 ]
0.24209614;-1.3639096;-2.0276108;[ 0.17978324 -1.438561   -1.9159364 ]
-0.062563136;0.78176606;0.5482232;[-0.02183016  0.6846898   0.01935171]
-0.5163975;0.31088755;-0.6635783;[-0.42242676 -0.06639805 -0.6443862 ]
0.3180053;0.83520585;1.8004276;[0.262312  0.4452755 1.2071266]
-0.35151684;-0.7363329;-0.67797756;[-0.20735423 -0.9995711  -0.79314333]
1.4185836;-0.027128734;0.29446554;[ 0.6085447  -0.27122372  0.2310019 ]
-0.97958165;-0.5977816;-1.2487012;[-0.5807656  -0.84071046 -1.0551614 ]
1.9979864;-0.5300013;-0.3190446;[ 1.5090046  -0.65078217  0.00364398]
1.8517835;-1.2204864;-0.93181956;[ 1.8507442 -1.4187604 -0.5643358]
1.9087087;-0.5012727;-1.7283674;[ 1.5519004  -0.60504675 -1.5784901 ]
0.502636;1.0149977;-0.23726296;[ 0.24389759  0.9478483  -0.31724396]
1.558123;0.20972274;-1.787451;[ 1.256009   -0.08496177 -1.6598933 ]
-0.10581419;0.0061466694;-1.8476894;[ 0.2953713 -0.1341842 -1.5766567]
0.3453812;0.050351456;-0.38799232;[ 0.23040242  0.02466033 -0.3203169 ]
1.1996647;0.24023789;-1.1719186;[ 1.055069    0.04591002 -0.91435814]
0.8723584;-0.16845874;0.18875009;[ 1.6901523  -0.18000846  0.34111574]
1.205941;-0.7798974;-0.44884735;[ 1.2215142  -0.8654392  -0.39418137]
0.71574664;0.28403097;0.6298411;[0.4370553  0.16003883 0.12795345]
0.43385667;-0.31012058;-0.4378782;[ 0.27794042 -0.47330004 -0.55167145]
-0.38546693;-0.9382705;-1.7061753;[-0.37203276 -0.8813553  -1.7919761 ]
0.807569;-1.0082897;-1.4961035;[ 0.7216708  -0.94170964 -0.953922  ]
0.2419473;-1.5370268;-2.3523974;[ 0.31520337 -1.5946537  -2.4725144 ]
0.08066291;0.29455405;0.70653933;[0.18699306 0.3754108  0.12124154]
0.5954893;-0.19061126;1.2286783;[0.5170901  0.00310695 0.852204  ]
0.20556673;-0.79639703;0.3780775;[ 0.1103179  -0.66509104  0.13320617]
0.65838647;-0.49343044;0.85141045;[ 0.23068339 -0.42217475  0.64981127]
0.93727404;0.07364166;1.5164074;[0.8288185  0.02054869 1.2759992 ]
-0.6085128;-1.1042694;-1.0046132;[-0.34513485 -1.2094011  -1.181686  ]
0.9040583;-1.21778;-1.5400231;[ 0.2648477 -1.3295404 -1.9718865]
1.1801598;-1.5289469;-1.3627883;[ 0.42202884 -1.4616522  -1.9057653 ]
0.38755023;0.048536204;-0.12959808;[ 0.1389952   0.04656904 -0.06888621]
0.20528893;-1.0462352;-1.0614355;[ 0.3078466 -1.0213459 -1.0700359]
0.3391347;-0.8777775;-1.7434046;[ 0.1270872 -0.9088921 -1.5164921]
0.5146;-0.8001222;-2.9390223;[ 0.7146302  -0.74756646 -2.3915963 ]
0.56846434;-0.33971554;-1.5272279;[ 0.31619173 -0.43852562 -1.2033956 ]
1.3601388;-0.21147434;-0.2135992;[ 0.56262785 -0.28042948 -0.3085033 ]
0.0059121028;0.90059656;0.39563966;[0.05252135 0.76510704 0.61469704]
1.8535988;0.4552325;-0.41220707;[1.6059203  0.16013035 0.03023851]
-0.12879127;0.40737528;0.6263708;[0.29574883 0.47772616 0.61245865]
0.35190398;0.20099945;0.448515;[0.30299896 0.38143754 0.5535961 ]
-0.21730532;0.92794245;1.0005364;[-0.12416543  0.75369537  0.9599423 ]
-0.38190043;0.69059926;1.4231923;[-0.3683759   0.58221906  1.0054727 ]
1.0120438;0.49061543;-0.035622213;[ 0.918503    0.22013766 -0.04600392]
0.38872302;0.12657192;-0.97396994;[ 0.48235422 -0.17437378 -1.0001111 ]
-0.0009508282;0.42575544;-0.11788598;[-0.29103625  0.26864338 -0.09985374]
-0.3785537;0.8956309;0.6468288;[-0.21869077  0.7351489   0.71378654]
0.6027966;0.45603567;-0.3665161;[ 0.07260734  0.17318738 -0.12271792]
-0.2894783;0.024687808;-1.5102684;[-0.10781477 -0.18204154 -1.2428082 ]
0.24538064;0.34321886;-0.708343;[ 0.01813829  0.17202479 -0.30770132]
-0.279584;0.48394448;-0.6200595;[-0.12335075  0.30108827 -0.3831163 ]
0.7951192;0.0041008517;-1.9464197;[ 0.66190237 -0.32581902 -1.2401785 ]
0.32540137;0.5109912;-0.2094231;[ 0.25707927  0.3850208  -0.13197185]
0.6974361;0.095706336;-0.65544116;[ 0.90035665 -0.11485733 -0.75871354]
0.12169607;0.54780686;2.4182415;[0.25993153 0.47119254 2.035061  ]
0.9774635;0.10578162;1.5146596;[0.97226024 0.07372657 1.2204226 ]
1.4710447;-0.29276162;1.1535621;[ 1.6598381  -0.37121326  0.7555198 ]
0.9117667;0.088629164;1.5022771;[0.7139857  0.03425834 1.0568208 ]
1.9787638;-0.10197644;0.014220316;[ 1.6998453  -0.10298093  0.26734677]
-0.045393527;-0.006630957;1.7847944;[-0.18805559 -0.05297587  1.4385064 ]
0.7848583;-0.49342853;1.1445616;[ 0.9569062  -0.5815058   0.64837015]
-0.16763099;0.12197473;1.632746;[-0.07002835  0.04504671  1.433307  ]
0.10159277;0.041118935;1.8059826;[ 0.0478535  -0.05518791  1.5345892 ]
0.1705609;-0.4004687;0.8583658;[ 0.45389903 -0.42315185  0.47874686]
1.7181641;-0.41089064;1.134217;[ 1.9507934  -0.45001101  0.8668623 ]
1.0769453;-0.81751597;0.457524;[ 1.3804002  -0.8667963  -0.01443314]
0.22417094;0.38071537;-0.5070002;[ 0.19165954  0.2868014  -0.25078392]
-0.28687656;0.3698933;1.0313865;[0.5243891  0.22731392 1.093495  ]
0.5129364;-0.5068148;1.0157233;[ 0.63367355 -0.6219039   0.03475348]
-0.1797752;0.44548732;2.557293;[0.03902423 0.40684664 2.1923113 ]
0.7396719;-0.06487854;-0.29394275;[ 0.44614744 -0.16672674 -0.27307025]
0.8506305;-0.9505343;-0.68994105;[ 0.93330884 -0.84758544 -0.61918694]
1.3765508;0.4723919;0.037319172;[1.3230242  0.26297742 0.15791775]
0.027474195;0.9335367;0.6087745;[0.08978991 0.75343966 0.86682564]
0.3034882;0.37845147;-0.5352944;[ 0.15983608  0.27632856 -0.2769813 ]
-0.7199425;0.3504104;-0.2404545;[-0.7965493   0.20490608 -0.02722503]
0.6520547;-0.011362478;-1.7793725;[ 0.46601176 -0.17850363 -1.2802625 ]
0.412354;0.36725533;-0.49367225;[ 0.06600058  0.17690325 -0.3113295 ]
1.8173983;0.4766447;-0.09547487;[1.7241962  0.19930875 0.26509407]
0.5644798;0.19286509;0.4312613;[0.5931232  0.1818386  0.33303273]
-0.40714675;0.1629698;0.4647689;[0.03911148 0.15807387 0.4583176 ]
-0.008893676;-0.28011703;-0.27221146;[ 0.46736056 -0.39968872 -0.42929673]
-0.299366;0.58406645;1.1542156;[-0.17336135  0.49109864  1.179765  ]
-0.057169273;-0.47678095;0.07821047;[ 0.22724347 -0.59385633 -0.7094682 ]
0.12048904;-0.85518086;-1.4722464;[ 0.6269934  -0.93306154 -1.8693408 ]
0.49090034;-0.5203511;0.95073736;[ 0.46250892 -0.6022631   0.14299433]
-0.1898445;0.46890527;-0.42586702;[-0.06606431  0.12211697 -0.4148522 ]
0.1375898;0.9759313;0.59334075;[0.17547068 0.78710485 0.76993805]
0.112072;0.6357121;2.0978923;[0.46442714 0.4662332  1.7016169 ]
1.659057;0.50733334;-0.017481428;[1.4114172  0.18327221 0.12935555]
2.4198837;0.1240422;1.1674786;[2.157595   0.07549152 0.9507383 ]
0.8947037;0.04259788;1.4180442;[ 0.6757113  -0.01775099  0.9723361 ]
1.9009701;-0.15976751;-0.0068481825;[ 1.5959994  -0.14080763  0.13889459]
-0.16847278;0.41481602;2.4815526;[-0.06184156  0.36889058  2.1177661 ]
1.0729197;-0.08691512;1.4560201;[ 0.949202   -0.08798437  1.1266755 ]
0.5985682;-0.008723527;1.0440943;[ 0.13404241 -0.08457273  0.54287106]
0.22099559;-0.59652895;0.60022676;[ 0.15766713 -0.55592227  0.33635285]
-0.35714167;-0.6115826;0.9809751;[-0.5648083  -0.48841643  0.80578846]
0.2708555;0.5368083;0.6594231;[0.17444447 0.40317053 0.70710963]
0.53868395;0.14528629;-0.0563518;[0.2210175  0.09895915 0.02487261]
-0.15964825;0.4989885;0.8471515;[0.20530927 0.37604272 0.7143118 ]
-0.134394;0.07761021;0.20378938;[-0.39484006 -0.02438796  0.08520323]
1.373285;0.026455432;0.27692795;[ 1.1647701  -0.14685784  0.5156229 ]
0.679715;-0.3528722;-0.14112237;[ 0.99731845 -0.5783335  -0.1792813 ]
-0.5350821;-0.08767861;0.4575315;[-0.58302814 -0.20741387  0.69873863]
0.0043724924;-0.3626576;-0.7901131;[ 0.09571064 -0.3701049  -0.5766794 ]
1.2660118;-0.32090873;-0.6163575;[ 0.94283485 -0.44625235 -0.2554013 ]
1.053723;-0.42513746;-0.3892048;[ 0.8068457  -0.57187283 -0.37321883]
0.33832812;-0.85429126;-1.3482647;[ 0.41474682 -0.9609897  -1.2645359 ]
-0.046570465;-0.4989397;-0.7563662;[ 0.02830978 -0.47149974 -0.6214434 ]
0.35681057;-1.2843922;-2.5199862;[ 0.41408712 -1.4336692  -2.5308824 ]
-0.44838673;-0.9484808;1.8733661;[-0.40892142 -0.82820165  1.6841425 ]
1.11395;-0.44181454;-0.41328144;[ 0.7492701  -0.5883712  -0.22865683]
0.18611658;-0.5660184;-0.6628934;[-0.0459408  -0.58989215 -0.5035503 ]
0.047317214;1.863509;0.92727315;[-0.17588331  1.6083883   0.6591548 ]
-0.00618764;1.8966745;0.97497654;[-0.217191   1.59738    0.8123204]
0.079708345;0.92349124;-0.56415147;[ 0.03798935  0.53335536 -0.7545786 ]
0.24714045;0.9950113;-0.96205306;[ 0.2058378  0.8008628 -1.0054615]
0.34787107;0.47630674;-1.6901;[ 0.5513327  0.1782129 -1.7286409]
-0.10214034;0.4653697;-0.18032518;[-0.23616864  0.31649792  0.00254454]
-0.040053114;-0.6292534;-1.096686;[ 0.31574088 -0.7500781  -1.2414502 ]
-0.14476538;-0.6194356;-1.3953178;[ 0.0307591  -0.66512454 -1.5311049 ]
-0.4585616;-0.326204;-1.3537352;[-0.20596923 -0.42623025 -1.1942338 ]
0.026983246;-0.75022155;-2.3278666;[ 0.39271095 -0.95446384 -2.0649712 ]
0.019844532;0.9220212;-0.5745239;[ 0.09177823  0.81326985 -0.40829274]
1.5172626;0.9104698;-0.36173314;[1.2266753  0.68325096 0.05879133]
0.22385825;0.7945556;-0.84414196;[-0.1998551   0.5793582  -0.30257162]
0.5156241;0.49565655;-2.153767;[ 0.08128004  0.26600367 -1.6501683 ]
0.46130586;0.07931791;-3.2143557;[ 0.3697176 -0.2486767 -2.4805248]
-0.060325682;1.3571458;0.21040368;[-0.12127031  1.1111714   0.4672634 ]
1.2978009;0.9221274;-0.5156903;[ 0.9443152   0.5977281  -0.10427903]
2.3653417;0.7904156;-0.29162765;[1.9821347  0.47073328 0.15258764]
2.0392506;0.42535055;-2.0225568;[ 1.3789252   0.01035362 -1.0969547 ]
0.013294317;0.025204532;-0.7866416;[ 0.03055012 -0.0708306  -0.6175343 ]
1.2276416;0.017831642;-0.65278864;[ 0.8416841  -0.11215954 -0.27783608]
0.8646461;-0.051984936;-0.52882105;[ 0.6752837  -0.20238636 -0.41408873]
-0.31630003;-0.49156386;-1.8374443;[-0.3087988  -0.58762026 -1.6966263 ]
0.45707774;-0.09745623;-0.6391678;[ 0.05123137 -0.2611465  -0.4765121 ]
0.04876934;-0.09833397;-0.76578486;[-0.0528305  -0.13719893 -0.6931283 ]
0.26682526;0.6544518;0.9058402;[0.26897582 0.60938776 0.93568546]
-0.12534343;0.081751555;0.048358414;[-0.04645781  0.02001743  0.21291028]
1.402048;1.0724839;0.45154917;[1.305697   0.73133016 0.6214016 ]
-0.75403774;1.0682812;2.091741;[-0.5631019   0.97592723  2.0999207 ]
0.5176792;0.99870545;-0.25052774;[ 0.15326315  0.87824744 -0.16128133]
0.3082331;0.0071642473;-1.941736;[ 0.51239854 -0.14376362 -1.6669816 ]
0.6311311;-0.336313;-0.96765065;[ 0.53705186 -0.53289795 -0.97717816]
-0.6592824;0.14585567;2.302977;[-0.5806033   0.17557737  2.471228  ]
-0.7122995;0.61864275;2.5020392;[-0.5763367   0.66898847  2.5190866 ]
0.41967624;0.58359843;1.0268269;[0.27706861 0.5440774  0.8121266 ]
-0.101466745;-0.33906722;1.0922527;[-0.08202107 -0.33726096  1.274186  ]
2.9287703;-0.0065169185;-1.5462387;[ 3.1021345 -0.2558306 -0.7015119]
0.49349082;0.42463964;-0.7812132;[ 0.73246443  0.21846978 -0.8874342 ]
0.054425202;1.1097891;2.3669143;[0.12898381 0.9982865  1.9433814 ]
1.1052407;0.31640583;1.0321668;[0.9820627  0.21997966 0.5594381 ]
1.5755806;0.6306606;1.2642515;[1.3946064  0.55936563 0.9455987 ]
0.3516814;0.65547276;-1.1479552;[ 0.04761268  0.34555137 -0.5779106 ]
0.8208516;0.97852486;-0.1779361;[ 0.7948353   0.7225158  -0.08379976]
1.1119313;0.19693987;-1.1193191;[ 0.7120426  -0.15602247 -0.87963396]
0.6755393;0.07987368;0.8290794;[ 0.5764605  -0.06558931  0.38642445]
-0.32473928;0.62275153;1.9060663;[-0.2842338  0.5237116  1.6292443]
-0.366926;0.55481446;1.672765;[-0.3917781   0.44979596  1.4133837 ]
-0.6857651;-0.42925614;1.8618686;[-0.6535689 -0.4122696  1.892608 ]
0.8507881;0.13383521;1.0074015;[0.9317492  0.00232136 0.67523915]
0.31224656;-0.22843735;0.30995843;[ 0.59294665 -0.38628906 -0.22403277]
1.2280929;0.21832491;-1.9340407;[ 0.86418116 -0.1671967  -1.9075594 ]
1.0026692;0.25549382;-1.3173617;[ 0.7457744  -0.03254123 -1.0801455 ]
0.36136138;0.5663353;-0.8518209;[ 0.5599507   0.35462505 -0.9052388 ]
1.0777994;-0.21570753;-2.5293007;[ 1.2719781  -0.63157123 -2.7080827 ]
0.20312923;0.95714515;0.6224719;[0.11826493 0.73668474 0.83652884]
1.687133;0.4819944;-0.01347376;[1.5240537  0.17929745 0.14325827]
-0.10894595;0.9168634;0.41574854;[0.09842299 0.92300725 0.23491602]
2.41113;0.7589721;0.2502202;[2.6333885  0.40644687 0.5775439 ]
0.32429063;1.3145496;0.5237436;[0.04053012 1.1988791  0.8279858 ]
2.3856673;0.5886428;0.26371098;[2.4829772  0.35550386 0.53735095]
0.6278632;0.19262974;-0.6025362;[ 0.76465124 -0.03332296 -0.7573909 ]
0.41703993;0.101105005;-0.804896;[ 0.39059573 -0.16390017 -0.8141951 ]
1.0992947;-0.22764717;-1.6329312;[ 0.86499536 -0.5354714  -1.6202474 ]
-0.4776563;1.5627617;0.98703974;[-0.42100132  1.3588289   1.152758  ]
-0.35885644;1.3562764;0.651379;[-0.32716596  1.2548162   0.83323985]
0.14155789;-0.011138566;-0.55038464;[ 0.22987917 -0.0542826  -0.46138033]
0.2618244;0.74533343;1.149253;[0.07648243 0.63080055 1.1360074 ]
0.8437565;0.38764906;-0.51382184;[ 0.87528896  0.27936518 -0.35034052]
-0.42175514;1.1158202;1.1350515;[-0.35840416  0.91006994  0.5416448 ]
-0.36686426;1.5524772;0.774149;[-0.49664354  1.2858232   1.0861878 ]
1.0769876;0.37204188;-0.58668995;[ 0.9483316   0.2107235  -0.39712748]
-0.23506345;0.6144583;-0.5936985;[-0.15136333  0.20361187 -0.70066315]
0.20981863;1.1676545;0.42601183;[-0.22245474  1.1017474   0.67899495]
-0.31748408;0.3324089;0.4696821;[-0.19618519  0.27515012  0.63684523]
-0.69074553;0.44078726;1.3069282;[-0.67317426  0.41125488  1.6066935 ]
0.3257248;0.6769489;-0.71428037;[ 0.06352107  0.7070515  -0.41808167]
-0.3798923;1.0242822;0.42816556;[-0.29224497  0.8479321   0.34557828]
0.18881062;-0.040546432;-1.7028167;[ 0.18749903 -0.41663575 -1.4835967 ]
-0.15786804;0.90170676;-0.42022955;[-0.46432698  0.70795727  0.04006608]
-0.5431746;0.4867633;-1.6401471;[-0.24716268  0.21067066 -1.331391  ]
-0.2577541;0.6179802;1.7164581;[-0.6432853  0.4363609  1.457259 ]
-0.2528603;-0.00016275048;0.46029484;[-0.73722976 -0.13610896  0.6848416 ]
-0.47183216;-0.43024522;-0.9009691;[-0.40006155 -0.5642759  -0.923744  ]
-0.46258467;0.0010775626;-0.78652036;[-0.3364777  -0.20491089 -0.97145236]
-0.2736084;1.0667615;-0.1928449;[-0.35232782  0.7835171   0.28716657]
-0.23100136;0.6540751;0.93328285;[-0.37598366  0.5395368   0.92564434]
-0.6972545;0.5689465;1.6612922;[-0.6551874  0.4661175  1.4133064]
-0.46877652;1.543998;0.7952845;[-0.4639123  1.3080223  1.0795839]
0.8345491;0.33324713;-0.6324357;[ 0.78758305  0.2238342  -0.47973552]
0.91273016;-0.123540595;-1.2673048;[ 0.86421967 -0.30961514 -1.2619089 ]
0.5640207;0.69861263;-1.1682303;[ 0.3013429   0.42261064 -0.60875887]
-0.39076388;1.1580013;1.1952753;[-0.2664588   0.96322334  0.57028013]
-0.11127935;-0.029244393;1.1868587;[ 0.01160504 -0.01423886  0.4791297 ]
-0.41442484;1.3979805;0.8712524;[-0.27036327  1.3016957   1.0377202 ]
-0.51584953;1.0530627;2.1339657;[-0.27332735  0.96129286  1.8955718 ]
-0.5313545;0.50595707;1.8053627;[-0.40564704  0.44029057  1.3646709 ]
0.24349537;0.7043535;-0.5231354;[ 0.13124935  0.45142448 -0.27591053]
-0.39404547;0.6093134;2.082048;[-0.41030705  0.5825712   2.1803055 ]
-0.588712;-0.4129188;1.8923784;[-0.59486157 -0.39493775  1.6636211 ]
-0.32707173;1.1626781;0.4988764;[-0.3530957  1.1015093  0.4379728]
1.5378424;0.37039077;-1.0834985;[ 1.2718782   0.255935   -0.61342794]
-0.4720742;1.0421486;2.2439764;[-0.31444502  0.9309169   1.9521935 ]
-0.80077606;0.55465555;1.5960085;[-0.8639711   0.44217664  1.4405307 ]
1.5479541;-0.17120896;-3.2838454;[ 1.2537289  -0.76266766 -2.954182  ]
0.54994106;-0.30556142;-1.495612;[ 0.26287952 -0.6318619  -1.4242076 ]
1.5715736;-0.44449145;-1.0538101;[ 0.9048917  -0.49506402 -0.7669453 ]
-0.25883228;-0.4070266;-1.656129;[-0.20833252 -0.6299705  -1.4060752 ]
0.47439885;0.6544437;1.1922641;[0.3371461 0.6383112 1.003686 ]
-0.26529408;0.19804229;-0.3339618;[-0.18290447 -0.00378801 -0.37279096]
0.66891235;-0.12680368;-2.234477;[ 0.5630429 -0.2473963 -1.8038839]
0.31696343;0.0872811;-0.6967783;[ 0.5028849  -0.25689155 -1.0445515 ]
-0.3235708;-0.069517866;-0.8462689;[-0.17474617 -0.25164407 -0.95998126]
0.5299161;-0.47725147;-1.2145479;[ 0.9059707 -0.6625732 -1.5293092]
0.7133656;0.4870894;-1.9807806;[ 0.26271337  0.27848226 -1.3952309 ]
0.5752961;-0.43065828;-1.6880298;[ 0.14975502 -0.5489143  -1.4814378 ]
0.12957382;0.023173012;-1.4405099;[ 0.02932782 -0.28786594 -1.2189788 ]
0.6055243;-0.8331354;-1.9018378;[ 1.1925936 -1.0625043 -2.296879 ]
1.8625677;0.49221027;-0.45101637;[ 1.6521372   0.14043857 -0.00796625]
0.09034608;0.93506235;0.40925425;[0.12963204 0.7354045  0.56269306]
0.4174775;0.39063513;-0.67371184;[ 0.1702453   0.0960495  -0.53001773]
0.77470356;0.6346244;-0.72976005;[ 0.6938518  0.3568977 -0.8375941]
0.034374252;1.3922871;0.6733383;[-0.01236399  1.2431241   0.8316441 ]
0.46847242;1.0074252;-0.42643207;[ 0.15210025  0.87412685 -0.2622089 ]
0.91568756;0.65711075;1.406248;[1.002274  0.5398859 0.9959112]
0.636906;0.099125296;0.8617728;[0.7866007  0.04026581 0.69002116]
-0.25316626;0.40525103;1.4656907;[-0.31248313  0.37133908  1.1847433 ]
0.016876735;1.0038879;-0.43474573;[ 0.19656427  0.8524156  -0.2395756 ]
-0.59742135;0.53311026;1.1451075;[-0.41561145  0.4584819   1.3648046 ]
-0.13842519;1.4857719;0.79490864;[-0.21618418  1.2811348   0.9546537 ]
-0.08788383;1.5364186;0.594419;[-0.2769506  1.2398366  0.8893985]
0.48958093;0.90914655;-0.65285385;[ 0.09143353  0.80771315 -0.33776745]
-0.05944176;0.01624693;-0.37110752;[-0.16208707 -0.04062286 -0.07988857]
-0.2842853;0.10264096;0.15180203;[-0.23745684 -0.0971531  -0.13075116]
-0.3355068;-0.08587822;0.2977457;[-0.3759855  -0.22094055  0.01627203]
0.8348178;0.30397755;-0.32599908;[ 0.92753035  0.05051893 -0.63011813]
0.11916062;1.0281512;-0.5123479;[-0.02272093  0.69279814 -0.02410647]
0.0936853;-0.43978238;-0.55273753;[ 0.32189372 -0.51708615 -0.68609524]
-0.39404392;1.3786665;0.64099026;[-0.22539033  1.2636336   0.81      ]
0.007743798;0.92906713;-0.41457474;[-0.19954608  0.7097354  -0.03529044]
0.17960009;0.5052267;0.7007748;[-0.28660548  0.43421423  0.6677767 ]
-0.59222776;0.41994184;1.4158715;[-0.5435611   0.37818807  1.1979746 ]
-0.47629756;1.3217682;0.525385;[-0.42072457  1.1902902   0.7574781 ]
-0.7869294;0.53097904;1.3527753;[-0.79122555  0.43063658  1.2065929 ]
-1.0037781;-0.013007574;0.44485283;[-1.0525701 -0.065323   0.350274 ]
-0.48648995;0.5173228;-1.6770049;[-0.28659344  0.2423374  -1.2224542 ]
0.21556583;0.5637707;0.83773965;[0.30052978 0.5613353  0.5958417 ]
0.7484407;0.5567404;1.0512532;[0.6685066  0.49402243 0.70401424]
-0.017470792;1.3613724;0.47008997;[-0.15723188  1.2121633   0.598459  ]
-0.011252075;0.9613512;-0.6082049;[ 0.12235406  0.82231146 -0.39315635]
-0.120344;1.3307704;0.26911944;[-0.2603876  1.153948   0.5450826]
0.84166867;0.87669665;-0.3762905;[ 0.8118492   0.6040936  -0.10775796]
0.28013957;0.945287;-0.7988052;[ 0.03100242  0.8014706  -0.500671  ]
0.08327533;0.80084455;-0.5973574;[-0.2229888   0.66496235 -0.29154053]
-0.23569013;0.44989914;-1.8051462;[-0.29894626  0.27113914 -1.4738379 ]
0.52856934;0.13554643;-3.0910964;[ 0.35865417 -0.20362036 -2.482042  ]
2.3404968;0.8165936;-0.24111769;[2.046499   0.48439264 0.13668028]
-0.5217277;0.9532807;-0.4716534;[-0.6184789  0.8153244 -0.327547 ]
0.6496851;0.46244806;-1.881081;[ 0.43465984  0.08958394 -1.2802051 ]
-0.22531952;0.57092005;1.4083539;[-0.06867658  0.42613584  1.2622656 ]
0.2484758;-0.09607139;0.77749723;[ 0.3639819  -0.17421861  0.04626001]
-0.3046441;0.47375613;1.4310298;[-0.30345201  0.3934859   1.1099112 ]
1.9669079;0.58276206;1.1257019;[1.647475   0.46405154 0.68197054]
1.2430292;0.050233483;0.71731865;[ 1.0597968 -0.0482641  0.3736917]
0.9705256;0.39515984;0.96948373;[0.77353376 0.14706187 0.2673556 ]
-0.1788143;-0.32034546;-0.82093865;[-0.22622146 -0.3848191  -0.7106551 ]
0.14823669;0.99295443;2.2486162;[0.10588904 0.9005524  1.8974773 ]
1.2129043;0.62648267;1.4968307;[1.2001326  0.43632293 1.135685  ]
0.4006732;0.4433273;1.2254975;[-0.13831775  0.37014776  0.72654897]
0.31205416;0.041305333;0.8075581;[ 0.42393047 -0.09902278  0.07988323]
1.1883026;0.277723;0.298977;[0.9308916  0.2973497  0.28348053]
1.1244627;-0.2537549;-0.51758015;[ 1.1188557  -0.38854897 -1.0296524 ]
-0.17452498;0.17987826;0.21953818;[0.03432107 0.09914371 0.3019483 ]
-0.14012599;0.55922145;1.3905067;[-0.2707234  0.3657298  1.1952235]
-0.014745325;-0.41427004;-1.253561;[-0.00948133 -0.5336757  -1.1978966 ]
0.18799989;-0.4418959;-0.32294568;[ 0.3225327 -0.6604203 -0.8836367]
-0.15027584;0.093837954;-0.21148947;[-0.06639968  0.00479296  0.20789294]
0.21323235;-0.2142772;-1.0829334;[ 0.29739872 -0.3286782  -0.9215992 ]
-0.08893266;1.0978127;2.1633527;[0.0216006 1.02509   1.9064401]
0.20758694;0.28998154;0.35619518;[0.5722364  0.30711544 0.1147472 ]
-0.33911186;-0.34834552;2.0398135;[-0.22113143 -0.2151108   1.5239061 ]
1.5227264;-0.4462343;-1.1154878;[ 1.2405154  -0.46930534 -0.62099457]
2.0074942;-0.8620731;-0.49551797;[ 1.443956   -0.76176035  0.09012246]
2.1399705;0.96223795;0.74094594;[1.8145651  0.6517889  0.88425416]
1.8349751;0.10989916;1.793112;[1.4599748  0.25719452 1.8212705 ]
0.9744336;-0.9552764;1.0164887;[ 0.6968658  -0.8760559   0.94851714]
0.8845589;0.605951;-0.25853837;[ 0.7682084   0.35933667 -0.13087831]
1.182862;0.9625952;-0.1165919;[1.0101974  0.59936833 0.0579301 ]
0.9568743;0.05107283;-0.16882214;[ 0.90758777 -0.14605682 -0.03137141]
0.087422356;1.2180175;2.1957197;[0.07863031 1.0102694  2.0398042 ]
1.2591367;0.7780692;1.5200399;[1.0816187 0.5307038 1.2136792]
-0.39091057;0.6425613;1.6233642;[-0.45443147  0.49169368  1.519843  ]
-0.096966;0.6742015;1.4100158;[-0.3027928   0.48184383  1.4036723 ]
0.9038208;0.19308224;0.88635474;[ 0.7977395  -0.05203765  0.63238615]
2.8963225;0.60067177;-0.9795923;[ 2.9858735   0.21720211 -0.41801667]
-0.4671502;0.6495802;1.2391958;[-0.65692073  0.45435333  1.5219209 ]
-0.3082099;0.055965833;0.42616403;[-0.12449767 -0.05643873  0.6553291 ]
-0.8836204;1.0872309;-0.098592445;[-1.0297961   0.941412    0.22553392]
-0.83745474;0.76081234;1.5331893;[-0.8902434  0.5736305  1.2268354]
-0.7689559;0.06388396;0.16256113;[-0.66470957 -0.13457437  0.21659537]
0.82763845;0.03949742;1.2587613;[ 0.48512638 -0.02471474  0.33737573]
-0.8410142;-0.14575355;1.6780803;[-0.9429318  -0.27227443  1.5303825 ]
-0.642363;1.2197622;2.0303006;[-0.54343796  1.0945615   2.0454614 ]
-0.65575063;0.8159639;2.6058323;[-0.56915814  0.795773    2.5500119 ]
0.09587328;-0.04341217;1.9079994;[-0.0392241  -0.11318971  1.395296  ]
-0.9586702;-0.6296288;0.92264366;[-1.0337104  -0.77568436  0.8742825 ]
-0.4961323;0.19334824;2.055463;[-0.41986555  0.22791468  1.9295033 ]
-0.06662403;0.05357755;0.42224202;[-0.25829238 -0.19604893  0.20641254]
-0.60936826;-0.86814505;0.47262698;[-0.4933306  -1.0076522   0.27933693]
-0.14971234;-0.64501935;1.4748285;[-0.21304072 -0.77278256  0.71774715]
1.6015192;-0.27652496;-0.62048316;[ 0.81594706 -0.7233727  -1.0744734 ]
-0.07140793;1.0778675;1.7415392;[-0.08464487  1.0436075   1.4468447 ]
-0.54571867;0.09326443;-0.3467469;[-0.6507769  -0.0879612  -0.17665873]
-0.12119515;0.7445285;2.196649;[-0.04896562  0.6553281   2.1502173 ]
-0.4293943;0.21375437;2.2109985;[-0.32270122  0.08743963  2.1907847 ]
-0.27144343;0.6037957;1.7822905;[-0.21728827  0.51385367  1.4589211 ]
0.4981284;0.6000888;-1.0772961;[ 0.6613385   0.41671354 -0.5162974 ]
0.25760904;0.6568569;-0.42511994;[ 0.52348614  0.50004226 -0.13956903]
-0.4602241;0.62887627;1.4644704;[-0.5886241  0.500511   1.209926 ]
-0.05969003;0.6318302;0.18872182;[-0.06397854  0.45452905 -0.08602172]
-0.6448043;0.5857197;0.2921152;[-0.32970238  0.4629324   0.00620687]
1.3449434;1.0312966;0.28874308;[1.3272659  0.67913866 0.35230932]
1.6347977;-0.3311273;-1.3026161;[ 1.1668756  -0.73144424 -1.5541953 ]
-0.46266037;0.5467441;-1.4823549;[-0.14437814  0.16263299 -0.92938656]
0.8354577;0.14689979;1.0666288;[0.7097446 0.0334608 0.8017567]
1.3820646;0.17461309;-1.0735719;[ 1.1187861  -0.14646651 -0.7883948 ]
1.7121791;0.9825685;-0.015312675;[1.3211821  0.6203971  0.19860256]
-0.5993684;0.32998288;1.0882161;[-0.27867162  0.09695631  0.34198955]
0.68809634;0.15008754;0.30289057;[ 0.07636593 -0.2512688  -0.89569265]
0.2838171;1.2692196;0.8932924;[0.07125816 1.0122277  0.6157941 ]
0.19864868;0.6312333;-0.60555565;[ 0.06863813  0.2722507  -0.9065795 ]
-0.52107185;0.33444917;0.06443685;[-0.34304863  0.17593877 -0.3158455 ]
0.57160014;-0.52729005;-1.7121178;[ 0.23855087 -0.64183396 -0.986119  ]
0.96715987;0.40578157;1.1746376;[0.80301714 0.24674729 0.44681337]
-0.1502283;1.2053858;1.3253181;[-0.09441037  0.9887818   0.6526377 ]
-0.19796027;0.68821377;0.45509005;[-0.25736564  0.41591924  0.2551055 ]
0.2815374;0.79971975;0.5228808;[0.2910312  0.62107515 0.29057848]
-0.124051586;0.4281549;1.6047438;[-0.31349528  0.13437319  0.7561955 ]
-0.46660763;0.019168645;-0.40397993;[-0.22738494 -0.2074896  -0.45566463]
-0.18136387;-1.1905361;-0.29451767;[-0.37874568 -0.97392905 -0.53114575]
0.34106302;0.89442784;0.62869;[0.25348228 0.8093312  0.38090554]
-0.16364373;0.72859806;-0.32325402;[-0.16805501  0.38536555 -0.16859673]
0.08552277;-0.098204;-1.158545;[-0.34616476 -0.21265002 -0.71743387]
0.61239934;0.060948078;0.513761;[ 0.12800694 -0.3501007  -0.58469707]
1.2437788;0.30537653;1.1083957;[1.0381355  0.20865485 0.6457278 ]
0.092585176;0.7356891;2.3949604;[-0.0210022   0.56089866  2.3621805 ]
1.4754901;-0.05199775;1.2687691;[ 1.180163   -0.16696806  1.2270364 ]
0.18841016;0.6597037;2.3609133;[0.04610528 0.6134852  2.3092601 ]
1.6326498;0.254645;1.5988815;[1.1075454 0.1562985 1.6247927]
0.8608983;0.30283678;1.7183862;[0.6992304  0.25130135 1.6647589 ]
0.36027056;0.36125946;1.9204001;[0.45425367 0.25108176 2.0043845 ]
0.13634932;1.2296338;2.3234012;[0.02113751 1.036007   2.1850977 ]
0.93740165;0.5059753;0.5921334;[0.6980272  0.47132528 0.51796347]
1.8707501;0.70221776;1.4558506;[1.6440661 0.6483425 1.1289564]
0.68666047;0.25424644;1.532429;[0.3921054  0.18791734 1.6751729 ]
0.34053287;-0.2845804;1.3286444;[ 0.07787132 -0.35378522  1.1522278 ]
0.68576187;0.50966567;0.57204294;[0.6552151  0.4027084  0.36598945]
1.4097056;-0.0406736;0.12677051;[ 1.4317099  -0.13492225  0.08315052]
-0.34444243;1.2569033;2.2940013;[-0.36081254  1.0617687   2.3277955 ]
-0.01666256;0.273889;1.0315747;[0.07763286 0.00221147 0.4906319 ]
0.72828954;-0.7852102;1.1428648;[ 0.72134846 -0.7540087   0.5332351 ]
-0.07711932;0.5940805;1.8211839;[-0.2309344   0.46233386  1.4664196 ]
-0.20485403;0.7333371;2.9088068;[-0.2779339   0.76971656  2.9448879 ]
0.28475106;0.16695818;2.5556908;[-0.26586807  0.1524911   2.0457544 ]
-0.48232573;-0.44070834;2.0778074;[-0.4989215  -0.37709057  1.6539664 ]
-0.48369366;1.0213808;2.2913146;[-0.46731162  0.90398586  2.2416174 ]
-0.6195739;0.67375237;2.670686;[-0.49494117  0.61042464  2.7979262 ]
-0.7355582;-0.35248798;1.9603282;[-0.7387795  -0.38819104  2.01457   ]
2.3580265;-1.2515175;-0.9170408;[ 1.8500428 -1.2188588 -0.5224306]
-0.07254979;0.15515722;0.762587;[0.09110992 0.01849259 0.19656838]
1.1054846;0.22174819;0.48209202;[0.7621292 0.2977221 0.3158086]
0.33280146;0.17513919;0.9361805;[0.442796   0.04512575 0.61447185]
0.79275674;0.19238862;1.0730985;[1.0100656 0.0706881 0.6779641]
0.2139994;-0.1627685;0.37122965;[ 0.5516418  -0.32406634 -0.12214918]
0.6996196;-0.13619739;1.4564811;[ 0.40076244 -0.21103112  1.3757149 ]
0.72448903;-0.5574133;1.0243744;[ 0.7931328 -0.5836171  0.7778652]
-0.11675221;0.21975343;1.989567;[-0.19190623  0.16052389  1.8136626 ]
0.092702635;-0.14240496;1.3028911;[ 0.03851075 -0.2363544   1.2923669 ]
-0.37456024;-0.3195951;1.9411738;[-0.37613177 -0.35348552  1.7333354 ]
-0.0806486;0.1973181;0.42271423;[-0.05116625  0.15822358  0.45339403]
-0.4716062;0.6889104;1.6234746;[-0.5623291   0.53300077  1.4152498 ]
0.11956893;-0.013696343;0.13700436;[ 0.13882428 -0.0685797  -0.09871829]
0.4455154;0.24782951;0.9093151;[0.787259  0.1809318 0.6623471]
-0.5568686;-0.35576487;-0.9301448;[-0.23674314 -0.5209374  -0.996132  ]
0.13006084;0.014038082;-0.024352934;[ 0.28707343 -0.15141468 -0.32527965]
-0.5054937;0.112376355;0.5781465;[-0.5373417   0.02388866  0.5606082 ]
0.87589437;-0.57271665;-0.5516006;[ 0.97386324 -0.78514063 -0.6721435 ]
-0.5820471;0.73578405;1.5117208;[-0.5257328  0.5042113  1.7463158]
0.1725544;0.19176073;0.6045785;[ 0.10176122 -0.08702889  0.59808826]
-0.37253875;-0.23020397;-0.050755512;[-0.07097451 -0.55836195 -0.4348227 ]
-0.016815312;0.05824436;0.5932016;[-0.08796652 -0.13773596  0.53605396]
0.24409482;-0.38226515;1.5458755;[-0.13165165 -0.41584492  1.2958226 ]
-0.7284817;0.18445793;2.3885214;[-0.58795446  0.19332133  2.4231594 ]
-0.9684382;0.07873784;0.97213286;[-1.072683    0.08249712  0.69154865]
0.2731605;-1.2261282;-1.2376916;[-0.21317093 -0.9393763  -1.0663599 ]
0.02241341;-0.23509632;1.2122328;[ 0.16198376 -0.28316402  1.4101127 ]
0.06864877;-0.2404385;-0.8163114;[ 0.25019103 -0.29004467 -0.62514335]
0.047230802;0.19624265;-0.59122777;[ 0.07104711  0.0640187  -0.42754173]
0.72461516;0.11226403;-0.2636116;[ 0.61648    -0.13317065 -0.19648574]
0.19180416;0.15381181;-0.49875247;[ 0.03603795  0.10252395 -0.41742435]
0.33621508;-0.25534952;-1.0239744;[ 0.35450655 -0.46279186 -0.96152544]
-0.3325441;0.087323956;-0.30724633;[-0.6827947  -0.01936738 -0.4258372 ]
-0.060650572;1.1218915;1.9748013;[-0.2564668  1.1381295  1.6489253]
0.05729901;1.1393667;2.3475063;[0.08631478 1.1247357  2.073294  ]
-0.16873197;0.7719116;2.5259361;[-0.23570098  0.7577183   2.4105997 ]
-0.2053823;0.077931285;2.4098105;[-0.27945375  0.23195687  2.3627002 ]
-0.33952618;1.1912862;1.9766916;[-0.3968634  1.195744   1.6611264]
0.13472013;0.723543;1.2838057;[0.3356705  0.78432345 0.76090175]
-0.6547967;0.83352995;2.9404705;[-0.49600363  0.9012651   2.8139825 ]
-0.5403332;0.20513116;2.3920765;[-0.41967368  0.35822833  2.2395835 ]
-0.07654184;1.302651;2.1834803;[0.01791815 1.1522384  2.2580273 ]
0.2385711;0.51256603;0.5242233;[0.5875405  0.54323524 0.56120926]
1.4547111;0.10147126;0.30435458;[ 1.9906961  -0.06855518  0.29864258]
-0.58330435;0.09909222;2.558376;[-0.597621    0.30068487  2.6607776 ]
0.27903575;0.5946899;1.2608993;[0.3512208 0.6879301 1.1496571]
0.32033372;0.20639053;1.5750656;[0.07127406 0.3462776  1.8385649 ]
-0.2258581;-0.34343982;1.3148916;[-0.06223227 -0.14872172  1.6277837 ]
-0.26909292;0.5948233;1.5161753;[-0.594334   0.6061346  1.2089654]
-0.50349355;0.14763737;2.5382009;[-0.66561973  0.27596587  2.1615374 ]
-0.2733034;-0.29381925;1.420834;[-0.29485285 -0.23189943  1.4272107 ]
-0.21227922;-0.47897226;1.8179395;[-0.3377987  -0.35986894  1.3640043 ]
0.09134816;0.6202835;1.5031366;[-0.46115953  0.6325579   1.2365209 ]
-0.18703736;0.73514813;1.6988974;[-0.47317243  0.6172842   1.6050185 ]
-0.052238256;0.15436766;2.5061111;[-0.5540896   0.27744824  2.254938  ]
-0.7075022;-0.4601832;2.0269363;[-0.7186749  -0.24598904  1.8664695 ]
-0.5881613;0.12829287;0.937571;[-0.31457412  0.14997107  0.50891155]
-0.12716188;-0.31601453;1.4632962;[-0.24469458 -0.2224984   1.4285175 ]
0.76133734;0.2496113;1.8300551;[0.27633798 0.31739825 1.8377658 ]
1.6354665;0.6610858;1.1677532;[1.06733   0.6823926 1.0370713]
0.14620043;0.58245707;1.128314;[0.05526188 0.5786481  0.99493927]
0.33865035;0.23941709;0.5887754;[0.19724455 0.34948826 0.28125426]
0.812507;-0.03957218;0.10997069;[ 0.694915   -0.24551047 -0.31854066]
-0.00011329353;0.28236404;0.7360022;[-0.26885074  0.09736335  0.35109273]
0.7097172;-0.13975714;-0.231312;[ 0.2944169  -0.24821924 -0.4541743 ]
0.039827615;0.034670327;0.63753533;[0.08483912 0.13648364 0.492339  ]
-0.27578616;-0.38813114;-0.52288383;[ 0.09470527 -0.41258603 -0.44231862]
-0.34579808;-0.8564457;-0.45558375;[ 0.2465556 -0.9353745 -0.8607144]
0.09676841;0.04527221;0.84840274;[0.09430902 0.04052841 0.7429983 ]
-0.108887;-0.47110385;0.17711474;[-0.23481943 -0.56064224 -0.04520531]
-0.007116586;-0.46328318;-0.44742006;[ 0.16312557 -0.49691653 -0.24753676]
-0.36111027;-0.86282593;-1.1584841;[-0.10709243 -0.86457217 -1.1767603 ]
-0.6691309;-1.3760313;-1.7130146;[ 0.1490686 -1.4278895 -1.9639115]
-0.61639744;-0.72359276;-1.303962;[-0.45846206 -0.7476746  -0.98321086]
-0.46590793;-0.8146644;-0.8996205;[-0.0760289  -0.88825804 -0.92208356]
-0.32930583;-1.170297;-1.8247862;[-0.03263475 -1.343342   -1.8351156 ]
-0.0025859475;-0.0036360174;0.35264772;[ 0.18694623 -0.34397733 -0.26471627]
-0.836278;-0.44353157;-0.8711631;[-0.5680616  -0.43158543 -0.6659265 ]
1.2180661;-0.5714883;-1.2934973;[ 0.5973911 -0.6188636 -0.9956177]
1.2839025;-1.3023037;-1.2430959;[ 0.5088534  -1.3670226  -0.98135275]
-0.44106793;0.49324775;1.1878368;[-0.36137426  0.39702308  1.2407978 ]
0.8673792;0.29825878;0.8695084;[0.96000206 0.19142407 0.83378327]
2.0755146;0.7966047;0.392841;[2.0234406  0.4205798  0.68956745]
2.6749806;0.63410634;-0.6126298;[ 2.9936202   0.22759856 -0.08253814]
2.0695162;0.6615567;0.08575706;[2.221588   0.33966023 0.42836052]
-0.3694011;0.6211041;0.79823756;[-0.20801271  0.43688375  0.96595997]
0.16794941;0.4875133;0.100516066;[0.22266479 0.33763623 0.2347896 ]
-0.15483133;0.20638715;0.42691326;[-0.06141333  0.01091036  0.572385  ]
0.8520435;0.66754216;-0.040626075;[0.86603916 0.4648866  0.01940676]
-0.071903855;0.86348486;0.46503448;[-0.19414456  0.8384708   0.6356878 ]
1.5044369;-0.28466457;-0.9752319;[ 1.7249397  -0.38650024 -0.6117059 ]
0.16173613;0.34195095;0.44410104;[0.15205999 0.29229128 0.4813753 ]
-0.4353246;-0.24806653;1.0780706;[-0.33137506 -0.32335585  1.4506423 ]
0.3522253;0.9315798;2.0499737;[0.28979325 0.65660894 1.9453323 ]
2.4824715;-0.08861892;0.67837715;[ 2.4398053  -0.36673427  0.7559512 ]
-0.2775107;0.24899955;2.0812123;[-0.18996589  0.11129083  1.9760133 ]
1.2188138;0.62904936;0.20463964;[1.1754305  0.31110817 0.24581917]
1.4774395;0.4269939;1.0293549;[1.1181974  0.07916734 0.67470914]
-0.4511122;0.15781641;1.7365353;[-0.37323952 -0.04556216  2.0355926 ]
2.062386;-0.87010187;-0.47151643;[ 2.1295774  -1.0564197  -0.37885547]
-0.38435167;0.95719373;1.5640751;[-0.39737278  0.7174244   1.2917833 ]
0.17330405;0.13513279;1.6247978;[-1.9064546e-04 -5.1974997e-02  2.0053308e+00]
1.3101968;-0.949922;-0.7858915;[ 1.6684717 -1.1634806 -1.002432 ]
2.0608592;-0.023377664;1.7172062;[ 2.0661478  -0.14883915  1.6496524 ]
-0.096460864;0.66175526;2.6259842;[-0.01897366  0.4776656   2.4701974 ]
-0.21782099;0.13828364;1.8541702;[-0.33252043 -0.1055737   1.6864753 ]
-0.33671588;-0.77822703;2.038392;[-0.39359963 -0.8558568   2.1423151 ]
-0.38767827;0.17260504;0.46184504;[-0.10503726  0.0061683   0.5614336 ]
-0.30361366;0.78551203;1.2619886;[-0.26795065  0.6024877   1.4687465 ]
1.0755651;0.77394;0.44451502;[1.8431193  0.41691446 0.44755155]
0.5988974;0.43705255;1.1781915;[1.4644397 0.315915  1.1738814]
1.0091282;0.12268938;-0.3403086;[ 1.1091827   0.23789054 -0.03227682]
-0.056808203;0.8431491;1.6092697;[0.11148829 0.5940601  1.3082687 ]
0.71190226;0.07579396;1.1721797;[0.85030866 0.20624183 1.0681491 ]
1.3577486;-0.0030522048;1.133179;[ 1.2043352  -0.02978641  1.1493849 ]
0.22182144;0.47317052;1.9306825;[0.18374407 0.50346553 1.5611179 ]
1.6461842;-0.47794837;-0.47313797;[ 2.088662   -0.5798591   0.13163523]
0.6046913;0.2069465;0.10821873;[ 0.59902084 -0.12372863  0.1223744 ]
2.1592376;0.97481734;1.5750918;[1.810884   0.38764852 1.4604715 ]
2.1849115;-0.9298772;-1.319206;[ 1.434596  -1.2000139 -0.9922101]
1.2834119;-0.6050843;0.09226917;[ 1.3508674 -0.7895302  0.1497762]
1.9998496;-0.60648525;0.2573778;[ 2.5724847 -0.555883   0.6088796]
1.8932942;-0.18620898;1.7415438;[ 2.0110967  -0.12983751  1.5359436 ]
1.6900544;-0.704788;0.55078006;[ 1.9937452  -0.51926947  0.53450423]
1.5369631;-1.1041899;-0.79488295;[ 1.6062523 -1.0866135 -1.0314437]
0.8280845;-0.8195726;-0.5501073;[ 0.8089378  -0.80875266 -0.5351963 ]
-0.5102954;0.42492247;0.06333125;[-0.36065     0.4492941   0.09809658]
1.2442623;-0.6024031;-0.42288974;[ 0.9732585  -0.6811719  -0.34909943]
-0.059926882;0.66771305;1.0502796;[-0.11553456  0.538131    0.9963941 ]
1.1676131;0.25799876;0.5362959;[0.7830299  0.13149069 0.37313268]
-0.05898355;0.6180649;1.0421098;[-0.09618796  0.4549175   1.1457447 ]
1.4831883;0.08704692;0.8624742;[ 0.9935018  -0.03918178  0.8751139 ]
-0.482419;-0.036324434;0.9557928;[-0.5723921  -0.12030788  1.067695  ]
0.4539135;-0.40885103;0.21098177;[ 0.39284623 -0.4953162  -0.25714278]
1.3658472;0.19548231;1.4648323;[1.5940471 0.0420814 1.1876391]
-0.031643018;0.6011566;2.0402117;[-0.10429116  0.535717    1.5005859 ]
1.7807553;-0.014166728;0.24090278;[1.3089513  0.00198109 0.31171158]
0.36162692;0.06952973;1.2554326;[0.32863083 0.11508998 0.8397756 ]
0.03625056;0.032534048;1.3913207;[0.5269317  0.08936055 0.92102104]
0.21742934;0.05432996;0.9330536;[0.07268099 0.02025332 0.5578272 ]
-0.49659854;1.1397299;1.9370174;[-0.2912311  1.1658804  1.6690778]
0.953571;0.16759147;-0.4112046;[ 0.7412337  -0.16590302 -0.81342405]
-0.56246793;1.1964962;2.404665;[-0.34486902  1.1192142   2.1195877 ]
0.32623905;0.7747454;-0.12721044;[0.09346978 0.5601883  0.05561364]
-0.4134637;1.2431817;1.3636829;[-0.31335306  1.0331699   0.8379092 ]
2.609251;-0.30270767;0.4770881;[ 3.0210302  -0.31769174  0.29294613]
2.3218935;0.6718084;0.19246152;[2.4960651  0.43196982 0.5170086 ]
2.0440047;-0.7884944;-0.33869863;[ 1.5216476  -0.8691013  -0.26930085]
-0.5703757;-0.35810226;0.7725235;[-0.5567797 -0.5077221  1.2166154]
-0.034676254;0.16680217;-0.22056636;[ 0.06452399 -0.0976174   0.14945014]
0.12991637;-0.77860075;1.1691262;[-0.07451345 -0.9239359   0.3442382 ]
-0.13826728;-0.48595905;1.0772707;[-0.3339663 -0.7869657  0.3250028]
-0.63941115;0.61400175;1.446696;[-0.75896454  0.4832816   1.092572  ]
0.8757523;-0.20047458;0.3849552;[ 1.2018741  -0.41239095 -0.02958705]
-0.92901736;0.23123305;2.5504367;[-0.7803396   0.24278621  2.4999578 ]
-0.4871512;-0.17543216;1.4879214;[-0.6419116 -0.3335758  1.1415417]
-0.8960094;0.8354357;2.6492474;[-0.6672767  0.7771523  2.656113 ]
0.91137516;0.45411903;1.0820382;[0.37826645 0.37356895 1.1232322 ]
0.51126045;0.37271;1.4656982;[0.39848095 0.28165835 1.1797098 ]
-0.49119586;0.6266031;1.2653503;[-0.6047849  0.3857643  1.065466 ]
0.8389421;-0.14271781;0.5227921;[ 0.95244104 -0.3552912   0.14632516]
-0.5002694;-0.08079435;0.0046382435;[-0.3689986  -0.11230525  0.48368022]
2.5639925;-0.85673255;-1.1148746;[ 2.3611367  -1.039604   -0.95253956]
-0.090235695;-0.5191185;-0.13689022;[ 0.55201304 -0.86087835 -0.7238165 ]
-0.98170954;0.013904348;0.58068615;[-0.9010242  -0.02810282  0.4289613 ]
-0.59191424;0.6547841;1.5075673;[-0.4617741   0.58091265  1.7807285 ]
-0.73964113;-0.65887725;0.5133735;[-0.82631433 -0.850775    0.3578282 ]
-0.64816225;-0.1462432;2.4045506;[-0.6759864  -0.12697478  2.835191  ]
-0.7470054;-0.6027673;2.3966649;[-0.7748648 -0.6905     2.7465827]
-0.5760785;-0.22698416;2.2072363;[-0.5218939 -0.2754417  2.1273344]
0.4906059;-0.21181165;-0.2484074;[ 0.18009984 -0.31759226  0.01349868]
0.41258556;-0.16777273;0.17149466;[ 0.16844225 -0.25286055  0.31716514]
-0.4074552;-0.20788108;2.4045315;[-0.44951916 -0.21316479  1.6461824 ]
0.88547724;-0.8040714;-1.2108089;[ 0.9284161 -1.1549336 -1.2216734]
-0.4512009;-0.22458296;1.1375996;[-0.32307637 -0.37844324  0.23489727]
0.47696662;-0.9578604;-2.1314602;[ 0.8547684 -1.5639974 -2.1126657]
-0.5401505;-0.3562709;1.2908578;[-0.65787137 -0.42004466  1.1007241 ]
-0.68318117;0.11735167;0.70548934;[-0.63543457 -0.12545988  0.90806276]
-0.5620046;-1.0493653;-0.21873158;[-0.48860997 -1.2137047  -0.24295264]
-0.3948294;0.45899612;1.5931014;[-0.31694955  0.24193697  1.2633387 ]
0.640621;0.29977363;1.904294;[0.5234148  0.32867938 1.6417763 ]
1.3770167;0.8024578;0.54553264;[0.9795525  0.5450917  0.49416777]
0.028387368;-0.039472006;-0.228656;[-0.22110231 -0.1910686  -0.3296499 ]
0.019365385;0.18181732;0.5603775;[-0.22042195  0.0271643   0.36241457]
-0.5647269;-0.28367692;-0.19203734;[-0.6195481  -0.5432713  -0.23968653]
2.0265102;0.71498233;0.5354725;[2.5411322  0.4579653  0.67334014]
2.5514069;0.19721262;0.13569647;[ 2.2716453  -0.10323414  0.11564387]
1.8181914;-0.7973019;0.035663042;[ 1.4703473  -0.91680664 -0.08333418]
0.06208463;1.3586162;0.90410876;[0.04091166 1.2208728  0.8471722 ]
1.4030831;0.5917631;-0.44490284;[ 1.2428541   0.44572943 -0.08253939]
0.25013894;0.6851933;-0.11171809;[0.09374867 0.4750362  0.0447995 ]
-0.14011069;0.60174423;0.7889854;[-0.03276254  0.45840085  1.000675  ]
-0.27275693;0.7699445;0.5169572;[-0.21987374  0.5706599   0.33614835]
1.7519745;0.15976536;0.80893713;[1.1962447  0.34504104 0.5625573 ]
-0.6893136;0.31730297;-0.19697279;[-0.91899383  0.35784042 -0.18605657]
-0.0536104;-0.15943928;-0.14526737;[-0.21203507 -0.3272223  -0.07693988]
-0.3414716;0.16326031;-0.09810652;[-6.4487541e-01 -2.2825599e-04 -3.5879139e-02]
-0.141867;1.1128136;2.1067853;[-0.0417297   0.92852443  1.8256274 ]
0.42044985;0.31222528;0.9898852;[0.20826632 0.24757795 0.8375779 ]
0.4722407;-0.2779997;0.2943252;[ 0.84436667 -0.3807692   0.35235044]
0.24312823;1.0835388;1.573736;[0.01552337 0.5078051  1.556307  ]
0.2538516;-0.4899183;0.15829356;[-0.10723899 -0.5886289   0.0073113 ]
0.47237653;0.018056959;1.3540325;[ 0.3536572  -0.07304725  1.3887048 ]
-0.49854344;-0.5084428;0.46164486;[-0.6462437  -0.76574093  0.6250468 ]
0.276879;-0.90422064;-0.7435869;[ 0.2096254 -1.240676  -1.1252791]
0.3116138;0.53093314;2.0473523;[0.13641952 0.46001732 1.8949126 ]
1.0120748;-0.55884176;-0.1021516;[ 1.0153884  -0.6673349   0.05651494]
-0.3878085;-0.5807929;0.48855668;[-0.30719697 -0.69799715  0.59168077]
-0.16912879;0.82359624;0.55440545;[-0.09087692  0.85735     0.6218706 ]
-0.14288332;0.11361796;0.6676719;[-0.1847652   0.09965038  0.6875021 ]
0.42104602;-0.4629864;-0.04813647;[ 0.5163373  -0.51576674  0.01617772]
0.030969977;0.010906402;1.4021591;[-0.00907756  0.15769827  0.8361815 ]
0.29211497;-1.0248495;-1.3828536;[ 0.67082775 -1.2971591  -1.2310041 ]
-0.661527;0.6436285;0.7039678;[-0.57816905  0.4903258   0.2377745 ]
-0.47544038;-0.2578163;0.49788117;[-0.3368343  -0.40191525  0.48290512]
0.14582562;-0.6076606;-0.590915;[-0.07805847 -0.7731211  -0.09455633]
-0.13208227;-0.26654255;-0.38654953;[ 0.04279767 -0.4071262  -0.15304156]
-0.22215576;-0.43685526;-0.59735763;[-0.16544656 -0.47442377 -0.36379686]
0.70901126;-0.4304672;-0.13490804;[ 0.45006895 -0.3924834   0.03774662]
0.1711668;-0.003002368;1.0021673;[ 0.21505894 -0.2565868   0.5324227 ]
2.5298223;0.785882;0.51298034;[2.5529718  0.4919619  0.71487564]
1.9675999;-0.74801296;-0.19436318;[ 1.3892154 -0.9062979 -0.4346729]
0.100142546;0.20976602;-0.91600484;[ 0.14909816 -0.27477354 -0.6501842 ]
-0.112822324;-0.21639346;0.26630962;[ 0.14428805 -0.6027368  -0.31233814]
0.70838577;-0.5467879;0.33916217;[ 0.7422347  -0.95168865 -0.1822902 ]
3.5137043;0.17343323;-0.07480553;[ 3.58897    -0.06665106  0.37250566]
2.944437;-0.7647949;0.14246275;[ 3.0542352  -0.82607186  0.39856142]
3.7052941;-0.45793897;-0.80093247;[ 3.0093007  -0.84200704 -0.71674603]
2.7472384;-1.4002495;-0.86593974;[ 2.1987996 -1.6524161 -0.8184426]
1.733754;0.891424;0.29849556;[1.4074119  0.6637508  0.42925963]
2.944601;0.09447998;-1.1857336;[ 3.0816298  -0.16800402 -0.45985684]
0.32713497;0.15842193;-1.432822;[ 0.59534603 -0.14231917 -0.9943965 ]
1.1189522;0.14547646;0.12759075;[1.0457368  0.0443974  0.39562184]
3.0141687;0.116271205;-0.42430785;[ 3.213268   -0.08119531  0.02514989]
-0.53679633;-0.12997584;-1.062709;[-0.34356272 -0.34599453 -0.84008986]
1.1202434;-0.65278566;-2.6430788;[ 0.96524596 -1.0026038  -1.7986566 ]
1.5378519;-0.3056473;1.130994;[ 1.2357943 -0.3350888  0.7557773]
0.7823402;-0.7539653;0.88372505;[ 0.81533104 -0.9262811   0.5828939 ]
0.55502325;-0.16975792;0.15012592;[ 0.71503013 -0.3392154  -0.09652127]
0.04520282;0.4922828;1.3935088;[0.23672602 0.40243983 1.2915674 ]
0.00034866482;-0.14328416;0.8933747;[ 0.12011806 -0.26758134  0.44571015]
0.4755146;-0.8422367;-0.39397746;[ 0.75809014 -1.0515232  -0.5475574 ]
0.8009358;-0.8029346;-0.20345986;[ 0.5542991 -1.041559  -0.7078648]
0.9378709;-0.7174266;-0.6052785;[ 0.7633867 -0.7996489 -0.5227049]
0.227875;-0.74895495;-0.37296677;[ 0.13405837 -0.8122438  -0.5752483 ]
0.17383388;-0.7760855;-1.2644862;[ 0.14205576 -1.0177712  -1.2150363 ]
1.2498974;-0.030933186;1.4083463;[ 0.92734414 -0.04523911  1.4064771 ]
1.1640238;-1.0152253;-0.93137264;[ 0.7362659 -1.1608874 -1.0728053]
1.3516597;0.5671439;0.46751952;[1.4197394  0.36422986 0.49473962]
0.7890659;-0.35403526;-0.016274732;[ 0.70443475 -0.56118727  0.00694455]
1.1397673;-0.5817793;0.24462973;[ 1.0168552  -0.80703396  0.30184627]
0.4641406;-1.3914564;-2.0993834;[ 0.6511389 -1.8729885 -2.3737335]
1.3095425;-0.5916032;-0.15758887;[ 1.0489942  -0.686281    0.03371407]
0.5092;-1.0328338;-0.92433393;[ 0.625337  -1.20767   -1.0573589]
0.57761014;-1.0712973;-0.147313;[ 1.1016324  -1.0547364  -0.35242778]
1.0945897;-0.6441071;0.13087809;[ 1.190015   -0.88619316  0.0899902 ]
0.9099411;-0.70217746;0.48367852;[ 0.7260912  -0.75823003  0.59100574]
-0.21935086;0.7418888;0.4660388;[-0.3325193   0.57995     0.15952979]
0.05228112;0.42520088;1.2487192;[0.05531277 0.36477137 0.9120609 ]
0.92400354;-0.5530425;-0.44237596;[ 0.5262269  -0.6946565  -0.38168374]
1.2970929;0.6502627;0.39535764;[1.1489234  0.44656318 0.38848808]
1.1683003;0.22613104;0.10618831;[ 0.8742704   0.03392963 -0.04331342]
2.3989625;0.34004968;0.8732914;[1.3322774  0.14824611 0.43116438]
0.73959893;-0.90308374;-0.79035807;[ 1.0621784  -1.0173014  -0.62732005]
0.1354863;-0.7300921;-0.53983957;[ 0.38687629 -0.9671515  -1.2503413 ]
1.4874655;-1.7259516;-2.1929164;[ 0.9110738 -2.018047  -2.711619 ]
0.31750542;-0.80040085;-0.8443717;[ 0.37721792 -0.67208993 -0.35330948]
-0.12942918;-0.54778165;-0.023079868;[-0.12630911 -0.69388324 -0.6413844 ]
-0.1769981;-0.2898054;-1.2446246;[ 0.18307464 -0.4944473  -0.92750335]
0.33112502;-0.027580984;-0.30161124;[-0.15298809 -0.17917682 -0.524242  ]
0.8901179;0.32475257;0.80289245;[0.1545181  0.13511439 0.635777  ]
0.2991628;0.18595144;-0.37732854;[ 0.14938898 -0.22532456 -0.7139242 ]
0.3155979;1.4437643;1.4064255;[0.36682954 1.1859871  1.0960062 ]
0.7393357;1.2023923;0.3321045;[0.32006913 1.1697963  0.2728006 ]
0.21013598;1.4347037;1.5939616;[0.17470236 1.1513586  1.046394  ]
-0.23017548;1.111163;2.1035938;[-0.01990883  0.9239404   1.6793476 ]
-0.089158446;0.8321503;0.7243165;[-0.20194753  0.6502018   0.2015615 ]
0.528819;0.99849224;0.67400324;[0.39849454 0.7202431  0.80347675]
0.5485303;0.9949859;0.75411093;[0.571056   0.7530111  0.85021937]
0.21152055;0.5052513;1.8900838;[0.34018686 0.4927128  1.1971244 ]
0.28432894;1.1066109;2.0669444;[0.3426067 0.8664571 1.5932375]
-0.1488866;0.9621507;1.1289254;[-0.26382178  0.6178279   0.3970757 ]
-0.20328473;0.23728323;0.6858623;[-0.1707301   0.13441761  0.4605724 ]
-0.28972948;-0.47411805;-0.40984738;[-0.4575683  -0.33217263 -0.4870363 ]
0.475883;1.2235265;1.151901;[0.11398497 1.0538509  0.9006162 ]
0.6625635;1.1380134;1.8398467;[0.2726401  0.84506106 1.41393   ]
-0.29214442;1.0160469;0.32158616;[-0.3133579   0.49851215  0.09988116]
-0.092830434;0.05138346;0.495126;[-0.1773067   0.05609159  0.43647847]
-0.040902123;-0.23535328;-0.60691667;[-0.03965919 -0.48723978 -0.7104214 ]
0.90143186;0.5306299;1.4754698;[0.10678706 0.48406923 1.1289898 ]
-0.29686898;0.26406145;-0.7735342;[-0.39405334 -0.02224499 -0.47545287]
-0.22900794;-0.28170604;0.064367905;[-0.4604255  -0.1881103  -0.03927734]
-0.8926173;-0.17712328;-0.6278062;[-0.7379142  -0.17260562 -0.48966643]
-0.31742465;0.18868642;0.16553114;[-0.46311575  0.24864095  0.18897885]
-0.4538756;-0.273744;-0.5918157;[-0.7501559  -0.25100732 -0.5081904 ]
0.71241146;-0.41336715;-0.49818408;[ 0.17358275 -0.8150748  -1.4924079 ]
-0.24017008;-0.016860873;0.49568683;[-0.21964942 -0.02582868 -0.02576759]
0.10054101;-0.6910946;-0.65683347;[-0.11276467 -0.7968812  -0.99454314]
0.53028923;0.26367927;-0.13095167;[-0.2085972   0.09266109 -0.07929557]
1.6886474;-0.28756613;-0.087242186;[ 1.0926003 -0.5713989 -0.2522243]
-0.11543015;0.022990867;1.5665877;[ 0.07492158 -0.17826067  0.5229179 ]
-0.18940334;0.5791656;1.9977002;[0.05271551 0.3733554  0.97999984]
-0.06023009;1.1044551;1.4430659;[0.02274357 0.65907586 0.4284862 ]
-0.20365407;0.5106398;1.9136581;[-0.08270977  0.40155274  1.0092901 ]
-0.4360814;-0.10915853;2.0658612;[-0.18347086 -0.00904151  1.0686655 ]
0.24971907;0.14098036;-0.046848487;[ 0.19275716 -0.18849663 -0.14214087]
-0.110336065;0.60287184;1.5937161;[-0.06293483  0.3561899   1.2154018 ]
-0.016992092;1.0300215;1.7569312;[0.00905292 0.7687484  1.1899865 ]
-0.2456776;-0.06244418;0.9749143;[-0.16269161 -0.07925729  0.58999544]
-0.53393394;0.5877691;0.363045;[-0.47470707  0.5284294   0.15920128]
0.65568286;0.012096778;0.026635189;[-0.2777263   0.11144384  0.21458982]
0.557915;0.64376515;1.0892748;[0.53814614 0.550248   0.72953707]
-0.21512516;-0.9644131;-1.60113;[-0.3548522 -1.016579  -1.6070813]
-0.09706028;-1.5300626;-2.7369733;[-0.01821516 -1.4399464  -2.0747888 ]
-0.44942063;0.6660263;1.6899368;[-0.38029212  0.2977618   0.7694033 ]
-0.2939077;0.22264142;2.2363162;[-0.21489103  0.06778555  1.4340137 ]
-0.35246974;-0.45502174;1.8630006;[-0.3297695  -0.60473967  0.8427461 ]
0.14164016;1.1447698;0.94435596;[-0.00977725  0.8923458   0.4774635 ]
0.9765986;-0.011358425;1.5246758;[0.43913144 0.10696801 0.88367105]
-0.23767112;0.21631123;0.6095099;[-0.2486146   0.05718952  0.16717859]
0.46492016;-0.57883734;1.2346941;[ 0.06779243 -0.5028199   0.43465215]
-0.48130882;-0.11011693;-0.5325265;[-0.25645345 -0.24630229 -0.52685803]
-0.32696593;-1.0033323;-1.4751357;[-0.4355706 -1.1195842 -1.6103774]
0.3592708;1.1089908;0.79237723;[0.1313808  0.90916145 0.2916493 ]
-0.11210951;0.6873988;0.12925874;[-0.16849415  0.3112015  -0.10428517]
0.33633274;-0.6522967;-0.7836313;[-0.29228503 -0.8445958  -1.1552703 ]
-0.1601608;-1.5552622;-2.701672;[-0.00254206 -1.4600877  -2.1140156 ]
-0.39256853;0.93342614;0.22448772;[-0.4674099   0.5463276  -0.05132082]
-0.2833082;-0.09605235;0.39153516;[-0.21850057 -0.28053457  0.00387309]
0.598342;-1.0028836;-1.3312624;[ 0.30903867 -1.2004656  -2.1546774 ]
0.9396999;0.60790634;0.89548737;[0.3574964  0.49508953 0.61178404]
0.989916;0.23172316;0.56516033;[ 0.54781914 -0.01786131  0.07725525]
0.28716004;0.03644241;-0.26154268;[-0.04099263 -0.08625498 -0.3131176 ]
-0.024371803;0.0049293265;0.4973827;[ 0.10310087 -0.21698298 -0.15389355]
0.38356578;0.60117036;0.57452404;[0.06185398 0.38365996 0.4846702 ]
-0.014384925;0.04782105;0.1907666;[-0.09795775 -0.10744977 -0.21551172]
0.94677156;0.21577829;-0.0036361255;[ 0.30208907  0.07950855 -0.09576789]
-0.45357472;0.07321985;-0.2030887;[-0.40983933 -0.03886732 -0.3723193 ]
-0.53186536;-0.5958989;-1.3785024;[-0.60978127 -0.58083797 -1.429557  ]
0.142809;0.48322684;0.4556356;[0.2170293  0.47753346 0.6876334 ]
0.46323484;-0.122182354;-0.4241429;[ 0.12756458 -0.23379816 -0.30157742]
-0.395387;-1.0054591;-2.0342152;[-0.28278136 -1.040825   -2.2480524 ]
1.322386;-0.1305318;-0.16926351;[ 0.2313228  -0.33380336 -0.5253149 ]
3.9255993;0.60252416;1.585961;[2.3056476  0.16116142 1.005691  ]
0.5501289;-0.023400195;0.43946588;[0.1729024  0.13707602 0.19405474]
0.8974108;-0.4365132;-0.27389556;[ 0.18647957 -0.27544683 -0.51024795]
0.06559184;0.095599174;0.072630495;[-0.10263501  0.02323604  0.20598131]
-0.013068214;-0.36924827;-0.73130447;[ 0.23536903 -0.5026374  -0.6381462 ]
0.10256076;-1.0004961;-1.0498824;[ 0.37589   -1.0671996 -1.0930834]
0.523024;-0.13530807;0.25112614;[ 0.98724735 -0.10751064  0.28540635]
0.06388414;-0.6299059;-0.29183587;[ 0.08417939 -0.6531284  -0.44856516]
-0.08298756;-1.0500505;-1.0052004;[ 0.2288181 -1.1007341 -1.0271646]
-0.023326993;-0.9977961;-1.3008673;[ 0.07958362 -0.97355187 -1.321443  ]
-0.0066697747;-1.4222745;-1.7208151;[ 0.46889722 -1.5664829  -1.8498212 ]
0.0030654222;-0.0477515;0.0078747235;[ 0.2637992  -0.09813266 -0.05719744]
0.013012454;-0.5272524;-0.6990595;[ 0.1879542 -0.6668999 -0.7394805]
0.7441037;-1.4570491;-2.6510582;[ 0.9834784 -1.8416111 -2.071909 ]
0.62781984;0.47327572;0.9318882;[0.01283127 0.26441017 1.0873698 ]
-0.08583669;0.074798875;0.4107853;[0.0374373  0.01954564 0.20594469]
-0.15663569;1.1386336;2.0507598;[-0.2551335  1.1120316  1.765566 ]
-0.67891246;0.2211185;2.470072;[-0.6192054   0.24316613  2.6669745 ]
0.870066;0.728831;1.4856489;[0.6295721  0.61679256 1.2001259 ]
0.42389852;0.33051872;1.6807262;[0.218889   0.24388276 1.7676045 ]
0.12601922;-0.22732101;1.3740373;[-0.11529185 -0.2569481   1.7698244 ]
1.9622127;0.15901272;0.6156409;[1.4173491  0.27606225 0.45812082]
0.61114424;0.5223839;1.0294842;[0.3610633  0.56650823 0.82324463]
0.92801005;-0.2609536;0.11807104;[ 0.789185   -0.20896773  0.01925258]
0.10281384;0.15863885;2.2056577;[0.24629015 0.12241956 1.7766507 ]
0.71484107;-0.24459876;1.2209313;[ 0.6371043  -0.23203544  1.0512276 ]
0.87728125;-0.60406834;0.7534622;[ 0.80945116 -0.7017011   0.41576102]
1.2108096;0.3343658;1.6115429;[0.94448185 0.26081222 1.8206836 ]
3.4381075;-0.32219493;-0.03105582;[ 3.1098926  -0.29909837  0.15494789]
-0.14989154;0.29882976;0.023720175;[ 0.25872928  0.09357821 -0.1101511 ]
0.90570027;0.3881188;1.9179323;[0.69679815 0.3203537  1.9401495 ]
0.7588839;0.7610242;1.395086;[0.81939435 0.56733733 1.0123612 ]
0.9192336;-0.008593515;0.11215451;[ 1.1869364  -0.19819437  0.05405297]
0.39153683;-0.1661814;1.6903268;[ 0.40473756 -0.31086546  1.4727314 ]
-0.32569158;0.2770111;2.4737623;[-0.2638842   0.19265573  2.3846328 ]
-0.7294337;-0.719395;2.4378865;[-0.72525775 -0.7157863   2.851288  ]
-0.07620865;0.2867446;2.1804557;[-0.20622756  0.2062018   2.049387  ]
0.45268482;-0.13336967;1.5240139;[ 0.12514955 -0.21098025  1.5291625 ]
0.91163987;-0.56604475;1.1215796;[ 0.8563762  -0.64857167  1.0162698 ]
1.905841;-0.007878758;0.21745633;[ 1.7898554  -0.08807437  0.37739033]
-0.017329238;-0.19991083;-0.72210073;[ 0.07475443 -0.7028544  -1.0018842 ]
1.8068327;0.335258;0.5169893;[0.6037383  0.49667102 0.71762353]
0.51113546;1.0780127;1.8184623;[0.20847686 1.0049965  1.6350647 ]
0.73621815;0.5528707;1.0163337;[0.591314  0.547488  1.0204718]
2.967132;-0.29868644;0.0621917;[ 3.1012888  -0.1996655   0.24328627]
2.9000134;0.35058093;1.0002176;[2.782026   0.30221343 1.1634918 ]
1.6917994;-0.10335235;0.38581538;[ 2.0619433  -0.05868851  0.665144  ]
4.1120734;-0.19710524;0.46974903;[ 3.8706472  -0.18080245  0.895703  ]
-0.38361597;0.876677;3.1150775;[-0.39115316  0.8606794   3.1582181 ]
0.4589941;0.4153211;2.1765332;[0.1870776 0.3124174 2.482862 ]
1.3046142;0.10366838;0.99916995;[1.105874   0.30215555 0.5061831 ]
-0.33250928;1.3020867;2.4244485;[-0.35538346  1.0927538   2.24243   ]
2.7210503;-0.3900022;0.27063027;[ 2.2598562  -0.26633024  0.27308214]
0.23355715;0.9248079;2.043725;[9.3595684e-04 8.8898778e-01 1.8521718e+00]
2.4297833;0.109522864;1.0715635;[2.5778515 0.171477  0.7471034]
-0.6907309;0.18184784;2.519868;[-0.62548876  0.20357099  2.5829093 ]
0.5003013;0.9423564;2.2310095;[0.4346364 0.7165235 2.032749 ]
1.4055041;0.4983973;1.368624;[1.5839227  0.33077538 1.2515776 ]
2.4809203;-0.22963242;0.61691904;[ 2.438384  -0.3476079  0.7177047]
2.1630087;-0.41750658;0.015069108;[ 2.3278778  -0.25983465  0.13050303]
0.6352337;0.294576;1.7859507;[0.21944669 0.23594928 1.9879969 ]
0.1969434;0.84505194;1.791451;[0.35938317 0.8209098  1.6151587 ]
0.25939202;-0.15101099;0.36819822;[ 0.60497534 -0.17454523  0.25681478]
1.0534738;0.37652075;0.8753042;[0.56346637 0.47647196 1.1431133 ]
1.3345059;0.04496003;0.48398396;[0.4564311  0.00664002 0.41388205]
2.7598972;-0.8280204;-1.176272;[ 2.4207444 -0.9443462 -0.9972275]
1.1899482;-0.9129068;-0.4562835;[ 1.0714425 -1.0090479 -0.5992691]
-0.4064446;0.7578507;1.5319288;[-0.55724925  0.56630707  1.2011209 ]
0.8641996;0.39797944;1.4072479;[0.42949647 0.08359656 1.1978797 ]
0.17436236;-0.22435902;0.745919;[ 0.06391151 -0.327793    0.71467644]
0.82891417;-0.50125164;0.024268854;[ 0.6669184  -0.41819328 -0.2983095 ]
-0.43543243;0.35024315;1.4893711;[-0.22305007  0.23396705  1.2403089 ]
-0.21260197;-0.3050211;0.6345969;[ 0.02767454 -0.33585435  0.46403518]
0.020784944;0.05497017;2.293069;[-6.7257598e-02 -1.5020221e-03  1.7526523e+00]
-0.45480245;0.88472116;2.9996157;[-0.4408632   0.88764465  2.9224837 ]
-0.14424649;0.32391232;2.5488708;[-0.5595889  0.3392309  2.199782 ]
-0.74592453;0.8348957;1.9508696;[-0.9697157  0.6461004  1.5481216]
-0.7860171;0.4740976;2.3058696;[-0.90168524  0.31104767  2.1692555 ]
1.3103353;0.1568233;1.1941582;[0.9837777 0.1391813 0.8234783]
1.0147774;-0.45020026;0.4792496;[ 0.59231037 -0.48300207 -0.04002333]
-0.22069581;0.7811267;2.2756648;[-0.26384783  0.5845814   2.2594929 ]
0.84162337;0.52113897;0.8634475;[0.88641024 0.3839202  0.9599249 ]
1.1732968;-0.40099078;0.72093534;[ 1.1186604  -0.43221956  0.37351298]
-0.6566939;1.1389612;2.4265788;[-0.48435718  1.0485574   2.4450464 ]
1.5760227;0.059842467;0.5450616;[ 1.1576921 -0.3051111  0.2143369]
-0.7811883;0.10952;2.7287705;[-0.6924876   0.16647846  2.7012742 ]
1.5699995;0.11027624;1.222563;[1.3049207  0.21149226 1.0798473 ]
-0.36222243;0.06953987;2.0370593;[-0.33258134  0.04495947  2.0184216 ]
-0.63650995;0.22622226;2.5014381;[-0.6140941  0.1391467  2.5444477]
1.6155123;0.26935822;1.2446921;[2.2590382  0.24964419 1.3166248 ]
-0.25139683;0.4424287;1.7619762;[-0.04989515  0.24174355  1.5417609 ]
0.41432714;0.8469145;0.9039906;[0.28738576 0.67374617 0.93819743]
2.3714466;0.012369201;-0.2009888;[ 2.079199   -0.10465494 -0.04958868]
0.049454562;0.079794385;0.41437796;[-0.1956171   0.04139809  0.24376364]
0.93025726;-0.14472096;1.6834469;[0.5589116 0.0078088 1.2205505]
0.46835077;0.3243764;1.7770598;[0.14782603 0.2093059  1.9119067 ]
1.5866653;-0.49002177;-0.5649519;[ 1.1117105 -0.7824794 -0.6128214]
0.04776009;-0.74890476;0.88154995;[-0.5026384 -0.7360474  0.7821261]
0.18559967;-0.21507834;1.4048687;[-0.23451789 -0.28337473  1.562662  ]
0.10781883;0.31010735;1.1085353;[0.21620925 0.3904478  1.0966839 ]
1.0461473;-0.008510277;0.03167184;[0.75463665 0.18780042 0.17583898]
1.4865024;-0.75430954;-0.7361982;[ 1.8610173  -0.62746006 -0.44459203]
1.1602942;-0.2611934;0.5137568;[ 0.7295668 -0.2930553  0.7172658]
0.78968227;-0.72274;0.1538119;[ 0.5471488 -0.6518972  0.0773281]
0.6204168;-0.6390001;0.67207766;[ 0.38205716 -0.5886151   0.8104896 ]
0.38919932;-0.5527328;-0.36447176;[ 0.6137334  -0.6092435  -0.48024836]
0.2674722;-0.47730023;-0.26091772;[ 0.06145023 -0.28707236 -0.0792419 ]
0.8087915;-1.1228329;-0.6801796;[ 1.6165593 -1.20194   -0.7417725]
0.3941741;0.07270381;0.21067134;[ 0.12140127 -0.15247579  0.4417937 ]
0.6855843;0.6627056;1.4927948;[0.8031911  0.58423394 0.85827285]
4.1627946;0.6746409;2.105084;[2.8999813  0.23726936 1.5099936 ]
1.4420403;-0.12183724;0.96432793;[ 1.0808438  -0.28382993  1.0640216 ]
0.041075006;0.18065111;1.924825;[-0.16768412  0.10762672  1.9139048 ]
0.08562797;-0.81542826;-0.012810972;[ 0.24288142 -1.0216731  -0.02791546]
0.6513544;0.51061535;0.68155074;[0.5041254  0.29381484 0.5405073 ]
1.1974467;-0.025990367;0.337297;[ 1.2575501  -0.25327098  0.18571027]
0.52356035;0.63471884;0.91351056;[-0.03881772  0.33604532  1.2296695 ]
0.86759084;0.1945109;1.4903557;[-0.16149695  0.02411112  1.7808758 ]
-0.33229488;0.0980006;2.0381565;[-0.33256924 -0.02719812  2.1128528 ]
0.21671003;-0.5953413;0.71261156;[ 0.00299685 -0.47331965  0.32536492]
0.613645;-0.26368475;0.6959091;[ 0.1855177  -0.41653615  1.0010551 ]
2.5982623;0.121638104;1.2973444;[2.462704   0.04695134 1.300442  ]
1.0900319;-0.6746542;-0.27858582;[ 0.3876891  -0.7373217  -0.58027405]
1.0115156;-1.0763277;-1.4693823;[ 0.57545483 -1.2793943  -1.4910928 ]
-0.4819852;-1.4470447;-2.335479;[-0.67515606 -1.603964   -1.9478041 ]
0.16303469;-0.64005166;-0.4435078;[ 0.26698536 -0.71572006 -0.24519919]
1.0716779;-1.1499746;-1.3791292;[ 0.46735358 -1.229936   -1.1952583 ]
0.85330826;-1.5542725;-2.9228806;[ 0.49792296 -1.7328671  -2.0890791 ]
0.7839395;-1.9917141;-3.9581947;[ 0.6180935 -2.2677088 -2.8543665]
1.5189141;0.1345423;-0.3784015;[ 0.85127944 -0.08637936 -0.12595102]
-0.12830628;0.4806838;0.3231338;[-0.1246341  0.3809883  0.5211181]
0.33620703;0.09513894;-0.50030416;[ 0.0489196   0.06718691 -0.45831248]
-0.13226342;-0.38904285;-1.4883728;[-0.25222182 -0.5360875  -1.2596177 ]
-0.32118064;0.04087401;-0.2879612;[-0.70417583 -0.04820651 -0.37614152]
0.51884365;-0.2817756;-1.4928584;[ 0.10446396 -0.4496466  -1.2936    ]
-0.37936908;0.58902454;1.7188408;[-0.56204635  0.49418402  1.332621  ]
-0.62738734;0.22446418;2.538292;[-0.65318197  0.1653642   2.3834956 ]
-0.47559482;0.72599465;1.7580092;[-0.5552986  0.5671915  1.4482542]
-0.6865289;0.26066047;2.404191;[-0.6286131  0.1914614  2.406132 ]
-0.19481276;-0.16014907;1.3010795;[-0.27910012 -0.2481535   1.4677068 ]
0.54613906;-0.83065784;-0.64617836;[ 0.29509503 -0.8075157  -0.8069696 ]
0.7627975;-0.76362395;0.7480266;[ 0.85453874 -0.8830309   0.5167816 ]
0.116842955;-0.7501336;0.3230114;[ 0.17146316 -0.7820029   0.11160511]
-0.67615044;-0.12986647;2.6055446;[-0.6765747  -0.24173199  2.6951315 ]
-0.13120282;-1.1352397;1.3309215;[-0.33667946 -1.1289791   1.9652447 ]
-0.4243003;0.37921214;2.4769573;[-0.41101116  0.21992214  2.237375  ]
-0.72628796;-0.15146647;2.5263083;[-0.6666775  -0.15976931  2.7920296 ]
-0.37177855;-0.5818972;1.5925479;[-0.36295378 -0.6416873   2.1917868 ]
1.0545747;-0.09374173;0.7013401;[ 0.9566098  -0.18185814  0.31278068]
-0.7042565;-0.2598831;-0.5847173;[-0.49342805 -0.3641364  -0.75181836]
0.3334916;0.13928436;0.83394635;[0.7032729  0.00440563 0.46159542]
0.40965843;-0.6736249;1.2828877;[ 0.46813226 -0.8203448   1.2455045 ]
-0.72172374;-1.2187678;2.2143064;[-0.72859806 -1.1696613   2.3401194 ]
0.18704489;-0.70353204;1.1462324;[-0.19865723 -0.58883184  1.0200864 ]
0.4089719;-1.1733875;0.70181435;[ 0.36957902 -1.134933    0.41465166]
1.3618413;-0.64856297;-1.0822556;[ 1.2759513 -0.7958698 -1.3223673]
0.7651601;-0.5909128;-0.764778;[ 0.8888439  -0.73456776 -0.68212926]
0.15393911;-0.3092993;0.017520715;[ 0.5281154  -0.38467985 -0.42312518]
1.1534803;-1.0978425;-1.5358655;[ 1.4055824 -1.3406142 -2.0047836]
0.028656669;0.1448262;1.6543667;[ 0.04350516 -0.01999754  1.422876  ]
1.6277144;-0.056616396;0.9007657;[ 2.0379982  -0.08568721  0.69862777]
-0.5104266;-0.7053976;-1.4060171;[-0.50336885 -1.1001135  -1.5118359 ]
0.019180909;-0.101102725;0.096270785;[-0.10133462  0.01358093  0.27766854]
1.8816074;-0.8985545;-1.0914916;[ 2.0505657  -0.86083543 -0.8552867 ]
-0.359815;-0.36362374;1.4635804;[-0.25424975 -0.3289969   1.0934399 ]
-0.6873176;0.42049754;2.580444;[-0.747327    0.33487934  2.4548233 ]
0.35933495;-0.0019629374;0.8368622;[0.11336912 0.09925023 0.43592396]
-0.6617377;0.40761387;2.4023464;[-0.663383    0.25608027  2.4102976 ]
0.9433133;-0.42963368;0.26904702;[ 1.0205036  -0.4463774   0.08297276]
0.30024755;-0.91153413;0.06946064;[ 0.13869919 -0.9917934  -0.2795542 ]
1.3495375;-0.9196313;-0.59465533;[ 1.3536905  -0.9361838  -0.53278714]
0.16940862;-0.46287757;-0.21008575;[-0.07352288 -0.53652644 -0.5744257 ]
1.0760915;-0.9021948;-0.51115716;[ 1.3389591 -0.8909589 -0.5282501]
0.3753842;-0.5707641;-0.15770578;[ 0.22110246 -0.3210202   0.26331425]
0.7673941;-0.12107025;0.694608;[ 0.85168093 -0.3632241   0.4425658 ]
1.567715;-0.67046016;0.057762865;[ 1.4662188  -0.97423804 -0.57769567]
0.21252824;-0.5704114;-0.61180735;[-0.05227853 -0.71633756 -0.7315759 ]
0.55229104;-1.0949748;-1.7844312;[-0.2036796 -1.2499434 -1.3986467]
1.6326555;-1.4278067;-2.5117;[ 1.6555315 -1.5802443 -2.399111 ]
0.85903776;-1.3233689;-0.9278914;[ 0.79431427 -1.3944618  -1.2397013 ]
-0.26981348;-1.3665365;-0.55869126;[-0.7502377  -1.3515131  -0.29828206]
0.09394429;0.093863815;0.07189587;[-0.18346716 -0.04565275 -0.16799913]
-0.024727777;-0.85161406;0.057934076;[-0.23030709 -0.8808752  -0.07950148]
-0.24482842;-0.26779985;1.4663565;[-0.48829085 -0.30203605  1.6291939 ]
-0.6902128;0.37759405;2.4583526;[-0.63689053  0.27058196  2.558938  ]
-1.1213028;-0.5909372;1.430054;[-1.0914057 -0.6543938  1.3579124]
0.33729;-0.3093273;0.8604305;[ 0.1873198  -0.34382212  0.47495827]
0.2108063;-0.87436754;0.026811827;[-0.05632479 -1.0141081  -0.13660258]
-0.7734232;0.20050773;2.413186;[-0.6061242   0.19525166  2.47108   ]
-0.4631375;-0.4464726;1.1734886;[-0.39434272 -0.4028098   1.4868002 ]
1.4657396;-0.14963897;1.2845769;[ 0.96092314 -0.24373664  0.8926573 ]
1.1584436;-0.9790506;-0.6979436;[ 1.3935145 -0.9678242 -1.0433073]
-0.17559256;-0.13863152;1.414108;[-0.06529115 -0.19612347  1.0208429 ]
1.2938706;-0.7734725;-0.78509444;[ 1.0743028 -0.8034289 -0.4087141]
0.98581237;-0.62294143;-1.0238466;[ 0.72539777 -0.7627868  -0.6730862 ]
0.030030765;-0.87275547;-0.50528073;[-0.1831858  -1.0233938   0.00657522]
0.1271796;-0.8047216;-0.21807182;[ 0.01945047 -0.82708806  0.02957758]
-0.20425437;-1.3321034;-1.1570569;[-0.324436  -1.4834521 -1.0686983]
0.12554628;-0.65153414;1.4853954;[ 0.10479842 -0.7577206   1.9415619 ]
1.2188402;-0.9440648;-1.5699495;[ 0.8684235 -0.9015614 -1.1698943]
0.25036925;-0.8801767;-0.2718122;[-0.01879929 -0.82896847  0.06493205]
0.34543288;-0.2818854;0.50338006;[ 0.18041146 -0.12099706  0.48582622]
0.788075;-0.8543642;-0.54465973;[ 0.745752   -0.8650824  -0.51559323]
0.6266759;-0.80971974;-0.27454922;[ 0.4720044  -0.86331666  0.10961777]
0.412166;-1.2585433;-1.1103076;[ 0.14394884 -1.2223643  -0.83242387]
0.15148771;-1.2103748;-0.38044274;[-0.06192566 -1.0930592   0.06616665]
-0.12744385;-0.4453814;-0.19922543;[-0.5379534  -0.3387704  -0.27309316]
0.7490575;-1.6905534;-1.444176;[ 1.1172638 -1.7900447 -1.5987045]
0.120216735;0.29123735;0.89550954;[-0.03555296  0.3672253   0.2834722 ]
0.24896622;0.26324224;1.4595075;[0.1962771  0.34781402 0.7242959 ]
1.2067531;-0.21940856;0.3969558;[ 0.794146   -0.33228654  0.23304208]
0.1290729;-0.85995376;-1.3115816;[ 0.07789442 -0.83308053 -1.5056077 ]
0.19122148;0.26717532;0.9516423;[0.39538622 0.37202656 0.8890934 ]
0.029545687;-0.25788987;0.35841018;[-0.23645063 -0.27952397  0.32837576]
0.31239134;-1.2541252;-1.7315876;[ 0.40339938 -1.3481935  -2.3373768 ]
-0.049178183;0.6035307;0.4755104;[-0.13497819  0.46979028  0.62898356]
0.32752478;0.19805983;-0.35078758;[ 0.09357855  0.13011335 -0.33332217]
0.5812281;-0.18715613;-0.75313634;[ 0.59068274 -0.4560054  -0.8610345 ]
0.14829643;0.1487472;1.4903886;[0.01604889 0.19425438 1.111313  ]
1.5427612;-0.25855595;0.9429738;[ 1.0354204  -0.40368873  0.46317604]
0.6209368;-0.6734332;0.6459953;[ 0.66098213 -0.7820852   0.4126869 ]
0.002706848;0.21145366;-0.4876969;[ 0.08733302  0.03609852 -0.39339706]
-0.20960505;-0.6954264;-0.27819183;[-0.03577311 -0.76903176 -0.25899333]
0.9544077;0.23744428;0.10241329;[ 0.8273623  -0.11272611  0.08075714]
0.071638376;-0.05637087;0.0013518445;[ 0.08210754 -0.17031448 -0.39142004]
-0.37360305;0.5174672;0.49173146;[-0.36692077  0.47123796  0.63164   ]
-0.5914651;-0.35813534;0.9913204;[-0.45506293 -0.31745636  1.1800455 ]
0.3253051;0.104194626;-0.44102812;[ 0.05796833  0.0637986  -0.37908307]
0.3732636;-0.24700539;0.46467814;[ 0.17427403 -0.24505173  0.54708207]
0.26832908;0.071239;0.0012161396;[ 0.0747811 -0.15631   -0.3796939]
-0.49819094;0.70071715;0.675931;[-0.39428866  0.48805726  0.8194632 ]
0.4438855;-0.2796743;0.6697097;[-0.23538123 -0.43843627  0.7180028 ]
-0.5243787;-0.35018098;1.4301932;[-0.4511788  -0.33275217  1.1545979 ]
-0.47332716;0.17572124;1.9593157;[-0.35995245  0.16862255  1.5845734 ]
-0.49052405;-0.34937;1.5119568;[-0.3853637  -0.35103542  1.1201261 ]
-0.8410374;-0.7951202;0.4828936;[-0.9242333  -0.83694965  0.20721014]
0.06147477;-1.0977924;-0.9947858;[-0.05095221 -1.0470892  -1.0412157 ]
-0.024186894;0.16274354;-0.33547175;[ 0.06194213  0.02276844 -0.39820376]
0.25834048;0.0906219;-0.38536128;[ 0.09003434 -0.03824545 -0.4637504 ]
-0.045459077;0.5884147;0.46662945;[-0.14347823  0.51315004  0.53971654]
0.33857793;0.1690525;-0.3040514;[ 0.112128    0.08046138 -0.39420167]
0.5668019;-0.26905507;-0.7813679;[ 0.57935256 -0.43376172 -0.8869733 ]
-0.11034536;-0.34139252;-1.2336645;[-0.04709588 -0.4204288  -1.0450457 ]
-0.6169298;0.22377507;-0.164402;[-0.5209721   0.11270659 -0.30257374]
1.9463167;-0.7302347;-1.9297665;[ 1.3494128 -1.193065  -1.6775731]
0.0355985;0.6835742;-2.5416238;[ 1.7801517  0.2846771 -2.434577 ]
2.615635;0.9161512;-1.530035;[ 2.7516      0.39661807 -1.4425272 ]
0.4881537;0.8976317;-1.8473661;[ 1.1516505   0.57353675 -2.0432491 ]
2.1765285;1.4823219;-0.8277198;[ 2.1860225   0.9932086  -0.79960984]
2.435945;0.92175084;-1.9313056;[ 1.9281114   0.30859387 -1.7110566 ]
0.025871769;0.3623885;-3.006681;[ 1.317336    0.07650404 -3.040487  ]
-0.36641997;-0.26114404;-3.8637843;[ 1.601385   -0.49717975 -3.8170378 ]
0.91623455;-0.34033585;-2.7646828;[ 1.858329  -0.5673631 -2.0108953]
1.1850241;-0.81955665;-3.5476427;[ 2.5170383 -1.0620508 -3.3580282]
0.60946065;-0.21403961;-2.6510074;[ 2.351794   -0.52996397 -1.9121754 ]
1.5006961;-0.7802617;-3.45089;[ 2.7420633 -1.1624575 -3.4416606]
1.7256774;-1.124575;-3.7299623;[ 3.397016  -1.1985815 -3.0154097]
0.049539313;-0.79674494;-2.0441625;[ 0.38225043 -0.99286175 -1.8651062 ]
-0.03972341;-0.6129108;-0.6596906;[ 0.62179863 -0.5848777  -1.0627493 ]
0.0473371;-1.0087249;-1.2846661;[ 1.0745363 -1.1997582 -1.6889037]
0.9444702;0.18078898;-0.48365217;[ 0.8632163   0.18047996 -0.17042138]
1.0708212;-0.27621353;-1.1546444;[ 1.3236238  -0.46406394 -0.9071706 ]
1.0141035;-0.3358091;-1.515604;[ 0.8097123 -0.4683963 -0.9756556]
0.58292377;-0.33460462;-1.6724901;[ 0.8370357 -0.3338955 -1.2130617]
-0.036893487;-0.6674711;-2.9522474;[ 0.57661206 -0.7323167  -2.3602068 ]
0.5890034;-0.6970069;-2.7635276;[ 0.9964421 -1.0946676 -1.9972881]
0.34877467;-0.19810756;-1.4202821;[ 0.4366278  -0.40620178 -1.0628111 ]
0.93329334;-0.6244634;0.43172568;[ 0.81168264 -0.6270212  -0.01549846]
-0.4273911;-1.1310054;-1.409725;[ 0.17267317 -1.068598   -1.4819846 ]
0.83292264;-0.23140506;1.1517577;[ 0.5583382  -0.14703779  0.91231245]
-0.24583669;-1.0028225;-1.165128;[ 0.33503723 -0.99271786 -1.2455746 ]
-0.54247034;-1.4865516;-2.0566409;[ 0.4725592 -1.5863792 -2.452745 ]
0.4531353;-0.64936715;0.35320213;[ 0.5895174 -0.5609934  0.1339685]
-0.38467532;-1.0855265;-0.7932725;[ 0.48201346 -0.9877931  -0.90365034]
-0.5361314;-1.6384164;-2.5031843;[ 0.23131056 -1.5555975  -2.3794405 ]
0.42481357;-1.664263;-1.5266345;[ 0.78769755 -1.6810666  -1.9997108 ]
-0.022322625;-1.6525782;-2.40057;[ 0.39790598 -1.6044415  -2.278747  ]
-0.1869223;0.77815616;1.0731246;[-0.20360817  0.6938486   1.019934  ]
0.53896356;0.20671509;0.33645672;[0.40652642 0.2516058  0.5001574 ]
1.7170211;0.12628053;0.47509313;[ 2.1925054  -0.274543    0.06311284]
0.08191608;0.20749308;0.33944225;[0.01249349 0.1458752  0.29969063]
0.033461757;0.21707565;0.13333672;[0.01499735 0.09405475 0.24317999]
1.3257669;0.23273139;0.8099023;[0.96851003 0.2546863  1.1838654 ]
0.56425613;-0.3891999;0.0023739897;[ 0.38004416 -0.43104672  0.11109206]
2.295905;-0.4419108;-0.38015252;[ 2.6477382 -0.793962  -0.2200554]
-0.7594859;0.25837293;0.18767649;[-0.68927574  0.10880019 -0.03611   ]
-0.3113594;-0.3960362;-0.44383395;[-0.31250662 -0.4591388  -0.48036602]
-0.4617718;-1.0019801;-0.8518839;[-0.46049827 -1.022449   -1.0270038 ]
-0.18981941;-0.9137966;-0.73896563;[-0.42849255 -0.8841566  -0.7766076 ]
-0.07558793;0.8941356;0.96631634;[-0.0734715   0.87442905  0.81634444]
0.11545437;0.37191665;0.272901;[0.17925698 0.348727   0.43780676]
-0.47120136;-0.42519665;-0.6897204;[-0.46613204 -0.4280706  -0.71923226]
0.6630667;-0.46529907;-0.5029801;[ 1.1544064 -0.7779807 -0.6403745]
0.73398787;0.69528824;1.279716;[1.6237308  0.3849491  0.76563513]
1.3074172;0.13354725;0.25788298;[ 1.5884507  -0.3494398   0.12051196]
2.3613286;-0.53229934;-0.7202171;[ 2.5171874  -0.9622129  -0.37222308]
0.72106487;-0.20390134;-0.592275;[ 0.58570296 -0.3204819  -0.32323384]
0.5926125;-0.43176925;-0.528666;[ 0.8990733 -0.8735988 -0.8682311]
0.25280374;0.8492524;1.4948951;[0.21792929 1.02683    1.56454   ]
0.6818766;0.0713525;-0.030810166;[ 0.34773192 -0.1336767  -0.35506845]
0.22860247;0.06550145;-0.86225414;[ 0.5175051   0.10451584 -0.6651775 ]
-1.1983751;-0.10108636;-1.2206471;[-0.6734022  -0.29994786 -1.3589233 ]
-0.50536025;-0.55446154;-1.1178918;[ 0.22497056 -0.6209419  -1.375884  ]
-0.58357304;-0.49844444;-0.82871;[-0.23513891 -0.5160058  -0.9311883 ]
0.64302295;1.1130495;1.0551232;[0.7456125 1.0299696 0.8458683]
-0.21737964;0.5439874;-0.65868074;[-0.6296388   0.25954676 -0.41360238]
1.1906613;0.7115285;0.0032740198;[ 0.9934708   0.2908483  -0.19991933]
1.2853204;0.11351789;0.12485461;[ 1.4412328  -0.01842551  0.07812405]
1.4282583;0.43072522;-0.69629806;[ 0.73578167  0.2325824  -0.20867486]
-0.4365235;0.5450062;0.5731111;[0.25165802 0.4855163  0.10808785]
-0.5194734;0.53516763;0.034845892;[-0.18808432  0.5942929  -0.1257302 ]
-0.5561921;-0.06239842;-0.60764295;[-0.18744169 -0.42206055 -0.5754886 ]
-0.6243035;0.12626791;-0.41893768;[-0.30265176 -0.22477074 -0.8650114 ]
0.06930272;-0.7734711;-2.2451966;[ 0.7386837 -1.0576857 -2.158466 ]
-0.49085325;-0.6111973;-1.2009106;[ 0.05742057 -0.99126935 -1.2406682 ]
-0.43600696;-0.43742234;-2.0074654;[ 0.24573576 -0.59770477 -1.3624926 ]
0.10898087;-0.4575265;0.9758009;[-0.35084903 -0.478118    0.17549926]
0.95685846;-0.49927664;1.1300032;[ 0.54967505 -0.5196653   0.3271666 ]
-0.7889189;-1.1117936;-0.7770454;[-0.49473298 -1.2492232  -1.0561068 ]
0.62970144;-0.45235497;0.76005054;[ 0.08778633 -0.5333814  -0.13531059]
1.3075601;-0.9872989;-1.7886747;[ 1.3386091 -1.304355  -2.134618 ]
1.7361226;0.55051184;0.18500361;[1.5469404 0.3054301 0.0761086]
-0.37038052;-0.4850074;-0.76270884;[-0.14672063 -0.47278416 -1.1295447 ]
0.6358798;-1.2213649;-2.4781268;[ 1.0185571 -1.3065724 -2.3958027]
2.5273454;-0.4143691;-0.5177129;[ 2.905772   -0.30111468  0.36730102]
0.29979283;0.07593094;-0.5055281;[ 0.71216995 -0.22386636 -0.9594682 ]
-0.201436;-0.9375642;-1.3239297;[ 0.6101721 -1.177137  -1.6559057]
0.35237592;-1.4668113;-3.2367878;[ 1.4260367 -1.6646267 -3.0677369]
-0.34122854;-1.3633212;-2.0865784;[ 0.835704  -1.517225  -1.7553549]
1.0002843;-1.5624796;-1.763103;[ 1.6397985  -0.97322416 -1.2985196 ]
0.7962662;-0.17700301;0.8683933;[ 0.8317529 -0.1752023  1.0148808]
0.9509107;-0.78267086;-0.06028292;[ 0.31193122 -0.3524925   0.42809072]
-0.5802903;1.1329516;1.1652229;[-0.31002933  0.9243181   0.39706317]
0.34245628;0.37233502;-0.077794045;[ 0.8353615   0.15624207 -0.84925765]
0.41323328;-0.27399367;-1.113952;[ 0.98770714 -0.55931246 -1.6798085 ]
-0.01970677;0.3467648;0.10316661;[ 0.127728    0.22902389 -0.44726434]
0.10976286;-1.3367099;0.75002396;[ 0.0953856  -1.2989267  -0.12662873]
-0.4952458;1.0771232;0.77337265;[-0.32360518  0.8660644   0.29393625]
0.060217977;0.2947489;-0.42771852;[ 0.8678329   0.04717474 -1.0162977 ]
-0.746382;1.0352834;-0.10121247;[-0.87466204  0.80655503 -0.24162331]
-0.33294964;0.5828809;0.0120505355;[-0.0955077   0.32255238 -0.25061348]
0.16814287;-0.24869223;-0.5275875;[ 0.80423975 -0.5576515  -1.0668858 ]
0.640422;0.08885719;-0.28547144;[0.61252475 0.1441448  0.02060408]
0.074262396;-0.5263235;0.6100287;[ 0.10668589 -0.6344025  -0.13379729]
0.26703787;-0.39463943;-1.0114863;[ 1.4485573  -0.44035012 -1.3091443 ]
-0.5209943;0.27852055;-0.7762665;[-0.46697056  0.05815329 -0.6115755 ]
-0.41655922;-0.533283;-0.7882911;[-0.34116727 -0.6014628  -0.76697797]
0.12616368;-0.10347436;-1.2809912;[ 0.02942884 -0.16473456 -0.6858473 ]
-0.24303608;-0.41994786;-1.187588;[-0.09616603 -0.4920649  -1.0478381 ]
0.15920208;-0.90939945;-1.6361156;[ 0.16476592 -0.95311105 -1.1656177 ]
-0.22454385;-0.13114034;-0.49831438;[ 0.59680915 -0.43933845 -1.075632  ]
0.40205765;-0.7289767;-1.0413644;[ 1.2018509 -1.0559709 -1.6137089]
0.2833528;-0.23898636;-1.2704501;[ 0.93498856 -0.46994627 -1.4901463 ]
-0.16673319;-0.2252268;-0.82289124;[ 0.18035254 -0.45515537 -1.2572762 ]
-0.19151922;0.4259959;-0.7342783;[-0.19062136  0.5246596  -0.1483457 ]
0.0003836006;-0.43448;-0.7428003;[ 0.19756487 -0.31208736 -0.5243528 ]
0.3162263;-1.0200464;-1.0900984;[-0.02247415 -0.98705494 -1.2856799 ]
-0.06683923;0.68257594;0.28604412;[ 0.11591169  0.7326292  -0.00570763]
-0.022872195;0.13806917;-0.41144994;[ 0.1644754 -0.2332537 -0.8138041]
-0.20487206;-0.60955405;-1.2032995;[ 0.04868834 -1.0813682  -1.3901168 ]
-0.114103004;-0.918244;-1.2525439;[-0.30051935 -0.8235453  -1.4680201 ]
-0.72361416;0.03526877;-1.3376;[-0.15185745 -0.29167628 -1.5659136 ]
-0.8591648;0.048330955;-1.2532347;[-0.64265215 -0.23633148 -1.082008  ]
0.37333655;-0.67113256;-2.1318843;[ 0.900828  -0.9532261 -2.0512784]
0.64363223;-0.24890564;0.82263356;[ 0.5968503 -0.3709311 -0.1884668]
0.16464628;-1.1648594;-2.4293287;[ 0.627665  -1.2887641 -2.455278 ]
-0.4889028;-1.0594925;-1.4167514;[-0.10344477 -1.2183709  -1.5162784 ]
-0.9052504;0.13607273;-1.4471829;[-0.25097084 -0.006032   -1.0510638 ]
-0.097897604;-0.50270957;-1.6523861;[ 0.2978701 -0.7059314 -1.5736235]
0.9156665;-1.308095;-1.1252992;[ 1.2712512 -1.5710999 -1.2388769]
-0.55986065;-0.65058804;-2.1040049;[ 0.26963183 -0.75185823 -1.628998  ]
1.4762083;0.06466514;0.12917225;[ 0.6725518  -0.07417475  0.13368344]
0.97087353;0.10557537;0.16630097;[ 0.57859236 -0.28730112 -0.19043992]
4.262222;0.44801396;2.0283208;[ 4.1158686  -0.07996698  2.1764722 ]
1.0712702;-1.1597472;-0.45070666;[ 0.04934965 -0.84560275 -0.5801824 ]
-0.19435538;-1.0340527;-0.9175842;[ 0.871547  -1.1572928 -1.1580938]
-0.40073568;-1.1578566;-1.1583778;[ 0.49813133 -1.2186233  -1.4417063 ]
-0.7535458;-1.6939976;-1.7482531;[-0.50745165 -1.3727888  -1.7409133 ]
1.559847;-0.38734204;-0.8005808;[ 1.2282141  -0.52135974 -0.66272634]
0.15982221;-0.43903214;-0.9468305;[ 0.4262209 -0.3955983 -0.7860339]
0.16381021;-0.4860276;-0.70595556;[ 0.05645709 -0.56290066 -0.832274  ]
-0.089754194;-0.94002837;-1.6418477;[-0.02246733 -0.9619554  -1.6321499 ]
3.749974;-0.38202608;2.0425513;[ 2.7633207  -0.48244083  1.2466909 ]
1.5168079;-0.40586776;1.3925309;[ 0.32772505 -0.45397127  1.1223544 ]
0.7732882;-1.2672092;-0.19010945;[-0.27938008 -1.1060631  -0.77575576]
0.36891496;-1.2114419;0.55271393;[ 0.19829991 -0.9838424  -0.35441777]
0.17779224;-0.42428964;0.4852376;[ 0.23472112 -0.57547164  0.02524618]
1.2537352;-0.8608623;0.18972966;[ 0.17766069 -0.8069405  -0.34004578]
0.45626932;-1.0533012;0.124383196;[ 0.18715036 -0.9329999  -0.04315441]
0.5496479;-0.36803186;1.199744;[ 0.10552484 -0.32671404  1.2766776 ]
0.69030017;-0.8273652;-0.029273432;[ 0.936798   -0.85357714  0.32110736]
0.5699672;-1.3090419;-0.58898115;[ 1.3322554 -1.5196766 -0.9078279]
0.21563715;-0.96295375;0.6857561;[-0.01413383 -1.044154    0.54914933]
0.3925106;-1.3342365;-0.47431034;[ 1.0581589  -1.2984843  -0.76028085]
0.73683846;-0.6143654;1.0762061;[ 0.9078452 -0.5560362  1.0584745]
0.3560028;-1.6110215;-0.16510677;[-0.14963765 -1.5543045  -0.00953792]
0.6380258;-1.0773677;0.45234075;[ 0.6934961  -1.0142192   0.21076977]
0.91423863;-1.1068286;-0.8777288;[ 0.76887494 -1.1517388  -0.76340777]
0.7771204;-1.2056206;-0.61339396;[ 0.8104268 -1.15802   -0.7312003]
0.41445774;-0.8587337;-0.21135032;[ 0.3434006  -0.82815486 -0.2863222 ]
0.39953202;-0.38712752;0.53683275;[ 0.4813087  -0.361602    0.39309153]
0.37627256;-1.2732983;-0.8916867;[ 0.23264147 -1.2149116  -0.8297003 ]
0.28410423;-0.72830075;-0.3931318;[ 0.22655407 -0.79270065 -0.41768762]
-0.024581194;-1.0536832;0.1910747;[-0.0209628  -0.9373927  -0.14765564]
0.1369659;-1.4614366;-0.4142124;[-0.26230645 -1.5555146  -0.42065755]
0.2538924;-0.58226615;1.0630275;[ 0.20987134 -0.4836117   0.4978108 ]
0.13737616;-1.6499823;-0.8602506;[-0.20559807 -1.6957994  -0.75396514]
0.34287947;-1.4779391;-0.2989368;[ 0.2246981  -1.6164271  -0.64010924]
0.9651981;-1.0329016;0.43254113;[ 1.0408822  -1.0176874  -0.09924911]
0.4831686;-0.61368376;1.2681818;[ 0.42753732 -0.5010839   0.5273064 ]
0.5539304;-1.2003585;0.7954526;[ 0.60031074 -1.2164104  -0.09401423]
0.8100535;-1.6543772;0.026457403;[ 0.6498808  -1.5278538  -0.71812004]
0.45018256;-1.1103255;-0.28552276;[ 0.48738116 -0.97818303 -0.10581428]
0.44432038;-1.6150942;-0.7188631;[ 0.36501417 -1.457847   -0.8085766 ]
0.29363346;-2.0030468;-1.4779917;[ 0.20883542 -1.9119207  -1.1108516 ]
-0.06128472;-1.5783218;-0.51321137;[-0.255966  -1.5601412 -0.6416765]
-0.042099968;-2.1604958;-1.9927709;[-0.32504475 -2.1044736  -1.6969385 ]
0.1167534;-1.6658944;-1.0725628;[-0.02941994 -1.5704845  -0.70553976]
0.15936276;-2.5565948;-2.5085835;[ 0.04052643 -2.5340312  -2.573904  ]
0.15575945;-0.27100515;-0.3452277;[ 0.00320368 -0.36968714 -0.08190851]
-0.3806604;-0.26311833;-0.29065025;[-0.58220786 -0.26179367 -0.34950343]
0.85303754;-0.42295402;-0.42327505;[ 0.52910024 -0.36285967 -0.11595064]
1.3782798;-0.81842965;-0.957711;[ 1.3312362  -0.975062   -0.68218887]
-0.046758905;-0.8162046;-1.1231005;[ 0.25668457 -0.7370863  -1.0149871 ]
-0.31133026;-1.2684515;-2.185711;[ 0.12956527 -1.2722528  -1.8818945 ]
1.0822788;-0.43895048;-0.37787503;[ 0.7927859  -0.40360618 -0.16714704]
0.4747153;-0.9081549;-1.1561697;[ 0.6643687  -0.77983505 -0.9450832 ]
0.5401596;-0.78350997;-0.6930586;[ 0.6793346 -0.8885095 -0.515369 ]
-0.1627452;-0.92972094;-0.64888024;[-0.13302512 -1.0713644  -0.75628275]
1.4824053;0.19459303;0.23409158;[1.2070622  0.00605208 0.46161106]
0.5384759;-0.23710422;0.61180186;[ 0.3101658  -0.1533632   0.46021238]
0.4825669;-0.7797474;0.5456927;[ 0.29436594 -0.7112548   0.34357536]
0.22659591;-0.17435078;1.1322715;[ 0.12449218 -0.1884785   1.2468109 ]
0.7148251;-0.7403174;0.48175567;[ 0.9576184  -0.7096899   0.57610434]
2.0886996;-0.8556933;1.0368294;[ 1.2046468  -0.70369536  0.8393404 ]
0.2344474;0.26173848;1.4239953;[0.17754777 0.5337411  1.0791082 ]
1.6778485;-0.16536255;0.79555416;[ 1.2715386  -0.00751954  0.49234304]
0.7909268;-0.06600399;0.9583759;[0.81218123 0.13864994 0.67353827]
1.0976613;-0.42865312;0.43893543;[ 1.0032928  -0.3831916   0.11139056]
0.9473452;-0.7100289;0.10974385;[ 0.8899604  -0.60316265 -0.18244073]
1.9409;-0.7494385;0.30313256;[ 2.0145292  -0.57954687 -0.0854376 ]
0.93701154;-0.27910072;1.3028928;[ 0.8564779  -0.13019483  0.85340387]
1.0867492;-0.65425104;0.59060895;[ 1.2966427  -0.62991965  0.02956506]
0.9044799;-0.9961491;-0.2036829;[ 1.1874194 -1.0335873 -0.5525112]
0.47973323;-0.6032186;0.46071613;[ 0.38192603 -0.50722533  0.2593552 ]
0.87206835;-0.9789104;0.20367154;[ 0.8308878  -0.9642886  -0.10960379]
0.9456349;-0.23642634;1.2482293;[ 1.0313548 -0.3288321  0.8367911]
0.6542974;-0.2240635;1.1068672;[ 0.76482034 -0.24395068  0.7294427 ]
-0.3153085;-0.7867084;1.9015222;[-0.23519434 -0.72687346  1.8403475 ]
-0.0903347;-1.2019814;0.9474916;[ 0.06905639 -1.197492    1.0393407 ]
-0.43359452;-0.6848907;2.1501148;[-0.33055758 -0.7278768   2.2808926 ]
0.018185847;-1.132972;0.93306077;[ 0.07327473 -1.1841338   1.380426  ]
1.0680553;0.45169008;2.1244283;[0.44690496 0.33115894 2.2079976 ]
3.0049472;-0.29627198;1.0314412;[ 2.6180634  -0.18455468  0.8840112 ]
1.042985;0.048443023;1.1751305;[0.897112   0.03382882 1.2678305 ]
0.24735712;-1.418829;1.2143377;[ 1.5609719 -1.4992481  0.5732031]
1.6963638;-0.51081604;0.75662374;[ 1.2344757 -0.621497   0.7797744]
-0.008486837;-0.31114638;2.024834;[-0.18035088 -0.34183687  2.156335  ]
0.54618174;-0.69956356;1.3674239;[ 0.59684086 -0.8108319   1.3178319 ]
1.3615252;-0.25237334;1.087714;[ 0.9348716 -0.3260706  1.0296957]
1.1947138;-0.11694373;1.0838013;[ 0.6395639  -0.18569975  0.8639654 ]
2.0155478;-0.19339572;0.9704587;[ 1.024191   -0.34474355  0.80972356]
1.8250139;-0.52846485;0.69508207;[ 1.0193772 -0.6325255  0.4195595]
0.70128244;-0.8158689;0.82487935;[ 0.7509419 -0.758818   0.589839 ]
0.58303326;-0.3663233;1.4751222;[ 0.43389153 -0.36665785  1.3167115 ]
-0.17211534;0.6963795;2.299687;[-0.02691342  0.5166604   1.8208354 ]
-0.074464425;-0.2682252;1.7074183;[ 0.06195121 -0.36965728  1.3421079 ]
0.07154732;-0.30077714;1.627137;[ 0.04456536 -0.28640568  1.4263214 ]
0.79272854;-0.9018133;1.3793037;[ 0.7192658  -0.85940605  0.9099491 ]
0.37124544;-0.7451059;0.80332553;[ 0.3576274  -0.6650348   0.71176946]
0.04642587;-0.038924575;2.1224766;[ 0.02363083 -0.15515243  1.9201947 ]
0.663374;-1.1293119;0.31594115;[ 0.9763236  -1.1229557   0.47923133]
1.3860358;-1.0869179;0.37531155;[ 1.4485192 -1.093914   0.3881777]
2.2946188;-0.81281865;0.9893584;[ 2.0010831  -0.67504275  0.8669914 ]
1.0685395;-0.8613502;1.0584847;[ 0.9701448  -0.75861615  0.65339035]
0.95948476;-0.75567424;0.89986193;[ 0.59180874 -0.7823832   1.4307526 ]
-0.16166984;-0.47547168;1.2184188;[-0.04078983 -0.5753424   1.3132881 ]
0.669167;-1.4757142;-0.094640225;[ 0.91550297 -1.5176109  -0.15767668]
2.0695343;-0.8461134;1.0042218;[ 1.933358 -0.828554  0.714278]
0.5144117;-0.10947874;2.0664535;[ 0.24286044 -0.2008773   2.0272439 ]
-0.03949444;-0.45958823;1.9819154;[ 0.05401392 -0.50931054  1.624149  ]
1.7620741;-1.2209837;-0.3368568;[ 2.7528093  -1.6173409  -0.70010096]
0.18177806;-0.7562733;0.5260863;[ 0.09322065 -0.6794715   0.56155425]
1.1266514;-0.79566514;0.5724603;[ 1.1763418 -0.6636512  0.5393224]
0.7907801;0.27993304;1.4033058;[0.67106664 0.19562948 0.9429733 ]
0.24340965;-0.25894666;0.8609337;[ 0.22459981 -0.27088565  1.2366593 ]
0.60039467;-0.5659316;0.7528653;[ 0.6222584  -0.62084013  0.37881014]
-0.29460675;0.08834915;2.1450484;[0.24456044 0.21971042 1.3954672 ]
0.02326607;-0.26085424;0.95730555;[ 0.06633687 -0.04992999  0.7186806 ]
-0.1359549;0.33193094;2.2740433;[-0.20517893  0.44770753  1.728058  ]
0.5883985;-0.18070935;1.461602;[ 0.27709222 -0.08828019  1.1173247 ]
1.2906682;0.039982002;1.6156763;[ 1.2125672  -0.13344361  1.4475191 ]
-0.2441717;0.045304254;2.0682132;[-0.19143175  0.00725725  1.1773562 ]
0.2933675;-0.48833603;2.3644764;[ 0.05059312 -0.41159075  2.4350893 ]
0.5959492;-0.43734473;1.0757307;[ 0.44133717 -0.5579069   1.1713282 ]
0.4836719;-0.8925393;0.7542873;[ 0.28281578 -0.87332636  0.40329495]
1.9546175;-0.53904754;2.0649784;[ 1.5129617 -0.5406947  1.754021 ]
0.57407326;-1.5713004;0.801253;[ 0.4812973 -1.5359885  0.6602409]
-0.016397558;-0.2332199;2.3557267;[-0.06655104 -0.4111945   2.2843602 ]
-0.036732018;-1.7796146;1.2760378;[-0.1897584 -1.6990626  1.8707806]
1.24105;-1.9260651;-0.23435372;[ 1.2933004 -1.9037273 -0.3695044]
0.06142182;0.17370908;1.9776646;[0.4084934  0.41636235 1.291859  ]
1.4781101;-0.3400979;2.0228105;[ 1.4012574  -0.22957106  1.5086083 ]
0.0060392544;-0.36861855;1.375726;[ 0.09471768 -0.3235547   0.99917847]
0.4670198;0.097113505;0.9850975;[0.32522395 0.08955929 0.70725137]
0.4292153;-0.33273894;0.7015088;[ 0.5387805  -0.30269223  0.40245813]
1.4721867;-0.0800633;1.8057909;[ 2.0580335 -0.0210299  1.7851357]
0.54273134;-0.5583666;0.7266297;[ 1.5377847  -0.56877875  1.1013087 ]
0.46252996;-0.6665613;1.5970359;[ 0.7823648  -0.65878475  1.4348513 ]
-0.13925765;0.30980933;1.4818268;[-0.07638396  0.5425317   1.0973145 ]
1.4812306;-0.34233153;0.8653225;[1.5517865  0.02719273 0.40765104]
0.56179655;-0.21852441;1.2529023;[ 0.33367985 -0.05628295  0.9669652 ]
-0.056836337;0.06711912;1.5712705;[-0.00214596  0.17090422  1.2091495 ]
0.65409416;-0.8143387;0.4806601;[ 0.82736075 -0.77281696  0.7686735 ]
1.03035;-0.8212129;1.0769835;[ 0.7810716  -0.7150789   0.70363426]
-0.24564208;-0.029653937;2.2178721;[-0.16125955 -0.14585565  1.9566711 ]
0.59051514;-0.37205285;1.2914209;[ 0.8307437  -0.06552621  1.2711099 ]
2.2340016;-0.96037847;0.7584117;[ 1.9813615  -0.6992622   0.70110244]
0.8540589;-0.5019943;2.010449;[ 0.82369804 -0.1677997   1.3253655 ]
3.2720454;-0.114731476;2.4905872;[ 2.6772258  -0.20838769  1.918969  ]
0.39022177;-0.8419656;1.4762077;[ 0.40921578 -0.8229543   1.065798  ]
0.50018;-1.0192891;1.6304014;[ 0.42106527 -0.79450935  1.0048906 ]
0.030295208;0.47977376;1.3485217;[-0.02551465  0.5126037   0.8848116 ]
0.07238872;0.100923665;1.5115323;[0.11278433 0.19379777 1.0676363 ]
1.855799;-0.24322043;1.5455556;[ 1.4419817  -0.26278973  1.1815289 ]
0.13569498;0.25394058;1.8269562;[0.48344803 0.06579341 1.478475  ]
1.1574862;-0.16634233;1.1376016;[ 1.0714686  -0.36069477  0.704585  ]
0.20699722;0.6778031;1.9572552;[0.7661277 0.508896  1.6762329]
1.7425176;-1.3099627;1.2008377;[ 1.4244533 -0.9655254  1.0964369]
1.1256142;-1.1970717;1.1384556;[ 1.3884714  -0.83325696  0.9710143 ]
0.37601793;-0.51612866;2.3138092;[ 0.7230843  -0.35520065  1.5681571 ]
0.6516158;-0.22479813;0.2687144;[ 0.6687124  -0.55077815  0.08646834]
0.692172;0.5980327;0.21295062;[0.9293819  0.16567545 0.1754208 ]
2.8975668;-0.2455763;-0.5434271;[ 3.2129424  -0.67642665 -0.66951317]
0.7464439;-0.57173914;2.0664148;[ 1.0219526  -0.28977853  1.2614566 ]
0.35135287;-1.0764467;1.1191028;[ 1.0004468 -1.0193938  0.6764171]
1.8019158;0.12076095;1.0895603;[1.5527935 0.090454  0.6806703]
1.3744959;-0.6060873;0.24641417;[ 1.4935738  -0.5830351  -0.32082543]
0.86618084;-0.5961679;0.54207027;[ 0.8665879  -0.57653755  0.0588946 ]
1.7278473;-0.3009696;0.95227903;[ 1.3028516  -0.26823443  0.44939414]
0.20189331;0.024187494;2.716142;[0.05137439 0.06575763 2.3534982 ]
0.8525132;-0.36904985;1.9327424;[ 0.8551447  -0.20248671  1.7954732 ]
0.86866504;-0.48534387;1.9388069;[ 1.0424793  -0.34015632  1.3092959 ]
3.1518455;-1.2378249;1.3986809;[ 2.875046  -0.9177459  1.0233917]
0.82869375;-0.0442409;2.358355;[ 0.25699443 -0.0919961   2.451103  ]
-0.2948876;0.28347886;1.888321;[-0.21458952  0.45043683  1.5665766 ]
0.34474137;-0.23139952;1.6739258;[ 0.34907275 -0.16803701  1.2836553 ]
-0.22798742;0.2822152;2.0302126;[0.00691764 0.16900946 1.8194786 ]
1.4746997;-0.9622428;1.3940278;[ 1.3866448 -0.9219846  1.0282283]
0.5801998;-1.0951798;1.3561622;[ 0.41461504 -0.88436246  0.7904071 ]
1.4322201;-1.4339195;1.0666285;[ 1.0724528 -1.0552078  0.8479249]
0.0294725;-0.082423076;1.3306601;[ 0.13323665 -0.03508833  1.6514851 ]
0.0202263;-0.55096024;0.91023505;[ 0.44171774 -0.66030866  1.0386485 ]
0.74686414;-0.21560119;0.8628491;[ 0.6482759  -0.02490853  0.5805237 ]
1.2865101;-1.4108877;-0.18234181;[ 1.3213034  -1.3051113   0.11402866]
0.022417247;-0.68398327;1.4000013;[-0.03656437 -0.74842334  1.5483345 ]
0.9357547;-0.31960177;0.7738403;[ 0.24639904 -0.43832374  0.5711553 ]
0.56337374;-0.4085238;-0.24177858;[ 0.0215852  -0.4972707   0.00403096]
0.4892882;-1.2887579;-0.5190935;[ 0.06670044 -1.3867977  -0.36243138]
1.0915463;-1.1767831;-1.5497327;[ 0.9414815  -1.1275243  -0.99793714]
1.1885;-0.64929366;0.434586;[ 0.25001663 -0.6763678   0.28176138]
0.47870022;-1.0852093;-0.50093144;[ 0.06583236 -1.0974307  -0.33499584]
0.5633352;-0.35454595;0.60899115;[-0.05915369 -0.42134517  0.5418101 ]
0.9448875;-1.3984402;-0.042799424;[ 0.5778158  -1.3432842  -0.34260687]
-0.17847092;-1.2349565;0.93184114;[-0.09839715 -1.2915846   0.48554042]
0.33902973;-1.6647576;-0.27206028;[ 0.5618762  -1.7496864  -0.39468035]
1.557819;-1.9569215;-1.4324468;[ 1.1094078 -1.8978695 -1.0908874]
2.0199249;-0.045024216;2.8509693;[ 1.3092029  -0.00630863  1.6361603 ]
1.4236411;-0.3707043;1.4013939;[ 0.8379799  -0.08786128  0.61465305]
3.2133446;-0.5721437;0.010838274;[ 2.39228    -0.48521203  0.54108685]
2.4755836;-0.59004986;0.40382165;[ 1.695184  -0.5420866  0.8601462]
