prop1;prop2;prop3;allprop
2.4897954;81.24511;-0.25228044;[ 2.65806    82.96039    -0.25030643]
2.6344478;81.40711;-0.24416609;[ 2.6583943  83.058304   -0.25030494]
2.4618993;74.52212;-0.24755535;[ 2.63382    75.631096   -0.25040272]
1.865511;80.479774;-0.24018303;[ 2.6543646  81.84138    -0.25032598]
1.8085265;80.6816;-0.24169523;[ 2.6542666  81.80769    -0.25032616]
2.312092;77.58419;-0.229913;[ 2.6445858 78.877075  -0.2503636]
2.083804;74.064064;-0.23924938;[ 2.6294665 74.315414  -0.2504263]
2.031156;84.17606;-0.22967653;[ 2.6671882  85.72295    -0.25027445]
1.5916587;80.80183;-0.24017991;[ 2.6545305  81.89551    -0.25032482]
1.5521005;87.125084;-0.2485066;[ 2.6756573  88.27544    -0.25024164]
2.3148496;77.61042;-0.23065077;[ 2.641259   77.872444   -0.25037846]
1.610887;87.00063;-0.24598144;[ 2.6759062  88.36069    -0.25024104]
1.4860089;91.21592;-0.22286671;[ 2.6917078  93.13408    -0.25017715]
1.7223835;84.7568;-0.2225158;[ 2.6680658  85.985794   -0.25027093]
2.040145;84.03994;-0.23042195;[ 2.6649323  85.043304   -0.25028417]
1.737031;80.06763;-0.24239098;[ 2.651442  80.96992   -0.2503368]
2.0003834;78.33855;-0.22270063;[ 2.6443126  78.7909     -0.25036559]
1.5807166;84.57723;-0.22176158;[ 2.6685905  86.14154    -0.25026938]
1.809429;80.258095;-0.23957074;[ 2.6530464 81.445175  -0.2503303]
2.0248578;73.60397;-0.240214;[ 2.6282792  73.958115   -0.25042993]
1.510936;86.80665;-0.2410294;[ 2.6765983  88.57621    -0.25023767]
1.5219738;87.4609;-0.24576697;[ 2.6766102  88.58752    -0.25023964]
1.7469133;79.991844;-0.24000011;[ 2.651709  81.05659   -0.2503362]
1.6581924;89.71827;-0.24596086;[ 2.6821084  90.21104    -0.25020373]
2.639932;74.94836;-0.24338499;[ 2.6331313 75.42035   -0.250405 ]
3.2342472;78.73554;-0.23743151;[ 2.6482606  79.99126    -0.25034282]
2.3161528;75.4889;-0.25864914;[ 2.6347365  75.901306   -0.25039628]
3.0559669;75.969574;-0.23166688;[ 2.6382384 76.96209   -0.250383 ]
3.032219;84.83959;-0.23840211;[ 2.6698163  86.52732    -0.25025982]
3.0296392;82.54798;-0.2308152;[ 2.6616635  84.05698    -0.25029075]
6.0868883;78.70707;-0.23184642;[ 2.6495364 80.38783   -0.2503414]
12.699111;78.71464;-0.22827579;[ 2.6488416  80.1651     -0.25034216]
2.598126;80.91101;-0.24185485;[ 2.6577098  82.861404   -0.25030807]
1.8170462;83.6963;-0.24531898;[ 2.6623244  84.25223    -0.25029385]
1.5337714;86.85604;-0.25216514;[ 2.674881   88.05376    -0.25024596]
1.8036647;84.34394;-0.22392496;[ 2.6656065  85.24423    -0.25028238]
1.7915897;80.91007;-0.23864567;[ 2.6511896  80.889915   -0.25033885]
1.7907068;80.55637;-0.24719204;[ 2.6521995  81.19356    -0.25033706]
1.5053394;87.24781;-0.23785718;[ 2.6738338  87.75351    -0.25024968]
1.4877477;86.93156;-0.2481188;[ 2.6753898  88.22107    -0.25024426]
1.7213421;80.04952;-0.24266113;[ 2.6518621  81.105484   -0.25033614]
1.1812613;86.537315;-0.24173237;[ 2.6766806  88.604294   -0.25024012]
1.5864273;79.64835;-0.23868875;[ 2.6528652 81.40341   -0.2503332]
2.4764109;79.5091;-0.23255673;[ 2.6495504  80.36296    -0.25033632]
3.9252195;75.20104;-0.26892066;[ 2.6349685 75.96561   -0.2503942]
1.9131227;80.30133;-0.24519013;[ 2.649847  80.46411   -0.2503351]
0.5946082;93.03311;-0.2522223;[ 2.6966612  94.631226   -0.25014898]
4.004648;87.63326;-0.27457845;[ 2.6801078 89.63167   -0.2502174]
1.4096358;86.87942;-0.24214008;[ 2.673718   87.69386    -0.25023824]
1.3408203;86.24734;-0.2405089;[ 2.67419    87.83275    -0.25023863]
3.963826;80.834465;-0.2630049;[ 2.657637   82.83321    -0.25030708]
3.4028785;72.56871;-0.24253258;[ 2.6249301 72.93665   -0.250438 ]
3.8549838;69.21184;-0.26413512;[ 2.6129198  69.303246   -0.25048566]
2.5389204;81.39495;-0.25055417;[ 2.6554263  82.14577    -0.25030243]
2.479382;81.30903;-0.2518752;[ 2.6514103  80.94294    -0.25031963]
2.5788267;72.94782;-0.24748781;[ 2.630517   74.61794    -0.25040874]
2.6090865;79.68819;-0.24680232;[ 2.651619  81.007935  -0.2503266]
2.9542627;76.838615;-0.24172132;[ 2.6413038  77.892365   -0.25036773]
2.8799884;69.738754;-0.24416973;[ 2.6159606 70.2344    -0.2504684]
2.8043852;69.875336;-0.24443619;[ 2.6178148  70.78698    -0.25046083]
2.571535;75.03222;-0.24835895;[ 2.6363342  76.376595   -0.25039184]
2.7394974;78.48463;-0.24663045;[ 2.6485176  80.07089    -0.25034508]
2.785359;85.187096;-0.24718426;[ 2.6699443  86.55706    -0.25026098]
2.605185;77.99642;-0.2466075;[ 2.6465106 79.46988   -0.2503525]
2.4446712;71.27094;-0.24961202;[ 2.6221669  72.11532    -0.25044894]
2.8528504;75.16293;-0.23950608;[ 2.6367702  76.5222     -0.25039157]
3.5704753;76.85537;-0.27124104;[ 2.6431892  78.446365   -0.25035188]
4.3598175;71.95938;-0.29413977;[ 2.627426   73.68399    -0.25041726]
3.8257337;83.75519;-0.271482;[ 2.6641736  84.799614   -0.25026894]
4.7210326;78.8592;-0.29424807;[ 2.6484087 80.03674   -0.2503343]
3.3263993;81.58677;-0.25688705;[ 2.6551251  82.063934   -0.25030434]
4.3598394;75.93715;-0.26851472;[ 2.6387887 77.127914  -0.2503721]
3.708854;77.56981;-0.26882145;[ 2.6424775  78.23489    -0.25035426]
4.5374002;72.39178;-0.29288813;[ 2.62649   73.405334  -0.2504204]
3.2831676;74.45697;-0.25777197;[ 2.6341066 75.70058   -0.250388 ]
4.14398;69.3941;-0.28238022;[ 2.6183393  70.93693    -0.25045338]
4.670366;73.80682;-0.2643308;[ 2.6294155  74.292725   -0.25040936]
3.7056346;74.415764;-0.25122938;[ 2.630824   74.71781    -0.25040245]
1.979753;75.583115;-0.24808441;[ 2.6339762  75.65967    -0.25038785]
3.2758503;70.46513;-0.2715454;[ 2.6180809  70.85664    -0.25045264]
2.4888463;77.232124;-0.24998239;[ 2.6435382 78.55469   -0.2503539]
1.1333215;91.07292;-0.24145758;[ 2.6850667 91.11133   -0.2501899]
1.6107794;90.700264;-0.24364501;[ 2.6838164  90.741394   -0.25019622]
5.8316393;72.596855;-0.23144929;[ 2.6274889 73.704956  -0.2504279]
2.8530436;79.16674;-0.23798095;[ 2.6490686  80.24141    -0.25034192]
2.8048124;79.07385;-0.23804966;[ 2.6481695  79.97636    -0.25034532]
2.7789745;72.52494;-0.23888262;[ 2.6247275  72.878204   -0.25043762]
5.1762753;72.42718;-0.23043357;[ 2.6285615  74.03187    -0.25042328]
2.8922582;72.470726;-0.23901628;[ 2.625814   73.20147    -0.25043377]
2.1177788;77.83391;-0.24398398;[ 2.6411648 77.836     -0.2503781]
0.35014105;97.66735;-0.25269812;[ 2.7129662  99.56268    -0.25009355]
1.5467656;90.87423;-0.24483499;[ 2.6891146  92.35503    -0.25018778]
1.8224375;83.909325;-0.24288817;[ 2.6656723 85.26079   -0.2502802]
2.0928926;77.52259;-0.2428969;[ 2.6417983  78.03003    -0.25037536]
1.9497796;77.26632;-0.2415167;[ 2.6446521  78.886215   -0.25036296]
1.8553345;80.854485;-0.24682593;[ 2.6581411 82.97412   -0.2503108]
2.0346978;78.19085;-0.22358222;[ 2.6469796  79.59755    -0.25035393]
1.4704444;86.98899;-0.24496335;[ 2.6780343  89.00632    -0.25023255]
1.271872;87.532455;-0.23961946;[ 2.6790361  89.3078     -0.25022945]
1.5763712;80.193504;-0.24205375;[ 2.6557055 82.25259   -0.2503206]
1.806551;80.87461;-0.24339855;[ 2.6545448  81.898926   -0.25032645]
2.2433548;77.79569;-0.23154399;[ 2.6441257  78.74634    -0.25036684]
1.7056631;80.79449;-0.24060208;[ 2.6557682 82.26522   -0.2503218]
2.1175992;77.68049;-0.2311974;[ 2.645466   79.14749    -0.25036186]
2.4271202;71.415535;-0.23184714;[ 2.6207836  71.67719    -0.25046045]
1.9517856;80.009315;-0.2461566;[ 2.653305  81.495026  -0.2503192]
1.3475323;86.32845;-0.24196504;[ 2.6755815  88.24794    -0.25023177]
1.641116;86.45579;-0.24847546;[ 2.6756155  88.25247    -0.25023195]
1.6099567;86.543686;-0.2455639;[ 2.67496   88.06731   -0.2502343]
3.9501085;81.200806;-0.2709782;[ 2.6588671  83.206116   -0.25030094]
2.772765;75.17408;-0.249254;[ 2.638845   77.1297     -0.25038126]
3.408748;72.36852;-0.24237257;[ 2.628862   74.1098     -0.25041974]
3.3585749;85.513725;-0.24040149;[ 2.6733031  87.56665    -0.25024474]
3.8026733;82.261925;-0.2640139;[ 2.6615229  84.00954    -0.25029007]
2.7837877;81.66108;-0.25139642;[ 2.6610956  83.86775    -0.25029424]
3.3957748;78.83619;-0.24135554;[ 2.650973   80.80537    -0.25033334]
2.7915435;81.67747;-0.24813578;[ 2.66011    83.585236   -0.25029796]
2.7859294;75.32056;-0.24797863;[ 2.6358643 76.24521   -0.2503937]
2.7064853;74.95505;-0.24633905;[ 2.6376135 76.76808   -0.2503873]
2.731938;68.986435;-0.24792239;[ 2.6119964 69.0169    -0.2504889]
3.988592;73.585;-0.25384474;[ 2.630401   74.58935    -0.25040686]
4.0163;74.91169;-0.25738984;[ 2.633742   75.61047    -0.25038826]
4.8975697;70.449745;-0.2681964;[ 2.6184247 70.97101   -0.2504535]
2.6558552;84.279106;-0.2478776;[ 2.6658547 85.30939   -0.2502638]
3.6534164;77.63232;-0.27686924;[ 2.644034   78.723465   -0.25034726]
2.6426814;77.444435;-0.24915962;[ 2.6425357  78.262695   -0.25035706]
2.5601363;72.88868;-0.24995245;[ 2.6300542  74.47818    -0.25041202]
3.130857;69.94649;-0.24951367;[ 2.6205513  71.60289    -0.25044844]
2.9649525;71.032684;-0.25768444;[ 2.6218646  72.012085   -0.25043803]
3.676132;66.53244;-0.27108958;[ 2.6062288 67.27694   -0.2505045]
2.7259254;79.438995;-0.25054088;[ 2.6518233  81.068436   -0.25032577]
1.5467628;85.55055;-0.23606205;[ 2.673174   87.508255   -0.25024042]
1.9506145;78.92373;-0.22613207;[ 2.649482 80.35581  -0.250328]
1.3548406;80.743065;-0.24292603;[ 2.6561983 82.375854  -0.2502979]
2.3933706;76.0686;-0.2449978;[ 2.6420808  78.10921    -0.25036046]
2.5179584;74.06283;-0.23914415;[ 2.6328516  75.33423    -0.25039983]
1.3213159;81.66668;-0.23545268;[ 2.6620457 84.154396  -0.250286 ]
2.2855291;72.79487;-0.22886409;[ 2.6271238  73.60661    -0.25042814]
2.1794586;73.14254;-0.22534682;[ 2.6307156  74.69236    -0.25041443]
1.3427668;84.345695;-0.2435897;[ 2.6684318  86.07291    -0.25024727]
2.5885859;73.75252;-0.23001274;[ 2.635162   76.03596    -0.25039166]
2.6889877;73.294334;-0.23493248;[ 2.6345294 75.83427   -0.2503893]
2.4824605;73.548904;-0.2365817;[ 2.632494   75.233765   -0.25040188]
4.6078424;66.99421;-0.23631068;[ 2.609883   68.39418    -0.25049308]
1.7200273;97.99204;-0.24838126;[ 2.7059278 97.481064  -0.2500786]
13.683845;72.55072;-0.23085746;[ 2.6172035  70.59438    -0.25046343]
3.292222;80.74116;-0.24694271;[ 2.652385   81.2509     -0.25030982]
3.1527603;80.6986;-0.2475671;[ 2.6507251  80.75752    -0.25031728]
6.253034;74.20218;-0.24467361;[ 2.6266575  73.46915    -0.25041276]
1.963156;83.64313;-0.24601096;[ 2.6613007  83.93414    -0.25028577]
0.6752534;92.07914;-0.24390529;[ 2.6941223  93.86952    -0.25015253]
1.8641882;78.78047;-0.24727634;[ 2.6457522 79.24338   -0.2503458]
1.8389153;82.52245;-0.2344343;[ 2.6604898  83.69513    -0.25028545]
1.6942426;78.55819;-0.24487019;[ 2.6460567 79.33043   -0.2503438]
2.137543;72.446785;-0.2481435;[ 2.6241376  72.69724    -0.25043255]
0.85668147;89.79395;-0.24738047;[ 2.686704   91.61589    -0.25017193]
2.008959;77.05987;-0.24875547;[ 2.641036   77.79895    -0.25035554]
3.5351195;72.85547;-0.27397406;[ 2.624833   72.90416    -0.25042313]
2.3897953;80.061424;-0.25093475;[ 2.652987 81.41419  -0.250312]
2.3875291;73.68598;-0.25246745;[ 2.6297584  74.389114   -0.25040597]
3.41804;83.80323;-0.2549815;[ 2.6591234 83.27701   -0.2502853]
3.1264415;77.07564;-0.2587961;[ 2.6365678 76.454895  -0.2503749]
2.7404985;74.19543;-0.23191723;[ 2.6309786  74.7684     -0.25041023]
2.2767386;77.255;-0.23815215;[ 2.6410615  77.81983    -0.25036785]
2.5782764;79.32877;-0.22112575;[ 2.6472828  79.694885   -0.25034413]
2.7330437;67.51578;-0.23230138;[ 2.6090293  68.11943    -0.25049707]
2.3235123;74.620384;-0.24526264;[ 2.6325014  75.22164    -0.25040856]
2.4789262;74.614174;-0.24499707;[ 2.6336813  75.57457    -0.25040275]
2.3355098;81.299614;-0.24475811;[ 2.6544762  81.87784    -0.25032172]
2.6992214;79.7069;-0.23127292;[ 2.6488876  80.18066    -0.25034216]
2.8647838;86.17376;-0.23141305;[ 2.670156   86.61334    -0.25025773]
2.9185965;79.5149;-0.23288815;[ 2.648983  80.20809   -0.2503415]
2.3273485;74.632835;-0.24682765;[ 2.6339967  75.681      -0.25040284]
2.6484966;84.16073;-0.24216461;[ 2.6663146  85.46784    -0.25027582]
2.6126971;77.56364;-0.24378276;[ 2.6429412  78.399185   -0.25036916]
2.432057;70.74472;-0.24840842;[ 2.6186657 71.05745   -0.2504649]
3.1271925;82.47622;-0.23086587;[ 2.6585188  83.1066     -0.25030544]
3.0018415;75.485954;-0.2342965;[ 2.6340718  75.711914   -0.25040212]
2.3373115;70.61234;-0.24823828;[ 2.6192858  71.24352    -0.25046274]
3.4110012;75.03327;-0.24278443;[ 2.6346025  75.87337    -0.25040016]
3.7644644;71.47122;-0.27081376;[ 2.624044  72.66252   -0.2504341]
2.4476812;76.755196;-0.24867482;[ 2.639341   77.29505    -0.25037155]
3.7607234;71.6127;-0.27390206;[ 2.62342    72.48534    -0.25043762]
2.6266274;70.184074;-0.26859218;[ 2.619781   71.38245    -0.25044656]
3.5391753;80.001724;-0.24152762;[ 2.6529734  81.416      -0.25032064]
3.3557854;79.62147;-0.23935013;[ 2.6503508  80.63094    -0.25033146]
2.5092037;72.038414;-0.25141478;[ 2.6251094  72.9974     -0.25043303]
3.3272817;73.06686;-0.2407758;[ 2.6267653  73.49768    -0.25042546]
3.520717;73.28507;-0.24345899;[ 2.6302733  74.54906    -0.25041184]
3.3295453;72.91838;-0.24052873;[ 2.6275213 73.72603   -0.2504229]
2.4153445;63.63427;-0.27107367;[ 2.5951877  63.946823   -0.25054628]
3.836448;76.61559;-0.2735742;[ 2.6368654 76.5502    -0.2503746]
1.562741;81.37182;-0.24658912;[ 2.6560984  82.36372    -0.25029495]
3.965865;76.68395;-0.27114877;[ 2.6383903  77.01209    -0.25036892]
4.16138;74.15827;-0.25377616;[ 2.627936  73.8432    -0.2504103]
3.8522363;70.0241;-0.27348077;[ 2.6146343  69.81288    -0.25046372]
1.9467337;79.704735;-0.24327478;[ 2.651347  80.9025    -0.2503275]
1.661658;86.44286;-0.24434881;[ 2.6735117  87.609375   -0.25023833]
1.9327383;80.07299;-0.24383116;[ 2.6491873  80.26073    -0.25033602]
3.6092832;75.219215;-0.26935348;[ 2.633191  75.42813   -0.2504014]
3.371489;68.212105;-0.2698765;[ 2.610203  68.472145  -0.2504935]
3.8922396;88.33988;-0.27202314;[ 2.680496   89.73993    -0.25021365]
3.5894303;81.36437;-0.26992333;[ 2.657842  82.88698   -0.2503029]
3.495142;78.973854;-0.2548297;[ 2.65003   80.52341   -0.2503347]
1.7419729;80.00663;-0.24388039;[ 2.6507792 80.75064   -0.2503302]
3.4981036;74.82713;-0.2675735;[ 2.6346815  75.88715    -0.25039592]
2.689554;81.771255;-0.2482695;[ 2.6587398  83.15091    -0.25030267]
2.511449;75.25148;-0.2485411;[ 2.633913   75.6499     -0.25040105]
2.589897;81.636;-0.24493673;[ 2.6598954 83.510216  -0.2502987]
1.8306439;84.16712;-0.24503914;[ 2.6651752  85.10871    -0.25028172]
1.6687841;83.866844;-0.24145027;[ 2.6657808  85.30151    -0.25028035]
1.5841367;90.727554;-0.25162712;[ 2.6890647  92.33067    -0.25018704]
1.5331736;90.92364;-0.24675147;[ 2.6883788  92.136154   -0.25019017]
1.8395535;84.4124;-0.24578047;[ 2.6644309  84.881935   -0.25028583]
1.8912979;83.88818;-0.24599138;[ 2.665069   85.07719    -0.25028166]
1.6914816;83.62132;-0.24081714;[ 2.664893   85.02954    -0.25028375]
1.964463;76.99648;-0.24101686;[ 2.6425154  78.2457     -0.25037375]
1.5165117;83.54962;-0.24000908;[ 2.6675003 85.813484  -0.250274 ]
2.1760707;77.30322;-0.24635598;[ 2.6366706 76.467026  -0.2503866]
1.4230763;90.1966;-0.24190941;[ 2.6847765 91.028595  -0.2501932]
1.7288257;83.63987;-0.24438483;[ 2.6611161  83.8734     -0.25028843]
3.0800352;72.10267;-0.23706615;[ 2.623295   72.440186   -0.25044534]
2.5868917;81.519066;-0.242972;[ 2.656959   82.62097    -0.25031093]
2.77982;78.60567;-0.23957106;[ 2.646      79.32785    -0.25035557]
3.446434;86.182304;-0.23134416;[ 2.6720624 87.19891   -0.2502499]
5.9730854;79.02825;-0.23189802;[ 2.6466646  79.52406    -0.25035316]
2.790244;72.08326;-0.2396522;[ 2.620924   71.742966   -0.25045416]
5.3155384;79.41871;-0.22232594;[ 2.648874   80.17939    -0.25034294]
5.1877985;72.14623;-0.23594399;[ 2.623735   72.587585   -0.25044462]
2.7544866;71.980156;-0.2388342;[ 2.6240003  72.66869    -0.25044242]
1.8715917;84.12763;-0.2492196;[ 2.6631925  84.50075    -0.25029185]
2.172903;77.30213;-0.24614821;[ 2.6378813  76.845184   -0.25039175]
1.8956506;84.052155;-0.24916075;[ 2.66384   84.695175  -0.2502886]
1.5680381;90.70578;-0.25058076;[ 2.6869366 91.69174   -0.2501971]
1.8694708;84.12774;-0.24593948;[ 2.6616347  84.04126    -0.25029603]
1.8928487;83.81007;-0.24632454;[ 2.6602728 83.6342    -0.2503018]
1.8166189;80.76577;-0.24909413;[ 2.6522686  81.207855   -0.25033754]
1.7836118;84.64021;-0.22289255;[ 2.6647518 84.98742   -0.2502862]
0.383667;94.05097;-0.2538609;[ 2.698623   95.242325   -0.25015265]
1.4760311;87.03709;-0.24692045;[ 2.6750786 88.12218   -0.2502447]
1.7606527;80.01408;-0.24637683;[ 2.6506863  80.74975    -0.25034127]
1.8872399;80.450615;-0.24625044;[ 2.650786   80.77547    -0.25034177]
2.3184962;77.39553;-0.23224546;[ 2.6400218 77.518166  -0.250384 ]
1.6013862;80.3732;-0.23969567;[ 2.6536753  81.644226   -0.25032988]
1.6410444;86.5155;-0.25034165;[ 2.672128   87.20328    -0.25024608]
4.0983825;87.91508;-0.27449346;[ 2.67925    89.37335    -0.25022095]
3.9652739;74.444374;-0.2711698;[ 2.6311228  74.813446   -0.25041172]
1.4855914;86.47321;-0.24194145;[ 2.6741576  87.8226     -0.25023857]
3.8877401;74.3536;-0.2678175;[ 2.6332495 75.45578   -0.2504023]
3.9589455;67.96021;-0.27098113;[ 2.6087592 68.03294   -0.2505016]
3.8175654;75.46261;-0.26476565;[ 2.634881   75.95058    -0.25039813]
2.6344123;79.555885;-0.22554757;[ 2.6502151 80.57361   -0.2503372]
2.7201471;81.81404;-0.25129932;[ 2.6558611  82.307846   -0.25031438]
3.4258473;78.909065;-0.24235313;[ 2.6464965  79.467285   -0.25035208]
2.7054687;81.74152;-0.24580614;[ 2.659393   83.367325   -0.25030175]
2.733146;68.70729;-0.24899058;[ 2.6100433 68.426094  -0.2504979]
2.691823;83.79789;-0.2537117;[ 2.6640246  84.76248    -0.25026953]
2.6717021;77.182526;-0.25295064;[ 2.6407614  77.72431    -0.25036225]
3.5209358;72.34343;-0.2780312;[ 2.6243272  72.75888    -0.25043115]
2.5993085;77.17928;-0.250549;[ 2.642039   78.11127    -0.25035802]
3.4158971;65.73189;-0.2778178;[ 2.6017017 65.90189   -0.2505223]
2.6888692;72.55272;-0.252591;[ 2.6260464 73.267395  -0.250428 ]
3.7973762;80.92683;-0.24152334;[ 2.6575563 82.80301   -0.2502993]
2.6760058;72.538;-0.25336868;[ 2.6258342  73.21512    -0.25042817]
3.6679125;75.08065;-0.2720704;[ 2.633558   75.53209    -0.25040215]
1.6455004;86.55355;-0.24655144;[ 2.672442   87.29262    -0.25024343]
1.9348334;80.00567;-0.24600081;[ 2.649805   80.44158    -0.25033432]
3.792475;86.14098;-0.24063334;[ 2.6712658  86.945694   -0.25024897]
0.6134052;93.16267;-0.24821404;[ 2.6952672 94.20903   -0.2501524]
3.6423755;81.69601;-0.2734287;[ 2.6563897 82.45048   -0.2503111]
1.6524136;86.622246;-0.24618046;[ 2.6726131  87.353516   -0.25024256]
3.5690207;78.95745;-0.24979253;[ 2.6455407 79.17722   -0.2503534]
1.7528123;79.858;-0.24643931;[ 2.6489067  80.18384    -0.25033656]
3.979374;83.50321;-0.22889915;[ 2.6608691 83.80087   -0.2502904]
2.0249796;73.326645;-0.24664684;[ 2.6266253  73.42885    -0.25042623]
3.6040227;75.04681;-0.2698633;[ 2.633061  75.387474  -0.2504016]
3.8736608;72.414116;-0.2522472;[ 2.6234777  72.48448    -0.25044253]
2.6352525;81.781044;-0.24616762;[ 2.659169   83.295425   -0.25030228]
2.7031932;75.19729;-0.24807644;[ 2.6345613  75.839584   -0.25040016]
2.6898952;74.88654;-0.25127342;[ 2.6330268  75.39308    -0.25040624]
1.8739679;84.26881;-0.25061062;[ 2.665593   85.230194   -0.25028124]
1.7052975;84.07347;-0.24381238;[ 2.6659648  85.34827    -0.25028074]
1.3484441;91.02251;-0.24361952;[ 2.6908638 92.88255   -0.2501819]
2.1598833;77.75501;-0.24745552;[ 2.6421385  78.1275     -0.25037464]
1.9605675;77.40574;-0.24387155;[ 2.6405382 77.656944  -0.2503805]
1.9858247;77.64976;-0.24157143;[ 2.6438756 78.6592    -0.2503682]
2.3256938;70.98429;-0.24569875;[ 2.6183424 70.92297   -0.2504695]
1.9205413;80.47086;-0.24264716;[ 2.6539354  81.70354    -0.25032824]
1.765605;84.708626;-0.22136283;[ 2.6678755 85.913666  -0.250272 ]
1.7846125;80.81245;-0.23998436;[ 2.6535811  81.59772    -0.25032765]
1.8521137;80.61025;-0.24106885;[ 2.6522596  81.20414    -0.25033507]
2.0336916;74.0303;-0.24186891;[ 2.630322   74.562546   -0.25042096]
0.38857174;94.1881;-0.24972558;[ 2.6991053  95.37489    -0.25014892]
1.4748434;91.38918;-0.22199278;[ 2.69068    92.82327    -0.25018162]
1.5006669;87.47721;-0.24105683;[ 2.6763916 88.5089    -0.2502375]
1.7441294;84.47108;-0.22248471;[ 2.6682022  86.02417    -0.25027052]
2.0482943;83.914734;-0.22945112;[ 2.6664069 85.48498   -0.2502773]
2.0911999;73.40649;-0.23965523;[ 2.6291585  74.233185   -0.25042596]
1.5684538;84.45383;-0.22206722;[ 2.6689942  86.262955   -0.25026825]
1.839898;80.27456;-0.24678883;[ 2.654901   82.00629    -0.25032544]
2.035524;73.97709;-0.23968706;[ 2.6298587 74.42717   -0.2504244]
1.4993435;87.18688;-0.24211287;[ 2.6774595  88.838776   -0.25023443]
1.5489243;87.43348;-0.2446753;[ 2.676149   88.45312    -0.25024167]
2.1104867;73.68727;-0.24243443;[ 2.6295     74.33321    -0.25042763]
2.1987333;67.14802;-0.24343702;[ 2.6068187  67.466034   -0.25051555]
2.0260415;74.50129;-0.24267852;[ 2.6314187  74.891525   -0.25041667]
0.36885548;94.88552;-0.25007287;[ 2.7008498 95.90372   -0.2501426]
1.5804703;87.71783;-0.24778883;[ 2.6793206  89.38725    -0.25022787]
1.7410301;81.19385;-0.24383642;[ 2.6541998  81.79405    -0.25032666]
1.559422;87.80045;-0.24463794;[ 2.6781712  89.04615    -0.25023302]
1.8765458;80.61637;-0.24272989;[ 2.6567876  82.57292    -0.25031683]
2.1417081;77.450874;-0.23226625;[ 2.6460838  79.33609    -0.25035784]
1.4166626;87.8574;-0.24073792;[ 2.6790812  89.31806    -0.25022995]
1.8402479;81.10995;-0.24453555;[ 2.6564689 82.47006   -0.2503189]
1.5711358;80.936195;-0.24219954;[ 2.654645   81.93434    -0.25032508]
1.7243472;80.73246;-0.23943779;[ 2.6576204 82.82201   -0.2503144]
1.8131378;74.34466;-0.24341813;[ 2.6325333 75.23874   -0.2504126]
1.7249792;81.43642;-0.23782475;[ 2.655311   82.11859    -0.25032127]
2.1581526;73.87756;-0.24270426;[ 2.6350865 75.99722   -0.2504027]
4.03582;79.009254;-0.26847377;[ 2.6468775  79.57059    -0.25034633]
3.7947006;75.46536;-0.25733346;[ 2.635054   75.99632    -0.25039226]
4.0200386;85.76211;-0.2700346;[ 2.6694896  86.41842    -0.25025633]
1.7599728;86.95808;-0.23596597;[ 2.6751485  88.12785    -0.25022963]
3.7749705;82.153786;-0.25792563;[ 2.6578174 82.89119   -0.2503018]
3.8762767;79.33912;-0.24599147;[ 2.6472492 79.69576   -0.2503443]
2.0199885;80.09872;-0.23719649;[ 2.651266   80.903366   -0.25032493]
3.5350926;75.193565;-0.2589627;[ 2.634615  75.872635  -0.2503943]
3.546568;71.82553;-0.27001303;[ 2.6206055 71.63895   -0.2504502]
3.90071;79.154655;-0.23993552;[ 2.6471589 79.6691    -0.250345 ]
3.9283288;75.72515;-0.24459554;[ 2.6325798  75.263916   -0.25040355]
3.8957825;69.263145;-0.25214592;[ 2.6098967 68.38996   -0.2504931]
2.0826647;70.145065;-0.24767335;[ 2.6142054 69.68439   -0.2504735]
2.6226811;71.800865;-0.24946599;[ 2.6220112 72.05161   -0.2504484]
2.8377452;85.71375;-0.24619198;[ 2.6711946  86.929184   -0.25025317]
2.6119297;78.46814;-0.2508371;[ 2.6447914  78.953964   -0.25035828]
2.7889628;78.6513;-0.24491589;[ 2.648549   80.082214   -0.25034386]
2.7312453;78.677925;-0.24373417;[ 2.6494288  80.344925   -0.25034076]
2.6423743;68.5355;-0.24196748;[ 2.6151989  69.98562    -0.25047514]
2.6408591;65.02075;-0.25222751;[ 2.5997505  65.31798    -0.25053805]
1.510321;84.13842;-0.24820018;[ 2.665984  85.34246   -0.2502794]
1.5513127;83.75813;-0.24446043;[ 2.6649532  85.044205   -0.25028446]
1.7893738;80.48908;-0.22560282;[ 2.656191   82.395294   -0.25031883]
1.634202;80.53687;-0.22462782;[ 2.6570675  82.656906   -0.25031585]
2.070363;73.77993;-0.2256013;[ 2.634473   75.81464    -0.25040475]
1.84162;77.257286;-0.23682107;[ 2.6429856  78.39417    -0.25037095]
1.5467365;84.42602;-0.2408561;[ 2.6664085 85.48598   -0.2502784]
1.7751946;77.285576;-0.24026534;[ 2.6410625 77.83325   -0.2503771]
1.4036367;84.49226;-0.23811334;[ 2.6673017  85.75311    -0.25027508]
1.8599452;80.501595;-0.22843276;[ 2.654214   81.80148    -0.25032708]
1.6037999;77.20837;-0.23955408;[ 2.6419442  78.09828    -0.25037444]
1.6135049;80.673;-0.22483534;[ 2.6548662  81.99725    -0.25032395]
1.8520858;79.98478;-0.23201358;[ 2.654094   81.741135   -0.25031975]
2.526623;81.89211;-0.24377742;[ 2.657648   82.840775   -0.25030732]
2.518465;75.247955;-0.24567859;[ 2.6342292  75.75759    -0.25040087]
1.4425607;86.620155;-0.22905247;[ 2.676756   88.60513    -0.25023058]
2.0673232;75.113045;-0.24535123;[ 2.6349068  75.96187    -0.25039855]
1.8826163;79.75773;-0.22945428;[ 2.6540325  81.72493    -0.25032032]
2.596741;72.254776;-0.22553724;[ 2.6246116  72.82698    -0.25043625]
1.5281259;87.353355;-0.24863186;[ 2.6747363 87.993835  -0.2502459]
1.871532;80.67831;-0.24536735;[ 2.6513958 80.93214   -0.2503392]
0.39992;93.96901;-0.25029445;[ 2.6975732  94.91394    -0.25015503]
1.4900904;91.2645;-0.22238988;[ 2.6884012  92.13826    -0.25019088]
1.4293072;87.34066;-0.24119301;[ 2.6759841 88.38211   -0.2502414]
1.5704951;84.559975;-0.22233276;[ 2.6667433 85.58504   -0.2502775]
0.38569868;90.18137;-0.25009677;[ 2.6852133  91.18039    -0.25020477]
1.3889729;83.55697;-0.241038;[ 2.6637628 84.69072   -0.250291 ]
1.8310243;76.899414;-0.24516375;[ 2.6391838 77.24359   -0.2503888]
2.085784;73.8429;-0.22460534;[ 2.6292083 74.22615   -0.2504281]
1.492907;83.67991;-0.24574882;[ 2.6627042  84.361496   -0.25029504]
1.3917098;83.674255;-0.23936352;[ 2.6640823  84.78944    -0.25029045]
3.89789;70.61179;-0.26152626;[ 2.618354 70.95587  -0.250463]
3.0069768;83.81518;-0.24439275;[ 2.665264  85.14851   -0.2502788]
3.7343874;80.99822;-0.24179168;[ 2.654747   81.96919    -0.25031954]
3.7185063;74.32344;-0.24239646;[ 2.6308446  74.7408     -0.25041416]
2.6388478;75.26496;-0.24974403;[ 2.6362412 76.36983   -0.25039  ]
3.819416;70.50985;-0.26104635;[ 2.6206634  71.65939    -0.25045446]
1.8788497;80.5171;-0.24888232;[ 2.6515021  80.976364   -0.25033948]
2.0399485;77.89758;-0.22438507;[ 2.6415267  77.956375   -0.25037798]
1.5592043;87.15238;-0.25033817;[ 2.674352   87.90037    -0.25024864]
1.7482677;80.37905;-0.24111275;[ 2.6528795 81.404144  -0.2503344]
1.5384542;87.05093;-0.2490477;[ 2.6754584  88.212845   -0.25024265]
1.7843007;84.14164;-0.224579;[ 2.6662326 85.418     -0.2502783]
1.8821349;80.295204;-0.24579266;[ 2.6519568  81.10321    -0.25033692]
1.5641049;87.2671;-0.24319956;[ 2.6751673 88.141754  -0.2502442]
1.5943073;86.96049;-0.24599679;[ 2.674796   88.02581    -0.25024503]
2.0850208;83.825005;-0.22967811;[ 2.6649868  85.05794    -0.25028306]
1.8461044;79.47446;-0.22958368;[ 2.6486936  80.11386    -0.25033575]
4.0198717;74.69999;-0.25139531;[ 2.6317346 74.9911    -0.2504067]
4.1548953;84.46746;-0.27270842;[ 2.6653004  85.15672    -0.25027412]
1.5638368;81.967354;-0.24762516;[ 2.6584432  83.07979    -0.25029692]
4.037278;81.34485;-0.25056446;[ 2.6540947 81.76857   -0.2503182]
4.125765;70.43546;-0.2721186;[ 2.6175656 70.72283   -0.2504629]
4.0580373;77.795555;-0.26367465;[ 2.6437442  78.63485    -0.25036037]
1.639708;75.18088;-0.24613488;[ 2.6368198 76.536285  -0.2503831]
2.3691857;72.73037;-0.23675334;[ 2.6248803  72.9106     -0.25043142]
2.7497363;70.84781;-0.25079432;[ 2.6190724  71.168205   -0.25046036]
3.8008285;81.74139;-0.24474175;[ 2.659668  83.44934   -0.2502979]
2.5982866;81.526505;-0.23479293;[ 2.6558266  82.29103    -0.25031552]
3.7950885;75.0517;-0.24583322;[ 2.6358163  76.235596   -0.25039268]
3.0487456;74.68139;-0.2420554;[ 2.6318278 75.03273   -0.2504105]
2.7510695;70.81071;-0.25255135;[ 2.618789   71.09195    -0.25046185]
2.8081229;71.34858;-0.24627486;[ 2.6209064  71.713036   -0.25045496]
2.0380948;77.74714;-0.22634852;[ 2.6420708  78.11095    -0.25037548]
0.36692107;94.06135;-0.25283313;[ 2.6986551  95.24321    -0.25015125]
1.5609837;87.34385;-0.2511311;[ 2.675585  88.26202   -0.2502432]
1.7604127;84.39181;-0.22567835;[ 2.664427 84.8873   -0.250287]
1.5676285;87.363655;-0.24816671;[ 2.6751947  88.14792    -0.25024396]
1.757827;80.47938;-0.23943901;[ 2.6524832 81.28111   -0.250334 ]
1.754272;80.152885;-0.24390818;[ 2.6503282  80.63466    -0.25034142]
1.8886687;84.06785;-0.23117675;[ 2.6658967  85.33429    -0.25028077]
2.0309174;73.63527;-0.2440497;[ 2.628051 73.88083  -0.250431]
1.5757608;84.41311;-0.22398956;[ 2.6670108 85.66785   -0.2502769]
2.0298967;77.85997;-0.22461946;[ 2.6422007  78.151764   -0.25037596]
1.5873784;80.46359;-0.23697643;[ 2.6543355  81.83954    -0.25032765]
2.1660094;77.38918;-0.23209243;[ 2.6429996 78.40371   -0.2503726]
2.5811033;70.79389;-0.23287071;[ 2.6182227  70.89749    -0.25047132]
1.8162847;80.361824;-0.22537278;[ 2.6521783 81.17799   -0.2503347]
2.1706657;80.240295;-0.23008795;[ 2.6513367  80.923775   -0.25033972]
1.5309073;83.0525;-0.2429158;[ 2.6616702  84.06766    -0.25029737]
1.8027737;80.23611;-0.22638783;[ 2.6509335 80.81479   -0.25034  ]
1.81986;76.36198;-0.24015407;[ 2.6383355 77.01013   -0.2503894]
1.8266469;76.54513;-0.23843545;[ 2.6378088 76.84923   -0.250392 ]
1.6309149;80.196785;-0.2258652;[ 2.653387   81.55337    -0.25033092]
2.4435475;73.53928;-0.22891673;[ 2.6279316 73.843414  -0.250433 ]
2.095921;69.70542;-0.2400338;[ 2.6155143  70.093185   -0.25048113]
2.0898814;73.803;-0.22595634;[ 2.6294146 74.28949   -0.2504266]
0.43280244;91.6357;-0.23669;[ 2.6925197 93.382805  -0.2501664]
1.549981;84.95821;-0.234438;[ 2.6690364  86.28079    -0.25025943]
2.1678722;74.561714;-0.2388167;[ 2.6340232 75.69119   -0.2504015]
1.8366753;78.31463;-0.23432544;[ 2.6463056  79.39083    -0.25035077]
3.7486632;70.726395;-0.26116237;[ 2.619095  71.17854   -0.2504618]
3.5837142;74.97773;-0.23846778;[ 2.6338089 75.62302   -0.2504023]
3.5751343;81.30797;-0.24032816;[ 2.6551523  82.09283    -0.25031877]
2.6050103;80.91681;-0.23724507;[ 2.6549447  82.02776    -0.25031984]
2.5761397;74.2329;-0.23804353;[ 2.6312735  74.86832    -0.25041372]
2.466391;79.90476;-0.22862126;[ 2.649988  80.52038   -0.2503344]
3.5234334;74.61547;-0.23876792;[ 2.6335847  75.5674     -0.25040492]
3.7527814;70.71198;-0.25854844;[ 2.620531   71.62364    -0.25045618]
2.4925916;68.95788;-0.25173795;[ 2.6120324  69.03741    -0.25048694]
3.7217004;64.09987;-0.26094714;[ 2.5960855  64.21592    -0.25055337]
2.6139383;67.60353;-0.23818816;[ 2.6085217  67.97193    -0.25050518]
1.9114478;80.5558;-0.24694867;[ 2.6513336 80.93002   -0.2503398]
1.8128555;80.47047;-0.24039441;[ 2.6526625  81.33153    -0.25033447]
0.38367307;94.0263;-0.2531825;[ 2.6982808 95.13983   -0.2501542]
1.5960386;87.19346;-0.2485775;[ 2.6741745 87.85141   -0.250249 ]
1.4969566;87.10813;-0.24148792;[ 2.6755028  88.25267    -0.25024363]
2.1716418;73.759636;-0.24360232;[ 2.628044   73.8855     -0.25043276]
1.5121472;85.197685;-0.23431483;[ 2.6693234  86.35673    -0.25025958]
0.43423474;91.832085;-0.23518968;[ 2.692161  93.277084  -0.2501688]
1.5672729;85.12782;-0.23633394;[ 2.6690662  86.289825   -0.25025937]
1.4064063;85.09971;-0.23107666;[ 2.6705883 86.75      -0.2502548]
2.2417173;68.014305;-0.24134235;[ 2.6094959  68.25889    -0.25049958]
1.8610533;73.46586;-0.2428081;[ 2.630627  74.66348   -0.2504175]
0.37885094;94.24175;-0.2538919;[ 2.6984525  95.202255   -0.25015384]
1.5125643;87.00718;-0.2411816;[ 2.674616   87.99045    -0.25024644]
1.5854666;80.14816;-0.2435078;[ 2.6537504  81.666855   -0.25032488]
1.5697968;87.47587;-0.24957961;[ 2.674966   88.09959    -0.25024658]
1.5912703;80.127144;-0.24026304;[ 2.653163   81.49809    -0.25033176]
1.6655296;72.999504;-0.24401455;[ 2.63237    75.201065   -0.25041175]
2.0698485;74.04472;-0.2406178;[ 2.63018    74.527176   -0.25042343]
2.109784;67.01671;-0.24598646;[ 2.6083152  67.90606    -0.25050715]
3.5247886;81.55582;-0.24583419;[ 2.660025  83.56224   -0.2502854]
2.6649117;82.28141;-0.23185991;[ 2.6606338  83.73676    -0.25028834]
4.031769;69.5714;-0.25617096;[ 2.6168754  70.48891    -0.25046274]
4.0442924;76.220406;-0.2555778;[ 2.6391249 77.23178   -0.2503747]
1.6890544;92.90472;-0.24895844;[ 2.689162   92.40141    -0.25014946]
4.7085567;84.68633;-0.27497834;[ 2.6644924 84.9389    -0.2502539]
1.524081;92.76514;-0.24479432;[ 2.6914234  93.08324    -0.25014088]
1.9820644;86.41369;-0.24863425;[ 2.666885  85.64775   -0.2502391]
4.6696577;78.195305;-0.27466273;[ 2.6422153  78.18524    -0.25034353]
3.8356624;82.61761;-0.258385;[ 2.658055   82.95682    -0.25028765]
3.8238158;89.21949;-0.2598899;[ 2.6816297 90.09898   -0.2501944]
3.6369839;76.61021;-0.248208;[ 2.6356845  76.19202    -0.25038064]
2.3174016;73.049126;-0.27140188;[ 2.622425   72.18159    -0.25043362]
3.612916;83.22849;-0.24701338;[ 2.6586947 83.16349   -0.2502898]
2.5205247;81.885826;-0.25571865;[ 2.6576643  82.84897    -0.25029203]
4.142708;77.221565;-0.24307577;[ 2.6432061  78.4717     -0.25035524]
2.3735175;71.898224;-0.25529692;[ 2.6237667 72.58801   -0.2504375]
2.8406045;69.62219;-0.24846087;[ 2.6154385  70.06653    -0.25046927]
3.5379817;82.29691;-0.23604812;[ 2.655961   82.32339    -0.25030872]
2.8208838;76.2445;-0.24726625;[ 2.6384485 77.037704  -0.2503784]
2.7201374;76.892555;-0.2591068;[ 2.640182   77.55898    -0.25036836]
2.2670453;76.627914;-0.22867867;[ 2.6421878 78.155396  -0.2503631]
2.4347684;65.60178;-0.25520247;[ 2.601986  65.99082   -0.2505249]
2.9464273;72.182556;-0.24338388;[ 2.6227264  72.269684   -0.25044638]
3.5894995;68.76926;-0.2641786;[ 2.611388   68.842026   -0.25049183]
2.3887992;79.41543;-0.2513332;[ 2.648425   80.03773    -0.25034305]
2.5397315;81.2863;-0.24287097;[ 2.6580148  82.94818    -0.25030786]
3.1175234;75.012764;-0.26193786;[ 2.6337192  75.59268    -0.25040224]
2.6631086;81.52528;-0.24722993;[ 2.6567028  82.55892    -0.25031307]
2.1575146;81.218994;-0.2596926;[ 2.6559112 82.3204    -0.250315 ]
2.5488594;79.22926;-0.25104862;[ 2.6496186  80.403275   -0.25033808]
3.0732968;81.65128;-0.2615162;[ 2.6558626  82.301186   -0.25031424]
2.2703876;79.35893;-0.25278598;[ 2.6481292  79.95692    -0.25034425]
2.4965386;79.60252;-0.22223875;[ 2.6517477  81.04482    -0.25033134]
3.0006833;78.694725;-0.23119344;[ 2.6477199  79.83772    -0.25034857]
3.047658;76.18333;-0.22754952;[ 2.6357424  76.20787    -0.25039473]
2.3549302;68.29047;-0.25788736;[ 2.6103497  68.519646   -0.25049645]
2.603207;72.10786;-0.24860494;[ 2.623256   72.42897    -0.25044346]
2.1264145;77.3458;-0.24505463;[ 2.6378872 76.84427   -0.2503916]
1.5805415;90.13285;-0.25267485;[ 2.6839797  90.80006    -0.25020844]
1.7550994;84.419044;-0.23959917;[ 2.6652973 85.13864   -0.2502813]
0.40817523;96.8025;-0.25396773;[ 2.7070913  97.80132    -0.25011647]
1.3546683;91.11515;-0.23895764;[ 2.6871638  91.76422    -0.25019488]
1.8419085;83.824;-0.2455625;[ 2.660262  83.628265  -0.2503017]
3.9492903;81.47787;-0.27275753;[ 2.655023  82.03787   -0.2503169]
3.6904087;78.75232;-0.25676662;[ 2.6440146  78.7094     -0.25036103]
3.8791432;74.88047;-0.2687055;[ 2.6336353 75.56445   -0.2504006]
0.6219965;93.169975;-0.25004107;[ 2.6945899  94.00911    -0.25015652]
3.9473073;85.26873;-0.25169298;[ 2.66817   86.02138   -0.2502642]
1.6461008;86.7385;-0.24631289;[ 2.6721551 87.21815   -0.2502457]
3.7335682;74.56082;-0.2718008;[ 2.631067   74.80067    -0.25041234]
3.6593702;78.88915;-0.2530875;[ 2.6469262  79.59181    -0.25034925]
2.6182833;75.25731;-0.24923012;[ 2.6332767  75.45343    -0.25040647]
2.6297467;81.537315;-0.2518177;[ 2.6556134  82.21986    -0.25031716]
2.4774358;75.006195;-0.25338307;[ 2.6314352  74.91281    -0.25041345]
2.6165483;88.20838;-0.2530645;[ 2.6785305 89.16229   -0.2502258]
2.5080001;81.886444;-0.24812865;[ 2.6571708  82.69676    -0.25031018]
2.4790206;68.69527;-0.2507061;[ 2.6083639  67.92387    -0.25050524]
2.0092244;77.52758;-0.24187258;[ 2.6444628 78.830666  -0.2503642]
1.8498821;84.21879;-0.24999514;[ 2.6615148  84.00267    -0.25029883]
1.8679601;84.0206;-0.24914572;[ 2.6607175  83.766266   -0.25030097]
1.7043276;83.98979;-0.24342526;[ 2.664262   84.83596    -0.25028777]
1.5172409;84.1045;-0.23885037;[ 2.6669302  85.64579    -0.25027674]
2.3091223;71.196045;-0.24576077;[ 2.6161945 70.27147   -0.2504794]
1.5048888;86.80333;-0.25241786;[ 2.674696   87.995895   -0.25024724]
1.8080356;80.44799;-0.24961045;[ 2.652876   81.385895   -0.25033492]
1.4774357;87.00408;-0.24450298;[ 2.6745288  87.96064    -0.25024682]
1.5494559;86.630424;-0.24657768;[ 2.6744473  87.9427     -0.25024867]
1.4869679;87.48719;-0.23771815;[ 2.6756074  88.28052    -0.25024247]
1.5163227;86.92618;-0.25011832;[ 2.6752002  88.15433    -0.25024515]
2.114628;73.65445;-0.24268721;[ 2.6294367  74.306145   -0.25042844]
1.9048016;80.21503;-0.24815555;[ 2.650176   80.58162    -0.25034449]
1.7811091;80.14447;-0.24386545;[ 2.6502028 80.59335   -0.2503436]
1.8098804;80.729385;-0.24989653;[ 2.6516209 81.00688   -0.2503401]
1.4700556;91.20998;-0.22327928;[ 2.6890395  92.340126   -0.25018927]
1.517498;87.202446;-0.25039095;[ 2.6739483 87.77634   -0.2502503]
1.7574067;80.317924;-0.24258529;[ 2.6495967  80.41513    -0.25034514]
1.2758111;87.15669;-0.2444067;[ 2.6764107  88.517456   -0.25024047]
1.7410456;80.36027;-0.24113283;[ 2.6531334  81.47795    -0.25033256]
1.5902872;80.27613;-0.23938105;[ 2.6529124  81.41542    -0.25033256]
1.7848825;80.037926;-0.24165586;[ 2.6501734  80.59041    -0.25034413]
0.37662804;93.75036;-0.253968;[ 2.6975598 94.933624  -0.2501575]
1.2710481;87.22627;-0.24456659;[ 2.677603   88.88823    -0.25023687]
1.6104503;80.50789;-0.2379747;[ 2.6551442  82.09001    -0.25032467]
1.9124603;83.79627;-0.24468076;[ 2.6592183 83.28596   -0.2502972]
0.520509;96.70158;-0.24886759;[ 2.7046177 97.03985   -0.250116 ]
1.3866147;90.384254;-0.24309157;[ 2.6833987  90.61782    -0.25019854]
1.6269858;90.26017;-0.24520104;[ 2.6815815  90.06641    -0.25020733]
1.3903141;90.17315;-0.240788;[ 2.6844537 90.93111   -0.2501959]
2.6553788;72.886696;-0.25086883;[ 2.6260512 73.26273   -0.2504325]
3.3516622;72.51327;-0.23811291;[ 2.6241937 72.710396  -0.2504418]
2.9684258;78.6616;-0.23847866;[ 2.6459923  79.321396   -0.25035557]
2.4303558;79.111374;-0.24993771;[ 2.648002  79.9149    -0.2503458]
2.513516;88.175995;-0.24650268;[ 2.6790645  89.332184   -0.25022352]
2.9547386;85.33691;-0.23911521;[ 2.6687756 86.2239    -0.2502646]
3.3496563;85.44435;-0.2373597;[ 2.6692066  86.348724   -0.25026193]
1.9810021;81.804146;-0.2602653;[ 2.655644   82.24756    -0.25031516]
2.846692;79.01559;-0.23826224;[ 2.6478283  79.88106    -0.25034735]
5.5742264;79.91801;-0.21871597;[ 2.6522386  81.20021    -0.25032943]
2.9496999;78.796875;-0.23446937;[ 2.6485226  80.08879    -0.25034484]
2.2163568;79.21186;-0.24899805;[ 2.6503134  80.61644    -0.25033432]
2.189118;75.252075;-0.25707668;[ 2.6355147  76.14848    -0.25039372]
2.548939;72.31316;-0.24901395;[ 2.6250362 72.98047   -0.2504355]
6.5907006;72.447685;-0.22995956;[ 2.6238317  72.61583    -0.25044504]
1.9931606;77.79963;-0.24231228;[ 2.6433432 78.4882    -0.250369 ]
2.1380877;77.70016;-0.24752602;[ 2.6387835 77.11801   -0.2503896]
0.3901565;97.343575;-0.25391638;[ 2.7076206  97.971146   -0.25011548]
1.7211952;84.216896;-0.24201791;[ 2.6657124  85.268005   -0.25028023]
1.8537705;84.16543;-0.2480463;[ 2.6611583 83.90198   -0.2502997]
1.6908071;84.11991;-0.24263604;[ 2.6643538 84.86438   -0.2502875]
1.5032241;87.06513;-0.25270724;[ 2.6748114  88.0427     -0.25024855]
1.7826128;84.6355;-0.22299795;[ 2.6650405 85.08432   -0.2502868]
1.7837842;80.22462;-0.24034798;[ 2.6511128  80.87372    -0.25034148]
1.7456222;80.45246;-0.24280484;[ 2.65502    82.04809    -0.25032535]
1.5010359;87.233734;-0.25058508;[ 2.674272   87.88556    -0.25024968]
1.7521262;80.40444;-0.24427406;[ 2.6503134 80.64058   -0.2503433]
1.7918035;80.76846;-0.25006482;[ 2.6519084  81.105      -0.25033957]
2.5624707;73.02627;-0.23364416;[ 2.6266024 73.416916  -0.2504299]
2.293226;79.33072;-0.23277529;[ 2.6510358  80.82193    -0.25033098]
3.9539106;81.34588;-0.27329028;[ 2.655304  82.131134  -0.2503173]
1.7961049;80.39895;-0.24537015;[ 2.6499662  80.50299    -0.25033474]
3.9391274;74.84332;-0.2715106;[ 2.63368    75.58372    -0.25040206]
0.59139264;93.5454;-0.25216794;[ 2.6951368  94.18219    -0.25015578]
3.990809;81.36303;-0.26727784;[ 2.6569617  82.63512    -0.25030923]
3.9598691;81.51598;-0.27135774;[ 2.654929   82.02356    -0.25031787]
4.128869;78.39756;-0.2554993;[ 2.6447756 78.9526    -0.2503577]
1.4209372;87.0032;-0.243119;[ 2.674851   88.036865   -0.25023606]
3.9376318;81.46992;-0.2658668;[ 2.6578498  82.90309    -0.25030646]
1.6035855;80.515884;-0.24445231;[ 2.6523526 81.228516  -0.2503228]
3.9567485;75.05071;-0.27086234;[ 2.6325653  75.24301    -0.25040776]
4.120518;71.92365;-0.25544167;[ 2.622412   72.17206    -0.25044757]
3.926462;68.56682;-0.2724089;[ 2.6117527 68.940094  -0.2504889]
2.6617208;82.08168;-0.2531303;[ 2.6571097  82.681274   -0.25031173]
3.3817952;79.1238;-0.23991281;[ 2.6473155  79.71649    -0.25035036]
2.5660052;75.49772;-0.24682805;[ 2.6370971  76.61668    -0.25038895]
2.5735056;82.203415;-0.25204146;[ 2.657884  82.921036  -0.2503074]
2.5707462;82.18289;-0.2462643;[ 2.6589208  83.22951    -0.25030246]
3.7951393;75.75977;-0.2598428;[ 2.6372032 76.65939   -0.2503892]
2.54611;75.64808;-0.24954589;[ 2.6379023  76.86733    -0.25038525]
2.6705513;75.78651;-0.25067884;[ 2.6343715  75.793304   -0.25040218]
2.675303;78.00861;-0.24299522;[ 2.645512  79.1707    -0.2503586]
2.5355225;71.05155;-0.24314582;[ 2.6218421 72.01107   -0.2504509]
2.6809883;84.75589;-0.24294646;[ 2.668292  86.06502   -0.2502679]
3.2704985;78.81715;-0.22910522;[ 2.6476674  79.83009    -0.25034934]
3.014125;74.91549;-0.23731364;[ 2.6343625  75.80705    -0.25040117]
3.2925725;71.9471;-0.23182222;[ 2.6236155  72.55829    -0.25044504]
2.9696498;67.999504;-0.24062778;[ 2.6104486 68.577194  -0.2504966]
3.2992628;72.110374;-0.22922568;[ 2.6249206  72.94556    -0.25043994]
3.0226774;68.22788;-0.23743522;[ 2.6116383 68.928474  -0.2504917]
1.4559038;83.66006;-0.24599676;[ 2.6636136 84.65666   -0.2502919]
1.6696583;80.715965;-0.22499305;[ 2.6531937 81.50632   -0.2503321]
2.2700381;77.457825;-0.22394702;[ 2.6437047 78.63577   -0.2503708]
1.5138354;83.901085;-0.25098294;[ 2.6642957  84.85875    -0.25029114]
2.5470746;81.94228;-0.2534507;[ 2.6637383  84.67151    -0.25025314]
3.0632458;78.58738;-0.2426905;[ 2.6507988  80.76119    -0.25030544]
4.351387;69.242035;-0.28299928;[ 2.6150737 69.96453   -0.2504546]
3.4652922;69.0043;-0.2779404;[ 2.61837   70.9557    -0.2504385]
4.020563;64.39106;-0.30336392;[ 2.6005242  65.56308    -0.25051293]
2.5544186;74.25478;-0.25484496;[ 2.6384885  77.03049    -0.25035426]
2.4547899;69.00061;-0.26137015;[ 2.6194503  71.27438    -0.25043812]
2.824081;64.92155;-0.2826248;[ 2.6059327  67.18403    -0.25049463]
2.3132942;68.89132;-0.24703844;[ 2.6193337  71.23752    -0.25044572]
2.3412085;79.000786;-0.22752827;[ 2.6477988  79.86278    -0.25034004]
2.195578;77.76408;-0.23241046;[ 2.6434803  78.54623    -0.25034636]
2.4457202;73.26551;-0.23443425;[ 2.6300514  74.48812    -0.25040472]
3.9217274;81.98319;-0.2804581;[ 2.6576905  82.885864   -0.25027326]
2.552941;83.61375;-0.2552225;[ 2.6599922  83.576355   -0.25025925]
3.1732264;76.5937;-0.2594399;[ 2.6381576  76.94661    -0.25036618]
3.635253;79.204735;-0.24563786;[ 2.6477664  79.844864   -0.25032398]
3.3244362;73.774155;-0.24276946;[ 2.628432  74.00889   -0.2504049]
2.2655096;62.634018;-0.26681483;[ 2.5948906  63.85511    -0.25054607]
2.486983;78.849785;-0.24849656;[ 2.6489832 80.21414   -0.250338 ]
3.4442015;81.11062;-0.23740067;[ 2.654881  81.994354  -0.2503128]
3.4266984;74.76409;-0.24105754;[ 2.6351728 76.02616   -0.2503909]
3.997526;77.49982;-0.24868776;[ 2.64403   78.714294  -0.2503555]
3.880722;74.686714;-0.23539816;[ 2.6336837  75.584656   -0.25039724]
3.8573308;71.19599;-0.2508236;[ 2.6222622  72.129776   -0.25044206]
2.2805908;73.79368;-0.24198528;[ 2.6308193  74.71951    -0.25040734]
2.288472;69.39615;-0.24636514;[ 2.6160228  70.24943    -0.25046772]
2.3014562;65.64061;-0.26519904;[ 2.6034164  66.427536   -0.25051785]
2.2866883;69.85562;-0.26225227;[ 2.6180553  70.85445    -0.25045785]
2.2219284;65.109535;-0.268919;[ 2.6025941  66.184296   -0.25052065]
2.5041718;65.92133;-0.2513367;[ 2.6048727  66.86542    -0.25051335]
2.756569;88.1396;-0.24926272;[ 2.6793404  89.392395   -0.25022143]
2.7468183;81.17284;-0.24998793;[ 2.6552746  82.11301    -0.25031662]
3.423481;82.11016;-0.23334956;[ 2.6611261  83.87718    -0.25028533]
2.604946;77.39215;-0.24757127;[ 2.6422896  78.1756     -0.25035855]
3.7260275;72.54751;-0.27230012;[ 2.6260443  73.267746   -0.25042602]
2.5882936;77.4385;-0.24967587;[ 2.6418688  78.0564     -0.25036144]
4.051506;76.23026;-0.25210622;[ 2.6380029  76.89293    -0.25037915]
2.5854719;70.86869;-0.24931094;[ 2.61903   71.14312   -0.2504525]
3.4404159;65.52897;-0.27436003;[ 2.6024268 66.12787   -0.2505212]
2.6301384;72.643715;-0.24983065;[ 2.6268256 73.5049    -0.2504256]
2.7815185;72.45502;-0.2529984;[ 2.6260777 73.28372   -0.2504286]
3.0125685;74.632835;-0.23963468;[ 2.635776 76.21923  -0.250395]
2.6413023;71.40731;-0.2502644;[ 2.622151   72.10451    -0.25044897]
2.768941;71.45296;-0.24462321;[ 2.6225836  72.23548    -0.25044897]
2.9990044;74.96866;-0.23649718;[ 2.6341715 75.732544  -0.2504021]
2.622144;77.93916;-0.24689886;[ 2.6447132  78.929794   -0.25035927]
3.6906052;82.072266;-0.2355742;[ 2.6596198  83.43269    -0.25029936]
2.6697748;75.68197;-0.22837666;[ 2.637113  76.61743   -0.2503896]
2.635394;77.991264;-0.24497978;[ 2.644727  78.93837   -0.2503596]
2.6314547;71.36991;-0.24478889;[ 2.6218657 72.01808   -0.2504507]
2.7048535;71.66605;-0.24393651;[ 2.6231434 72.40411   -0.2504462]
2.7654748;79.23353;-0.2273458;[ 2.6498768  80.48294    -0.25033012]
1.8682454;68.10328;-0.23603325;[ 2.6116214  68.92131    -0.25048125]
4.02758;87.07049;-0.27052835;[ 2.6744237  87.89876    -0.25022617]
4.2525706;84.38238;-0.24894033;[ 2.6650252  85.05941    -0.25026315]
4.038031;80.28308;-0.27114904;[ 2.652962  81.40412   -0.2503105]
4.2234545;73.15828;-0.2518783;[ 2.6295166  74.33139    -0.25041193]
5.1859446;74.396225;-0.23141159;[ 2.6315193  74.93303    -0.25040406]
2.9607003;74.3682;-0.23800844;[ 2.6320238  75.07904    -0.25040093]
5.873336;74.724525;-0.230673;[ 2.6318235 75.01978   -0.2504026]
4.1144276;74.76246;-0.26988965;[ 2.6334896  75.51188    -0.25040194]
4.12146;88.08317;-0.27447855;[ 2.679625   89.47804    -0.25021926]
1.5074716;86.29542;-0.2437095;[ 2.672385   87.28638    -0.25024465]
0.5914099;89.77434;-0.25147215;[ 2.6843464  90.91022    -0.25019982]
4.1287127;84.591415;-0.27440158;[ 2.6682389  86.04466    -0.25026646]
4.3808107;81.50476;-0.25193933;[ 2.6578233  82.89393    -0.25030708]
4.0141687;81.67553;-0.24523672;[ 2.6576605  82.8469     -0.25030723]
4.357396;74.5967;-0.24645206;[ 2.6337137 75.608154  -0.2504024]
1.5213261;82.94074;-0.24371502;[ 2.6618943  84.12062    -0.25028837]
1.6561705;75.78817;-0.2455838;[ 2.6383438 76.99883   -0.2503806]
1.8404514;76.13313;-0.24374346;[ 2.637685   76.79349    -0.25038376]
1.8418893;80.25101;-0.22500281;[ 2.6510682  80.84074    -0.25033164]
4.00748;76.83534;-0.27068484;[ 2.6426883  78.30162    -0.25035632]
4.9591527;71.40461;-0.2951587;[ 2.62599    73.258514   -0.25042543]
1.4767458;85.303825;-0.2454038;[ 2.6679015  85.9166     -0.25024906]
3.769219;80.40426;-0.270542;[ 2.6509876  80.80803    -0.25031978]
2.6785154;78.05158;-0.2279619;[ 2.647894  79.887085  -0.2503394]
2.7810016;74.35706;-0.23483239;[ 2.6363893 76.40164   -0.2503845]
2.6571214;71.60633;-0.22973537;[ 2.626408   73.38504    -0.25042444]
2.3731601;71.363396;-0.23504362;[ 2.6235847  72.534424   -0.25043613]
3.992066;73.5405;-0.25615856;[ 2.628568   74.04423    -0.25041297]
2.480082;74.76802;-0.25257134;[ 2.6332617 75.450554  -0.2503932]
3.455895;72.082596;-0.26798117;[ 2.6255167  73.116714   -0.25042862]
4.2052145;73.479614;-0.25011817;[ 2.6277516  73.79766    -0.25041753]
3.7360756;69.39157;-0.26653823;[ 2.6150973  69.96663    -0.25046867]
3.2349558;69.502556;-0.26335454;[ 2.6141458 69.68754   -0.2504713]
4.1241627;75.98609;-0.25716797;[ 2.6380217  76.90723    -0.25037822]
3.9893749;76.093834;-0.26508257;[ 2.6381009  76.928375   -0.25037622]
2.1293046;81.13914;-0.25116083;[ 2.655551   82.19974    -0.25030234]
3.741124;76.26572;-0.2781555;[ 2.6392066 77.262405  -0.2503705]
3.5152645;69.28526;-0.27572107;[ 2.6142373  69.717705   -0.25047088]
3.5682375;76.04583;-0.24945965;[ 2.6380498 76.91753   -0.2503778]
2.88002;74.14316;-0.23854211;[ 2.632297   75.16914    -0.25039664]
3.8084896;69.24288;-0.25729406;[ 2.615262   70.01855    -0.25046957]
3.0230072;71.61254;-0.23766541;[ 2.6215892 71.92592   -0.2504404]
2.4850442;67.797516;-0.252422;[ 2.6083322  67.91795    -0.25049332]
3.7130861;66.558105;-0.2570851;[ 2.6036034  66.50098    -0.25051332]
2.7886486;78.984406;-0.24719237;[ 2.649982  80.521576  -0.2503331]
2.6347017;69.6735;-0.25550574;[ 2.6153257 70.04659   -0.2504697]
3.6246123;76.34108;-0.24209923;[ 2.641902   78.07532    -0.25036448]
3.978402;73.50133;-0.23496035;[ 2.6317189 74.998886  -0.2504051]
5.7398667;73.37498;-0.2305695;[ 2.6303298  74.57363    -0.25041226]
3.2086747;69.448746;-0.24234384;[ 2.6162128 70.31202   -0.2504677]
3.7279458;78.68575;-0.25218606;[ 2.6453264  79.10318    -0.25035453]
3.9323995;88.21822;-0.27373508;[ 2.6783051  89.084915   -0.25022337]
1.6366787;86.45691;-0.24650393;[ 2.6723318  87.26131    -0.25024462]
3.8869877;85.44242;-0.25131533;[ 2.6684918  86.113266   -0.25026155]
3.8321652;81.366005;-0.2678241;[ 2.6557517  82.260284   -0.25031152]
3.7091434;81.46291;-0.2720941;[ 2.6554854  82.18221    -0.25031334]
3.6645951;79.85819;-0.23605579;[ 2.653517 81.5726   -0.250319]
2.669938;74.985535;-0.24952194;[ 2.6344814 75.815674  -0.2504011]
0.8659079;89.50645;-0.24529524;[ 2.686743   91.62363    -0.25017178]
3.6287274;84.83198;-0.2706869;[ 2.6698189  86.50973    -0.25024232]
3.5067804;77.517624;-0.27114898;[ 2.6476538 79.798065  -0.2503302]
4.2730856;72.88641;-0.2927701;[ 2.6317306 74.9881    -0.2503965]
1.4249716;82.60692;-0.24552341;[ 2.6610475 83.85327   -0.2502736]
3.5701594;79.08244;-0.24250372;[ 2.6468105  79.55365    -0.25033435]
3.4936604;74.60169;-0.2542611;[ 2.6330557 75.38746   -0.2503886]
4.2999315;69.92807;-0.27532226;[ 2.6171165  70.57295    -0.25045493]
3.6135583;75.32385;-0.2514477;[ 2.633781   75.61163    -0.25038555]
4.6509953;70.677475;-0.27087066;[ 2.6161993  70.29952    -0.25045887]
3.5126157;70.89297;-0.2709006;[ 2.619186   71.190475   -0.25044414]
4.3375206;66.18457;-0.29388282;[ 2.6029196 66.276566  -0.2505118]
2.0218244;74.92319;-0.24795957;[ 2.6428077  78.32112    -0.25034586]
3.2808914;80.48143;-0.27615002;[ 2.653194   81.4848     -0.25031647]
2.5202646;78.2971;-0.25095168;[ 2.6451564 79.04445   -0.2503436]
3.1366634;73.52376;-0.2742462;[ 2.6283863  73.977005   -0.25041348]
2.785849;75.15197;-0.23710845;[ 2.6367528  76.500786   -0.25037763]
2.7839794;80.29066;-0.25123727;[ 2.6559386 82.31523   -0.2503091]
2.6191227;73.39155;-0.25169784;[ 2.6343188  75.768936   -0.25039372]
3.4948606;89.36048;-0.27114904;[ 2.6822324  90.27341    -0.25020882]
1.6549497;87.05885;-0.24457367;[ 2.676708 88.58917  -0.250227]
1.2857108;87.64744;-0.24166268;[ 2.6752918  88.156235   -0.25022966]
3.2663295;82.83813;-0.26609567;[ 2.6593294  83.33522    -0.25029632]
3.56392;80.13348;-0.24914896;[ 2.649315   80.30523    -0.25033632]
1.9426007;80.20914;-0.24469388;[ 2.6558564  82.274124   -0.25030816]
3.3217425;79.158745;-0.24768263;[ 2.6503437 80.61705   -0.2503337]
1.7588;80.748405;-0.24345757;[ 2.6527572  81.33705    -0.25032094]
3.289856;75.71823;-0.26757166;[ 2.6369941  76.57507    -0.25038636]
3.5704846;76.43998;-0.2375185;[ 2.640367   77.599106   -0.25037345]
3.2692752;68.9815;-0.26903296;[ 2.6158063  70.15779    -0.25046918]
2.194764;73.7405;-0.2451196;[ 2.635582  76.13357   -0.2503857]
3.2404976;68.52464;-0.2707461;[ 2.6203015 71.51491   -0.250447 ]
2.604683;82.48571;-0.24769345;[ 2.660381  83.65474   -0.2502962]
2.6519523;75.74862;-0.24726847;[ 2.6421003  78.11395    -0.25036752]
2.540125;68.92454;-0.25031915;[ 2.6156352  70.10692    -0.25047374]
2.1893206;71.32062;-0.24330868;[ 2.6249185  72.9077     -0.25044182]
2.308376;71.35587;-0.24392234;[ 2.6322708  75.12671    -0.25040975]
3.6663687;73.35861;-0.25221285;[ 2.6300337  74.48265    -0.25040978]
4.8325624;84.905815;-0.27489075;[ 2.6674244  85.81904    -0.25024164]
5.274254;81.98561;-0.25152132;[ 2.6568253  82.618774   -0.25028405]
1.9913433;86.75851;-0.24862763;[ 2.669972   86.58472    -0.25022548]
4.7041144;78.536;-0.27479285;[ 2.6453023  79.12221    -0.25032988]
3.8672547;89.54361;-0.25784674;[ 2.6839328 90.7913    -0.2501834]
4.186329;79.68203;-0.27758572;[ 2.6505053  80.683685   -0.25032723]
4.1604614;72.99894;-0.27766016;[ 2.6273975 73.68974   -0.2504191]
4.0324674;72.81176;-0.2808426;[ 2.626238   73.34535    -0.25042373]
4.375078;77.80915;-0.25858185;[ 2.6415796 77.98437   -0.2503616]
4.3806467;70.09428;-0.25549647;[ 2.6169362 70.52953   -0.2504614]
3.9728568;66.11585;-0.28190857;[ 2.6037765 66.54207   -0.2505136]
3.2195106;72.469635;-0.25389284;[ 2.6238422  72.599      -0.25042796]
4.0474386;66.30654;-0.27773464;[ 2.6045263  66.76126    -0.25050917]
2.170002;72.20959;-0.25664434;[ 2.625173  73.0164    -0.2504319]
3.2753682;82.45919;-0.23232244;[ 2.6577306  82.85158    -0.25030115]
2.2439072;65.50802;-0.2580253;[ 2.6027837 66.234985  -0.2505211]
2.5148585;74.75556;-0.2431868;[ 2.6349602  75.95608    -0.25039768]
2.4135504;88.09106;-0.24316338;[ 2.680679   89.79948    -0.25021738]
2.7748115;85.49987;-0.23206006;[ 2.670063   86.59152    -0.25025937]
2.3044932;74.89675;-0.25842512;[ 2.6349869  75.97306    -0.25039762]
2.1531126;78.635796;-0.24029768;[ 2.6473303  79.71756    -0.25034928]
2.5019958;81.41069;-0.24505115;[ 2.656095   82.36871    -0.25031546]
2.4278533;75.13311;-0.24716647;[ 2.6350136  75.99063    -0.25039896]
1.9464161;74.644264;-0.26035807;[ 2.6330976 75.41481   -0.2504057]
2.8531542;83.42994;-0.22257313;[ 2.661532   84.01039    -0.25029254]
2.2486684;72.8029;-0.25374842;[ 2.6274595  73.685074   -0.25042397]
2.5366874;68.485825;-0.24520715;[ 2.6135447  69.47734    -0.25048268]
1.9060014;83.7587;-0.24995805;[ 2.664476   84.88544    -0.25028506]
2.1638165;77.48347;-0.24360004;[ 2.6415253  77.94246    -0.25037587]
1.4479072;90.38888;-0.24212156;[ 2.6870654  91.73522    -0.25019524]
1.9630525;77.14149;-0.24231152;[ 2.6411014  77.821304   -0.25037807]
1.758064;80.02183;-0.24586508;[ 2.6504877  80.66758    -0.25033236]
3.7141447;74.28817;-0.2705023;[ 2.633428  75.51521   -0.2504027]
1.7638972;80.039;-0.2438437;[ 2.6513848  80.92452    -0.25032806]
3.9506564;74.962135;-0.26979256;[ 2.6347053 75.88645   -0.2503973]
3.755291;72.268135;-0.25683114;[ 2.6234946  72.49596    -0.25044188]
2.025706;73.47023;-0.24704498;[ 2.6276817  73.75603    -0.25042322]
3.6843028;72.58393;-0.25578898;[ 2.6230252  72.34627    -0.25044242]
3.6603885;68.16163;-0.2715288;[ 2.6103582  68.518036   -0.25049394]
2.695029;81.87543;-0.25066933;[ 2.6582618  83.01222    -0.25030616]
2.6074817;74.97604;-0.24701022;[ 2.6353753  76.09105    -0.25039715]
2.4558673;68.34312;-0.25088954;[ 2.610375   68.534676   -0.25049627]
1.4279392;87.10325;-0.2411744;[ 2.6774342  88.82591    -0.25023547]
1.7071372;80.317894;-0.2422005;[ 2.654995   82.03       -0.25032493]
1.8467205;80.727234;-0.24946694;[ 2.6529229 81.39426   -0.2503324]
2.3618677;77.623985;-0.2300454;[ 2.6424425 78.22412   -0.2503734]
2.0614069;73.91338;-0.24217533;[ 2.6295435  74.328575   -0.25042427]
0.3671596;94.09901;-0.252894;[ 2.6991744  95.39755    -0.25014937]
1.5905848;87.382866;-0.24810344;[ 2.6759977  88.387695   -0.25024113]
1.4866729;87.26576;-0.2440607;[ 2.6763673  88.5038     -0.25023898]
1.5741597;84.62304;-0.22276081;[ 2.6679692  85.96081    -0.25027233]
1.8768413;84.041046;-0.23093373;[ 2.6649039  85.03899    -0.25028497]
2.047217;78.3558;-0.2220913;[ 2.6454349  79.1241     -0.25036067]
1.720597;80.48359;-0.243215;[ 2.6530778  81.452225   -0.25033334]
2.21073;73.97013;-0.24466518;[ 2.6297364  74.381714   -0.25042427]
1.7859526;80.67713;-0.24064691;[ 2.6532722 81.51526   -0.2503312]
1.8563136;73.34612;-0.24134213;[ 2.6293385  74.27998    -0.25042596]
2.0669916;73.923416;-0.24000522;[ 2.6293635  74.28078    -0.25042558]
0.516243;96.60953;-0.24858281;[ 2.7069306 97.72782   -0.2501062]
1.7385231;83.45342;-0.24325448;[ 2.661363   83.938354   -0.25028777]
2.6653864;72.79955;-0.25056866;[ 2.627608   73.73386    -0.25042498]
2.6458285;74.822876;-0.24430816;[ 2.6344562  75.815186   -0.25039974]
3.3906124;72.25768;-0.23982194;[ 2.6250215  72.9581     -0.25043622]
5.966563;78.928635;-0.22687949;[ 2.6477277  79.84712    -0.25034893]
2.3846264;79.45307;-0.24959476;[ 2.6492999  80.30561    -0.25033903]
2.2777452;75.4844;-0.25969616;[ 2.6341784  75.7392     -0.25040022]
2.562105;72.54035;-0.25053146;[ 2.6236992  72.57164    -0.25044194]
3.005297;72.01834;-0.23713572;[ 2.6252813  73.04935    -0.25043735]
2.590614;65.884384;-0.25095174;[ 2.601079  65.719315  -0.2505325]
1.6879958;83.914406;-0.2419366;[ 2.664139   84.80197    -0.25028786]
0.36929178;97.34468;-0.2538858;[ 2.711326   99.07628    -0.25010034]
1.5736364;90.7252;-0.25256288;[ 2.6880894  92.0417     -0.25019294]
1.8673699;84.05576;-0.25005203;[ 2.665634  85.23799   -0.2502828]
0.35044658;93.767845;-0.2539455;[ 2.7006285  95.847336   -0.25014496]
1.774497;80.77836;-0.24010375;[ 2.652053   81.15723    -0.25033653]
2.3289626;77.54858;-0.23134467;[ 2.642951  78.39271   -0.2503731]
2.3007152;86.0047;-0.2325612;[ 2.67201    87.176414   -0.25024855]
2.572814;72.85402;-0.2337968;[ 2.627329   73.636955   -0.25042653]
0.57098913;93.470894;-0.2521497;[ 2.698287   95.12193    -0.25014305]
3.9339619;81.74499;-0.27016833;[ 2.6573365 82.75186   -0.2503068]
3.933074;75.20814;-0.27114597;[ 2.6349237  75.95854    -0.25039586]
1.7648708;80.21937;-0.24323526;[ 2.6516187  80.99963    -0.25032806]
3.9667783;74.730385;-0.26647043;[ 2.6348655 75.94035   -0.2503974]
2.6406372;82.02169;-0.24597278;[ 2.659777   83.49204    -0.25030035]
3.3285894;79.03077;-0.24152362;[ 2.6499462  80.51586    -0.25033897]
3.313954;72.43908;-0.24199621;[ 2.6266847  73.46764    -0.25043112]
3.843431;68.99393;-0.26464543;[ 2.6141534 69.676025  -0.2504804]
1.8705864;82.81045;-0.23345612;[ 2.661128  83.88472   -0.2502899]
2.142806;82.8321;-0.23655553;[ 2.6645713 84.91783   -0.2502769]
2.1300602;80.05569;-0.2209304;[ 2.6546037  81.90355    -0.25031576]
0.6141372;89.38586;-0.24927151;[ 2.6838431  90.76225    -0.25020027]
4.1594114;81.68801;-0.2517081;[ 2.6572423  82.721725   -0.25030866]
1.5669036;86.77327;-0.22447844;[ 2.6745474 87.948715  -0.2502371]
1.6591234;75.93801;-0.24289162;[ 2.6381283  76.932755   -0.25037956]
3.6456249;71.01401;-0.26806194;[ 2.621415  71.885086  -0.2504494]
1.6641176;80.08155;-0.2255183;[ 2.6519856 81.1234    -0.2503259]
4.232165;79.02705;-0.2395483;[ 2.6464608  79.460724   -0.25035134]
4.158228;74.98088;-0.24814735;[ 2.631289  74.88081   -0.2504108]
1.8335433;76.16268;-0.24353658;[ 2.6379426  76.873886   -0.25038227]
1.8403153;80.37354;-0.22463053;[ 2.6522005 81.18386   -0.2503269]
2.601564;71.19576;-0.24683528;[ 2.6226213  72.248764   -0.25044808]
2.57019;75.566185;-0.22974479;[ 2.6368203  76.53925    -0.25039276]
3.2018628;78.9994;-0.25323963;[ 2.6458657 79.264175  -0.250338 ]
3.1962914;84.6716;-0.2458104;[ 2.6657784  85.28453    -0.25026137]
3.8005705;81.05686;-0.2667784;[ 2.6528256 81.37135   -0.2503123]
2.5755723;81.07888;-0.24864088;[ 2.6547651  81.95062    -0.25030494]
3.10194;70.53992;-0.2525707;[ 2.6196828 71.35971   -0.250449 ]
3.7619147;66.06971;-0.26682797;[ 2.604081  66.63513   -0.2505153]
3.2421575;76.46426;-0.24047779;[ 2.640516   77.65965    -0.25037128]
2.9254746;71.89185;-0.25034875;[ 2.6240616  72.681366   -0.25044024]
3.3411655;74.34768;-0.24421664;[ 2.6319828  75.09079    -0.25039968]
3.7706714;72.68774;-0.26483268;[ 2.6264036  73.39432    -0.25042602]
4.1496916;69.87106;-0.2561037;[ 2.6163719  70.36357    -0.25046605]
3.3362947;76.75708;-0.24067616;[ 2.642032   78.11309    -0.25036412]
3.4948597;66.747635;-0.24106936;[ 2.6068165  67.462265   -0.25050488]
11.208282;67.67239;-0.23499914;[ 2.6093683  68.22242    -0.25049365]
1.8682454;68.10328;-0.23603325;[ 2.6116214  68.92131    -0.25048125]
3.4429495;78.80366;-0.24263097;[ 2.647529 79.76596  -0.250348]
3.2454019;73.39578;-0.25150892;[ 2.627901   73.829575   -0.25042045]
2.751192;81.841484;-0.25069526;[ 2.6584833  83.08322    -0.25030497]
3.4220786;78.79318;-0.24234024;[ 2.647571   79.782135   -0.25034747]
2.6986036;81.50832;-0.24714902;[ 2.6574192 82.77145   -0.2503087]
2.6673348;82.37179;-0.22958444;[ 2.6593351 83.35579   -0.2503022]
3.1597445;75.86629;-0.25195283;[ 2.6383262  77.01267    -0.25037944]
3.8156676;78.51231;-0.26479757;[ 2.6462693 79.407974  -0.2503538]
3.7851524;71.41369;-0.2659493;[ 2.6227477  72.295715   -0.25044578]
3.4198713;75.35148;-0.2426614;[ 2.6360905  76.31958    -0.25039563]
3.6008716;72.29962;-0.23617879;[ 2.6256864  73.17168    -0.25043628]
3.2503421;76.32318;-0.25128758;[ 2.6395285 77.366875  -0.2503771]
4.1049514;68.84963;-0.25172633;[ 2.613545 69.5013   -0.250484]
3.3859704;81.3019;-0.2428941;[ 2.656225  82.39757   -0.2503035]
3.7826524;77.80806;-0.26687625;[ 2.643583  78.57821   -0.2503535]
4.260536;76.048164;-0.26393178;[ 2.6398993  77.46651    -0.25037107]
4.2409835;76.87237;-0.2765982;[ 2.6424456  78.24664    -0.25035632]
3.7800872;71.30764;-0.2673832;[ 2.621368   71.85028    -0.25044262]
3.7223637;72.42368;-0.27307463;[ 2.6276026  73.74238    -0.25042105]
2.9748044;79.5935;-0.25398898;[ 2.6522126 81.19256   -0.2503246]
2.6914716;76.783165;-0.23099273;[ 2.6427767  78.3327     -0.25036213]
3.8157706;66.70217;-0.26937905;[ 2.6063626 67.32236   -0.2505066]
2.2100046;78.6686;-0.22575249;[ 2.6493282  80.30873    -0.25033203]
2.2746787;81.16929;-0.23410407;[ 2.6559014  82.291756   -0.25030088]
4.1234636;76.27671;-0.25627407;[ 2.6396406 77.379074  -0.2503687]
4.390158;73.553665;-0.2426081;[ 2.6290019  74.16093    -0.25041118]
3.9779248;69.49828;-0.25692588;[ 2.6171296 70.56324   -0.2504597]
1.9799616;78.91266;-0.233589;[ 2.6475987  79.785324   -0.25033665]
4.5441065;78.783936;-0.29426646;[ 2.648384   80.033646   -0.25033623]
1.5586482;82.35879;-0.24667004;[ 2.6575038 82.78257   -0.2502917]
3.8763587;76.98937;-0.27267912;[ 2.6413524  77.90375    -0.25035858]
3.6220748;77.41317;-0.27068394;[ 2.6422777  78.179214   -0.25035736]
4.9723873;69.39209;-0.27470842;[ 2.6143734 69.74945   -0.2504692]
4.145665;72.032295;-0.29440874;[ 2.6253633  73.06683    -0.25042844]
3.6609318;74.28402;-0.26026914;[ 2.6309407  74.74655    -0.25040266]
4.360759;68.91066;-0.2874554;[ 2.614461   69.7691     -0.25047082]
4.122128;65.34685;-0.30036896;[ 2.602514   66.155464   -0.25051773]
3.8618672;72.185165;-0.2730652;[ 2.6265273 73.42442   -0.250426 ]
2.6201854;77.80036;-0.25018632;[ 2.6437235  78.61204    -0.25035447]
3.5914795;72.335686;-0.27240762;[ 2.6269867  73.55742    -0.25042367]
3.7907963;69.13845;-0.26374525;[ 2.6156323  70.122505   -0.25046864]
2.598867;71.26894;-0.25339428;[ 2.6200354 71.44801   -0.2504477]
3.9402478;77.317955;-0.27771914;[ 2.643272  78.495445  -0.2503534]
3.5058768;76.78615;-0.2508448;[ 2.6401958  77.56313    -0.25037047]
3.6399655;72.82076;-0.27224472;[ 2.6276639  73.76778    -0.25041965]
3.218557;74.7347;-0.24338286;[ 2.634237  75.74773   -0.2503896]
3.1482432;75.63445;-0.253946;[ 2.6369803 76.583496  -0.2503751]
3.7774315;71.249794;-0.26710564;[ 2.62133    71.84542    -0.25044164]
4.7184706;66.15353;-0.29080635;[ 2.6049397 66.89429   -0.2505098]
2.6477995;78.010704;-0.24968994;[ 2.6443698 78.80948   -0.2503515]
3.3488855;72.80681;-0.2740667;[ 2.6274042  73.685394   -0.25042188]
3.3115044;74.96479;-0.24219827;[ 2.6342514  75.74805    -0.25039122]
3.6709633;69.752686;-0.26340857;[ 2.6173387  70.63997    -0.25046137]
4.29854;66.138794;-0.29061368;[ 2.604634   66.7993     -0.25051144]
2.7818441;79.640144;-0.2529228;[ 2.6518965  81.10012    -0.25032628]
3.6018472;76.62856;-0.24420956;[ 2.6418183 78.05044   -0.2503658]
2.8131003;72.88749;-0.25216657;[ 2.6284611  74.012245   -0.25042006]
3.4655495;70.84614;-0.2581798;[ 2.621525  71.91968   -0.2504422]
2.6780205;69.88936;-0.24204947;[ 2.6177144  70.754295   -0.25046238]
1.8089852;80.412674;-0.22644496;[ 2.6512191  80.87479    -0.25032482]
0.63066494;91.04164;-0.23988271;[ 2.6855712  91.27115    -0.25018874]
1.5522523;87.47761;-0.22522396;[ 2.6738164 87.71643   -0.250235 ]
1.9891667;76.600746;-0.24155484;[ 2.6405437 77.654465  -0.2503689]
3.5410657;78.879906;-0.26468712;[ 2.646449   79.44684    -0.25034854]
3.482696;82.645775;-0.24544665;[ 2.657025   82.64259    -0.25030503]
3.751663;76.08824;-0.25106356;[ 2.6360462 76.30179   -0.25039  ]
2.0344732;70.072685;-0.24514686;[ 2.6167474  70.45549    -0.25046152]
3.4992602;72.05182;-0.26470193;[ 2.6228998  72.323456   -0.25044018]
3.9427197;73.37443;-0.24370827;[ 2.624058   72.67587    -0.25043637]
3.352392;65.22056;-0.26828054;[ 2.59997    65.38625    -0.25053144]
4.132081;73.51371;-0.2427;[ 2.6260793  73.28118    -0.25042805]
2.2085803;69.50788;-0.24216782;[ 2.6190162 71.13829   -0.2504532]
3.3190346;64.50305;-0.2671832;[ 2.603326   66.39771    -0.25051856]
3.9335465;79.10362;-0.25044706;[ 2.6463406  79.417694   -0.25034717]
4.024935;75.90027;-0.23757046;[ 2.6349642  75.97835    -0.25039262]
1.6182481;79.92443;-0.240507;[ 2.6516244 81.00325   -0.2503218]
3.898228;75.12661;-0.2668823;[ 2.6356719  76.184715   -0.25038815]
3.843104;71.354225;-0.24858662;[ 2.6225426 72.2155    -0.2504418]
1.6367265;80.141075;-0.23883308;[ 2.650748  80.750656  -0.2503255]
3.9677608;82.83368;-0.26337203;[ 2.6577642 82.87474   -0.2503012]
3.8568003;78.651085;-0.2482627;[ 2.6442087  78.77687    -0.25035477]
4.0544143;76.03197;-0.23856439;[ 2.6355197  76.148636   -0.25038952]
1.5004804;80.27722;-0.23764321;[ 2.6535742 81.606636  -0.2503138]
1.6937602;73.081;-0.24220107;[ 2.6287022  74.08424    -0.25041264]
3.9760485;75.47868;-0.26342648;[ 2.6355515  76.15079    -0.25038838]
4.0541806;72.240005;-0.2483253;[ 2.6251643  73.008865   -0.25042912]
2.2737844;66.91014;-0.2387742;[ 2.607749  67.73789   -0.2505093]
0.38414884;94.24792;-0.24058528;[ 2.700699  95.84625   -0.2501421]
1.5550705;87.598595;-0.23653913;[ 2.677054   88.69919    -0.25023594]
1.8376224;80.38821;-0.23652492;[ 2.6545994 81.90798   -0.2503244]
1.5548394;87.34626;-0.23656693;[ 2.6768622 88.64365   -0.2502362]
1.7899094;80.74768;-0.23579165;[ 2.6529667 81.4216    -0.250331 ]
1.8229389;80.06451;-0.23650838;[ 2.6545696  81.90242    -0.25032398]
2.0619574;73.62531;-0.23824942;[ 2.6306505  74.67281    -0.25041902]
1.7492982;84.44959;-0.21977544;[ 2.6699522 86.53497   -0.2502618]
1.7573978;80.31223;-0.2365973;[ 2.6563997  82.44791    -0.25031668]
1.9712358;73.8093;-0.23900576;[ 2.6324027 75.19344   -0.250412 ]
4.243127;75.1939;-0.24910359;[ 2.6345897 75.85316   -0.2503946]
1.9202678;76.19704;-0.2393929;[ 2.6374915  76.72773    -0.25037983]
4.137871;77.907234;-0.26570532;[ 2.6451285  79.03871    -0.25035244]
0.5968709;89.63305;-0.24106525;[ 2.6837227 90.712204  -0.2501964]
4.16221;84.787674;-0.26786816;[ 2.666233  85.42766   -0.2502695]
1.6939678;82.40678;-0.24008016;[ 2.660852  83.79735   -0.2502881]
3.8098817;77.67118;-0.2662381;[ 2.6440272 78.715515  -0.2503584]
1.5317405;82.812225;-0.23868835;[ 2.661968   84.13051    -0.25028235]
2.926474;71.22462;-0.2421318;[ 2.6252415  73.02492    -0.25043532]
2.9100554;78.23168;-0.24299979;[ 2.6476133  79.78754    -0.25034645]
2.825716;71.5936;-0.24250504;[ 2.6220634  72.064735   -0.25044852]
3.7901025;74.93563;-0.2419467;[ 2.6391525 77.22745   -0.2503779]
2.8919048;78.00099;-0.24309707;[ 2.6464827 79.45563   -0.2503523]
2.906239;71.23447;-0.24353768;[ 2.6223183  72.154594   -0.25044832]
2.7723427;70.747635;-0.24099545;[ 2.6237009  72.56118    -0.25044218]
2.6071732;70.81177;-0.24230666;[ 2.6199107  71.41786    -0.25045812]
2.3745065;75.93823;-0.25014305;[ 2.6394713  77.331696   -0.25037426]
2.302838;73.23264;-0.24246094;[ 2.629992  74.466446  -0.2504121]
3.6136112;70.93433;-0.25963804;[ 2.6231568 72.39876   -0.2504423]
3.236783;64.32439;-0.26357663;[ 2.5966582  64.38905    -0.25054827]
3.6347296;81.78308;-0.2400851;[ 2.6564007 82.45937   -0.2503129]
3.6863813;77.57838;-0.25969383;[ 2.6441932  78.76944    -0.25036055]
2.514844;81.65992;-0.2262068;[ 2.6586223  83.12505    -0.25030443]
3.320808;70.79117;-0.26265496;[ 2.6199415  71.44085    -0.25045624]
2.48708;74.84867;-0.22736591;[ 2.6376495  76.77245    -0.25038642]
3.6141267;74.606834;-0.24353352;[ 2.6347015  75.899124   -0.25039834]
3.6253285;74.77146;-0.24298485;[ 2.6339686  75.67317    -0.25040162]
2.3483472;75.71737;-0.25241518;[ 2.6381829  76.95062    -0.25038052]
2.6057825;70.84366;-0.24399805;[ 2.6217875  71.9885     -0.25045103]
1.8250948;80.70504;-0.24216011;[ 2.6529937 81.42787   -0.2503324]
1.5267316;87.170845;-0.23778033;[ 2.6774578  88.82863    -0.25023434]
1.8845586;80.00042;-0.24011272;[ 2.6545851 81.91496   -0.2503256]
2.0177963;78.06133;-0.2201894;[ 2.6473277 79.70126   -0.2503529]
1.7332493;80.63737;-0.23928928;[ 2.6548045 81.97652   -0.2503246]
1.9915967;73.51141;-0.23967691;[ 2.631287  74.86776   -0.2504171]
2.2919464;66.9264;-0.24014929;[ 2.606056  67.235634  -0.2505181]
0.39239812;86.5498;-0.23668529;[ 2.6737337  87.69169    -0.25024754]
1.6243017;79.446526;-0.23265462;[ 2.6508613  80.78111    -0.25033775]
1.5748131;83.063866;-0.22264701;[ 2.6633048  84.54428    -0.25028744]
1.7886441;76.19238;-0.22539477;[ 2.639324   77.29763    -0.25038433]
1.3176663;79.64245;-0.23180555;[ 2.6515596  80.98392    -0.25033548]
0.39264798;86.54654;-0.2364076;[ 2.673913   87.74632    -0.25024682]
1.5668248;83.17115;-0.22142477;[ 2.6633294  84.55124    -0.25028735]
1.5879812;83.097115;-0.22295633;[ 2.663813   84.69525    -0.25028577]
1.502382;79.581154;-0.23338354;[ 2.6498787  80.485565   -0.25034285]
1.5179144;79.677376;-0.2354768;[ 2.652795   81.35356    -0.25032985]
0.39241838;86.5422;-0.23647113;[ 2.6739383  87.75414    -0.25024664]
1.5809418;83.21596;-0.2237519;[ 2.6633797  84.56462    -0.25028783]
1.5747933;79.53291;-0.23450996;[ 2.6505888  80.6996     -0.25033906]
1.5050772;79.572495;-0.23362756;[ 2.6499066  80.49399    -0.25034273]
1.6913764;72.64411;-0.2342403;[ 2.6284986  74.01695    -0.25042674]
3.1395197;73.427956;-0.23686051;[ 2.6327882  75.30728    -0.25040466]
3.1419315;80.29476;-0.23793009;[ 2.653932   81.708084   -0.25032142]
2.7521615;78.49462;-0.24667166;[ 2.6470585  79.63721    -0.25034353]
3.8833718;70.46895;-0.24209902;[ 2.6207871 71.68487   -0.2504522]
3.007221;66.75485;-0.23797977;[ 2.6071599  67.56219    -0.25050762]
3.9133937;60.172012;-0.26159704;[ 2.584083   60.587692   -0.25059736]
2.0597916;73.5454;-0.22725771;[ 2.6309595  74.754234   -0.25041658]
1.9528077;77.05637;-0.23641902;[ 2.6426325  78.284      -0.25037217]
1.5428138;83.587425;-0.23895985;[ 2.66565   85.2451    -0.2502803]
1.8201;76.90302;-0.23687063;[ 2.6399326 77.4739    -0.2503835]
1.812382;80.32267;-0.22423312;[ 2.6543493  81.82779    -0.25032395]
1.8667015;76.734985;-0.23452798;[ 2.6427681  78.329735   -0.25037038]
1.7951049;80.28617;-0.22630832;[ 2.6525939 81.3053    -0.2503312]
1.8749131;76.89126;-0.234476;[ 2.6398287  77.45086    -0.25038463]
2.1393044;70.32758;-0.23479483;[ 2.6170492 70.55296   -0.2504748]
1.5431337;83.58735;-0.2404449;[ 2.6667914  85.58793    -0.25027582]
1.8384811;80.15056;-0.2235676;[ 2.6569052  82.595      -0.25031444]
1.5421784;83.82345;-0.23742512;[ 2.6641967 84.819     -0.2502877]
1.7456975;76.929344;-0.23776077;[ 2.6411657 77.85835   -0.2503762]
1.2885253;83.71313;-0.23592289;[ 2.6658728  85.315155   -0.25027987]
3.0328841;70.19603;-0.2413792;[ 2.6193628  71.263214   -0.25045875]
2.8837736;73.58137;-0.23896797;[ 2.6318583  75.033005   -0.25040913]
2.9468794;66.94347;-0.23884878;[ 2.607345  67.61997   -0.2505071]
1.8217852;77.01227;-0.2383044;[ 2.6401634  77.54282    -0.25038272]
2.2692971;73.69244;-0.22814925;[ 2.629372  74.27794   -0.2504248]
1.8689849;76.805855;-0.23534438;[ 2.640097  77.536865  -0.2503847]
1.7301826;80.8137;-0.22020921;[ 2.6543071 81.82692   -0.2503255]
2.3207808;73.46199;-0.23066267;[ 2.6291769  74.232544   -0.25042677]
1.7667704;76.88267;-0.23444445;[ 2.6419954  78.10115    -0.25037643]
1.6163783;80.77775;-0.22062667;[ 2.6561186  82.3651     -0.25031814]
2.135333;70.21425;-0.23557603;[ 2.6173007 70.633514  -0.2504749]
1.5256037;81.30361;-0.22777972;[ 2.6583505  83.029785   -0.25030002]
1.903013;74.12333;-0.23311791;[ 2.633758   75.59697    -0.25039673]
0.43433285;88.19543;-0.22868358;[ 2.6794903  89.429504   -0.25021684]
2.096527;77.69564;-0.22715981;[ 2.6439734 78.69677   -0.2503582]
1.6821313;73.96659;-0.23606189;[ 2.6324613  75.21109    -0.25040323]
1.8526522;76.80715;-0.23671225;[ 2.6440487  78.72634    -0.25036573]
0.3588133;90.78158;-0.24764119;[ 2.6881886  92.078606   -0.25019416]
1.5731146;83.43705;-0.23689777;[ 2.6651692  85.12167    -0.25028297]
1.7947072;77.20179;-0.24099988;[ 2.6410193 77.81256   -0.2503815]
2.006569;70.260765;-0.23973534;[ 2.6175375 70.71133   -0.2504717]
3.0097885;73.96229;-0.23734161;[ 2.6328635 75.33197   -0.2504046]
3.7954836;71.17758;-0.24350195;[ 2.6243353 72.754745  -0.2504358]
2.6161706;66.6136;-0.24503127;[ 2.6085835  67.993675   -0.25050017]
2.8395267;70.22473;-0.24129708;[ 2.6189973 71.152466  -0.2504606]
2.7286234;67.00342;-0.23994528;[ 2.6074045  67.634865   -0.25050658]
3.6112583;64.39757;-0.24801117;[ 2.5985818  64.96811    -0.25053915]
2.0643182;73.33641;-0.22707841;[ 2.6327238 75.286705  -0.2504106]
1.9263443;76.66224;-0.23798248;[ 2.6434348  78.52931    -0.25036904]
2.2189198;80.21421;-0.22767352;[ 2.6547143  81.93975    -0.25032386]
2.010385;69.86713;-0.23983933;[ 2.6169002 70.51008   -0.2504732]
1.8429909;80.29537;-0.22484227;[ 2.6554582 82.1638    -0.2503202]
1.60984;83.43085;-0.23932436;[ 2.6646883  84.96338    -0.25028592]
1.5593433;87.11164;-0.22492823;[ 2.6766722  88.5863     -0.25023732]
1.5575782;83.204414;-0.23921046;[ 2.6638052 84.69998   -0.2502874]
2.3310132;73.30448;-0.2316338;[ 2.6295016  74.330185   -0.25042513]
1.7517166;76.41149;-0.23941468;[ 2.6396961  77.41646    -0.25038323]
1.2992232;83.6167;-0.23613839;[ 2.664963   85.04173    -0.25028402]
2.2241774;73.315285;-0.23214471;[ 2.6312597 74.853004  -0.250418 ]
1.6300681;76.45252;-0.23980206;[ 2.6414325 77.93266   -0.2503761]
2.126774;70.09268;-0.23768725;[ 2.617862   70.79842    -0.25047138]
1.4293385;81.254425;-0.22647262;[ 2.6580825 82.95255   -0.2503009]
2.1662545;63.83134;-0.24190517;[ 2.597413   64.60922    -0.25054345]
1.8736926;77.21871;-0.2332915;[ 2.6432207 78.471405  -0.2503705]
1.7228786;77.03538;-0.23780155;[ 2.6419158  78.08057    -0.25037432]
1.5248288;83.998634;-0.23426294;[ 2.6644106 84.88568   -0.2502867]
1.7560296;76.94529;-0.23660073;[ 2.6417036  78.01775    -0.25037497]
1.6546767;77.026955;-0.23732005;[ 2.6436505  78.59808    -0.25036696]
1.8063877;70.29037;-0.24146532;[ 2.6195939 71.32883   -0.2504626]
1.540598;84.02235;-0.24115312;[ 2.6665835  85.53925    -0.25027847]
1.7586269;76.75352;-0.23669173;[ 2.6407216  77.72674    -0.25038058]
1.3594208;83.93387;-0.23620391;[ 2.6656737 85.268974  -0.2502829]
1.6497219;76.7716;-0.23702286;[ 2.6425004  78.25506    -0.25037327]
1.6582572;77.243866;-0.23430358;[ 2.6425323  78.26718    -0.25037408]
2.079555;62.53972;-0.24446614;[ 2.595008   63.88922    -0.25055805]
1.5198437;81.536125;-0.22859642;[ 2.6585307 83.086075  -0.2502994]
2.1838064;78.13186;-0.22506158;[ 2.6470327  79.61007    -0.25034508]
1.8562334;74.36179;-0.23280755;[ 2.634524   75.83203    -0.25039384]
2.0849113;74.13674;-0.22594309;[ 2.6361442 76.32055   -0.2503892]
2.9469259;68.88443;-0.23875253;[ 2.6170042  70.53143    -0.25046003]
2.77173;75.35083;-0.23930949;[ 2.6382856  76.97171    -0.25037584]
3.0535583;66.08697;-0.23623675;[ 2.6038249 66.54742   -0.2505116]
1.9951501;74.499596;-0.23909812;[ 2.6359355  76.25424    -0.25039148]
0.4255066;92.309166;-0.23288454;[ 2.693655   93.717575   -0.25016156]
1.5599439;85.252235;-0.23239274;[ 2.6695786  86.4429     -0.25025725]
1.7401705;78.58567;-0.23303668;[ 2.648479  80.05375   -0.2503406]
2.1378706;72.00009;-0.23336363;[ 2.6242714  72.7303     -0.25043583]
2.8715458;70.58107;-0.2410999;[ 2.6201837  71.50096    -0.25045785]
3.7828763;70.96585;-0.2604327;[ 2.6217368  71.9724     -0.25044823]
2.7001255;76.75697;-0.24288295;[ 2.643457   78.543      -0.25036615]
2.4012213;75.395775;-0.25170773;[ 2.637258   76.673584   -0.25038415]
3.4761648;70.676125;-0.26339206;[ 2.6210616  71.77539    -0.25045153]
2.9429424;77.09504;-0.24082112;[ 2.643362   78.52109    -0.25036585]
2.674237;70.152245;-0.24390623;[ 2.6195788  71.329544   -0.25046074]
2.818526;77.06876;-0.2409911;[ 2.6447477  78.93187    -0.25035986]
2.55282;70.08799;-0.24404614;[ 2.6209676 71.741     -0.250455 ]
2.5138903;63.71453;-0.24421349;[ 2.5959804 64.18213   -0.250554 ]
4.9471645;77.55256;-0.25373927;[ 2.641669  78.00108   -0.2503606]
3.6512892;75.92273;-0.2448087;[ 2.640947   77.77591    -0.25035998]
1.5306267;87.03373;-0.2470279;[ 2.6754115  88.21277    -0.25024316]
1.3715485;86.628365;-0.24068862;[ 2.6764243  88.51713    -0.25023916]
1.6930767;80.20081;-0.23750053;[ 2.6530497  81.45125    -0.25033137]
2.6855152;77.55642;-0.24043387;[ 2.6450167  79.00904    -0.25035828]
2.3573058;71.04112;-0.24660064;[ 2.6196446  71.33648    -0.25045836]
2.5641127;81.04001;-0.235072;[ 2.6567628  82.56712    -0.25031146]
2.3559022;77.66904;-0.2454497;[ 2.6427052 78.320114  -0.2503671]
2.4570348;70.765816;-0.24391785;[ 2.6199636  71.448074   -0.25045973]
3.2220478;75.42074;-0.23904046;[ 2.635076   76.01338    -0.25039718]
3.4237251;75.50431;-0.23618136;[ 2.6373522 76.68862   -0.2503873]
2.2059264;73.09244;-0.24155422;[ 2.6317222  74.993004   -0.25041562]
1.8268802;80.528496;-0.24335995;[ 2.6521728 81.18025   -0.2503356]
1.9515907;78.27099;-0.2209388;[ 2.644639   78.89076    -0.25036463]
1.4862382;87.57928;-0.23698469;[ 2.6761518  88.43673    -0.25023922]
1.5342114;87.123474;-0.24364278;[ 2.6756582  88.29256    -0.25024274]
1.7409203;79.81789;-0.23955014;[ 2.654527   81.8949     -0.25032604]
1.9382424;78.65942;-0.23334923;[ 2.6481586  79.953766   -0.25034308]
1.5463686;85.1899;-0.23292013;[ 2.6704488  86.69345    -0.25025386]
1.837999;78.854004;-0.2343991;[ 2.6457849  79.23654    -0.25035048]
0.4223286;91.897125;-0.23393421;[ 2.692305   93.309555   -0.25016743]
1.9047507;78.65098;-0.23382944;[ 2.6463225  79.41228    -0.25035086]
1.4383125;85.08172;-0.23221257;[ 2.6695755 86.434746  -0.2502574]
1.6889871;78.82922;-0.23485921;[ 2.647747   79.83252    -0.25034234]
0.5994712;88.92237;-0.24867932;[ 2.684558  90.96832   -0.2501945]
4.021945;77.22732;-0.26214966;[ 2.6451693  79.06191    -0.25035402]
4.0003924;71.093254;-0.26650077;[ 2.6197245  71.36574    -0.25045478]
2.7669148;77.6085;-0.25029162;[ 2.646653   79.50363    -0.25035226]
2.7443244;84.341255;-0.25234094;[ 2.6688838  86.23376    -0.25026378]
2.6406453;78.01063;-0.24600497;[ 2.644773   78.947586   -0.25035796]
2.6647549;77.39706;-0.24285753;[ 2.6465173  79.46892    -0.25035223]
3.5477943;68.56152;-0.24418059;[ 2.6144211  69.7553     -0.25047725]
3.6713398;71.71295;-0.2640309;[ 2.6215     71.89435    -0.25044653]
4.0030537;78.093796;-0.26500964;[ 2.645958   79.2887     -0.25034925]
1.9553585;76.17665;-0.23957974;[ 2.6381936  76.94022    -0.25037813]
3.992323;72.13572;-0.26599285;[ 2.622765   72.27694    -0.25043908]
3.7177546;82.6783;-0.2534151;[ 2.6591454  83.28264    -0.25029698]
1.6311893;82.9855;-0.24084283;[ 2.6599138  83.51609    -0.25029263]
1.865524;76.36545;-0.2412227;[ 2.6365569  76.45877    -0.25038537]
1.5214758;83.45963;-0.23805219;[ 2.6620193 84.145065  -0.2502821]
3.3938918;69.49645;-0.2545263;[ 2.612949   69.306625   -0.25048003]
2.7175474;71.70731;-0.24226415;[ 2.622725   72.262314   -0.25044602]
2.8500395;78.123665;-0.24296609;[ 2.6478288  79.851845   -0.25034624]
2.5392282;71.330536;-0.24420577;[ 2.6235795 72.52632   -0.2504431]
2.849955;74.81872;-0.23850293;[ 2.6387265  77.09463    -0.25038078]
2.577319;71.91526;-0.2480038;[ 2.624024 72.6568   -0.250438]
2.8609877;84.992485;-0.24400625;[ 2.6696463 86.45692   -0.2502602]
2.5457592;78.14652;-0.24540389;[ 2.6453087  79.10431    -0.25035748]
2.7643156;78.33712;-0.24207263;[ 2.6458304 79.26127   -0.2503548]
2.4486866;71.491585;-0.24490407;[ 2.6231508 72.40214   -0.2504448]
0.33827806;94.263145;-0.246165;[ 2.7011957 96.00014   -0.2501407]
1.5644386;87.38306;-0.24375318;[ 2.6793275  89.3799     -0.25022689]
1.5352329;87.585915;-0.23986384;[ 2.6772575 88.76776   -0.2502356]
1.7665288;81.30519;-0.23971918;[ 2.6559963  82.32623    -0.25031632]
1.6720335;80.89353;-0.23758848;[ 2.6551504 82.081024  -0.2503228]
2.0420153;74.2131;-0.23822898;[ 2.630268   74.55408    -0.25042155]
1.5630724;80.89824;-0.23776995;[ 2.656678   82.53464    -0.25031617]
1.5583432;84.294716;-0.24124166;[ 2.6674662  85.79764    -0.25027362]
1.7869779;77.91775;-0.2388047;[ 2.6437993 78.64993   -0.2503646]
1.4818741;84.47231;-0.23589483;[ 2.6664011 85.48038   -0.2502764]
1.4909465;83.81699;-0.2381246;[ 2.6656704  85.26428    -0.25028214]
1.5237538;84.53628;-0.23772582;[ 2.6668015  85.61632    -0.25027362]
1.5392561;84.47101;-0.23804109;[ 2.665423   85.19441    -0.25028265]
1.7332373;77.21191;-0.23582017;[ 2.6420527 78.12921   -0.2503762]
1.6344886;77.32285;-0.23494852;[ 2.643912   78.68223    -0.25036794]
2.006827;70.4935;-0.23599616;[ 2.6191754 71.199554  -0.2504665]
1.7947711;79.72898;-0.24440306;[ 2.6489935  80.20594    -0.25033033]
1.7815818;89.9208;-0.2334648;[ 2.6852098  91.1619     -0.25018734]
1.53635;86.22685;-0.24336374;[ 2.6721454  87.21541    -0.25023845]
2.7652864;77.75699;-0.24040619;[ 2.6471696  79.660034   -0.25034896]
13.792932;75.98708;-0.22807291;[ 2.63914    77.224205   -0.25037992]
12.737182;72.644615;-0.22850575;[ 2.6287265  74.074844   -0.25042042]
3.0090196;72.05535;-0.23377973;[ 2.6284869  74.01233    -0.25042135]
2.827829;81.21375;-0.23653753;[ 2.658405  83.064064  -0.2503039]
2.611594;77.716606;-0.24477361;[ 2.6441202  78.7519     -0.25035986]
13.423646;75.97224;-0.2310569;[ 2.638496  77.04117   -0.2503828]
3.0963192;68.4598;-0.2339595;[ 2.6116626 68.928955  -0.2504904]
1.7768538;80.56832;-0.24189043;[ 2.6518507  81.07843    -0.25033343]
2.015722;74.01004;-0.24252692;[ 2.6296206 74.34855   -0.2504228]
0.36856198;94.04572;-0.24908303;[ 2.6991131  95.37128    -0.25014928]
2.08127;83.83173;-0.22936761;[ 2.665636   85.24343    -0.25028124]
1.569357;87.24891;-0.24178739;[ 2.6752179 88.153366  -0.2502442]
1.8522388;80.38077;-0.23927465;[ 2.6526842 81.33485   -0.2503337]
1.5195842;83.65203;-0.24645057;[ 2.6662126  85.42476    -0.25028065]
1.8371755;80.78878;-0.22184317;[ 2.6561534 82.382     -0.2503191]
1.4850954;83.45864;-0.24277589;[ 2.6641703  84.813774   -0.25028798]
1.5145304;87.48026;-0.22266504;[ 2.6778498  88.949776   -0.25023344]
2.2219894;83.90194;-0.2229527;[ 2.666881  85.63343   -0.2502771]
1.9149107;80.46962;-0.23124468;[ 2.65415    81.7894     -0.25032598]
1.511723;83.684105;-0.2415813;[ 2.6641312 84.80994   -0.2502893]
1.7462742;76.70459;-0.23832095;[ 2.6402225  77.58019    -0.25038317]
4.2110415;77.57002;-0.27015328;[ 2.6470668  79.62449    -0.25034794]
2.1302605;79.55601;-0.23130205;[ 2.6526291  81.301544   -0.25032234]
1.5672905;86.15506;-0.22918613;[ 2.674689   87.98062    -0.25023457]
1.5722828;82.83254;-0.24253261;[ 2.6619322 84.12666   -0.2502842]
1.9021654;76.27623;-0.24140997;[ 2.6377602  76.80767    -0.25038236]
2.7839274;78.19989;-0.24925664;[ 2.648563   80.07935    -0.25034365]
3.4293706;75.05757;-0.23995206;[ 2.6380816 76.90933   -0.2503849]
2.6098268;81.67269;-0.23252478;[ 2.6609092  83.817474   -0.25029424]
2.6270618;78.265915;-0.24614918;[ 2.647255   79.69532    -0.25034693]
3.8690236;71.43922;-0.26086646;[ 2.6238637 72.62758   -0.2504409]
2.7278943;78.219864;-0.24258426;[ 2.6477852 79.84929   -0.2503468]
3.2212946;75.769905;-0.2468787;[ 2.6412377  77.87931    -0.25036708]
2.3127759;73.57685;-0.22825539;[ 2.63059    74.64386    -0.25041962]
2.0080884;70.19217;-0.23949444;[ 2.6171021 70.571266  -0.2504716]
1.8305434;77.037224;-0.23856543;[ 2.6412315 77.862015  -0.2503783]
1.8144342;80.21708;-0.22404422;[ 2.6566992 82.53627   -0.2503152]
1.5429095;83.38527;-0.23890358;[ 2.664741   84.98207    -0.25028297]
1.5580472;83.567665;-0.23847713;[ 2.6641717  84.81052    -0.25028777]
1.5214224;83.798805;-0.23395182;[ 2.665544   85.22489    -0.25027874]
2.0768516;80.05781;-0.2279856;[ 2.6538258  81.6826     -0.25032774]
1.5287654;83.89826;-0.24913716;[ 2.6667323 85.57564   -0.2502778]
1.5014839;84.24108;-0.2357565;[ 2.665332   85.17001    -0.25027978]
1.6064177;76.82908;-0.23717228;[ 2.6415088  77.96228    -0.25037712]
1.8155423;77.48437;-0.24341062;[ 2.6409638  77.7856     -0.25037932]
1.9777354;76.64756;-0.23849274;[ 2.6423192  78.194336   -0.25037515]
2.085963;70.251625;-0.23765652;[ 2.6173387  70.64173    -0.25047216]
1.5362859;83.38792;-0.24210428;[ 2.6651835  85.10255    -0.25028276]
1.824955;76.95958;-0.23865518;[ 2.6398876 77.45709   -0.2503834]
1.5517154;83.48077;-0.23487641;[ 2.6636395  84.64899    -0.25028747]
1.7286417;80.69802;-0.2215904;[ 2.6541307  81.77344    -0.25032613]
1.7498937;80.11582;-0.22774333;[ 2.652535   81.29353    -0.25033274]
1.4211209;83.4181;-0.23607853;[ 2.6645205 84.90779   -0.2502854]
1.7915621;76.677956;-0.23416913;[ 2.6417992 78.04209   -0.2503773]
1.8138834;77.07494;-0.23757915;[ 2.6413405 77.89403   -0.2503772]
2.0048237;73.7803;-0.22757624;[ 2.6315174  74.922104   -0.25041503]
1.8434571;76.79092;-0.23686445;[ 2.6431775  78.45408    -0.25036776]
1.5239041;83.59538;-0.23788543;[ 2.664907  85.032364  -0.2502822]
1.7193923;76.96065;-0.23697518;[ 2.6409993  77.809204   -0.25037754]
1.8074898;76.87718;-0.23627649;[ 2.6400359  77.51927    -0.25038365]
2.0779452;80.2023;-0.22761846;[ 2.6536596  81.63229    -0.25032824]
1.744734;76.88756;-0.23843461;[ 2.6413484 77.91458   -0.2503758]
1.7509125;80.28148;-0.2272259;[ 2.6546128  81.91822    -0.25032398]
1.3611629;83.861946;-0.23533754;[ 2.6661975  85.41363    -0.25027847]
1.9494672;80.29227;-0.22788297;[ 2.6553767  82.143295   -0.25032088]
2.0782495;70.3408;-0.23659357;[ 2.6168768 70.50405   -0.250475 ]
1.5541434;83.14325;-0.23814383;[ 2.6641178 84.80223   -0.2502872]
1.5398482;83.71588;-0.23605305;[ 2.663478  84.61017   -0.2502901]
1.7596889;76.35367;-0.2376525;[ 2.6401377  77.55789    -0.25038275]
1.4062321;83.379906;-0.23960887;[ 2.6648765  85.02584    -0.25028557]
1.6377757;76.31446;-0.23726828;[ 2.6416256  77.99919    -0.25037655]
1.8418624;80.13886;-0.22540276;[ 2.655551   82.19679    -0.25032243]
2.1698387;79.95557;-0.23030351;[ 2.653747   81.65469    -0.25033018]
1.8840003;70.33184;-0.24052756;[ 2.6187272  71.06578    -0.25046533]
1.5520742;83.439354;-0.23662464;[ 2.6632547  84.54285    -0.25029042]
1.4942213;83.19942;-0.24625191;[ 2.663523   84.62424    -0.25029138]
1.6350195;79.92234;-0.22550845;[ 2.6553023  82.12901    -0.25032312]
1.6240053;75.83263;-0.23737355;[ 2.6410751  77.83394    -0.25037894]
2.024052;73.81738;-0.22608623;[ 2.6297944  74.41411    -0.25042424]
2.019088;69.53287;-0.239615;[ 2.6154907 70.098885  -0.2504804]
1.8377934;76.67045;-0.23762873;[ 2.6429522  78.39255    -0.25037158]
2.1916828;73.44201;-0.23065518;[ 2.632282  75.16455   -0.2504129]
1.4095116;83.67661;-0.23833555;[ 2.6654513 85.20093   -0.2502841]
2.0278971;70.045746;-0.23854128;[ 2.6167006 70.45807   -0.2504755]
0.42754745;92.60737;-0.22785251;[ 2.6971946  94.78595    -0.25014916]
1.6527668;82.34594;-0.23815058;[ 2.6620855 84.17104   -0.250284 ]
1.554848;85.985725;-0.22668697;[ 2.6738844  87.74332    -0.25024173]
1.5896494;75.62733;-0.23964147;[ 2.6421442  78.13257    -0.25036302]
1.8719034;74.358604;-0.2337924;[ 2.6389089 77.14829   -0.2503678]
3.2569005;76.94878;-0.23734334;[ 2.643802   78.63344    -0.25035393]
4.055983;74.076035;-0.2308303;[ 2.6340568  75.68328    -0.25039157]
3.335758;83.70262;-0.2371848;[ 2.665522   85.20947    -0.25026846]
4.1051016;80.85052;-0.22953139;[ 2.6554594 82.16493   -0.2503076]
1.5477111;84.68101;-0.23271802;[ 2.6713998  86.97858    -0.25025022]
1.5863676;84.46741;-0.23413908;[ 2.6700802 86.58849   -0.2502564]
1.7424508;81.30013;-0.23865588;[ 2.6577826  82.87218    -0.25030488]
1.869295;77.87938;-0.23324771;[ 2.646389  79.431305  -0.2503504]
1.7344563;77.791885;-0.23282622;[ 2.6478019  79.84953    -0.25034449]
1.7083513;74.63668;-0.24054345;[ 2.6375153  76.73689    -0.25038514]
2.5942752;71.078735;-0.24518164;[ 2.6219676  72.04469    -0.25044996]
2.9142992;76.9797;-0.24303539;[ 2.6452038  79.07216    -0.25035927]
4.2311363;68.2282;-0.25540686;[ 2.6119492 69.01743   -0.2504872]
3.4724193;70.0755;-0.26002398;[ 2.6187112  71.05753    -0.25045487]
4.47639;67.90328;-0.2540812;[ 2.6120682  69.049576   -0.25048748]
2.630543;77.53661;-0.24436407;[ 2.6452138  79.0811     -0.25035742]
2.7861362;82.39368;-0.24648622;[ 2.659718   83.474365   -0.25029656]
3.9334118;77.687584;-0.25746763;[ 2.6453958  79.14157    -0.25035527]
3.8762884;80.90165;-0.237965;[ 2.657098   82.67534    -0.25031084]
3.8050618;78.379395;-0.23711643;[ 2.647344   79.72508    -0.25034806]
4.2313967;74.72923;-0.25448865;[ 2.6351795 76.050125  -0.2503951]
4.180695;77.09786;-0.2589582;[ 2.6443663  78.82866    -0.25036117]
4.482112;74.46285;-0.25270492;[ 2.6343596  75.80169    -0.25039944]
4.517544;71.3331;-0.27300417;[ 2.6227226  72.2858     -0.25044402]
2.3395162;75.33029;-0.25121123;[ 2.6379519  76.88753    -0.25038308]
2.93617;71.28726;-0.26323628;[ 2.6238492 72.6213    -0.2504396]
2.866086;75.47995;-0.2504165;[ 2.6368234 76.547134  -0.250388 ]
3.6946263;74.159546;-0.23955464;[ 2.634758   75.91824    -0.25039935]
4.1671505;68.068596;-0.25585654;[ 2.6140032  69.639824   -0.25047925]
3.0327632;75.182755;-0.24911231;[ 2.6381686  76.9501     -0.25038287]
3.1252837;69.746284;-0.2609173;[ 2.6218426 72.006454  -0.2504428]
2.8521943;70.651665;-0.24210064;[ 2.6200612  71.472855   -0.25045845]
3.9332025;64.32607;-0.26002568;[ 2.5969968  64.49889    -0.25054884]
1.8322902;80.36031;-0.2316823;[ 2.6516383  81.00375    -0.25032806]
1.9163789;75.259315;-0.23879115;[ 2.638987   77.17263    -0.25037637]
1.5960128;86.66497;-0.22759864;[ 2.673961   87.76925    -0.25024083]
1.4677691;86.60717;-0.22697434;[ 2.6749647 88.06491   -0.2502366]
2.0422187;73.757576;-0.24000338;[ 2.6294255  74.30127    -0.25042513]
1.5515099;86.65521;-0.2516103;[ 2.6766267  88.585785   -0.25023994]
1.8244325;80.23138;-0.24606963;[ 2.651077   80.86669    -0.25034115]
1.8482605;73.7396;-0.2419349;[ 2.6309164 74.747116  -0.2504172]
1.4927924;86.936516;-0.23899472;[ 2.6747842  88.03294    -0.25024536]
1.7504976;80.36886;-0.23909947;[ 2.6526947 81.3437    -0.2503324]
1.5019273;86.75247;-0.241239;[ 2.677692  88.90913   -0.2502347]
1.583179;80.257034;-0.24086407;[ 2.6540985 81.76836   -0.2503257]
1.2639623;86.51357;-0.24094303;[ 2.6766744  88.60486    -0.25023958]
1.8015339;80.783165;-0.23729742;[ 2.6554067  82.14917    -0.25032026]
1.8533859;80.402;-0.2403131;[ 2.6556613 82.23299   -0.2503209]
1.7391982;81.14501;-0.23965296;[ 2.6540697  81.75628    -0.25032598]
1.7209188;80.92216;-0.2399403;[ 2.6532621 81.51567   -0.2503295]
1.2859833;87.36637;-0.23841709;[ 2.6788788  89.25719    -0.25022912]
1.5986018;80.890114;-0.2401814;[ 2.6547344  81.956024   -0.25032383]
2.0431144;80.76893;-0.22767694;[ 2.6567578  82.56003    -0.25031573]
1.8058412;77.31251;-0.23864707;[ 2.6432478  78.481804   -0.25036964]
1.806649;77.74447;-0.23590845;[ 2.6450825  79.028076   -0.25036016]
2.018436;74.16465;-0.23233852;[ 2.6318984  75.044975   -0.25041452]
0.3704903;91.07375;-0.24339204;[ 2.6893153  92.41288    -0.25018805]
1.4964943;84.25837;-0.23629355;[ 2.6654916  85.213425   -0.25028235]
1.7444613;80.84092;-0.2313573;[ 2.6547046  81.9524     -0.25032434]
1.624884;77.53857;-0.24221797;[ 2.6414132  77.93727    -0.25037718]
1.9324944;80.908035;-0.22870804;[ 2.6547847  81.97848    -0.25032425]
1.7334421;77.78839;-0.2382184;[ 2.6428642  78.37297    -0.25036958]
1.337801;84.57954;-0.23624352;[ 2.66748    85.808105   -0.25027418]
2.2551253;70.27673;-0.23639101;[ 2.6178594  70.78528    -0.25045818]
1.868671;75.782715;-0.24219799;[ 2.6403205 77.58129   -0.2503676]
3.9657602;71.09578;-0.26752785;[ 2.6226654 72.24826   -0.2504416]
4.019679;74.86645;-0.2509765;[ 2.6358247  76.23091    -0.25039077]
3.793882;71.330826;-0.26822272;[ 2.620707  71.663315  -0.2504524]
4.169359;75.005295;-0.25388035;[ 2.634545   75.853676   -0.25039557]
3.8356564;71.108154;-0.27067333;[ 2.6209393  71.740425   -0.25044912]
4.3263917;78.80861;-0.24098955;[ 2.6472745 79.70189   -0.2503458]
1.490117;82.6973;-0.24011733;[ 2.662134   84.1881     -0.25028375]
3.7638435;71.49431;-0.26825258;[ 2.6209054 71.7259    -0.250451 ]
2.0380862;69.52799;-0.24612674;[ 2.6152298  69.99773    -0.25046784]
3.7973757;64.79234;-0.27100167;[ 2.5975492  64.65767    -0.25054196]
2.810794;78.11591;-0.24637492;[ 2.6478682  79.875244   -0.25034735]
2.8530068;71.244576;-0.2473991;[ 2.6241655 72.70181   -0.2504395]
2.6222808;71.73264;-0.24494581;[ 2.622489  72.2018    -0.2504476]
3.7226005;81.99431;-0.23711815;[ 2.6615074  84.0025     -0.25029126]
2.9190993;74.88769;-0.24017501;[ 2.6364744  76.4321     -0.25039238]
2.7667665;71.599144;-0.24480136;[ 2.6226943  72.26533    -0.25044775]
2.6618278;64.87243;-0.25082996;[ 2.598033  64.80564   -0.2505444]
1.8148897;80.417015;-0.22395176;[ 2.6555138  82.18765    -0.25032207]
1.8279883;76.304924;-0.24053083;[ 2.6423843  78.22514    -0.25037342]
0.36078823;90.405716;-0.24898584;[ 2.6878002 91.95993   -0.2501953]
1.5687551;83.44674;-0.23744154;[ 2.6645808 84.94197   -0.250286 ]
1.7468216;76.24585;-0.24123573;[ 2.6401043 77.550514  -0.2503831]
1.7689681;76.8282;-0.23695593;[ 2.6407778  77.7488     -0.25038046]
1.956849;80.28317;-0.22910655;[ 2.6545248  81.89724    -0.25032696]
1.951129;73.51933;-0.23331434;[ 2.6326995 75.29396   -0.2504116]
2.3271053;73.77268;-0.23021656;[ 2.6298542  74.43417    -0.25042462]
1.8332984;80.062485;-0.23082665;[ 2.6524782  81.2558     -0.25032437]
1.5417659;86.913795;-0.22975987;[ 2.6755142  88.23163    -0.25023293]
1.5461601;86.32465;-0.22702284;[ 2.6742926  87.868706   -0.25023985]
1.3043761;86.71997;-0.22730733;[ 2.6756194  88.26204    -0.25023377]
1.7170652;80.43667;-0.23168787;[ 2.654483   81.86561    -0.25031596]
1.5378786;84.76899;-0.23561881;[ 2.6724718  87.3099     -0.25024673]
2.0383675;75.4036;-0.24335565;[ 2.6391888  77.24834    -0.25037816]
1.2571447;84.66827;-0.23091407;[ 2.672394  87.29242   -0.2502467]
2.129877;68.80856;-0.24566439;[ 2.6143794 69.74445   -0.250478 ]
3.5027337;75.1786;-0.23405424;[ 2.6358914 76.25716   -0.2503949]
2.7784894;75.93684;-0.25146666;[ 2.6385815 77.06624   -0.25038  ]
2.4096029;71.15045;-0.24448894;[ 2.6239967  72.65475    -0.25044176]
2.7212858;84.5469;-0.24130271;[ 2.6678233  85.92164    -0.25026962]
3.5418653;81.99232;-0.23393121;[ 2.6575105 82.80223   -0.25031  ]
3.0454955;70.606766;-0.26383618;[ 2.6207283 71.67491   -0.2504523]
3.4050617;75.08383;-0.23588537;[ 2.6337807 75.63169   -0.2504042]
2.6723242;75.81016;-0.25152886;[ 2.6366398 76.49219   -0.2503881]
3.5922954;71.0905;-0.25986153;[ 2.6202285 71.53096   -0.2504566]
2.3148465;71.14713;-0.24722773;[ 2.6215534  71.929306   -0.25045213]
2.7223947;71.39303;-0.24528058;[ 2.6224074 72.17976   -0.2504481]
2.644669;69.284424;-0.2513358;[ 2.6138163  69.5805     -0.25047806]
3.5666866;64.5514;-0.26082912;[ 2.59637    64.30496    -0.25055075]
1.7842469;80.94946;-0.23945947;[ 2.6533396  81.534805   -0.25033036]
1.8071976;80.20835;-0.23881382;[ 2.6561534 82.382675  -0.2503193]
1.9878;73.70541;-0.23957075;[ 2.6298294  74.42845    -0.25042424]
0.3702023;94.19216;-0.2525849;[ 2.70034   95.75926   -0.2501456]
1.5586061;86.98276;-0.24702546;[ 2.677494   88.85153    -0.25023577]
1.7837516;80.255684;-0.24106272;[ 2.656132   82.380585   -0.25031728]
1.5327294;87.43069;-0.24470791;[ 2.6767366  88.63043    -0.25023952]
1.7269251;80.65032;-0.23992284;[ 2.6543243  81.841225   -0.25032634]
1.9844029;73.73087;-0.24265164;[ 2.63081    74.73169    -0.25041866]
1.5893953;80.19589;-0.23865725;[ 2.6555517 82.20591   -0.2503219]
1.6033329;80.67336;-0.23926412;[ 2.6556468  82.23494    -0.25032094]
2.0265014;75.22686;-0.24060713;[ 2.6405275  77.648254   -0.25037298]
1.7919556;82.04368;-0.23927459;[ 2.6618123  84.09294    -0.25028917]
1.7812297;79.0028;-0.23567387;[ 2.64866    80.120865   -0.25034034]
1.4096906;85.536446;-0.23299904;[ 2.6719925  87.17285    -0.25024846]
1.8485897;79.04518;-0.23445804;[ 2.647589  79.790306  -0.2503452]
1.7613137;80.66102;-0.24029578;[ 2.653048   81.45932    -0.25033227]
1.859566;73.06237;-0.24017766;[ 2.6320305  75.08993    -0.25041282]
1.8838102;73.47313;-0.24102072;[ 2.634906   75.96005    -0.25040075]
1.8390949;73.86886;-0.2399842;[ 2.6322412  75.15291    -0.25041276]
1.6233444;80.33621;-0.24207656;[ 2.6553674  82.15633    -0.25031957]
1.8065848;73.47793;-0.24402761;[ 2.6331286  75.43704    -0.25040868]
1.6713994;73.13579;-0.24365579;[ 2.6344404  75.82581    -0.25040314]
1.9917805;74.02957;-0.23942012;[ 2.6302993  74.569786   -0.25042182]
2.8445482;78.91763;-0.24332827;[ 2.6496449  80.400375   -0.25033844]
2.9126396;86.04097;-0.2432639;[ 2.6714704  87.00795    -0.25025228]
2.7765737;78.669266;-0.24445942;[ 2.6472106  79.66865    -0.25034687]
2.7823699;71.75822;-0.24630007;[ 2.6240656  72.67166    -0.25044003]
2.801699;64.969696;-0.24935573;[ 2.6012993  65.78596    -0.25053033]
2.930566;82.30337;-0.24338661;[ 2.6602335 83.61486   -0.2502957]
2.8416243;74.90116;-0.24460976;[ 2.63578   76.21769   -0.2503918]
2.8927836;75.1724;-0.24349111;[ 2.638435   77.01416    -0.25038216]
2.9400444;82.52846;-0.24172123;[ 2.6601043  83.57837    -0.25029615]
2.786408;75.3286;-0.24184804;[ 2.6365438  76.455696   -0.25038955]
2.8516116;75.01652;-0.24323714;[ 2.6358755  76.2499     -0.25039193]
2.8009999;67.960915;-0.24701084;[ 2.6116054 68.91098   -0.2504882]
2.6384983;71.51021;-0.23431654;[ 2.6251466  73.00115    -0.25043455]
2.0264084;79.54118;-0.23150761;[ 2.6519275  81.09327    -0.25032556]
1.8188488;76.3876;-0.24400063;[ 2.6384811  77.02926    -0.25037882]
4.0528994;81.86219;-0.2442991;[ 2.6593325  83.33885    -0.25029874]
4.2621517;81.24836;-0.25220698;[ 2.6572437  82.71121    -0.25030732]
4.0361414;74.979225;-0.24514438;[ 2.637833  76.832504  -0.2503846]
4.0948315;78.04784;-0.26501834;[ 2.6471968  79.6676     -0.25034538]
0.60132194;89.85221;-0.24950798;[ 2.684483  90.953     -0.2501983]
1.5644791;82.81028;-0.24170272;[ 2.6618402 84.10379   -0.2502878]
4.0852456;78.13852;-0.26539657;[ 2.645221  79.079544  -0.2503547]
0.51871395;93.01226;-0.2465107;[ 2.6940067  93.82382    -0.25015798]
1.5037379;86.52357;-0.23973759;[ 2.6721387  87.20744    -0.25024328]
3.2051697;73.69297;-0.27763522;[ 2.627865   73.83811    -0.25041148]
2.8259048;79.831245;-0.24289392;[ 2.6523454  81.23341    -0.25031704]
3.48491;77.04079;-0.24528076;[ 2.6413677  77.913376   -0.25035867]
3.7278633;73.52434;-0.2637758;[ 2.6292114  74.23958    -0.25040582]
4.16986;68.78852;-0.28615484;[ 2.6123514  69.14498    -0.25047615]
2.6092048;71.55895;-0.25394404;[ 2.6209254  71.72824    -0.25043765]
2.7659307;72.81066;-0.2431546;[ 2.6293514  74.27141    -0.25040796]
3.5588298;70.07669;-0.24700303;[ 2.6186895  71.047714   -0.25044888]
2.851996;74.96815;-0.24463165;[ 2.6374385 76.72398   -0.2503837]
3.1573396;65.36208;-0.24999341;[ 2.6045904  66.78519    -0.25051263]
2.7091544;74.640656;-0.23538226;[ 2.637201   76.654854   -0.25038922]
3.2698474;75.03278;-0.23685552;[ 2.6371403  76.638855   -0.25038937]
2.67971;84.82632;-0.24460515;[ 2.6690516 86.29242   -0.2502639]
3.0427713;81.979996;-0.23780555;[ 2.6588395  83.20738    -0.25030467]
3.1703186;78.64205;-0.22847985;[ 2.648355   80.03668    -0.25034514]
2.947947;75.18539;-0.23667265;[ 2.6349285  75.98127    -0.25039834]
2.5230918;75.71458;-0.24723576;[ 2.636554  76.47203   -0.2503899]
5.898519;75.36054;-0.2251885;[ 2.6358733  76.25966    -0.25039667]
2.9910746;75.40493;-0.23418705;[ 2.6364307  76.4289     -0.25039187]
3.0409894;72.26952;-0.23125972;[ 2.627158   73.62168    -0.25042942]
1.9315541;83.9743;-0.23218653;[ 2.6668992  85.63654    -0.25027627]
1.7509439;80.77449;-0.2450197;[ 2.6522512 81.21071   -0.2503348]
1.8823876;80.45484;-0.24746192;[ 2.6551547  82.07391    -0.25032488]
2.1926644;77.31459;-0.23104458;[ 2.644761   78.92909    -0.25036505]
0.37712622;94.28898;-0.25246105;[ 2.6986766 95.25148   -0.2501513]
1.5014611;87.40619;-0.24362147;[ 2.674975  88.08907   -0.2502442]
1.5126868;87.66213;-0.24972916;[ 2.6765516  88.54958    -0.25024012]
1.3471972;87.79609;-0.23739402;[ 2.6767042  88.60405    -0.25023636]
3.7781277;71.81222;-0.26495022;[ 2.6209736  71.74528    -0.25045052]
1.5719779;83.67477;-0.23984565;[ 2.6606765 83.752686  -0.2502876]
3.8175683;78.600395;-0.2674968;[ 2.6440098  78.712036   -0.25035834]
3.5374722;82.70392;-0.24308804;[ 2.6619022  84.11958    -0.25028682]
3.5922415;76.209496;-0.24379031;[ 2.6396031 77.37312   -0.2503745]
1.9809039;76.298164;-0.24143608;[ 2.6381967  76.94197    -0.25037766]
2.5022497;75.884026;-0.23115419;[ 2.6398523 77.44479   -0.2503777]
2.724849;71.42956;-0.24512775;[ 2.624195   72.71441    -0.25044087]
2.1720388;74.05212;-0.2374665;[ 2.6366754 76.47168   -0.2503945]
1.999468;78.0888;-0.22246018;[ 2.6485498  80.06023    -0.25034636]
0.3803898;95.24445;-0.24406268;[ 2.701215   96.00717    -0.25014162]
1.5831404;88.141975;-0.24229984;[ 2.6798     89.52406    -0.25022587]
1.9052566;80.90464;-0.23852745;[ 2.6575804  82.80592    -0.25031397]
1.7444272;84.78422;-0.2214545;[ 2.6689491  86.2415     -0.25026762]
2.1645489;73.64692;-0.23815095;[ 2.635147   76.01995    -0.25040218]
1.3072562;88.05471;-0.23658517;[ 2.6776896 88.8897    -0.2502325]
2.3010962;66.83822;-0.23788552;[ 2.6144643  69.75457    -0.25048205]
0.36227942;91.48443;-0.24400872;[ 2.6898348  92.568596   -0.25018603]
1.7050868;77.28765;-0.23798251;[ 2.6433644  78.50923    -0.25037044]
2.0663214;73.951324;-0.22398472;[ 2.6357808  76.20517    -0.25039786]
1.5419984;84.605965;-0.23900959;[ 2.6682556 86.0385    -0.2502713]
1.245969;84.400276;-0.23522922;[ 2.6658998  85.33036    -0.25027984]
1.6316319;77.34599;-0.23839812;[ 2.6423542 78.211914  -0.2503727]
2.9315908;77.474464;-0.24250768;[ 2.6447904  78.94721    -0.25035882]
2.6235247;82.742836;-0.24791446;[ 2.6608596  83.81491    -0.25029004]
3.6587152;81.36093;-0.23994249;[ 2.6567988 82.582184  -0.2503115]
2.6103334;75.91392;-0.24933712;[ 2.6381063  76.9277     -0.25038126]
3.0193167;77.164665;-0.24206299;[ 2.6463733 79.422386  -0.2503544]
3.6483865;74.4341;-0.24103844;[ 2.63535   76.08975   -0.2503965]
3.5979207;67.84065;-0.24226494;[ 2.6141877  69.68178    -0.25047937]
3.7588496;64.554855;-0.26264206;[ 2.6001384  65.43475    -0.25053468]
2.0226457;74.43293;-0.23964572;[ 2.630969  74.76179   -0.2504194]
1.7657712;81.0032;-0.23864758;[ 2.6536264 81.62276   -0.2503299]
2.184958;73.51723;-0.24393666;[ 2.6338341  75.628365   -0.25040716]
2.1986434;77.41671;-0.22890235;[ 2.6493251 80.29419   -0.2503427]
2.0148785;74.715324;-0.24120031;[ 2.6337762  75.5974     -0.25040412]
2.1471448;74.088875;-0.2370535;[ 2.6354873  76.11495    -0.25039923]
0.36394358;94.50542;-0.24524748;[ 2.701393   96.06094    -0.25014043]
1.8617558;80.96115;-0.23812051;[ 2.6563601  82.43802    -0.25031853]
2.0272665;84.11309;-0.22766879;[ 2.669902   86.528656   -0.25026315]
1.7701494;81.277504;-0.23974052;[ 2.655552   82.192894   -0.25031847]
1.7372482;80.833046;-0.23816432;[ 2.6559832 82.321785  -0.2503199]
1.9577478;74.335594;-0.23867597;[ 2.6323106  75.16466    -0.25041392]
0.5946553;90.02384;-0.24320076;[ 2.6854162  91.228516   -0.25019035]
4.07904;78.09249;-0.268064;[ 2.6438699  78.673035   -0.25035647]
1.5187382;83.17216;-0.23971826;[ 2.6628833  84.409134   -0.25027797]
4.0424957;78.455605;-0.26481926;[ 2.6454432 79.13978   -0.2503509]
1.6653373;82.92141;-0.24162725;[ 2.6641545 84.7917    -0.2502742]
4.131375;74.849;-0.25715005;[ 2.6352446  76.053925   -0.25039166]
1.9672378;76.12664;-0.2401841;[ 2.6430078  78.38809    -0.25035635]
2.0670907;69.51715;-0.24706143;[ 2.617215  70.588     -0.2504583]
4.072195;64.78234;-0.27161235;[ 2.5995524  65.252884   -0.25053224]
2.860291;85.61066;-0.24624741;[ 2.6705978  86.74809    -0.25025687]
3.737514;82.037186;-0.24222511;[ 2.6618602  84.10669    -0.25028864]
2.9500082;81.726166;-0.23943372;[ 2.658232   83.00972    -0.25030515]
2.7009628;78.67928;-0.2426127;[ 2.647317   79.70403    -0.25034726]
2.8615336;78.51627;-0.24497774;[ 2.649305   80.302216   -0.25034085]
2.9217257;74.882835;-0.24049091;[ 2.6372285 76.65144   -0.250388 ]
2.8476846;71.7219;-0.24376231;[ 2.6281447 73.893936  -0.2504229]
2.6448305;65.059746;-0.25183737;[ 2.6008332 65.638145  -0.2505312]
1.5273664;83.691986;-0.24044901;[ 2.664987  85.06076   -0.2502842]
1.5401199;87.70554;-0.226604;[ 2.678959   89.280334   -0.25022897]
1.5339804;84.07685;-0.23560879;[ 2.6640527  84.77826    -0.25028622]
1.5382609;84.00098;-0.24398705;[ 2.667415  85.780716  -0.2502749]
1.804905;80.4128;-0.22494708;[ 2.6559343  82.3123     -0.25031933]
2.1620789;80.6056;-0.2284153;[ 2.6561854  82.38704    -0.25031945]
1.8187594;77.23283;-0.23652048;[ 2.6416519  77.99802    -0.25037625]
1.7059152;77.12051;-0.23826604;[ 2.6427085 78.309265  -0.2503732]
2.1521077;73.747795;-0.23082396;[ 2.631617   74.957695   -0.25041723]
1.8674098;69.88028;-0.24184363;[ 2.6190958  71.176575   -0.25046572]
1.8676339;73.91619;-0.22977278;[ 2.6332352  75.44484    -0.25041035]
1.8555248;77.194626;-0.24227178;[ 2.6462326 79.36616   -0.250357 ]
0.40042973;91.92599;-0.23566979;[ 2.694718  94.04045   -0.2501588]
1.3200026;85.22514;-0.2312866;[ 2.6719592 87.15535   -0.2502466]
1.690262;78.139824;-0.2321427;[ 2.6491258 80.24533   -0.250339 ]
1.8665798;78.21191;-0.23336856;[ 2.652507   81.261      -0.25032422]
2.317528;68.6327;-0.24128567;[ 2.6139176  69.589836   -0.25047907]
2.6042995;81.545494;-0.23455128;[ 2.6582546 83.021545  -0.2503062]
3.472446;75.423584;-0.24334918;[ 2.635411   76.10951    -0.25039548]
2.7682714;78.15537;-0.24052934;[ 2.647389  79.73135   -0.2503498]
2.5965989;71.21802;-0.24328141;[ 2.623076   72.37526    -0.25044674]
3.454007;68.65753;-0.24131653;[ 2.6160793  70.25113    -0.25047073]
3.393855;64.81521;-0.2606743;[ 2.6033635  66.40789    -0.25052005]
2.4762154;67.89762;-0.23765239;[ 2.6164668 70.36597   -0.2504692]
1.8820155;80.909546;-0.24555504;[ 2.6589713  83.224945   -0.25030744]
2.0258796;74.649055;-0.23999196;[ 2.632482   75.2148     -0.25041246]
1.569241;87.80106;-0.2478391;[ 2.6799603  89.58215    -0.25022638]
1.8863937;80.5897;-0.24279517;[ 2.6572309 82.70936   -0.2503157]
1.9829384;73.98163;-0.24051955;[ 2.6331096  75.41486    -0.25041124]
1.8275639;74.0272;-0.24329667;[ 2.633373   75.49182    -0.25040928]
2.2186024;67.87887;-0.24366418;[ 2.610556   68.58154    -0.25049737]
1.8256392;79.34862;-0.2350885;[ 2.6501215  80.54858    -0.25033352]
1.9800199;72.66031;-0.23722917;[ 2.6284726  73.99803    -0.25041884]
0.3523947;94.75944;-0.25253457;[ 2.700609   95.84506    -0.25014573]
1.4875216;87.5624;-0.24248238;[ 2.6785707  89.17052    -0.25023174]
1.7675189;81.03362;-0.23952216;[ 2.6539545 81.72717   -0.2503282]
1.7849565;80.653145;-0.24087779;[ 2.657559   82.80943    -0.25031373]
1.8191528;73.766716;-0.24031742;[ 2.6339126  75.6593     -0.25040737]
1.8840442;80.738396;-0.24800007;[ 2.6585314 83.10626   -0.2503098]
2.0581794;74.0672;-0.23992689;[ 2.6369047 76.55402   -0.2503932]
2.1053271;67.29624;-0.24523745;[ 2.6118286  68.96503    -0.25049108]
1.6755117;83.07946;-0.24079685;[ 2.6628087  84.3806     -0.25027904]
3.8121033;79.19263;-0.24301882;[ 2.6483438  80.01601    -0.25033882]
3.6115608;74.7197;-0.2548878;[ 2.6364055  76.40019    -0.25038594]
3.8582578;76.38985;-0.24867077;[ 2.6350832  76.01094    -0.25038987]
3.620026;71.97831;-0.2661328;[ 2.6224313 72.179794  -0.2504411]
0.61770475;90.26392;-0.24039839;[ 2.6859548 91.38905   -0.2501875]
1.7965502;86.77358;-0.23286343;[ 2.6749723  88.0656     -0.25022963]
3.8004036;82.40735;-0.2457019;[ 2.65925    83.317154   -0.25029638]
1.5470994;83.59193;-0.23903896;[ 2.6668987 85.62488   -0.2502605]
1.7705991;77.26244;-0.2406549;[ 2.643474  78.54256   -0.2503535]
3.5191514;72.53515;-0.2638494;[ 2.6256115  73.14395    -0.25042808]
2.6136048;71.96519;-0.2482732;[ 2.6242316 72.72092   -0.2504379]
2.9078145;85.290695;-0.24372943;[ 2.6711538  86.91267    -0.25025347]
2.7963338;78.86257;-0.24199626;[ 2.6476436  79.80562    -0.25034693]
2.7987022;81.722946;-0.23726623;[ 2.6603873  83.65463    -0.25029504]
5.00546;88.46048;-0.27136067;[ 2.6784713  89.175476   -0.25019625]
4.808786;85.1168;-0.26064423;[ 2.667518  85.862335  -0.2502385]
1.6326615;89.96455;-0.24748252;[ 2.677257   88.81038    -0.25019366]
3.7139623;79.92718;-0.2567721;[ 2.646817   79.575966   -0.25032896]
3.7543976;80.11274;-0.2511242;[ 2.6521862  81.19778    -0.25030655]
4.211165;76.75657;-0.27323645;[ 2.6388314  77.158676   -0.25037345]
4.420577;73.27094;-0.26602572;[ 2.6287863 74.11901   -0.2504123]
4.1692667;69.80628;-0.28122985;[ 2.6145935 69.83147   -0.2504686]
3.348683;76.2559;-0.25240543;[ 2.6371522  76.64192    -0.25037375]
3.2288737;75.717964;-0.250248;[ 2.6363242  76.39099    -0.25037864]
3.1467962;69.2176;-0.2593031;[ 2.6118853  68.99896    -0.25047484]
1.8576144;80.739265;-0.23965377;[ 2.6560974  82.35926    -0.25031886]
1.7066061;81.47143;-0.23747875;[ 2.6552527  82.10535    -0.25032076]
3.6917057;82.63349;-0.2555832;[ 2.6569774  82.63498    -0.25030884]
1.6489402;83.06446;-0.24510013;[ 2.6611185  83.8832     -0.25029126]
3.8995264;74.48637;-0.25477016;[ 2.6344447  75.82053    -0.25039804]
1.5654247;83.23406;-0.24313387;[ 2.6607585 83.77437   -0.2502895]
3.7185905;71.145706;-0.27068904;[ 2.621048  71.77234   -0.2504512]
3.9874518;79.54903;-0.23642687;[ 2.6461194  79.35266    -0.25035167]
1.7897598;76.59232;-0.24186067;[ 2.638562   77.05957    -0.25037965]
3.7463787;71.30714;-0.26584247;[ 2.6223671 72.1665    -0.2504459]
3.7450767;72.27039;-0.24767452;[ 2.6249847  72.95384    -0.25043464]
3.68154;71.03288;-0.26898655;[ 2.623715  72.56907   -0.2504414]
2.6881375;75.00295;-0.23712486;[ 2.6376388 76.77873   -0.2503873]
2.642066;75.01921;-0.23914294;[ 2.6357725  76.22173    -0.25039575]
2.597964;78.45447;-0.2459641;[ 2.645486   79.16197    -0.25035602]
2.4252586;71.70457;-0.24969083;[ 2.6223657  72.171196   -0.25044864]
2.6686144;78.68183;-0.24304254;[ 2.6471238  79.65127    -0.25034907]
2.5254748;68.22372;-0.24023283;[ 2.6145532 69.79859   -0.2504795]
1.540908;83.86954;-0.2418156;[ 2.6674185  85.78934    -0.25027552]
2.2577794;77.43689;-0.22418514;[ 2.6469507 79.59814   -0.2503551]
2.0298645;74.1668;-0.23220411;[ 2.6335735 75.5564    -0.250408 ]
0.36552835;91.034676;-0.24339204;[ 2.6889598  92.30896    -0.25019002]
1.9650902;80.93401;-0.22870195;[ 2.6544056 81.868256  -0.2503271]
1.4728955;84.086494;-0.23976931;[ 2.664747   84.99214    -0.25028527]
1.8934993;80.87882;-0.23072243;[ 2.6549869  82.03779    -0.25032303]
1.731844;77.479515;-0.23973021;[ 2.6410892 77.84555   -0.2503798]
1.3234711;84.41273;-0.23640743;[ 2.6674771 85.808426  -0.2502738]
1.8760649;81.14237;-0.22785117;[ 2.6576486  82.83377    -0.25031185]
1.6165147;77.83697;-0.23846197;[ 2.6438136 78.65469   -0.2503667]
1.5454835;83.92648;-0.24448621;[ 2.666569   85.53146    -0.25027886]
2.2701175;77.33912;-0.22447067;[ 2.6449366 78.99127   -0.2503636]
1.8031164;76.87452;-0.23991254;[ 2.6434653 78.548706  -0.2503697]
1.8867736;70.48816;-0.24442011;[ 2.6180377  70.86212    -0.25047007]
1.4585252;88.415955;-0.22182208;[ 2.6804056  89.71735    -0.25022328]
1.5088044;87.53887;-0.22285923;[ 2.676303   88.482895   -0.25023913]
1.8549727;80.41025;-0.23144224;[ 2.6537747  81.673546   -0.25032836]
1.6469483;77.02846;-0.24326374;[ 2.6402028  77.57378    -0.25038216]
1.8760588;74.843605;-0.22404487;[ 2.633491   75.526505   -0.25040862]
1.6041582;81.61277;-0.22086959;[ 2.6573863  82.755066   -0.25031334]
2.2522528;73.85932;-0.22877194;[ 2.632305   75.170784   -0.25041437]
0.3739184;91.3805;-0.24908191;[ 2.6889067  92.303604   -0.25019228]
1.8588932;80.54121;-0.22954221;[ 2.6543064  81.837585   -0.25032657]
1.676418;77.54868;-0.23918091;[ 2.6414866  77.964455   -0.25037774]
1.6238189;77.33572;-0.2373963;[ 2.6420043  78.116615   -0.25037518]
1.6226349;77.783775;-0.23615895;[ 2.6434565  78.55299    -0.25036925]
1.5408833;84.244774;-0.24679786;[ 2.6674423  85.80689    -0.25027725]
1.8069346;77.0868;-0.23796016;[ 2.6440158  78.71822    -0.25036785]
2.0320907;73.69806;-0.23074421;[ 2.633089  75.41496   -0.2504103]
2.108448;74.05428;-0.22931485;[ 2.6335588  75.55742    -0.25040922]
1.721606;77.608536;-0.24349922;[ 2.6418998 78.08662   -0.250378 ]
3.5970771;73.72395;-0.27122754;[ 2.6279998  73.86918    -0.25040627]
4.3221264;68.987335;-0.2963688;[ 2.610361  68.5408    -0.2504801]
3.720053;74.68549;-0.24877639;[ 2.6306605  74.67193    -0.25039616]
3.642509;73.56339;-0.26731777;[ 2.630436   74.59935    -0.25039667]
4.3610387;68.85777;-0.292365;[ 2.6127915  69.26759    -0.25047025]
2.0807369;75.25381;-0.24210648;[ 2.6348133  75.91684    -0.25037634]
4.097065;70.42076;-0.2665842;[ 2.6172948  70.62388    -0.25044954]
4.2109203;61.863274;-0.298122;[ 2.588145  61.81678   -0.2505697]
3.8945677;72.49262;-0.26650387;[ 2.6255074  73.11411    -0.25042418]
4.0198402;72.90678;-0.25035596;[ 2.6263976  73.38237    -0.25042087]
2.6244082;73.81762;-0.24790204;[ 2.632307  75.160706  -0.2503926]
2.5384884;70.455376;-0.24563158;[ 2.6217892  71.9782     -0.25043505]
1.9612586;80.16228;-0.24065581;[ 2.6509612  80.80059    -0.25032556]
1.7846664;80.44345;-0.24465953;[ 2.6479402 79.88977   -0.2503368]
1.5332954;87.35714;-0.24277456;[ 2.6710205 86.87648   -0.2502435]
2.5892284;71.70054;-0.23984712;[ 2.6261396  73.30091    -0.25043297]
5.8277764;76.38062;-0.23026413;[ 2.6373985  76.71115    -0.25038934]
3.0650086;75.848366;-0.23450363;[ 2.6383224 76.988205  -0.2503848]
2.9255748;68.7853;-0.24011986;[ 2.613236   69.404816   -0.25048345]
3.091457;83.03471;-0.23405765;[ 2.6600432  83.563324   -0.25029874]
2.4465265;78.45394;-0.24399371;[ 2.6455472  79.17849    -0.25035453]
3.021407;68.973755;-0.2378746;[ 2.613852   69.59111    -0.25048137]
2.165491;73.661934;-0.23793074;[ 2.6354673  76.11123    -0.25039935]
1.990881;74.23832;-0.24257828;[ 2.6331801 75.42233   -0.2504076]
1.5147133;87.8761;-0.23991886;[ 2.6758919 88.35407   -0.2502391]
1.3320429;87.97574;-0.2374168;[ 2.6768744  88.64398    -0.25023547]
1.9632592;74.315895;-0.23976974;[ 2.632763   75.30372    -0.25041157]
2.0589046;81.24976;-0.22863169;[ 2.65735    82.742035   -0.25031522]
1.9297947;80.6401;-0.22926097;[ 2.6555533  82.20419    -0.25032276]
2.259803;77.52106;-0.22400029;[ 2.6452727  79.093666   -0.25036266]
0.38506913;91.5135;-0.24532689;[ 2.6892822  92.405945   -0.25018942]
1.5139468;87.94751;-0.22081497;[ 2.676692  88.60064   -0.2502377]
1.7902353;81.07608;-0.22180736;[ 2.6541376  81.78247    -0.25032777]
1.8830168;74.07551;-0.22451726;[ 2.6340303 75.69185   -0.2504071]
1.3325502;84.34033;-0.23713513;[ 2.6665459  85.52899    -0.25027734]
1.6885862;77.58642;-0.23849991;[ 2.6429477 78.39479   -0.2503725]
2.0782464;74.39594;-0.23009565;[ 2.6323876 75.20074   -0.2504139]
1.8570838;70.49049;-0.24140158;[ 2.6190064  71.15655    -0.25046653]
2.0484807;74.06768;-0.22280936;[ 2.632775   75.31613    -0.25041237]
2.7126715;81.20186;-0.24395438;[ 2.655294   82.1189     -0.25030273]
2.7003906;77.46779;-0.24480678;[ 2.641949   78.083725   -0.25035587]
3.4117782;73.29688;-0.2493928;[ 2.6275928  73.74605    -0.25041616]
2.5550818;74.44773;-0.24497621;[ 2.635058   75.998566   -0.25038144]
4.843746;70.17842;-0.25650877;[ 2.6194735  71.29103    -0.25044635]
2.585607;67.14791;-0.25490552;[ 2.6056123 67.09165   -0.2505011]
2.4739637;62.263935;-0.2588178;[ 2.591314   62.769608   -0.25056478]
0.619105;86.71313;-0.24066661;[ 2.6735363 87.63663   -0.2502362]
1.6130234;83.04308;-0.2283105;[ 2.661663   84.048775   -0.25028288]
3.8137345;78.21144;-0.24968684;[ 2.644644  78.90615   -0.2503538]
4.039281;78.61111;-0.2522841;[ 2.6451886  79.06944    -0.25035256]
3.778543;74.62515;-0.26682127;[ 2.6326694  75.288124   -0.25040153]
3.511381;78.63393;-0.2507405;[ 2.6464052  79.43794    -0.25034684]
3.9966197;78.266464;-0.24984074;[ 2.6437864 78.6467    -0.2503579]
4.0696945;75.334854;-0.24066496;[ 2.6342626 75.766136  -0.2503959]
3.8200526;71.40952;-0.24823783;[ 2.6214976  71.909775   -0.25044572]
1.4982153;79.89736;-0.23916987;[ 2.6531672  81.4771     -0.25031546]
1.6815652;72.608536;-0.2441232;[ 2.6280687  73.89169    -0.25041506]
1.6237466;79.61535;-0.2409776;[ 2.6505306 80.671036  -0.2503271]
1.8698084;76.05718;-0.22958376;[ 2.6385384  77.04753    -0.25037506]
2.1991384;76.25144;-0.23061031;[ 2.6393728 77.2982    -0.2503718]
3.449129;71.341415;-0.25074515;[ 2.6248443  72.91046    -0.25043166]
2.6634345;74.497246;-0.24401258;[ 2.6351466 76.03323   -0.2503958]
2.7912903;74.7343;-0.24361423;[ 2.6324286 75.212296  -0.2504061]
3.00251;71.384254;-0.23936588;[ 2.6235397  72.51543    -0.25044122]
2.5878515;71.476;-0.23889376;[ 2.6243963 72.774124  -0.2504384]
2.5803277;71.229706;-0.23505968;[ 2.6252763  73.039185   -0.25043476]
2.9404914;71.45379;-0.23508349;[ 2.626117   73.29076    -0.25043213]
2.5180273;71.61291;-0.23446669;[ 2.627559   73.72632    -0.25042525]
1.5218568;84.13754;-0.23659702;[ 2.6632903  84.56629    -0.25029135]
1.6171434;77.22181;-0.23754388;[ 2.6423547 78.223114  -0.250374 ]
1.7809753;76.67663;-0.24375339;[ 2.6431577  78.46321    -0.25037223]
3.1273685;76.42205;-0.24709073;[ 2.64086    77.76283    -0.25036958]
2.8675954;74.992615;-0.23643458;[ 2.637715  76.80153   -0.2503868]
3.8565412;78.829796;-0.25907126;[ 2.6477306 79.83904   -0.250345 ]
3.2135923;76.514626;-0.24700165;[ 2.6409621  77.79958    -0.25036803]
2.7779245;85.53355;-0.25010192;[ 2.6703281  86.66724    -0.25025862]
2.791402;78.44233;-0.24606599;[ 2.6477492  79.84187    -0.25034836]
3.251439;68.24177;-0.24166217;[ 2.615292   70.02157    -0.25047567]
2.796681;71.361626;-0.24480249;[ 2.6263485 73.36357   -0.2504328]
2.7182546;78.79174;-0.24426451;[ 2.6465101 79.47258   -0.2503514]
3.3547869;82.24877;-0.23986116;[ 2.6595156  83.41129    -0.25030142]
3.7438076;72.00736;-0.2658001;[ 2.6259413  73.25864    -0.25043216]
2.6875353;71.527306;-0.24476771;[ 2.6267428 73.48813   -0.2504305]
3.0766444;76.60026;-0.24851438;[ 2.6413581  77.9243     -0.25036865]
0.66462755;87.56242;-0.23301886;[ 2.67946    89.42474    -0.25020534]
3.4346268;75.72237;-0.2508128;[ 2.6366026 76.46969   -0.2503819]
1.4648439;80.98643;-0.23346524;[ 2.6601372  83.58084    -0.25027916]
3.8113544;76.281364;-0.2540613;[ 2.6423047  78.19037    -0.25035366]
3.7418275;66.198845;-0.26789737;[ 2.6058521  67.16724    -0.25050122]
3.8511777;69.92249;-0.2498442;[ 2.61557    70.10792    -0.25046438]
3.7766395;75.57437;-0.2549358;[ 2.640589  77.666916  -0.2503624]
2.38778;73.65754;-0.2309289;[ 2.63118    74.817924   -0.25040013]
3.4440384;65.51805;-0.26698798;[ 2.6032996  66.39199    -0.25051427]
2.6920018;82.712326;-0.23768759;[ 2.6645074  84.9014     -0.25027213]
2.5730658;72.41442;-0.24714148;[ 2.627099  73.59389   -0.2504221]
2.572214;75.96923;-0.2399642;[ 2.6419444  78.0757     -0.25035858]
3.9525223;78.46482;-0.26562247;[ 2.6471841  79.67944    -0.25034636]
0.5774622;90.161644;-0.25052553;[ 2.685626   91.295006   -0.25019458]
4.1154785;74.466805;-0.2521469;[ 2.6368756  76.55407    -0.25038934]
1.8154049;76.92126;-0.24157745;[ 2.6404376  77.62835    -0.25037175]
1.8124349;76.88664;-0.24369466;[ 2.6391587  77.239716   -0.25037763]
4.0382195;77.74662;-0.2711049;[ 2.6477392 79.838715  -0.2503472]
4.110798;74.615845;-0.25154254;[ 2.6373143 76.685356  -0.2503875]
1.5317357;87.65294;-0.24021952;[ 2.6720068  87.17391    -0.25024042]
2.381947;71.76797;-0.2425975;[ 2.6262455  73.33535    -0.25043175]
3.0412023;82.90969;-0.23556162;[ 2.6596217 83.44542   -0.2503016]
5.4687862;75.58311;-0.23255469;[ 2.6372     76.6605     -0.25039077]
5.2477775;75.78138;-0.22902158;[ 2.636703 76.5122   -0.250393]
2.9488573;75.97047;-0.23708144;[ 2.6372962 76.69058   -0.2503889]
5.2730727;68.8029;-0.23897716;[ 2.613541   69.50731    -0.25048384]
2.9570613;69.02081;-0.23822795;[ 2.6124845  69.18052    -0.25048855]
2.822462;68.936615;-0.23736803;[ 2.6159363  70.22171    -0.25047284]
5.8043013;76.1889;-0.23101482;[ 2.6369066  76.57274    -0.25039265]
1.7662146;81.15459;-0.23939286;[ 2.6533387  81.530975   -0.25033078]
1.7892634;80.66161;-0.24093011;[ 2.656629  82.52431   -0.2503167]
1.8857646;80.53005;-0.24353024;[ 2.6575816 82.81175   -0.2503129]
2.0068624;74.25512;-0.24010761;[ 2.6320088 75.07427   -0.2504146]
0.37975347;94.90601;-0.25026855;[ 2.700153   95.69884    -0.25014672]
1.7525039;81.27003;-0.23892629;[ 2.6541483 81.77674   -0.2503269]
1.5120423;87.51108;-0.24129638;[ 2.677455   88.832146   -0.25023603]
1.7647868;80.49551;-0.23996595;[ 2.6565611 82.50571   -0.2503168]
1.2568619;88.181404;-0.23885126;[ 2.6772652  88.775055   -0.25023553]
0.37478423;91.39541;-0.24909629;[ 2.6888437 92.28407   -0.2501924]
1.6550329;77.41921;-0.24044064;[ 2.6409144  77.78865    -0.25037947]
1.6819057;76.92593;-0.24041718;[ 2.6427207 78.33441   -0.250374 ]
1.2842741;84.51666;-0.23852207;[ 2.6663983  85.49678    -0.25028002]
1.6045556;77.43286;-0.24109918;[ 2.642309   78.21344    -0.25037497]
2.1316035;74.4439;-0.23026821;[ 2.6314583  74.922516   -0.25041905]
1.90396;70.46548;-0.24174358;[ 2.6183527  70.96068    -0.25047037]
2.3492064;78.80258;-0.25550693;[ 2.6436605 78.61131   -0.2503481]
3.9145527;73.11523;-0.2490799;[ 2.6288075  74.118385   -0.25041234]
3.5183537;70.83332;-0.24767601;[ 2.6202102  71.51416    -0.25044346]
2.5681946;74.024414;-0.24494576;[ 2.633471  75.5233    -0.2503898]
4.178833;70.68449;-0.25901902;[ 2.617559   70.71923    -0.25045317]
2.2744038;71.82437;-0.25761577;[ 2.6212435  71.82797    -0.25043586]
3.4690714;67.00793;-0.26733792;[ 2.6061087 67.248634  -0.2504992]
5.8090515;75.483086;-0.24755938;[ 2.6374075 76.701904  -0.2503652]
4.8522987;66.53908;-0.26577485;[ 2.6048388  66.87004    -0.25050825]
3.7602186;69.09323;-0.2667624;[ 2.616713   70.45414    -0.25046012]
2.349324;71.73191;-0.255551;[ 2.622057   72.071205   -0.25043327]
3.241346;66.79973;-0.2789394;[ 2.6064413 67.35275   -0.250498 ]
3.893536;65.42244;-0.2601638;[ 2.6053848  67.02827    -0.25050494]
2.4107907;67.217224;-0.25198054;[ 2.60726  67.59098  -0.250495]
2.778929;76.315475;-0.24542083;[ 2.6407611  77.731255   -0.25036916]
3.49682;73.5214;-0.2469391;[ 2.6301792  74.531006   -0.25041023]
3.4272761;69.23161;-0.2684339;[ 2.616739   70.47       -0.25046453]
2.6099968;72.483864;-0.24323751;[ 2.628844   74.125595   -0.25041565]
3.4655333;70.15639;-0.23774286;[ 2.6187723 71.078926  -0.2504552]
3.3280878;62.049507;-0.2726463;[ 2.5903425 62.483948  -0.2505692]
2.6336744;69.16348;-0.24618118;[ 2.6187654  71.07187    -0.25045598]
2.3445702;67.18967;-0.25794494;[ 2.6097767  68.35471    -0.25048757]
3.2796433;62.46483;-0.26894987;[ 2.5953352 63.986816  -0.2505475]
2.5512702;65.52487;-0.24471037;[ 2.607081  67.53796   -0.2505019]
3.7407732;78.570335;-0.2699311;[ 2.6474793 79.75672   -0.2503447]
3.9835234;79.667816;-0.24107721;[ 2.6477842 79.854965  -0.2503434]
3.9261093;76.44974;-0.24829897;[ 2.6341739  75.73779    -0.25039592]
3.5171797;75.22282;-0.25137204;[ 2.6372597  76.6653     -0.25038484]
3.842545;82.38984;-0.25146437;[ 2.6576438  82.83795    -0.25030413]
3.8753326;79.54446;-0.24532577;[ 2.6473758 79.73393   -0.2503454]
3.6014547;75.45902;-0.2542319;[ 2.635516   76.14506    -0.25039217]
3.815546;79.1408;-0.26414335;[ 2.644109   78.74344    -0.25035623]
3.850069;76.268456;-0.25146377;[ 2.6334271  75.5139     -0.25039905]
3.9007568;79.856865;-0.23656099;[ 2.6476436  79.81415    -0.25034496]
3.3345413;75.26733;-0.2486389;[ 2.634713  75.90396   -0.2503962]
3.8768098;76.304695;-0.2485967;[ 2.6361072  76.32495    -0.25038937]
3.5518143;75.79975;-0.2524942;[ 2.6360483  76.30541    -0.25038883]
3.8502927;69.17853;-0.25257516;[ 2.6112413 68.80008   -0.2504885]
3.7576199;69.61558;-0.25059992;[ 2.6116893 68.93425   -0.2504843]
3.510483;71.48362;-0.26810092;[ 2.6251874  73.014565   -0.25043344]
3.5837436;68.29365;-0.2553867;[ 2.614357   69.73904    -0.25047582]
2.811609;85.77354;-0.24621376;[ 2.6715674  87.045654   -0.25025395]
2.5748692;78.50292;-0.24493276;[ 2.6487947 80.16037   -0.250344 ]
2.8481514;75.438934;-0.23802935;[ 2.637817  76.83848   -0.2503869]
2.6496959;72.086525;-0.24881674;[ 2.6232195 72.42223   -0.2504426]
2.6902115;71.92271;-0.24735281;[ 2.6238325 72.61064   -0.2504422]
2.6525729;85.58011;-0.25289047;[ 2.6709573  86.86719    -0.25025716]
3.4518857;79.12863;-0.23475188;[ 2.650377   80.641914   -0.25033703]
2.6755705;78.48148;-0.25079373;[ 2.649599   80.40306    -0.25034153]
3.3583302;75.41076;-0.24131016;[ 2.6394715  77.338936   -0.25038114]
3.92174;68.84282;-0.25054166;[ 2.6167858 70.479546  -0.2504697]
3.8686507;84.11123;-0.25629187;[ 2.6657343  85.27731    -0.25026187]
3.7959065;80.92658;-0.24199036;[ 2.6554852  82.17889    -0.25030228]
1.5220147;81.82766;-0.23462047;[ 2.6601577 83.58726   -0.2502797]
3.8332658;69.529366;-0.25232115;[ 2.6148944 69.905075  -0.2504671]
4.0278068;74.608055;-0.2453773;[ 2.63103   74.78323   -0.2503986]
1.6472813;81.75254;-0.23433545;[ 2.6598358 83.48274   -0.2502812]
3.7728777;76.85369;-0.2564862;[ 2.6438901  78.66607    -0.25034755]
2.0175686;70.1658;-0.245987;[ 2.6194415 71.27026   -0.2504459]
3.8239822;70.20928;-0.25927794;[ 2.6184042  70.959946   -0.25044966]
2.6969664;76.74897;-0.2409744;[ 2.6419477  78.07772    -0.25035933]
2.6479897;70.08397;-0.24371779;[ 2.618941  71.11866   -0.2504521]
1.5740497;83.45129;-0.24130124;[ 2.661955  84.13866   -0.2502852]
3.705172;82.66679;-0.24687308;[ 2.6578948  82.92201    -0.25030413]
1.66681;77.36227;-0.24238813;[ 2.6438937  78.67719    -0.25035208]
4.0828967;79.76582;-0.23862217;[ 2.6483402  80.03041    -0.25034225]
4.031946;76.45141;-0.2479566;[ 2.6340942  75.72055    -0.25039652]
1.6561637;83.41511;-0.24473666;[ 2.6628482 84.4075    -0.2502817]
1.9164239;69.4673;-0.24755737;[ 2.6159654  70.225006   -0.25046533]
1.9625669;70.318085;-0.24803555;[ 2.6156242  70.1172     -0.25046483]
2.641289;78.55393;-0.2445236;[ 2.6481137  79.95588    -0.25034684]
2.634072;72.117836;-0.25007564;[ 2.624893   72.929855   -0.25043324]
2.6497014;78.905235;-0.24779096;[ 2.6468163 79.57124   -0.2503515]
2.5487187;71.808205;-0.24440783;[ 2.6267664 73.49297   -0.25043  ]
2.7563703;65.09913;-0.25308153;[ 2.6008139 65.64457   -0.2505305]
1.5482514;80.658;-0.23370887;[ 2.6543415  81.820366   -0.25032297]
1.8604655;77.22889;-0.22338724;[ 2.6438873  78.66231    -0.25036332]
0.42273962;87.781975;-0.23464158;[ 2.6760821  88.40326    -0.25023666]
1.8317525;76.5869;-0.22425023;[ 2.640687   77.7056     -0.25037846]
1.8351061;73.502884;-0.23418589;[ 2.6304216 74.604095  -0.2504194]
1.9162576;69.78099;-0.22557765;[ 2.6190379  71.153114   -0.25046298]
1.3671334;80.451126;-0.23140055;[ 2.6529512  81.40626    -0.25032744]
1.9510674;76.95306;-0.22732233;[ 2.6412017  77.85508    -0.25037476]
2.1729565;69.92728;-0.22961552;[ 2.617925   70.81838    -0.25046894]
2.4001646;70.23165;-0.22517693;[ 2.6208873  71.70784    -0.25045753]
3.072947;74.631996;-0.23701884;[ 2.6339402 75.657005  -0.2504001]
3.8715215;67.76795;-0.2566406;[ 2.6108885  68.69222    -0.25049025]
3.1691895;81.77897;-0.23639423;[ 2.6558797 82.29911   -0.250313 ]
2.5888145;79.9641;-0.24679859;[ 2.6488144  80.17018    -0.25033614]
2.515738;77.39284;-0.2340198;[ 2.6448004  78.94958    -0.25035626]
2.5632284;72.88041;-0.25057322;[ 2.6263838  73.38765    -0.25042617]
2.6509156;69.21168;-0.23743537;[ 2.6136665  69.54302    -0.25047675]
2.7286217;75.76971;-0.23417951;[ 2.636435   76.41969    -0.25038472]
2.7052586;72.31778;-0.25218916;[ 2.6255858 73.14206   -0.2504269]
4.097025;64.373474;-0.25231963;[ 2.5985665  64.9699     -0.25053903]
3.7271295;64.29837;-0.24681607;[ 2.5991316  65.13614    -0.25053772]
3.7981322;60.38832;-0.26585117;[ 2.5861776  61.22213    -0.25058877]
2.5515192;65.759155;-0.24986055;[ 2.6047606  66.84024    -0.25051117]
1.8310065;77.29026;-0.23461196;[ 2.6445148 78.85448   -0.2503632]
1.7875278;80.87448;-0.22081274;[ 2.6553833  82.14136    -0.25032067]
2.038748;73.7111;-0.22733857;[ 2.632393   75.18707    -0.25041136]
0.41049635;91.6291;-0.23926094;[ 2.688757   92.23874    -0.25018913]
1.7882051;80.63094;-0.22613578;[ 2.6534748  81.57114    -0.25032848]
1.7720722;81.07395;-0.22075596;[ 2.6545477  81.89412    -0.25032422]
1.6295936;84.57488;-0.2365862;[ 2.6665337 85.52098   -0.2502787]
1.3751905;84.3704;-0.23446622;[ 2.665535   85.21471    -0.25027928]
1.7464916;77.49858;-0.23539765;[ 2.6422274  78.165596   -0.25037324]
1.7431941;77.30056;-0.23651612;[ 2.6420646 78.120514  -0.2503743]
1.5469465;80.655174;-0.23388378;[ 2.6542377 81.78906   -0.2503234]
1.8412685;76.410835;-0.22268859;[ 2.6416516  77.98837    -0.25037396]
2.1335638;73.508286;-0.22007278;[ 2.6310084  74.7684     -0.25041637]
0.443197;83.83015;-0.22973453;[ 2.6632295 84.51503   -0.2502842]
1.648748;80.27135;-0.2205948;[ 2.652685   81.33197    -0.25032514]
1.6308161;79.5632;-0.2210367;[ 2.6504347 80.65019   -0.2503354]
1.3473474;76.46809;-0.22847372;[ 2.639994   77.487335   -0.25037602]
1.896441;72.429886;-0.21866918;[ 2.62853    74.0181     -0.25042394]
1.9732134;65.38932;-0.2327151;[ 2.6053123  67.00735    -0.25051454]
1.6326839;79.72134;-0.21924113;[ 2.6502686 80.600426  -0.2503361]
1.6524789;76.77812;-0.22779377;[ 2.639761   77.424515   -0.25037792]
1.9180245;73.267654;-0.21882819;[ 2.6312408 74.83625   -0.2504108]
1.8851352;72.51719;-0.22252205;[ 2.6287832  74.09761    -0.25042173]
1.8973947;72.74497;-0.22359897;[ 2.629749   74.38294    -0.25041378]
1.7992424;72.66102;-0.22550406;[ 2.627237   73.63464    -0.25042617]
1.3373735;76.98027;-0.22390895;[ 2.6417525  78.01277    -0.25036585]
1.9065009;73.10669;-0.22285888;[ 2.632191  75.11833   -0.2504027]
1.9092892;72.81556;-0.22353652;[ 2.62939    74.27547    -0.25041577]
1.6325526;80.225586;-0.22251137;[ 2.6527379  81.34036    -0.25032187]
1.6433926;79.7357;-0.22140524;[ 2.6518564  81.07236    -0.25032663]
1.8715236;69.63466;-0.2230623;[ 2.6167595  70.45549    -0.25046805]
1.7149625;72.659485;-0.22647724;[ 2.6283803  73.98003    -0.25042176]
1.3039354;76.4575;-0.22768767;[ 2.6398015  77.42856    -0.25037685]
1.5253763;76.68989;-0.22891277;[ 2.641099   77.81359    -0.25037253]
4.170891;75.14201;-0.23947999;[ 2.6341887  75.743195   -0.25039402]
3.141609;70.51224;-0.23721834;[ 2.6216753  71.95288    -0.25044483]
3.3833847;67.06766;-0.23906362;[ 2.609741   68.343605   -0.25049254]
3.1821828;70.830444;-0.23373792;[ 2.6210413 71.7576    -0.2504481]
1.8309352;76.54032;-0.22474867;[ 2.6419122 78.07016   -0.2503716]
1.6214371;80.61666;-0.23200002;[ 2.6527693  81.35939    -0.25032902]
1.3522997;80.44341;-0.23181377;[ 2.6529527  81.407135   -0.25032726]
1.7670816;73.342674;-0.23264147;[ 2.629338   74.267975   -0.25042263]
1.6724895;73.18922;-0.23648119;[ 2.6288185  74.11459    -0.25042275]
2.0659168;69.679085;-0.22730751;[ 2.6195607 71.31207   -0.2504607]
2.1007314;66.49357;-0.23404707;[ 2.6089244  68.09372    -0.25050303]
1.8641328;73.86707;-0.23110875;[ 2.6314564 74.907776  -0.250412 ]
1.8530767;76.31464;-0.22432709;[ 2.6434395  78.528206   -0.25036517]
0.40778625;87.60568;-0.2339178;[ 2.6767201  88.593895   -0.25023344]
1.6035047;80.99534;-0.23102261;[ 2.6530588  81.44772    -0.25032637]
1.8735353;73.821205;-0.23032922;[ 2.6311667  74.82004    -0.25041535]
2.017391;69.74842;-0.22682597;[ 2.6196117 71.329185  -0.2504607]
3.1669471;75.641556;-0.23533;[ 2.6351302  76.025986   -0.25039095]
3.0303664;71.868996;-0.22695023;[ 2.6224728  72.19113    -0.25044194]
3.092708;68.1302;-0.23901862;[ 2.6127021  69.23962    -0.25047928]
1.5982575;77.470375;-0.23336029;[ 2.6426122  78.2746     -0.25036484]
1.8834128;73.24937;-0.22368458;[ 2.6304827 74.60925   -0.2504133]
1.8619642;73.17713;-0.22566319;[ 2.630052   74.4788     -0.25041458]
3.1945887;77.72964;-0.2337031;[ 2.6436682  78.60567    -0.25035718]
2.72392;73.458824;-0.23556525;[ 2.6311846  74.83081    -0.25040728]
3.1971412;74.28619;-0.2352002;[ 2.6325133 75.23367   -0.2504016]
3.0018115;70.48837;-0.24156453;[ 2.619207   71.21307    -0.25045517]
3.359311;70.553154;-0.22758585;[ 2.6193473  71.25316    -0.25045487]
3.1059515;66.60002;-0.2322533;[ 2.6058235  67.1664     -0.25050977]
2.9704747;70.41594;-0.2376379;[ 2.6204133  71.57245    -0.25044915]
2.811601;66.872765;-0.24035113;[ 2.6085644  67.98896    -0.25049663]
4.003559;67.17454;-0.24132338;[ 2.61       68.42502    -0.25049078]
4.1153817;67.10898;-0.23954707;[ 2.6097918  68.35906    -0.25049222]
1.843535;76.53067;-0.2235279;[ 2.6414967  77.94347    -0.25037375]
1.847382;76.399864;-0.2239796;[ 2.64203    78.10248    -0.25037152]
1.8501748;76.70803;-0.22456141;[ 2.640869   77.76012    -0.25037733]
0.4252162;87.81468;-0.2342407;[ 2.676574   88.55192    -0.25023368]
1.8617862;73.894226;-0.23422642;[ 2.630089   74.502174   -0.25041923]
1.9780159;73.87165;-0.23082915;[ 2.631937   75.04936    -0.25041294]
2.1095953;66.731026;-0.23422587;[ 2.6085513  67.98065    -0.25050408]
1.6364187;78.286385;-0.22816199;[ 2.6446636 78.90294   -0.250351 ]
1.8786675;74.430695;-0.22557634;[ 2.6333642  75.478714   -0.25039557]
1.6935447;70.66301;-0.2332747;[ 2.6198986 71.410515  -0.2504496]
2.0079744;70.31909;-0.22566026;[ 2.6234834 72.49788   -0.2504365]
1.5376923;80.789894;-0.2315754;[ 2.6551723  82.07233    -0.25031865]
0.40784073;87.94912;-0.23239847;[ 2.6770718  88.70085    -0.25023156]
1.593322;83.69766;-0.22130516;[ 2.6659899  85.35091    -0.25027514]
2.0718307;70.29499;-0.22338662;[ 2.6176772  70.75366    -0.25046924]
1.7145867;73.97475;-0.23278715;[ 2.63172    74.99359    -0.25041157]
2.0163765;70.36153;-0.22932595;[ 2.6194417 71.28064   -0.2504612]
1.842146;66.59018;-0.2400768;[ 2.6068754  67.48238    -0.25051066]
1.5782261;80.77769;-0.2346109;[ 2.6547165 81.9539    -0.2503223]
1.8438237;76.801926;-0.22101636;[ 2.6429327  78.38118    -0.25037107]
1.9414577;69.74719;-0.2284976;[ 2.6199749 71.44406   -0.2504603]
2.1010416;69.88239;-0.22740856;[ 2.617495   70.703545   -0.25047088]
1.6524737;73.35026;-0.23906581;[ 2.6295872  74.356384   -0.25042224]
1.9035991;70.00244;-0.2343071;[ 2.6183505  70.95482    -0.25046697]
1.9383547;69.729454;-0.2302302;[ 2.6193745  71.26246    -0.25046307]
1.6175315;79.64246;-0.2208459;[ 2.6502194  80.585724   -0.25033635]
1.6455642;80.19881;-0.22210667;[ 2.6527061  81.33842    -0.25032505]
1.7036705;76.80195;-0.2269332;[ 2.6398094 77.43877   -0.2503778]
1.353334;76.46786;-0.2282453;[ 2.6399791  77.48277    -0.25037608]
1.7597854;69.234985;-0.23162287;[ 2.615677   70.13824    -0.25047335]
1.8840325;72.50431;-0.2226711;[ 2.628656   74.059296   -0.25042242]
1.8775115;72.39042;-0.22002195;[ 2.6287162 74.0739    -0.2504228]
1.9058831;73.11586;-0.222126;[ 2.6310267  74.77403    -0.25041088]
1.6231302;81.391426;-0.2208736;[ 2.6573856  82.747665   -0.25030032]
1.8982618;74.325905;-0.22205722;[ 2.6353247 76.07089   -0.2503883]
0.4795494;85.512505;-0.2241741;[ 2.6703892  86.67993    -0.25024822]
1.6375473;81.35266;-0.2227236;[ 2.6574254  82.76243    -0.25029936]
1.8837497;74.33253;-0.22390723;[ 2.6356103 76.159706  -0.2503862]
1.6177355;82.42771;-0.22656289;[ 2.6614816  83.98863    -0.25028783]
2.0274706;70.60211;-0.2406102;[ 2.6217904  71.99049    -0.25044668]
1.7532258;75.05037;-0.23086523;[ 2.6365623 76.44841   -0.2503856]
2.4037058;67.34999;-0.22882356;[ 2.6118493  68.978096   -0.25048694]
2.739555;72.01381;-0.24672042;[ 2.6245463 72.82597   -0.2504329]
3.7831836;70.7135;-0.23976976;[ 2.6209786  71.73964    -0.25045148]
3.808148;77.61599;-0.2403997;[ 2.64396    78.69891    -0.25035912]
3.7957695;77.759026;-0.23817782;[ 2.642307   78.1956     -0.25036636]
3.678164;70.79755;-0.24096353;[ 2.6199334  71.43275    -0.25045642]
2.8093715;78.966286;-0.2451953;[ 2.6466446  79.513885   -0.25034362]
3.948375;67.02185;-0.260099;[ 2.6086416 68.02385   -0.2504993]
2.5687013;70.609955;-0.23129791;[ 2.6226304  72.23535    -0.25044498]
2.924615;73.79859;-0.23979643;[ 2.6324005 75.19592   -0.250405 ]
2.834353;66.86532;-0.24224906;[ 2.6088092 68.06434   -0.2505006]
3.643015;63.86841;-0.2424312;[ 2.5987625  65.02412    -0.25054038]
3.869246;60.20887;-0.2621554;[ 2.5868752  61.43531    -0.25058675]
2.9383686;74.48048;-0.237386;[ 2.6339145 75.65251   -0.2504013]
2.7423863;70.68207;-0.23726161;[ 2.6242528 72.72807   -0.2504383]
1.5580286;84.06573;-0.24231361;[ 2.6671178  85.68785    -0.25027603]
1.9039085;77.215164;-0.23719746;[ 2.6431468  78.44703    -0.25037193]
1.5660721;84.31619;-0.23844092;[ 2.6646676  84.95998    -0.25028664]
1.8477955;77.108696;-0.23749353;[ 2.6423316  78.206345   -0.25037476]
1.3604258;83.99831;-0.23604043;[ 2.6665986  85.53186    -0.25027582]
1.6989042;77.266884;-0.23406066;[ 2.6426702 78.30382   -0.2503708]
1.5425025;82.08703;-0.2297613;[ 2.6608677  83.79481    -0.25029036]
1.8509916;75.21113;-0.23276761;[ 2.6343982 75.79787   -0.2503945]
0.4407904;89.17299;-0.23063287;[ 2.6824975 90.341805  -0.2502045]
1.4568192;82.08667;-0.22952233;[ 2.6599345  83.513214   -0.25029203]
1.762059;75.30165;-0.2304169;[ 2.6360397 76.29364   -0.2503875]
1.7866948;77.42942;-0.23653024;[ 2.642274   78.19289    -0.25037387]
0.36924076;90.55797;-0.25146028;[ 2.6881974  92.07763    -0.25019372]
1.5057794;84.22805;-0.2357565;[ 2.6651678  85.121216   -0.25028133]
1.373273;83.7586;-0.23939562;[ 2.6660433  85.37456    -0.25027916]
1.6167278;77.03216;-0.23716071;[ 2.6414208  77.936356   -0.25037763]
1.6982967;77.24218;-0.23633909;[ 2.6425827  78.287766   -0.25037262]
1.8885963;76.96479;-0.24219559;[ 2.6430626  78.43159    -0.25037327]
2.002297;70.47568;-0.23767394;[ 2.6175618  70.72224    -0.25047395]
1.7972608;80.42492;-0.2242274;[ 2.6535156  81.57955    -0.25032848]
0.40683317;91.26859;-0.23970713;[ 2.687899  91.97931   -0.2501926]
1.6300578;84.149895;-0.23692895;[ 2.665568   85.229515   -0.25028268]
1.6094674;84.67987;-0.23696105;[ 2.664631   84.94136    -0.25028524]
1.9298565;77.44845;-0.23486498;[ 2.6423235  78.19825    -0.25037497]
1.7818105;81.017494;-0.22076622;[ 2.6526299  81.31453    -0.25033155]
2.0323112;74.07238;-0.22176728;[ 2.6310773 74.79244   -0.2504176]
1.3775249;84.014626;-0.23467006;[ 2.6653068  85.144936   -0.25028008]
1.7414126;77.07015;-0.23665452;[ 2.641747   78.02418    -0.25037557]
1.7639695;77.44903;-0.23380965;[ 2.642518   78.253105   -0.25037104]
1.8309455;74.431564;-0.22341198;[ 2.6338694 75.63684   -0.2504063]
4.3173165;82.27954;-0.26862067;[ 2.6591935 83.30223   -0.2502954]
1.5299462;79.97225;-0.23584001;[ 2.6558647  82.29095    -0.25030243]
4.208583;75.30269;-0.2586157;[ 2.638062   76.909256   -0.25037688]
4.2664533;75.25881;-0.26652393;[ 2.6378999 76.85728   -0.2503799]
3.016311;80.34762;-0.24156111;[ 2.654499  81.884384  -0.2503219]
2.832731;73.659195;-0.23859161;[ 2.633334   75.48053    -0.25040245]
3.007124;73.32647;-0.24052824;[ 2.6330516  75.39388    -0.25040704]
1.5478736;83.43791;-0.24991255;[ 2.6654482 85.19219   -0.2502838]
1.7912996;77.09019;-0.23739645;[ 2.6393235 77.3051    -0.2503844]
1.5667725;79.817474;-0.2399269;[ 2.6519837  81.12666    -0.25033507]
1.5814924;83.78797;-0.22333743;[ 2.6648815  85.02312    -0.25028387]
1.3207407;80.16947;-0.23644358;[ 2.6536171 81.6098    -0.2503267]
1.6750879;72.984566;-0.23843011;[ 2.628748   74.09684    -0.25042525]
1.6734848;76.89715;-0.224199;[ 2.6427183  78.31714    -0.25037116]
2.1681361;76.61112;-0.22802281;[ 2.642718  78.31402   -0.2503729]
1.8498259;72.77517;-0.2387686;[ 2.6305103  74.62668    -0.25041997]
1.869207;76.70047;-0.22256139;[ 2.6434488  78.53585    -0.25036877]
1.8361853;73.22769;-0.23529138;[ 2.6280572  73.8878     -0.25043038]
2.2233474;69.853325;-0.23192194;[ 2.6168673  70.50618    -0.25047478]
2.0189474;70.43723;-0.23906492;[ 2.6186059 71.02597   -0.2504662]
0.39432442;90.78614;-0.24209678;[ 2.6887772 92.24068   -0.2501895]
1.7188939;77.402725;-0.23564418;[ 2.6438043  78.640076   -0.25036517]
1.6172706;80.52768;-0.2269636;[ 2.6566267  82.515526   -0.25031498]
1.5602548;84.137184;-0.22212824;[ 2.6674416 85.79729   -0.2502713]
1.3624444;81.406296;-0.23296732;[ 2.6579373  82.9133     -0.25030744]
2.0344694;77.26089;-0.22604518;[ 2.645401   79.12381    -0.25035906]
2.032487;70.44271;-0.23156416;[ 2.6196542  71.3455     -0.25046083]
4.194252;74.91557;-0.24128246;[ 2.6339417  75.66738    -0.25039637]
4.063939;74.53025;-0.26290444;[ 2.6330483  75.39099    -0.25039837]
4.129401;71.28042;-0.25570342;[ 2.6224186  72.17784    -0.25044113]
1.6485901;79.11988;-0.24044818;[ 2.6505625  80.68231    -0.25032765]
2.905534;81.79734;-0.24471782;[ 2.6572146  82.69942    -0.25030896]
2.8485518;78.161125;-0.23494464;[ 2.6473198  79.70906    -0.25034726]
2.8123932;74.76811;-0.24167061;[ 2.63533   76.07765   -0.2503934]
2.7214675;71.28209;-0.23487578;[ 2.626001   73.255035   -0.25043148]
1.8528633;75.89924;-0.23002712;[ 2.6374166  76.71042    -0.25038397]
1.58315;83.001686;-0.22876312;[ 2.6607866  83.78151    -0.25028923]
0.4404509;87.98523;-0.23484503;[ 2.680691  89.7968    -0.2502138]
1.8163598;74.616234;-0.23208192;[ 2.6333866 75.49419   -0.2504007]
2.6860611;74.17031;-0.242525;[ 2.630472   74.62535    -0.25041473]
4.0487795;71.21926;-0.24098314;[ 2.6211305  71.80022    -0.25045142]
3.9343772;71.383385;-0.2356024;[ 2.6228902  72.3234     -0.25044572]
2.6605353;67.23892;-0.2436228;[ 2.607465  67.66479   -0.2505078]
1.5586398;83.783485;-0.2446169;[ 2.6654596  85.20204    -0.25028425]
1.5585631;83.79857;-0.23665161;[ 2.6644337  84.89555    -0.25028703]
1.5335684;84.068275;-0.23653662;[ 2.663179   84.51864    -0.25029042]
1.7918851;77.23499;-0.23723076;[ 2.6400099  77.51407    -0.25038254]
1.6249098;77.170204;-0.23736066;[ 2.6414552 77.94478   -0.2503764]
2.0490286;70.33208;-0.2383177;[ 2.617555   70.71756    -0.25047252]
1.676281;78.630455;-0.22084343;[ 2.6501842 80.56799   -0.250333 ]
1.5390077;81.63347;-0.23239122;[ 2.6609006  83.80855    -0.25029138]
1.8191872;75.0528;-0.2320093;[ 2.6339786 75.675415  -0.2503983]
1.6249019;77.09673;-0.2356851;[ 2.6427252 78.32856   -0.2503712]
1.5432057;83.58372;-0.25017083;[ 2.6664033  85.49256    -0.25028116]
1.7728055;77.00125;-0.23953725;[ 2.6407514  77.731995   -0.25038216]
1.9120948;70.61526;-0.24166176;[ 2.6180737  70.8782     -0.25046998]
3.0287602;74.411;-0.23703083;[ 2.6334279  75.503975   -0.25040284]
3.103109;81.5675;-0.236512;[ 2.655294  82.122795  -0.2503161]
2.8953648;74.47567;-0.23835488;[ 2.6328402  75.33707    -0.25040665]
2.5869267;71.08184;-0.23038366;[ 2.6233974 72.46901   -0.2504415]
2.7640214;67.22548;-0.24202818;[ 2.610106   68.455055   -0.25049523]
2.8306005;67.34399;-0.23879054;[ 2.6111474 68.77002   -0.2504924]
2.8196454;63.680656;-0.24144527;[ 2.599718   65.31352    -0.25053662]
1.6285086;84.17365;-0.23891827;[ 2.665627   85.24594    -0.25028297]
1.907911;76.98354;-0.23600173;[ 2.6433332  78.50771    -0.25037187]
2.0248082;73.884056;-0.22032732;[ 2.632819   75.31939    -0.25041136]
3.1165054;79.73185;-0.2338449;[ 2.650665  80.71979   -0.2503234]
2.6756296;64.68207;-0.24364461;[ 2.6013908 65.81726   -0.2505194]
1.7815363;74.89866;-0.23023197;[ 2.6349888  75.972694   -0.25039285]
1.924106;74.87153;-0.2275306;[ 2.6378255 76.82776   -0.2503825]
2.1015568;68.0596;-0.23617093;[ 2.6106567  68.616394   -0.25049007]
0.5178846;87.086555;-0.22096583;[ 2.6772087  88.739105   -0.25021425]
1.9233339;72.495445;-0.23041809;[ 2.625626  73.13847   -0.2504209]
1.4044628;84.38108;-0.23798151;[ 2.667853   85.91283    -0.25027046]
1.5522914;84.26916;-0.24708068;[ 2.6676865 85.8611    -0.2502737]
2.590951;74.20906;-0.24385287;[ 2.6304736 74.62961   -0.2504152]
2.8998623;74.29325;-0.23925684;[ 2.6338873  75.65298    -0.25040314]
1.5471716;83.971794;-0.24652553;[ 2.6665487 85.52629   -0.25028  ]
1.8464798;76.94518;-0.23621957;[ 2.6431613  78.45575    -0.25037104]
1.8103836;77.19898;-0.23683722;[ 2.640909   77.785645   -0.25037983]
1.8039305;76.53797;-0.23762725;[ 2.6419315 78.092545  -0.2503773]
1.7469796;77.205284;-0.23858361;[ 2.6422787  78.1949     -0.25037515]
1.633621;77.11393;-0.2378696;[ 2.6413617  77.9193     -0.25037768]
2.0770338;69.64042;-0.23716788;[ 2.6207237 71.671234  -0.2504599]
2.043463;70.312645;-0.23997709;[ 2.6185005  71.00344    -0.25046873]
3.6303976;71.29903;-0.23944953;[ 2.6225066 72.20201   -0.2504452]
3.7582867;67.483734;-0.2569836;[ 2.6101189 68.46118   -0.250494 ]
2.4692812;67.29686;-0.24527307;[ 2.609434   68.25336    -0.25049752]
2.6106534;77.02126;-0.24073067;[ 2.638938  77.18092   -0.2503739]
3.7699742;72.02517;-0.2504417;[ 2.6246405 72.85343   -0.2504341]
2.5684686;67.17829;-0.24283963;[ 2.6103835 68.54152   -0.2504933]
3.527339;69.013374;-0.23692107;[ 2.6144    69.74718   -0.2504766]
2.517508;70.09543;-0.24206607;[ 2.6161973  70.30007    -0.25046584]
2.5257905;68.427;-0.23217635;[ 2.6132307 69.40452   -0.2504797]
2.4162455;65.420044;-0.2507173;[ 2.6015387  65.87487    -0.25052524]
2.73223;67.00765;-0.23882142;[ 2.6099005  68.39412    -0.25049788]
3.3762534;64.195526;-0.24332517;[ 2.5985885  64.97455    -0.25054142]
3.4397776;60.42714;-0.26209286;[ 2.5856342  61.06182    -0.25059205]
1.9441373;77.0697;-0.23601651;[ 2.6441977 78.75873   -0.2503663]
2.0707822;80.28318;-0.22660272;[ 2.6555345  82.18713    -0.25032005]
1.797571;77.32314;-0.23799361;[ 2.6426451 78.29753   -0.2503706]
1.8213367;77.25292;-0.23494297;[ 2.6420534  78.114426   -0.25037438]
1.5518173;84.21351;-0.2367662;[ 2.6654336  85.19262    -0.25027832]
1.7972617;77.53176;-0.23800434;[ 2.6427643  78.337036   -0.25036833]
1.550941;84.23281;-0.2337453;[ 2.6649673  85.0464     -0.25028166]
1.5552276;84.244804;-0.23635201;[ 2.664426   84.88788    -0.25028703]
1.7197146;77.413284;-0.236919;[ 2.6407974 77.74484   -0.250378 ]
1.3659201;84.289444;-0.23481978;[ 2.6676655 85.855095  -0.2502707]
1.6913725;77.389;-0.23597181;[ 2.643435   78.534805   -0.25036764]
1.9364122;70.71809;-0.23611727;[ 2.620915  71.72299   -0.2504563]
2.1351926;70.40524;-0.23477912;[ 2.619955   71.433      -0.25046304]
1.8482193;76.896645;-0.22208488;[ 2.644369   78.80824    -0.25036144]
1.8694808;73.10427;-0.23359409;[ 2.6310768 74.79315   -0.2504151]
1.8582218;76.6292;-0.22298376;[ 2.6429832 78.39154   -0.2503681]
1.5919755;83.683846;-0.22185569;[ 2.6648228 84.999504  -0.2502809]
1.9018579;84.12197;-0.2247158;[ 2.664828  85.00102   -0.2502818]
1.541022;80.70869;-0.23152553;[ 2.6523402  81.22927    -0.25033265]
1.8809993;83.457436;-0.22309093;[ 2.6641319 84.78842   -0.2502838]
1.956502;76.90083;-0.23214065;[ 2.641388   77.91969    -0.25037262]
1.6752465;73.15691;-0.24293919;[ 2.6291137  74.21269    -0.25042066]
1.691603;73.61814;-0.23250626;[ 2.631058   74.79119    -0.25041524]
2.0707467;70.12842;-0.23023652;[ 2.619233   71.21675    -0.25046277]
2.3167543;70.175766;-0.22636011;[ 2.6194413 71.2765    -0.2504637]
1.8265512;85.00453;-0.22333615;[ 2.6713612 86.97119   -0.250247 ]
1.7100883;75.03826;-0.2303762;[ 2.6368482 76.5377    -0.2503842]
1.8866895;74.843834;-0.22787924;[ 2.6363337  76.38062    -0.25038913]
2.896284;70.26736;-0.23828143;[ 2.623361   72.45781    -0.25044155]
3.7339404;78.66331;-0.23807617;[ 2.6453476  79.113785   -0.25035372]
2.506112;79.90156;-0.24586125;[ 2.6494021  80.3479     -0.25033298]
3.8816936;71.41475;-0.24338669;[ 2.623765   72.59207    -0.25043786]
3.648549;71.517006;-0.24277297;[ 2.6251273  72.99377    -0.25043264]
2.6340408;72.648315;-0.2506374;[ 2.6283884  73.99106    -0.25041455]
2.875718;67.50361;-0.23833844;[ 2.610168   68.47707    -0.25049636]
2.0389693;70.68199;-0.23947123;[ 2.6210418  71.76149    -0.25045538]
1.8950375;77.17324;-0.23620369;[ 2.6446571  78.89666    -0.25036412]
1.8112141;77.432;-0.23387033;[ 2.6441622  78.74974    -0.25036487]
0.3903303;91.17971;-0.24003358;[ 2.688648   92.20506    -0.25018954]
1.8487737;77.63503;-0.2338307;[ 2.6425166  78.26436    -0.25037447]
1.7033488;81.44394;-0.21859218;[ 2.655204  82.09467   -0.2503223]
1.5509028;84.28342;-0.23650755;[ 2.665187   85.11922    -0.25027943]
1.3106201;84.33567;-0.23484358;[ 2.6672587 85.73318   -0.2502725]
1.6962264;77.53177;-0.23602386;[ 2.6432137 78.469864  -0.2503686]
1.9631354;70.88102;-0.23822929;[ 2.624187   72.7085     -0.25043643]
1.5515339;82.28481;-0.22660112;[ 2.6595092  83.3961     -0.25029585]
1.8603325;75.207985;-0.22676219;[ 2.6376505 76.77989   -0.2503827]
1.8146062;77.50348;-0.23376949;[ 2.643796   78.64412    -0.25036794]
1.8326969;76.966965;-0.23572496;[ 2.6445365 78.86799   -0.2503652]
2.037056;80.50283;-0.22729248;[ 2.656445   82.47243    -0.25031796]
2.0973654;73.60783;-0.23146877;[ 2.634136  75.7208    -0.2504048]
0.38026154;91.141045;-0.24290283;[ 2.688779   92.2554     -0.25019032]
1.6214145;76.9545;-0.2388356;[ 2.6424832  78.24756    -0.25036877]
1.7322791;77.6736;-0.23594855;[ 2.6410697  77.8294     -0.25037837]
1.531277;84.49446;-0.23772544;[ 2.6660798 85.399216  -0.2502775]
1.862777;77.39907;-0.2369738;[ 2.643409   78.53812    -0.25037184]
1.38812;85.014;-0.23517857;[ 2.6690419  86.27458    -0.25026578]
2.2858226;73.9159;-0.22796439;[ 2.6349978  75.974625   -0.25040197]
0.6177361;87.397736;-0.23761557;[ 2.677112   88.72151    -0.25021982]
4.2296543;79.23048;-0.24837275;[ 2.6482441  79.99498    -0.25033724]
1.6096833;80.309166;-0.23814277;[ 2.653336   81.53819    -0.25031465]
1.6514978;80.58425;-0.23965818;[ 2.6531715  81.49063    -0.25031283]
1.5422518;80.92209;-0.23702464;[ 2.656354   82.44031    -0.25030062]
4.104555;76.18514;-0.26046813;[ 2.6386523  77.090744   -0.25037447]
4.22269;75.535774;-0.2611953;[ 2.6376867 76.79652   -0.2503802]
4.1455784;72.08323;-0.25100723;[ 2.6269383  73.54729    -0.25042233]
1.8778484;73.49348;-0.23802736;[ 2.6322372  75.14935    -0.25039726]
4.1718683;71.83719;-0.25396445;[ 2.6248596 72.918686  -0.2504308]
1.8990601;73.694954;-0.24112126;[ 2.630524  74.637215  -0.2504041]
4.1771936;68.913574;-0.26395065;[ 2.6128032  69.28129    -0.25047818]
2.7192807;75.46549;-0.24523263;[ 2.6358898 76.259796  -0.250389 ]
2.736926;72.135185;-0.23914671;[ 2.6283376  73.96351    -0.25041926]
2.660716;68.49146;-0.24851654;[ 2.6131802  69.38531    -0.25048095]
3.0371244;74.11968;-0.23614348;[ 2.63404    75.68603    -0.25039986]
3.5864048;70.87958;-0.24308139;[ 2.6236687 72.55651   -0.2504397]
3.070881;81.27736;-0.23712239;[ 2.6556292 82.22244   -0.2503141]
2.739443;74.02646;-0.2392973;[ 2.632778   75.31079    -0.25040585]
2.5154266;74.983116;-0.23247278;[ 2.6362853  76.376945   -0.25038728]
3.7401705;77.82818;-0.24153668;[ 2.645211   79.07645    -0.25035378]
2.5891962;73.62305;-0.24432302;[ 2.629499   74.32672    -0.25041762]
3.738806;71.42527;-0.23333114;[ 2.6232097 72.413574  -0.2504418]
3.2802994;63.73494;-0.2472855;[ 2.6003761 65.512436  -0.2505332]
3.6452441;76.94565;-0.23571296;[ 2.642196  78.15759   -0.2503574]
3.4211624;73.23071;-0.24237335;[ 2.6273897 73.683815  -0.2504164]
3.4864464;73.64797;-0.23739912;[ 2.6316187 74.954315  -0.2503984]
4.3307695;70.71421;-0.24158761;[ 2.623365   72.46015    -0.25043097]
3.1396234;78.89236;-0.2484284;[ 2.6481414  79.96633    -0.25034222]
2.5578303;74.310356;-0.24176887;[ 2.6325605  75.252014   -0.25040576]
2.6746936;73.81868;-0.24343827;[ 2.629916   74.45969    -0.25041708]
4.024847;74.74553;-0.239937;[ 2.6360395 76.307465  -0.2503906]
4.51672;70.698845;-0.2534802;[ 2.6227078 72.27941   -0.2504444]
3.693256;70.94278;-0.24327922;[ 2.6195078 71.31157   -0.2504574]
2.5226388;67.41982;-0.24267851;[ 2.609945   68.40806    -0.25049734]
2.7813578;70.36344;-0.23660715;[ 2.6224713  72.19676    -0.25044727]
3.9166994;67.89901;-0.24126787;[ 2.6146631 69.83748   -0.2504758]
4.2175117;64.02978;-0.25540513;[ 2.601715  65.92302   -0.2505269]
3.5561302;67.552475;-0.2383229;[ 2.611871   68.99031    -0.25048843]
3.435494;64.20528;-0.24415258;[ 2.5970922  64.52678    -0.25054765]
2.7180126;68.46327;-0.2450446;[ 2.614548   69.80112    -0.25047415]
2.0130734;70.27291;-0.24011345;[ 2.617307   70.634766   -0.25047147]
1.5563898;83.49093;-0.23873357;[ 2.6639206  84.73666    -0.25028518]
2.0839603;80.46962;-0.22789091;[ 2.653122  81.46577   -0.2503301]
1.7663686;77.06684;-0.23892611;[ 2.6397784  77.43612    -0.25038078]
1.539078;84.39533;-0.23809426;[ 2.6654587  85.194595   -0.25028196]
0.44714653;89.8983;-0.22393382;[ 2.6860027  91.40011    -0.25019076]
1.8331351;86.19685;-0.22202805;[ 2.673801  87.711395  -0.2502389]
1.9595946;75.64031;-0.22849321;[ 2.6383672  76.99593    -0.25037706]
1.4649197;82.95264;-0.22380999;[ 2.664142   84.78645    -0.25027525]
2.1017451;68.94283;-0.22943883;[ 2.6161003 70.254166  -0.2504658]
2.8592753;70.47086;-0.23949493;[ 2.622197  72.10867   -0.2504466]
2.7279177;74.65722;-0.23885502;[ 2.6326568 75.27867   -0.2504067]
3.7301447;79.31393;-0.23340471;[ 2.6472678 79.695366  -0.2503455]
2.4124417;77.40789;-0.23565571;[ 2.6445978  78.88865    -0.25035706]
2.446478;67.12361;-0.24779327;[ 2.6073477 67.62885   -0.2505058]
3.6651359;72.15951;-0.2338946;[ 2.6255214  73.11182    -0.25043175]
1.9599243;77.33603;-0.23694497;[ 2.6441605  78.7464     -0.25036696]
1.9060287;77.12911;-0.23701994;[ 2.6446927  78.9066     -0.25036412]
0.4090507;91.339424;-0.2419172;[ 2.6884649  92.149124   -0.25019023]
1.6190553;84.49746;-0.23812564;[ 2.6657946  85.295425   -0.25028113]
1.9292172;77.54956;-0.23693031;[ 2.643002   78.40111    -0.25037113]
1.7891624;76.96793;-0.23900653;[ 2.6409242 77.783424  -0.2503772]
1.8059494;77.14648;-0.23899503;[ 2.6393929  77.32002    -0.25038305]
1.7485626;77.16626;-0.23617469;[ 2.6423192 78.194     -0.2503725]
1.7658715;77.35497;-0.23418903;[ 2.643135   78.441055   -0.25036892]
1.59762;81.19945;-0.2204871;[ 2.6558714 82.28883   -0.2503179]
2.187751;70.40865;-0.2359955;[ 2.6214902  71.888824   -0.25045604]
1.556299;81.901825;-0.22820371;[ 2.6604204  83.65679    -0.25029135]
2.1426897;78.42425;-0.22706637;[ 2.6467438 79.532745  -0.2503468]
1.5514444;83.904945;-0.24420083;[ 2.6669068 85.63327   -0.2502776]
1.795306;80.40209;-0.22454484;[ 2.6548254 81.983925  -0.250325 ]
1.5497979;83.97048;-0.23690185;[ 2.6652946 85.15402   -0.2502848]
1.4009528;84.060265;-0.23730932;[ 2.6658373  85.31351    -0.25027972]
2.5406718;72.94003;-0.23281783;[ 2.6291578 74.20571   -0.2504133]
0.62647414;86.19233;-0.24105002;[ 2.6724217 87.296326  -0.2502411]
4.2094;81.48195;-0.26690227;[ 2.655244   82.10712    -0.25031292]
1.6048512;79.001854;-0.23770292;[ 2.6475873  79.791885   -0.25033757]
4.07736;77.58662;-0.25097245;[ 2.644277   78.79375    -0.25035477]
1.5284697;79.17284;-0.23551993;[ 2.6504848 80.65883   -0.2503257]
4.109052;70.65992;-0.2525925;[ 2.621911   72.02333    -0.25044504]
1.6471388;79.05488;-0.2396449;[ 2.6510575  80.8293     -0.25032598]
4.1335793;70.88487;-0.25071687;[ 2.62196    72.03754    -0.25044444]
2.9692495;77.755165;-0.23389691;[ 2.6449277  78.98658    -0.25035742]
2.779841;74.56185;-0.24358638;[ 2.6316986  74.99005    -0.25040847]
2.6298213;67.61732;-0.2446723;[ 2.6100092  68.4269     -0.25049555]
2.7741055;67.68738;-0.24452284;[ 2.609091   68.14852    -0.25050002]
3.7553213;71.427956;-0.239101;[ 2.628527   74.01782    -0.25041983]
1.8214829;76.414604;-0.22292899;[ 2.644257   78.77475    -0.25036225]
1.847082;76.43372;-0.22284217;[ 2.6443114  78.79084    -0.25036222]
2.1732223;76.85066;-0.22376998;[ 2.644895  78.96358   -0.2503597]
1.91536;66.36785;-0.24504271;[ 2.60673    67.436455   -0.25051084]
0.4074973;87.78491;-0.23441416;[ 2.6775646  88.84885    -0.25023016]
1.8848947;83.46578;-0.22422336;[ 2.6642847 84.835464  -0.2502835]
2.2387216;79.79949;-0.22528888;[ 2.6532578  81.502815   -0.25032693]
1.9417477;76.47682;-0.23196396;[ 2.6409068  77.773315   -0.25037548]
2.0671327;76.55567;-0.22575869;[ 2.6399887 77.4957    -0.2503813]
1.5717709;80.14159;-0.23415609;[ 2.6520114  81.12904    -0.25033125]
1.945642;76.48817;-0.23186356;[ 2.6410382  77.81247    -0.25037426]
1.6667528;73.34;-0.23653696;[ 2.630398   74.58974    -0.25041604]
2.0206017;66.37987;-0.23695318;[ 2.605746  67.14045   -0.2505171]
1.5615232;80.71102;-0.23258363;[ 2.653084   81.46295    -0.25032604]
1.5517507;80.6166;-0.23708737;[ 2.6530633  81.45274    -0.25032824]
1.8218776;76.937904;-0.23041227;[ 2.6416214 77.99379   -0.2503732]
1.910133;76.81086;-0.2300231;[ 2.6404345  77.63492    -0.25037977]
1.420795;80.975136;-0.23396762;[ 2.655888   82.29556    -0.25031617]
1.8498933;77.25161;-0.22507267;[ 2.644381  78.817444  -0.2503613]
1.65396;73.726326;-0.23491348;[ 2.6308124  74.7188     -0.25041586]
1.537571;81.02589;-0.23864695;[ 2.6564064  82.448906   -0.25031608]
2.049205;77.198364;-0.22547178;[ 2.6449342 78.98169   -0.2503612]
2.280309;73.488945;-0.22376041;[ 2.6329312  75.35541    -0.25040883]
2.0630498;70.182526;-0.23143971;[ 2.6191852 71.20294   -0.2504637]
1.9193513;66.75388;-0.24285975;[ 2.6055236  67.07713    -0.25051823]
1.8053497;76.873116;-0.2237065;[ 2.6448665  78.96571    -0.25036144]
1.8433977;76.27162;-0.224395;[ 2.6418161  78.0384     -0.25037268]
1.8498445;76.43047;-0.22324228;[ 2.641195  77.85158   -0.2503755]
1.8581771;76.71563;-0.22348051;[ 2.6432183  78.46106    -0.25036618]
0.41942143;87.38447;-0.23570327;[ 2.6754882  88.22261    -0.25023904]
1.5474658;84.555214;-0.218481;[ 2.666355   85.46004    -0.25027508]
2.1831644;76.51232;-0.22451024;[ 2.6396391  77.38901    -0.25038382]
1.9354701;80.34746;-0.21887566;[ 2.6531115 81.458115  -0.250328 ]
1.802366;73.40947;-0.23024534;[ 2.630424   74.59712    -0.25041842]
1.6527357;77.24101;-0.22025096;[ 2.6432304  78.46449    -0.25036553]
1.6528484;76.49219;-0.22732662;[ 2.6409721 77.78714   -0.2503745]
2.0885055;69.573685;-0.22616257;[ 2.6191201  71.1782     -0.25046435]
0.3996284;87.17899;-0.24461015;[ 2.675521   88.23755    -0.25024235]
1.5844579;80.10279;-0.23286936;[ 2.6507444  80.75311    -0.25033864]
1.5499922;79.90651;-0.23904604;[ 2.6506174  80.71619    -0.25033903]
2.2838798;79.93484;-0.22299251;[ 2.6519952 81.129234  -0.2503355]
1.988231;76.603294;-0.23078598;[ 2.6395695  77.37758    -0.25038284]
1.9749801;76.16712;-0.23008467;[ 2.6394374 77.336365  -0.2503842]
1.4001573;80.15978;-0.23640436;[ 2.6536212  81.61138    -0.25032672]
1.9846671;76.86138;-0.22566369;[ 2.6424904  78.24794    -0.25037107]
1.5260338;80.041695;-0.24265808;[ 2.6540973  81.75307    -0.25032747]
1.8597997;73.23377;-0.23389556;[ 2.6281137  73.90479    -0.25043032]
1.8678875;72.911385;-0.23735744;[ 2.6302998  74.5635     -0.25042117]
2.0487053;76.39445;-0.22881375;[ 2.6420522  78.11401    -0.25037485]
1.7967942;73.11045;-0.24022737;[ 2.6281922  73.92869    -0.25042948]
2.2298605;69.80386;-0.23181711;[ 2.6171362  70.58768    -0.25047335]
2.1862075;69.28793;-0.2313276;[ 2.6182923  70.93633    -0.25046822]
1.9378858;65.92846;-0.2429855;[ 2.6045575 66.788345  -0.2505223]
1.5415418;80.39869;-0.23324423;[ 2.6547182 81.93384   -0.2503217]
2.0898857;76.561104;-0.22531635;[ 2.6422434  78.16513    -0.25037166]
1.8163985;73.2772;-0.23524654;[ 2.6295981  74.34633    -0.25042117]
1.8499889;76.45211;-0.2239408;[ 2.6434302 78.52553   -0.2503653]
2.1899674;76.76081;-0.223612;[ 2.6437373  78.61488    -0.25036502]
1.5379422;80.65805;-0.23159069;[ 2.652473   81.268585   -0.25033173]
1.8856778;83.90009;-0.22379355;[ 2.6654234 85.178894  -0.2502788]
1.6071916;83.49268;-0.22281367;[ 2.6650672 85.07353   -0.2502794]
1.7618272;76.58665;-0.22545838;[ 2.641157   77.85005    -0.25037596]
1.8852628;83.571526;-0.22405553;[ 2.6636906  84.65665    -0.25028622]
2.0683258;76.64141;-0.22565123;[ 2.6397674  77.429596   -0.25038254]
2.2506177;79.94532;-0.22507258;[ 2.6527452  81.348495   -0.25032926]
1.3223579;80.56292;-0.23076569;[ 2.6552603 82.10107   -0.2503178]
1.7247739;73.561745;-0.23137785;[ 2.6311429  74.81572    -0.25041467]
1.8762686;73.523155;-0.23072006;[ 2.630802  74.70891   -0.2504179]
0.3990023;87.58032;-0.24181797;[ 2.6765757  88.558075   -0.25023705]
1.9692333;76.37718;-0.23012923;[ 2.6400414  77.518715   -0.25038138]
1.8305609;76.550064;-0.2236952;[ 2.6430087  78.40631    -0.25036985]
1.8035706;73.19293;-0.23970172;[ 2.6288188  74.120575   -0.25042662]
0.40127885;87.72924;-0.23930115;[ 2.676664   88.58809    -0.25023714]
1.701729;76.39011;-0.22966433;[ 2.6409144  77.78166    -0.25037766]
1.7089467;73.1249;-0.239591;[ 2.627826   73.82946    -0.25042853]
1.6620152;77.03353;-0.22315592;[ 2.6422794  78.189064   -0.25037146]
1.5288787;80.57499;-0.23802152;[ 2.6550663  82.04898    -0.25032303]
1.8450665;73.550026;-0.23392363;[ 2.631985   75.07039    -0.25041312]
1.8209591;76.62405;-0.22508338;[ 2.6429508  78.3908     -0.25037062]
2.221703;69.63514;-0.23004885;[ 2.618737   71.06995    -0.25046703]
2.084439;79.076836;-0.22311732;[ 2.6512833 80.89688   -0.2503292]
1.8568637;85.89794;-0.22211258;[ 2.6723723  87.28038    -0.25024536]
0.45605755;89.94269;-0.2246383;[ 2.6849356 91.07824   -0.2501954]
1.8956496;77.53876;-0.23143455;[ 2.645478   79.1436     -0.25034046]
2.094601;70.74095;-0.23246448;[ 2.623032 72.34958  -0.250431]
3.813068;76.850365;-0.23559032;[ 2.641184   77.85016    -0.25036195]
3.3867044;73.40463;-0.24245538;[ 2.6276422 73.75911   -0.2504155]
3.5353868;73.83961;-0.23394099;[ 2.6314585 74.90197   -0.2504005]
0.455662;88.81045;-0.22821893;[ 2.6807609  89.813156   -0.25021142]
1.840759;74.47039;-0.23557596;[ 2.6318169  75.02197    -0.25040564]
1.9118726;74.70124;-0.22819108;[ 2.6365762 76.44523   -0.2503878]
2.307522;70.976494;-0.22815034;[ 2.6236725 72.54628   -0.250439 ]
1.863771;78.513405;-0.23980698;[ 2.649466   80.35978    -0.25033748]
1.8096293;84.93299;-0.22436284;[ 2.669588  86.442764  -0.2502567]
2.037869;78.05766;-0.22536851;[ 2.648474   80.05191    -0.25034052]
2.6837685;73.61845;-0.24329486;[ 2.6308358 74.736465  -0.2504125]
3.016838;80.77796;-0.241696;[ 2.6553876  82.1528     -0.25031763]
4.2533846;73.84341;-0.253358;[ 2.6322722 75.16701   -0.250408 ]
4.6306605;67.45767;-0.27111557;[ 2.6095243  68.2923     -0.25049475]
4.1174893;67.084274;-0.25825176;[ 2.609217  68.19184   -0.2504973]
2.526904;66.866035;-0.24425465;[ 2.60842    67.95142    -0.25050294]
3.0117419;73.6628;-0.24067262;[ 2.634003   75.67969    -0.25040266]
4.088841;67.17841;-0.25372523;[ 2.6095862  68.302956   -0.25049743]
3.4251208;69.261826;-0.24081592;[ 2.6169972  70.542076   -0.25046209]
4.5926;60.665527;-0.27257624;[ 2.5872939  61.56427    -0.25058427]
2.0751557;79.381935;-0.22344695;[ 2.652552  81.280594  -0.2503236]
1.8595636;71.181404;-0.23781617;[ 2.6264932 73.4022    -0.2504254]
1.8625791;86.31342;-0.22226334;[ 2.6739726  87.765564   -0.25023845]
1.834249;76.79803;-0.23555309;[ 2.643591  78.58516   -0.2503688]
1.5605102;83.65385;-0.24646506;[ 2.6659112  85.33377    -0.25028163]
1.8002877;77.22434;-0.23643936;[ 2.6405966  77.68179    -0.25038198]
1.7762996;76.732765;-0.24198201;[ 2.6403358  77.60996    -0.25038195]
1.5291985;83.55987;-0.24059017;[ 2.662774  84.40126   -0.2502914]
1.5346231;84.28561;-0.24480845;[ 2.6642985  84.84875    -0.25028756]
1.8014224;80.648895;-0.22509602;[ 2.653014  81.43776   -0.2503314]
1.4185326;83.78931;-0.23828936;[ 2.6655583  85.23007    -0.25028023]
2.052798;73.686455;-0.22599372;[ 2.6315002  74.92674    -0.25041735]
1.5345819;80.33191;-0.23807783;[ 2.6529999  81.43465    -0.25033045]
1.703543;76.39049;-0.22868086;[ 2.6405685  77.67827    -0.25037917]
1.5111842;80.14501;-0.23790513;[ 2.6511204  80.868774   -0.25033674]
1.974182;76.76443;-0.2305138;[ 2.6400785 77.531746  -0.2503807]
1.328782;80.32049;-0.23583426;[ 2.653883   81.69388    -0.25032526]
1.6563444;73.13622;-0.23762956;[ 2.6293335  74.27606    -0.25042275]
1.6731727;77.14185;-0.22399418;[ 2.6435063 78.55662   -0.250367 ]
1.679553;73.32407;-0.23582381;[ 2.629651  74.371765  -0.2504213]
1.8409529;76.62182;-0.2227436;[ 2.6428027  78.34238    -0.25037104]
2.035185;76.57302;-0.22819781;[ 2.6421375 78.14078   -0.2503741]
2.4316854;73.2611;-0.22409292;[ 2.6311147 74.80946   -0.2504178]
1.9351063;70.177605;-0.22956587;[ 2.6194675  71.291954   -0.25046337]
1.8158993;80.07075;-0.22605044;[ 2.656374   82.44041    -0.25031644]
1.8260937;77.25057;-0.23408596;[ 2.643669  78.599724  -0.2503659]
1.8524883;77.30411;-0.23598155;[ 2.6441865 78.754105  -0.2503659]
2.2587297;73.67125;-0.22893067;[ 2.6319597  75.06081    -0.25041392]
1.5573579;84.342026;-0.23413724;[ 2.6651073 85.089294  -0.2502811]
1.5651624;87.09254;-0.22490755;[ 2.6780164 88.98967   -0.2502304]
1.5518348;83.74017;-0.23763269;[ 2.6647277 84.97905   -0.2502818]
1.3479846;83.978355;-0.23552428;[ 2.667792  85.894196  -0.2502693]
1.8337908;84.20914;-0.22542594;[ 2.6656775  85.26108    -0.25027883]
1.8169861;77.336266;-0.22989006;[ 2.6426392  78.299416   -0.25036803]
1.6731849;73.80549;-0.2405913;[ 2.6288414 74.132645  -0.2504237]
1.3544428;81.20457;-0.23343006;[ 2.657145   82.67549    -0.25031087]
1.6380816;74.00502;-0.23630221;[ 2.632006   75.07951    -0.25041068]
1.5424773;80.90415;-0.23658694;[ 2.656805 82.56935  -0.250314]
2.017203;77.48078;-0.22556123;[ 2.6458006  79.24262    -0.25035712]
1.8074228;77.10422;-0.22567336;[ 2.644868  78.96362   -0.2503611]
2.0364444;77.19623;-0.2267395;[ 2.6441412  78.742615   -0.25036463]
1.7734811;73.9474;-0.23697397;[ 2.6313753  74.88737    -0.25041434]
2.4238796;72.9637;-0.2327695;[ 2.6303034  74.55025    -0.25040823]
2.4081457;76.76659;-0.22123331;[ 2.6405258 77.64846   -0.2503677]
2.394404;76.557106;-0.22359648;[ 2.6400142  77.48658    -0.25037006]
2.3306596;73.11706;-0.23565745;[ 2.6299791  74.45528    -0.25040823]
3.89547;77.86268;-0.24984796;[ 2.643581   78.5822     -0.25035864]
1.8811269;82.48253;-0.22919095;[ 2.66005    83.55852    -0.25028956]
4.267078;77.75837;-0.25128713;[ 2.6427503  78.33186    -0.25036192]
3.98418;74.482155;-0.26599297;[ 2.6308925  74.751045   -0.25040728]
1.5236626;79.37145;-0.2375931;[ 2.6508932 80.784     -0.2503238]
4.083119;74.65636;-0.26150644;[ 2.633679   75.58339    -0.25039577]
4.1895075;71.371864;-0.2557053;[ 2.6222057  72.11473    -0.25044137]
1.6517676;79.29611;-0.23877835;[ 2.6512308 80.88214   -0.2503244]
4.194751;74.60508;-0.2641138;[ 2.6338232  75.622635   -0.25039718]
2.092196;75.5852;-0.230541;[ 2.6388316  77.13574    -0.25037387]
3.9642563;67.614456;-0.2679926;[ 2.6089692 68.11545   -0.2504956]
2.9639685;78.013596;-0.2338066;[ 2.6451995 79.07039   -0.250356 ]
2.7261074;74.87426;-0.24131803;[ 2.6357157 76.19742   -0.2503914]
2.6375005;67.579445;-0.24875356;[ 2.6099155 68.39923   -0.2504947]
2.8330407;74.932686;-0.24280603;[ 2.636781  76.513794  -0.2503894]
3.7613595;71.462036;-0.23834114;[ 2.6268914  73.525955   -0.25042716]
2.7919393;67.58451;-0.2439979;[ 2.6127336 69.246414  -0.2504839]
1.7887015;75.90413;-0.23013777;[ 2.6395104  77.342285   -0.25037456]
1.9024355;76.17421;-0.22746134;[ 2.6369498 76.566086  -0.2503832]
2.1660323;69.079384;-0.22849958;[ 2.6148608 69.88073   -0.2504713]
1.4181144;81.60191;-0.22889426;[ 2.660842   83.791336   -0.25028875]
1.7538881;74.662865;-0.23295856;[ 2.6356845 76.18819   -0.2503904]
4.0067997;79.09523;-0.23323418;[ 2.6464682  79.4594     -0.25035137]
2.5618238;77.88445;-0.23310821;[ 2.6453824  79.13074    -0.25035584]
2.9826193;77.6081;-0.23507968;[ 2.6446805  78.920845   -0.25035924]
3.0324564;75.7351;-0.24355464;[ 2.6359994 76.296844  -0.2503895]
2.6641567;74.17864;-0.24302717;[ 2.631873   75.050964   -0.25040916]
2.9324453;72.33536;-0.25501353;[ 2.6237373  72.59219    -0.25043634]
3.0637102;76.30128;-0.23080474;[ 2.6376002  76.77995    -0.25038326]
4.0283036;71.65531;-0.23620597;[ 2.6244802  72.805435   -0.25043705]
2.9817781;72.495186;-0.24721578;[ 2.6268253 73.51961   -0.250424 ]
2.754018;71.04687;-0.23534977;[ 2.6234589  72.49516    -0.25044212]
2.4523985;67.62431;-0.24655984;[ 2.611522   68.88513    -0.25048885]
2.8612254;74.63162;-0.23918475;[ 2.635084   76.01053    -0.25039747]
4.0519624;67.745995;-0.25318688;[ 2.6111803  68.78446    -0.25049195]
2.4522848;67.7686;-0.24216412;[ 2.6127884 69.26639   -0.2504849]
2.5358753;70.90138;-0.23442976;[ 2.6236475 72.55277   -0.2504421]
3.0275574;65.462074;-0.25637618;[ 2.601739   65.93354    -0.25052467]
2.0292246;80.539154;-0.22929627;[ 2.655328   82.13559    -0.25032324]
1.8310905;77.22051;-0.23554271;[ 2.6447296  78.92645    -0.25036553]
1.5640023;84.39535;-0.23610282;[ 2.6661713 85.41655   -0.2502792]
1.8016709;77.354485;-0.23652911;[ 2.6442618  78.78636    -0.25036505]
1.7931654;80.728325;-0.22412638;[ 2.6540596  81.757355   -0.25032794]
1.5268998;84.08358;-0.23946224;[ 2.6641674  84.820724   -0.25028637]
1.6447688;77.15898;-0.24274643;[ 2.6411762  77.86606    -0.25037727]
1.3308966;84.29414;-0.2370773;[ 2.6666708  85.566086   -0.25027657]
1.6353332;77.334656;-0.23677355;[ 2.642462  78.24686   -0.2503731]
1.6256783;77.32632;-0.23784292;[ 2.6424944  78.25392    -0.25037146]
2.0435853;73.810295;-0.2251344;[ 2.6329086 75.35359   -0.2504113]
2.03365;70.426865;-0.24189083;[ 2.619487   71.30116    -0.25046387]
0.45077515;89.44616;-0.23103413;[ 2.6844563 90.94078   -0.2501971]
1.8628749;78.563255;-0.23792824;[ 2.6485474  80.08419    -0.25034085]
1.5358809;81.998856;-0.23287855;[ 2.6583204  83.04274    -0.25029984]
1.4489636;82.193596;-0.23067133;[ 2.6611705  83.895454   -0.25028807]
0.38419676;91.35788;-0.24881573;[ 2.6884696 92.17108   -0.2501931]
1.4782935;84.24015;-0.24012126;[ 2.6662595 85.4435    -0.2502801]
1.6630292;77.13615;-0.24019206;[ 2.6417646  78.040146   -0.25037238]
1.3877285;84.41659;-0.23831831;[ 2.6660209  85.380455   -0.25028008]
1.6305035;77.68946;-0.23521733;[ 2.6436992  78.61769    -0.25036693]
1.7786651;77.4396;-0.23801418;[ 2.6408808  77.77466    -0.25038096]
1.9034761;70.633766;-0.241817;[ 2.619379   71.266235   -0.25046423]
1.9103051;74.08312;-0.22774924;[ 2.6336567  75.57779    -0.25040686]
1.5389065;80.726295;-0.233294;[ 2.6556127  82.204895   -0.25031742]
2.4271333;72.98589;-0.22646122;[ 2.632196  75.12598   -0.2504105]
1.9157579;66.352486;-0.24504343;[ 2.6075778  67.69217    -0.25050712]
1.9518216;76.907166;-0.22686046;[ 2.6428115 78.339775  -0.2503677]
1.8547963;76.23261;-0.22423835;[ 2.6439369  78.67758    -0.25036374]
1.5541865;80.24962;-0.2307991;[ 2.6520875  81.15466    -0.25032943]
1.347129;80.15818;-0.23201975;[ 2.6544368 81.85326   -0.2503212]
1.7337794;73.454765;-0.23047587;[ 2.6303663 74.58276   -0.2504171]
1.917246;73.57388;-0.23075128;[ 2.6314957  74.91847    -0.25041416]
2.0182784;69.661705;-0.22673835;[ 2.619892   71.41298    -0.25045994]
3.1298566;71.29805;-0.22243772;[ 2.6218219 71.988014  -0.2504449]
1.5423723;80.21218;-0.23314664;[ 2.654418   81.84422    -0.25032315]
1.8643609;76.42103;-0.2231846;[ 2.6441836  78.75209    -0.25036246]
1.7608732;73.21998;-0.2344901;[ 2.6278887 73.84033   -0.2504283]
1.2913413;80.63621;-0.23011269;[ 2.655186   82.07689    -0.25031784]
2.0153553;66.3356;-0.23574153;[ 2.6051278 66.95366   -0.2505203]
1.5809877;83.21937;-0.22478867;[ 2.6638453  84.71043    -0.25028813]
1.6697023;76.56573;-0.22540574;[ 2.6414638 77.93848   -0.250375 ]
1.8707851;76.270195;-0.22400708;[ 2.6425045  78.251526   -0.25037256]
2.0305037;66.22297;-0.2388217;[ 2.6066134  67.4048     -0.25051337]
2.7149415;73.74221;-0.23632006;[ 2.6321821  75.13457    -0.25040314]
3.1469438;70.17546;-0.23729011;[ 2.6208706  71.70706    -0.25044832]
2.7091804;71.80366;-0.23333077;[ 2.6243987  72.7833     -0.25042942]
2.9052424;63.136086;-0.24200842;[ 2.5949383  63.87034    -0.25055352]
1.5463604;80.207794;-0.23521137;[ 2.653457   81.55313    -0.25032735]
0.41957116;87.36344;-0.23620836;[ 2.6751068  88.1069     -0.25024143]
1.5960591;83.715096;-0.2236;[ 2.6643052  84.845184   -0.25028348]
1.6021264;83.74499;-0.2245428;[ 2.6645029 84.90469   -0.2502829]
1.2977506;80.09971;-0.23171958;[ 2.652336   81.21817    -0.25032997]
1.7647378;73.16474;-0.23256803;[ 2.6289198  74.1398     -0.25042504]
1.6552738;76.47116;-0.22738485;[ 2.6407394  77.71661    -0.25037596]
1.9156066;73.15147;-0.2325954;[ 2.6314347  74.896255   -0.25041574]
2.065539;69.47492;-0.22720693;[ 2.619039   71.15492    -0.25046355]
2.0929468;66.26925;-0.23481725;[ 2.605593   67.090775   -0.25051838]
1.7197747;74.28379;-0.22720534;[ 2.6339097  75.64548    -0.25039336]
1.5384839;78.04846;-0.22450264;[ 2.6470428  79.609665   -0.25034207]
1.8921003;74.48118;-0.2233873;[ 2.6364768  76.418045   -0.25038323]
0.3988856;87.21702;-0.24078846;[ 2.6753752  88.196594   -0.25024283]
1.5787586;83.85621;-0.2226996;[ 2.6644192  84.88649    -0.25028524]
1.5723256;80.14199;-0.23395438;[ 2.6509469  80.8183     -0.25033808]
1.5836005;83.60075;-0.22550842;[ 2.6647456  84.9862     -0.25028387]
1.7176231;73.04929;-0.23926276;[ 2.6275544  73.747284   -0.25043088]
1.3283131;80.26411;-0.23447783;[ 2.6529655  81.416664   -0.25032988]
1.7034098;73.13346;-0.23458205;[ 2.628686   74.079155   -0.25042713]
1.8385417;76.57029;-0.22409797;[ 2.6422708  78.18701    -0.25037286]
1.8907185;73.11323;-0.23295632;[ 2.6308582 74.729324  -0.2504188]
1.8517464;73.25385;-0.2349791;[ 2.6284535  74.01093    -0.25042912]
1.8536545;76.597786;-0.2254559;[ 2.6433856  78.52013    -0.25036833]
1.9590135;66.39634;-0.24045856;[ 2.6053205  67.01588    -0.25051954]
1.5913911;79.96526;-0.2357688;[ 2.6518328  81.08066    -0.25033528]
1.6687536;77.012825;-0.2228772;[ 2.6431139  78.43614    -0.25036922]
1.6644342;76.71381;-0.224422;[ 2.6419318 78.08153   -0.2503733]
1.8718498;72.92089;-0.2347577;[ 2.6303573  74.580154   -0.25042018]
1.5258454;80.049706;-0.24268258;[ 2.6540236  81.73074    -0.25032777]
1.876127;76.86791;-0.219973;[ 2.6442192 78.76714   -0.2503664]
1.8458368;73.14965;-0.2360945;[ 2.6281066 73.903336  -0.25043  ]
2.878739;70.3063;-0.22859767;[ 2.6211612  71.79889    -0.25044662]
3.1015337;70.032425;-0.23688118;[ 2.6199083  71.41738    -0.25045156]
2.7113807;66.836525;-0.23665829;[ 2.611289   68.80545    -0.25048497]
1.8446295;76.48889;-0.22225896;[ 2.6410785  77.81645    -0.25037602]
1.5767047;83.48145;-0.22125329;[ 2.6627278  84.36804    -0.25028956]
1.6188195;80.65725;-0.23304601;[ 2.6527307  81.34482    -0.25033155]
1.5457575;84.5091;-0.21720895;[ 2.666699   85.5635     -0.25027326]
1.9365692;80.339325;-0.21887317;[ 2.653319   81.52075    -0.25032708]
1.6660688;77.0366;-0.22430971;[ 2.640901  77.77069   -0.2503753]
2.1590638;73.49798;-0.2200101;[ 2.6321607 75.116005  -0.250411 ]
2.0949004;70.06482;-0.22610947;[ 2.6206489  71.63623    -0.25045663]
4.184124;74.443245;-0.2401399;[ 2.633963  75.67388   -0.2503945]
2.8134515;69.82454;-0.24080862;[ 2.6158507  70.199295   -0.25046882]
2.8110754;62.854404;-0.24190205;[ 2.5936475  63.479095   -0.25055882]
1.8687865;76.81704;-0.22116339;[ 2.6432097  78.45706    -0.25036693]
1.8432506;76.3756;-0.22341901;[ 2.6414373 77.92447   -0.2503743]
1.8319356;76.415146;-0.22471444;[ 2.6419396  78.07733    -0.25037116]
1.5886112;83.346634;-0.22370876;[ 2.663535   84.61249    -0.25028512]
1.8342009;76.64645;-0.2262312;[ 2.6404994  77.64829    -0.25037774]
1.6283225;80.656235;-0.23291482;[ 2.6529026 81.39737   -0.2503302]
1.844124;73.39354;-0.23346101;[ 2.6271873 73.625175  -0.2504306]
1.6719393;76.626;-0.22521043;[ 2.6411545 77.841034  -0.2503747]
1.9788723;73.50617;-0.23193559;[ 2.6312158 74.831985  -0.2504164]
1.8386232;76.52027;-0.22359858;[ 2.6437335  78.61952    -0.25036448]
1.7626667;73.188194;-0.23421493;[ 2.6272938  73.662735   -0.25043035]
1.9126239;73.22492;-0.23168598;[ 2.6306157 74.65293   -0.2504195]
1.6527381;81.315704;-0.22302353;[ 2.6574128  82.7532     -0.25029978]
1.9105954;74.29412;-0.22299077;[ 2.635937   76.25088    -0.25038466]
1.8286257;76.744934;-0.22226374;[ 2.6448104 78.94069   -0.2503589]
1.9164038;66.370476;-0.24469833;[ 2.6064641  67.35743    -0.25051185]
1.5376899;80.65804;-0.23159069;[ 2.6525211  81.2827     -0.25033155]
1.7502694;76.66927;-0.22493891;[ 2.6413145 77.8955    -0.2503751]
1.9274073;76.62824;-0.23104472;[ 2.640981   77.79534    -0.25037462]
1.7241774;73.56172;-0.23137785;[ 2.6311522  74.81842    -0.25041464]
1.6571612;76.69598;-0.22650093;[ 2.6438353 78.64914   -0.2503626]
2.0104234;69.687515;-0.22608076;[ 2.619572  71.31654   -0.2504618]
2.2771442;69.72159;-0.22620136;[ 2.6184127 70.966415  -0.2504676]
1.7114172;73.19177;-0.23952667;[ 2.627572   73.75275    -0.25043026]
1.6964998;73.370224;-0.23479582;[ 2.629664   74.37369    -0.25042236]
1.8910327;73.527336;-0.23279095;[ 2.6314888  74.92051    -0.25041616]
0.4378072;83.37577;-0.23100248;[ 2.6619213 84.11743   -0.2502907]
1.6327543;79.45501;-0.21938404;[ 2.6498766  80.48053    -0.25033826]
1.5984945;76.04131;-0.22809362;[ 2.6364622  76.42642    -0.25039133]
1.7106355;72.59262;-0.22554773;[ 2.6282852  73.94996    -0.25042233]
1.8951752;72.397934;-0.2223831;[ 2.6282487 73.93576   -0.2504248]
1.899812;72.46243;-0.22038972;[ 2.6282246 73.92827   -0.2504247]
1.8978939;72.649765;-0.22402741;[ 2.6302764  74.5468     -0.25041506]
2.1847415;68.75708;-0.2269756;[ 2.6173382  70.6384     -0.25046724]
0.4378085;83.37783;-0.23108374;[ 2.6619403  84.12329    -0.25029057]
1.6393181;79.29342;-0.22160973;[ 2.650202  80.578476  -0.2503369]
1.6392957;79.91325;-0.2202633;[ 2.6512625  80.89965    -0.25033304]
1.9304086;72.79534;-0.21995802;[ 2.6296718  74.36261    -0.25041863]
0.47757602;85.0236;-0.22438724;[ 2.667909   85.92609    -0.25025886]
1.6438702;80.76011;-0.22272456;[ 2.6556299  82.21503    -0.25030726]
1.5944009;77.686165;-0.2275427;[ 2.6415234  77.95389    -0.25036356]
1.4281391;77.75616;-0.22417134;[ 2.6451714 79.04747   -0.250348 ]
1.7825263;70.286804;-0.22870679;[ 2.621876  72.01245   -0.2504435]
1.5395823;77.877815;-0.22361916;[ 2.6462364  79.364815   -0.25034502]
2.055272;70.17029;-0.22542465;[ 2.6231022  72.382614   -0.25043854]
1.5456765;80.13201;-0.23474184;[ 2.65064  80.72237  -0.250339]
1.7013867;76.814354;-0.22860974;[ 2.640738   77.72923    -0.25037804]
1.8433931;76.5635;-0.2209332;[ 2.6425114 78.25719   -0.2503714]
1.9389162;70.091;-0.2295915;[ 2.6182852  70.93347    -0.25046858]
1.5420867;80.4058;-0.23238052;[ 2.6547182 81.934135  -0.2503211]
1.8768666;76.970505;-0.22181554;[ 2.645034   79.0065     -0.25035873]
0.40582502;87.51548;-0.23332863;[ 2.6765008  88.52695    -0.25023443]
1.5407171;80.65389;-0.23135184;[ 2.6525016  81.27708    -0.25033125]
1.6143572;84.03019;-0.22180547;[ 2.666645   85.54857    -0.25027308]
1.3165336;80.574745;-0.23109649;[ 2.6551733  82.07504    -0.25031778]
2.029701;70.30866;-0.22482556;[ 2.6213298  71.84426    -0.25045437]
1.8468312;76.646675;-0.22235279;[ 2.6440039  78.698235   -0.25036314]
1.5343705;80.63006;-0.23093764;[ 2.6525     81.27695    -0.25033152]
1.5974402;83.659225;-0.2212247;[ 2.6658185  85.29832    -0.25027612]
1.7569276;73.536285;-0.23492512;[ 2.6295273  74.33387    -0.25042167]
1.2942588;80.86259;-0.2305899;[ 2.6556647  82.2249     -0.25031543]
1.7056623;73.57221;-0.23283184;[ 2.6311493  74.81886    -0.25041455]
1.8281462;66.48565;-0.24000955;[ 2.6073294 67.61785   -0.2505083]
2.0078876;66.49535;-0.23547931;[ 2.6059902 67.21483   -0.2505161]
1.5936128;83.32339;-0.22281736;[ 2.6641388  84.80025    -0.25028563]
1.6749969;73.01397;-0.23794025;[ 2.6293423  74.28647    -0.25042376]
1.891099;73.31113;-0.23192222;[ 2.6311178  74.811615   -0.25041667]
1.940555;65.93219;-0.23781627;[ 2.6079237 67.801636  -0.2505082]
1.8381335;73.3724;-0.23293534;[ 2.6282632 73.95135   -0.2504291]
1.9161907;66.10897;-0.23830989;[ 2.6051586 66.96695   -0.2505204]
1.619195;80.43398;-0.23264964;[ 2.6531203  81.47027    -0.25032982]
1.5241263;80.41804;-0.24035935;[ 2.6549363  82.00633    -0.25032318]
1.8547194;76.615166;-0.22043997;[ 2.6427743 78.33424   -0.2503712]
1.8667452;73.16726;-0.23553139;[ 2.6320276 75.084595  -0.2504124]
2.1828604;69.48711;-0.23020963;[ 2.6193933  71.268166   -0.25046265]
0.40160728;87.69759;-0.23803723;[ 2.676645   88.58266    -0.25023678]
1.6177237;80.700356;-0.23301174;[ 2.653259  81.5121    -0.2503292]
1.6951561;73.37625;-0.23524348;[ 2.629583   74.35022    -0.25042197]
1.8390322;76.655975;-0.22258793;[ 2.6423326  78.20169    -0.25037262]
1.8613019;77.44128;-0.21914545;[ 2.6449945  79.004196   -0.25036126]
3.3442962;71.42806;-0.22517762;[ 2.6240804  72.684204   -0.25043482]
1.5975108;77.33738;-0.23455425;[ 2.6423953  78.206314   -0.25036624]
1.8653466;73.28867;-0.22555809;[ 2.629711   74.37356    -0.25041685]
2.4572988;71.744225;-0.22693208;[ 2.6239557  72.63754    -0.25043532]
1.9674615;70.737434;-0.23947862;[ 2.6222932 72.13589   -0.2504448]
1.7922714;78.25005;-0.21828853;[ 2.6483762  80.01341    -0.25033924]
1.7280568;74.708855;-0.22947322;[ 2.6351368  76.01717    -0.25039205]
1.5721633;81.71009;-0.23063642;[ 2.6577885  82.87896    -0.25030467]
1.6942825;74.99108;-0.23690449;[ 2.635173   76.04208    -0.25039166]
1.8355742;74.944496;-0.23150113;[ 2.633443   75.512634   -0.25040135]
1.5350802;81.69111;-0.23163804;[ 2.66028    83.625275   -0.25029463]
1.8557119;74.89007;-0.23049167;[ 2.636415  76.40788   -0.2503885]
1.7033004;77.13098;-0.2365878;[ 2.643843   78.67189    -0.25036713]
0.3648442;90.68128;-0.25250858;[ 2.6881938 92.08834   -0.2501953]
1.5178922;83.9823;-0.23819889;[ 2.6642587  84.85443    -0.25028798]
1.661693;77.43874;-0.23876412;[ 2.6429877  78.416534   -0.25036985]
1.6200067;76.895966;-0.23965777;[ 2.6401749 77.57385   -0.2503825]
1.6379068;76.44869;-0.23862463;[ 2.6420267  78.12679    -0.25037637]
1.6291826;76.79488;-0.2380308;[ 2.6418283 78.07217   -0.2503777]
1.8040494;77.26629;-0.23744571;[ 2.640499   77.66884    -0.25038323]
1.9062078;69.68306;-0.23822764;[ 2.6211488  71.80348    -0.25045767]
2.0518544;70.35604;-0.23742558;[ 2.6204705  71.58505    -0.25045916]
1.5641452;84.445496;-0.2357271;[ 2.6672559  85.73059    -0.25027427]
1.8225331;77.39884;-0.23476091;[ 2.642416  78.22351   -0.2503728]
1.8058687;77.61931;-0.23372003;[ 2.6443958  78.81738    -0.25036377]
1.8719311;77.59318;-0.23308948;[ 2.6434958  78.55326    -0.25036994]
0.39233923;91.56477;-0.23658463;[ 2.688919   92.28772    -0.25018832]
1.8286028;77.421005;-0.23489797;[ 2.6431813  78.4632     -0.25037098]
1.5331646;84.44663;-0.2337771;[ 2.6654825  85.20328    -0.25028148]
1.7859802;77.31195;-0.23649871;[ 2.643468  78.54613   -0.2503688]
1.8017588;77.30932;-0.23609826;[ 2.6426573 78.299126  -0.2503705]
1.7776992;80.99797;-0.21903768;[ 2.6569645  82.61839    -0.25031325]
2.2998052;66.96201;-0.22971177;[ 2.610241  68.49656   -0.2505005]
1.7761738;77.44906;-0.23618436;[ 2.6442468  78.78293    -0.25036576]
1.5043045;84.26622;-0.23628922;[ 2.6655216 85.224884  -0.2502828]
1.6977072;77.724144;-0.23639995;[ 2.643455   78.552895   -0.25036967]
2.9978633;78.911835;-0.23705272;[ 2.6465907  79.49303    -0.25035062]
2.9516923;75.729454;-0.2229176;[ 2.635854  76.24728   -0.2503931]
1.597275;82.80401;-0.2243711;[ 2.6654887  85.19649    -0.25027362]
1.8514605;76.538956;-0.22984767;[ 2.642179   78.148026   -0.25036514]
2.9805717;72.01551;-0.23650262;[ 2.625465   73.094894   -0.25043303]
2.8154755;73.88748;-0.24189277;[ 2.6302943 74.572075  -0.2504163]
3.6994977;77.91962;-0.238376;[ 2.6432664 78.49414   -0.2503645]
3.9434848;74.17557;-0.2567621;[ 2.6320732 75.11514   -0.2504072]
2.8422787;75.66358;-0.2435295;[ 2.6365461  76.46711    -0.25038558]
2.7818763;71.77166;-0.2568019;[ 2.623815   72.61908    -0.25043663]
3.6318357;70.58083;-0.24541503;[ 2.6194124  71.28032    -0.25045964]
2.9179692;73.97236;-0.24038784;[ 2.632843   75.33751    -0.25040543]
2.6487274;70.737755;-0.23888494;[ 2.6223261  72.15474    -0.25044677]
2.4699364;66.72809;-0.24698104;[ 2.6075227  67.681915   -0.25050768]
2.627932;72.2407;-0.24896546;[ 2.6250978  73.001884   -0.25043294]
3.6922412;70.95564;-0.23984663;[ 2.6220477 72.07199   -0.2504491]
2.5919695;68.90167;-0.2447935;[ 2.6141093  69.676125   -0.25047615]
2.629816;68.32004;-0.23702748;[ 2.6144898 69.78464   -0.2504735]
2.0555608;74.15545;-0.23184514;[ 2.6303592  74.58824    -0.25042245]
1.8867638;70.47302;-0.24439906;[ 2.6178935 70.81922   -0.2504705]
0.3842256;91.12571;-0.24674521;[ 2.6879814  92.013      -0.25019428]
1.5877153;84.414314;-0.24225569;[ 2.664546   84.925674   -0.25028738]
1.8099467;76.90587;-0.23877586;[ 2.6404762  77.65141    -0.25038257]
1.3479795;84.149315;-0.23746866;[ 2.665695   85.27156    -0.25028086]
2.0651093;70.52425;-0.23752977;[ 2.6173704  70.6602     -0.25047424]
1.5664539;80.38529;-0.2369777;[ 2.6529222  81.413605   -0.25033107]
2.0123281;76.85854;-0.23035091;[ 2.6419463  78.092094   -0.25037512]
1.7158144;72.867775;-0.24075063;[ 2.6297781  74.41693    -0.25042248]
2.004552;76.915306;-0.22934067;[ 2.6395166  77.35829    -0.25038397]
1.7114298;73.20313;-0.23955756;[ 2.6272902  73.665726   -0.25043145]
1.6939006;76.84289;-0.22952284;[ 2.639809   77.44686    -0.25038216]
1.6560229;73.25915;-0.2388578;[ 2.6293602 74.28741   -0.2504235]
2.1672165;77.11632;-0.22648409;[ 2.6434672  78.54233    -0.25036928]
1.8538628;73.23716;-0.23638712;[ 2.6314583  74.915474   -0.25041586]
1.834671;73.42738;-0.23519228;[ 2.6320207 75.07959   -0.2504129]
2.2466235;70.01917;-0.23029079;[ 2.6207473  71.67288    -0.25045776]
1.9722013;66.12986;-0.24060836;[ 2.6084862  67.96909    -0.25050527]
1.870229;77.55802;-0.23319991;[ 2.6443357 78.80242   -0.2503656]
2.0237;70.604515;-0.23697506;[ 2.6186051 71.027016  -0.2504679]
2.033815;70.456764;-0.23674655;[ 2.621952 72.02968  -0.250452]
0.3937037;91.35429;-0.23672359;[ 2.6893144  92.40671    -0.25018668]
1.5702344;83.834114;-0.23486425;[ 2.666381   85.47243    -0.25027728]
1.5397019;84.18544;-0.23372169;[ 2.6649837  85.05058    -0.25028214]
1.7651386;77.580864;-0.23570853;[ 2.641129   77.84152    -0.25037688]
1.315432;84.32333;-0.23306182;[ 2.6678412 85.91025   -0.2502701]
4.234928;78.13984;-0.24854134;[ 2.6433372 78.51042   -0.2503579]
4.233438;78.536995;-0.24997132;[ 2.6443577 78.81839   -0.2503551]
1.6243612;79.23807;-0.23950174;[ 2.6491184  80.25653    -0.25033268]
3.961028;74.51068;-0.26463905;[ 2.6317217 75.00023   -0.2504054]
1.687393;72.23618;-0.24565582;[ 2.625518  73.11784   -0.2504261]
4.264006;74.777245;-0.26188526;[ 2.6333506 75.4837    -0.2503988]
4.2589865;71.17889;-0.24974957;[ 2.6217308 71.97172   -0.250444 ]
4.139703;71.46038;-0.24987501;[ 2.6227603  72.27976    -0.25044057]
4.2675667;71.1657;-0.24874589;[ 2.6219401  72.03374    -0.25044397]
1.8681211;72.575386;-0.23969346;[ 2.625413   73.083466   -0.25042748]
4.008096;67.72853;-0.26481134;[ 2.607722   67.737656   -0.25050145]
4.1977234;72.73647;-0.22632255;[ 2.6280193  73.861496   -0.25041932]
2.775539;75.03423;-0.2406966;[ 2.6350787  76.00771    -0.25039467]
3.7436533;71.42367;-0.24129963;[ 2.6266742  73.466805   -0.25042734]
2.7901547;67.98979;-0.24231254;[ 2.6101713  68.475044   -0.25049585]
1.4895854;81.658165;-0.22943923;[ 2.6566615  82.537125   -0.25030747]
0.43911505;88.67941;-0.2315203;[ 2.6814103  90.018326   -0.25021082]
1.5567813;81.281456;-0.23189297;[ 2.6575665 82.80963   -0.2503057]
1.6452799;74.42957;-0.23509054;[ 2.6339688 75.67348   -0.2503983]
3.7229552;78.91412;-0.23918973;[ 2.6455922  79.19745    -0.25035518]
2.5436769;79.80182;-0.24964736;[ 2.6492386  80.30435    -0.25033653]
2.572294;77.86211;-0.22984436;[ 2.645094  79.04283   -0.2503571]
3.9037287;70.91804;-0.2527032;[ 2.6224227  72.19348    -0.25044578]
2.6841273;75.69019;-0.23638548;[ 2.6346736 75.89743   -0.2503939]
3.8845203;71.20597;-0.24296062;[ 2.6220987  72.09604    -0.25044772]
3.760208;71.431496;-0.24229103;[ 2.622954   72.34704    -0.25044402]
3.7051444;71.75731;-0.23965907;[ 2.6239202 72.63641   -0.250441 ]
2.5035863;72.66604;-0.24868551;[ 2.6276171  73.75858    -0.25042206]
3.7769513;67.54865;-0.25772104;[ 2.611638  68.92606   -0.2504891]
2.5018082;70.85437;-0.23105615;[ 2.6232443  72.43115    -0.25044388]
2.6079867;67.446945;-0.24258442;[ 2.6120815  69.05495    -0.25048715]
3.9505544;64.01247;-0.25408587;[ 2.601167   65.75917    -0.25052992]
2.6978948;68.73256;-0.23755644;[ 2.612387   69.152466   -0.25048375]
3.7067695;64.42955;-0.24720709;[ 2.597932  64.77942   -0.2505446]
1.8116933;77.24005;-0.23770708;[ 2.6449184  78.98361    -0.25036323]
2.0703104;73.797005;-0.23063408;[ 2.633502   75.53482    -0.25040808]
1.8860586;70.48524;-0.2442221;[ 2.6184719  70.99288    -0.25046828]
1.542011;84.09771;-0.23669256;[ 2.6663444 85.47161   -0.2502793]
1.5066327;84.27085;-0.23681957;[ 2.6635354  84.625046   -0.25028947]
1.7939769;77.483246;-0.2374796;[ 2.6410413 77.82306   -0.2503792]
1.8872794;74.31014;-0.22290145;[ 2.6346138  75.86716    -0.25040308]
1.615449;77.26818;-0.2394665;[ 2.6420982  78.14104    -0.25037447]
1.6232392;77.13954;-0.24057192;[ 2.6417828  78.046555   -0.25037616]
2.0703905;70.353676;-0.2369462;[ 2.6225302  72.21134    -0.25045127]
1.6422884;74.94303;-0.23509225;[ 2.6357722 76.21973   -0.25039  ]
2.0047455;70.694824;-0.23844236;[ 2.6237137 72.57303   -0.2504408]
0.37431908;91.38828;-0.2490902;[ 2.6888227  92.27809    -0.25019243]
1.6253179;76.75561;-0.23982517;[ 2.6421263 78.15338   -0.2503724]
1.5282581;83.97626;-0.23920232;[ 2.6655262  85.23633    -0.25028402]
1.6817868;77.04911;-0.24040979;[ 2.6428025  78.35849    -0.25037333]
1.6762102;77.5482;-0.23913334;[ 2.641351   77.92474    -0.25037834]
1.610524;77.1672;-0.2415947;[ 2.6421018  78.155136   -0.25037628]
1.7712853;77.54859;-0.2380826;[ 2.6417308  78.02986    -0.25037885]
1.8010602;77.1965;-0.23897465;[ 2.6442976  78.80897    -0.25036657]
1.9403999;70.391335;-0.240251;[ 2.6219287  72.03502    -0.25045416]
1.923478;70.83389;-0.24031466;[ 2.6190014  71.15863    -0.25046748]
1.5906785;84.31472;-0.21994396;[ 2.6657214  85.281075   -0.25027925]
1.6117108;80.352425;-0.23303346;[ 2.6529982 81.43244   -0.2503313]
1.8396573;76.68629;-0.22193307;[ 2.6425958 78.28232   -0.2503721]
1.8562222;77.24274;-0.21991214;[ 2.6442492 78.78015   -0.250364 ]
1.8865664;73.44788;-0.2322459;[ 2.6317294  74.992485   -0.25041485]
2.2167463;70.02326;-0.22947139;[ 2.6205888 71.62506   -0.2504588]
0.3982786;87.64245;-0.23806252;[ 2.6764364 88.518906  -0.2502375]
1.7142162;73.35115;-0.23884389;[ 2.6269822  73.5699     -0.25043222]
1.673401;77.30691;-0.2213305;[ 2.643124   78.443665   -0.25036818]
1.523073;80.48925;-0.23694713;[ 2.654788   81.96489    -0.25032336]
1.941031;69.6939;-0.23019478;[ 2.6194925  71.2965     -0.25046173]
1.9566318;66.459755;-0.2402821;[ 2.6049774  66.91005    -0.25052094]
1.8384826;77.296104;-0.23449531;[ 2.6443458  78.808266   -0.25036535]
1.7984949;80.69193;-0.22321436;[ 2.6546931  81.94478    -0.25032523]
0.3974539;91.664024;-0.24210495;[ 2.6887422 92.24365   -0.250191 ]
1.7988842;77.41137;-0.23620214;[ 2.6409612  77.794876   -0.25037926]
1.9136817;77.312035;-0.2374191;[ 2.6448753  78.97452    -0.25036553]
2.105984;62.76216;-0.24490333;[ 2.5967135  64.405334   -0.25055215]
4.2765985;72.18923;-0.24846762;[ 2.6257265  73.1838     -0.25042737]
3.2334993;84.60383;-0.22950383;[ 2.6687014  86.1825     -0.25025836]
4.413631;78.68513;-0.24612583;[ 2.6471517 79.66585   -0.2503422]
4.253783;79.42753;-0.21149549;[ 2.648578  80.09415   -0.2503368]
5.134271;76.25097;-0.23010138;[ 2.6369977  76.59432    -0.25038204]
1.9426788;79.9289;-0.22508699;[ 2.6543958  81.84495    -0.25032192]
1.8336807;80.190056;-0.22912;[ 2.6547863 81.96042   -0.2503186]
1.5482717;86.697975;-0.22723968;[ 2.6761255  88.415825   -0.25023377]
2.1849284;79.68333;-0.22174342;[ 2.652909   81.39407    -0.25032535]
1.8712577;79.73855;-0.21694319;[ 2.654354   81.83015    -0.25031847]
1.5442033;82.19302;-0.22598274;[ 2.660664  83.746635  -0.2502942]
1.9485371;79.62101;-0.22388363;[ 2.6520784  81.14003    -0.25032982]
1.6324503;86.389984;-0.22312096;[ 2.6758118  88.32042    -0.25023618]
1.8698394;79.67918;-0.21682961;[ 2.6541455  81.766685   -0.25031888]
2.1419857;79.650826;-0.22166614;[ 2.6532354 81.49206   -0.2503234]
0.4562266;89.5056;-0.2199533;[ 2.6857843  91.33696    -0.25019413]
3.1277258;78.19263;-0.23165725;[ 2.6464097 79.438736  -0.2503465]
3.0229158;82.262474;-0.2379012;[ 2.6601648  83.59785    -0.25028726]
4.5598893;79.103935;-0.24585304;[ 2.6464162  79.4424     -0.25034463]
3.4893942;79.57737;-0.22469237;[ 2.651338  80.93061   -0.2503221]
5.4812746;76.41113;-0.23304692;[ 2.6374934 76.745674  -0.2503798]
4.4915333;75.50187;-0.21962543;[ 2.6373875 76.71135   -0.2503823]
1.628052;86.836586;-0.22310257;[ 2.677163   88.72937    -0.25023046]
1.8206911;80.351906;-0.23002303;[ 2.656479   82.47097    -0.25031215]
1.9544562;80.24385;-0.22543576;[ 2.6570103 82.63264   -0.2503114]
4.1610603;85.80019;-0.24824527;[ 2.6741517  87.835915   -0.25022817]
3.734033;72.82195;-0.2573502;[ 2.6296153  74.35939    -0.25040483]
3.1639926;85.98568;-0.23199709;[ 2.6727953  87.41597    -0.25023988]
4.422285;83.4674;-0.22347724;[ 2.6627955  84.3929     -0.25027856]
4.1384106;83.622284;-0.21712829;[ 2.6625965  84.33052    -0.25027987]
3.7901752;77.15974;-0.22397229;[ 2.6404784  77.63564    -0.25036713]
1.5953436;83.03651;-0.22252946;[ 2.6652522  85.13274    -0.25027734]
3.4746313;71.26961;-0.19143113;[ 2.6220613 72.068634  -0.25043  ]
5.9392753;66.931175;-0.24390592;[ 2.6090248  68.128006   -0.25048533]
3.3953257;77.70767;-0.23476699;[ 2.6469088  79.579834   -0.25034282]
3.352869;77.418236;-0.2355929;[ 2.645404  79.12954   -0.2503497]
3.8298995;77.4352;-0.23369938;[ 2.64498    79.0011     -0.25034735]
3.4651313;73.37576;-0.24003556;[ 2.630433   74.605896   -0.25040588]
4.621059;78.025154;-0.23865527;[ 2.6480398  79.92839    -0.25033337]
3.6236777;70.96155;-0.23550938;[ 2.623695  72.561386  -0.2504316]
4.3716674;71.554214;-0.24054734;[ 2.6267364 73.48294   -0.2504177]
2.8184378;77.94979;-0.24198267;[ 2.6413333  77.89842    -0.25035495]
3.2685971;76.07162;-0.24147438;[ 2.6380765  76.92023    -0.25037134]
2.8542593;70.88342;-0.24255215;[ 2.6196368  71.33082    -0.25043988]
3.7498415;65.22101;-0.2641501;[ 2.6044643  66.747894   -0.25050142]
2.8891258;69.33658;-0.2434377;[ 2.6165097 70.39644   -0.2504575]
2.9167545;74.98521;-0.24328582;[ 2.6373332  76.68886    -0.25037616]
5.11254;73.93005;-0.23376727;[ 2.6320107 75.0811    -0.2504018]
5.4629407;78.02671;-0.25068256;[ 2.6461444  79.35304    -0.25034446]
4.5712094;75.06843;-0.22122383;[ 2.6349502 75.9682    -0.2503908]
5.1522083;79.28596;-0.21756989;[ 2.64777    79.84211    -0.25033772]
4.9362993;82.01974;-0.22280835;[ 2.6593215  83.34417    -0.25029364]
3.3204272;77.96137;-0.23882154;[ 2.6470408 79.62378   -0.2503428]
5.5570674;78.13932;-0.24728434;[ 2.6458483 79.26674   -0.2503472]
4.467541;75.64616;-0.2220975;[ 2.6367135  76.5004     -0.25038338]
5.2156363;79.51003;-0.2133514;[ 2.649445   80.35472    -0.25033292]
6.7119384;75.80074;-0.22989756;[ 2.6355221 76.144035  -0.2503875]
3.588191;74.110954;-0.24392046;[ 2.632944  75.354904  -0.2503979]
3.475215;77.943855;-0.23431158;[ 2.6480737  79.93789    -0.25033948]
5.1396146;71.6489;-0.24955781;[ 2.6244407 72.789665  -0.2504323]
2.8132272;74.38931;-0.23902188;[ 2.638101   76.91062    -0.25038037]
1.9235322;80.21167;-0.22947307;[ 2.6537616  81.65066    -0.25032136]
0.4624238;92.95959;-0.22757685;[ 2.698408  95.153946  -0.2501438]
1.5802335;86.657646;-0.22762772;[ 2.6751525 88.122894  -0.2502362]
2.1082184;81.20648;-0.2386744;[ 2.6584911  83.08075    -0.25030214]
2.441006;63.759853;-0.25843054;[ 2.6015935  65.87784    -0.25052255]
2.9568417;82.87835;-0.23342028;[ 2.6647937 84.989456  -0.250272 ]
2.679658;75.73853;-0.23659644;[ 2.6415672  77.96475    -0.25036538]
3.0849037;73.66124;-0.23481657;[ 2.6322737  75.157646   -0.25040066]
3.3951402;81.79633;-0.22925594;[ 2.658523   83.09185    -0.25029507]
2.645682;75.198364;-0.23939593;[ 2.6329434 75.3622    -0.2504011]
2.2480032;70.543564;-0.25673646;[ 2.6221852  72.11122    -0.25044212]
3.1267421;67.14397;-0.2376743;[ 2.6107597  68.64751    -0.25048622]
1.9437983;79.6717;-0.22892289;[ 2.65161   80.99597   -0.2503298]
1.5976986;86.3872;-0.22932942;[ 2.675315   88.16702    -0.25023603]
2.3217914;78.283775;-0.2274707;[ 2.6479487  79.89165    -0.25034252]
0.4529394;92.82972;-0.22750436;[ 2.6966884  94.63392    -0.25015092]
1.6283579;85.981316;-0.22816004;[ 2.6741695 87.82454   -0.2502413]
1.8738523;79.559875;-0.22159636;[ 2.6520953  81.14467    -0.25032595]
0.4554255;89.36454;-0.22481641;[ 2.6847942  91.03502    -0.25019628]
1.5545022;82.165245;-0.22983643;[ 2.6604393  83.67438    -0.25029266]
1.6333542;82.54803;-0.22550929;[ 2.6621182 84.17967   -0.2502876]
2.1491976;79.31118;-0.22581862;[ 2.6510806  80.84172    -0.25033116]
1.9735913;76.065346;-0.22723219;[ 2.640804   77.73085    -0.25037214]
4.4942565;72.25848;-0.25349197;[ 2.6226864  72.26209    -0.25043792]
3.325738;84.90845;-0.23376435;[ 2.6666086  85.54593    -0.25026438]
3.8623765;82.22565;-0.23162854;[ 2.6566153 82.52245   -0.2503031]
4.4876304;78.897415;-0.25085488;[ 2.6443014 78.800934  -0.2503516]
2.8885894;71.60433;-0.238656;[ 2.6227834  72.29123    -0.25043967]
1.5592173;86.32856;-0.23075365;[ 2.674491   87.91908    -0.25023878]
2.4013476;81.69389;-0.22447473;[ 2.6561625  82.36783    -0.25030342]
2.2007134;73.09196;-0.23190671;[ 2.6316006  74.94934    -0.25041103]
1.8468122;79.70049;-0.23061277;[ 2.653333  81.523895  -0.2503245]
1.507349;86.64187;-0.22962497;[ 2.675518   88.23361    -0.25023538]
1.60803;86.452705;-0.22900276;[ 2.6754122  88.207306   -0.25023735]
1.8170931;82.09435;-0.23743097;[ 2.6580784  82.96706    -0.25030607]
2.0935671;73.46229;-0.23432882;[ 2.6321156 75.10348   -0.2504075]
2.5260367;72.846954;-0.23077685;[ 2.6257348  73.16895    -0.25042778]
4.191448;80.545586;-0.24448332;[ 2.654451   81.8643     -0.25030863]
1.6257174;81.22863;-0.23417675;[ 2.660144   83.57945    -0.25028196]
1.787216;76.225685;-0.24743223;[ 2.639954   77.476944   -0.25036472]
2.4566565;75.71221;-0.23112209;[ 2.6352766  76.061905   -0.25037712]
4.076413;75.85592;-0.25752038;[ 2.6444852  78.84868    -0.25033605]
1.9104917;74.73989;-0.23613;[ 2.6390414  77.19544    -0.25036567]
4.0091305;69.94374;-0.2581541;[ 2.6212845  71.83101    -0.25044006]
2.2860916;73.461876;-0.23230562;[ 2.6331422  75.41347    -0.25038835]
3.7977893;82.080055;-0.23468237;[ 2.6634018  84.56775    -0.25027496]
2.7825303;77.355934;-0.23476908;[ 2.64552  79.160065 -0.250349]
2.6981447;70.34984;-0.2423245;[ 2.6222565 72.12222   -0.2504404]
3.7638597;75.636406;-0.23671521;[ 2.6419415  78.07451    -0.25036034]
1.5564979;82.90569;-0.2270061;[ 2.664989  85.042145  -0.2502749]
1.8755037;76.3075;-0.23111188;[ 2.6408868  77.761154   -0.25036877]
1.5957978;82.76821;-0.22922528;[ 2.661869   84.10841    -0.25028586]
1.5948379;82.765656;-0.2252067;[ 2.6627285  84.36927    -0.25028428]
2.6997313;70.181885;-0.23780029;[ 2.6257968 73.19358   -0.2504281]
0.4468205;89.33527;-0.22511512;[ 2.6854334 91.22671   -0.2501942]
1.8615583;85.821434;-0.22221771;[ 2.6751626  88.12143    -0.25023437]
1.5591009;82.41669;-0.2290255;[ 2.6620598  84.16556    -0.25028536]
1.603766;82.45092;-0.22552507;[ 2.6613708  83.957756   -0.25029063]
1.8002236;77.00818;-0.23748377;[ 2.6461718 79.36014   -0.2503497]
1.942076;76.00861;-0.22726084;[ 2.6399858  77.487335   -0.25037578]
1.5783405;83.54066;-0.22937489;[ 2.6649675  85.0479     -0.25027382]
1.7901711;77.41181;-0.23794106;[ 2.6455586  79.18053    -0.25035426]
2.5025826;77.09016;-0.22532572;[ 2.6408086  77.74275    -0.25036708]
1.5579832;83.579666;-0.2277928;[ 2.6659586  85.34004    -0.25027257]
1.8563368;76.58732;-0.23020492;[ 2.6410756  77.82224    -0.25037104]
2.3676224;74.75938;-0.22717294;[ 2.6378658  76.84843    -0.25038156]
2.486565;74.24274;-0.22777323;[ 2.6350367 75.98807   -0.2503925]
0.46258223;89.03051;-0.22526886;[ 2.6839256  90.77187    -0.25020012]
1.8071752;77.23353;-0.23883839;[ 2.64435    78.810425   -0.25035745]
2.5313516;76.96514;-0.22593895;[ 2.6391494  77.23669    -0.25037265]
2.71218;69.85063;-0.23613767;[ 2.6164916 70.37729   -0.2504625]
1.9845597;75.85589;-0.22540687;[ 2.6399846  77.48457    -0.25037658]
2.6600032;67.53668;-0.23062591;[ 2.6119199  68.99585    -0.25048432]
2.8584747;63.54015;-0.24303138;[ 2.6000953  65.42294    -0.25053048]
1.6316756;81.99027;-0.22146061;[ 2.6605415  83.704605   -0.25028902]
2.340138;73.18458;-0.22961567;[ 2.6272283 73.62706   -0.2504177]
1.9355824;75.473564;-0.22222011;[ 2.6391969  77.24472    -0.25037536]
1.5530416;78.96249;-0.2232608;[ 2.649873   80.46976    -0.25033286]
0.4767257;85.47677;-0.2218134;[ 2.6711063  86.896126   -0.25024846]
1.8284862;77.42824;-0.23601048;[ 2.6439505  78.69312    -0.25036064]
1.5432066;82.55684;-0.22970912;[ 2.663356   84.55649    -0.25028384]
1.5710367;82.31379;-0.22615662;[ 2.6614902  83.995926   -0.25028977]
0.45916247;89.42254;-0.2245464;[ 2.685103   91.12947    -0.25019497]
1.648856;82.493034;-0.2241464;[ 2.662195   84.20549    -0.25028744]
1.8473831;75.47648;-0.23261763;[ 2.6356857  76.18794    -0.25039127]
1.990837;76.01035;-0.22579;[ 2.6408806  77.75663    -0.25037202]
2.4199429;72.84987;-0.22662368;[ 2.6296687  74.36365    -0.25041604]
2.1152854;69.022514;-0.23458487;[ 2.614706  69.84148   -0.2504742]
0.52396417;87.05183;-0.21847446;[ 2.6772685  88.75537    -0.25021622]
1.671504;79.43462;-0.22751601;[ 2.653103  81.45091   -0.2503115]
1.5602367;80.57263;-0.22011472;[ 2.6559513  82.30563    -0.25030074]
1.8782026;75.618614;-0.23076849;[ 2.6395662  77.35924    -0.25037584]
1.5602969;82.59881;-0.22657743;[ 2.6640654  84.76182    -0.25027937]
1.862635;85.51316;-0.22202703;[ 2.6744695 87.9119    -0.2502375]
1.5556313;82.05761;-0.22879484;[ 2.6609337  83.82422    -0.25029075]
1.8280146;77.44274;-0.23802747;[ 2.6464036  79.43207    -0.25034815]
3.306127;81.179115;-0.23175117;[ 2.6537735  81.6655     -0.25031358]
3.2707949;77.84769;-0.23367432;[ 2.6424012  78.22636    -0.25035864]
2.9133465;73.9059;-0.24021982;[ 2.628424   74.00305    -0.25041455]
4.2052937;71.81797;-0.24084331;[ 2.6242104 72.72394   -0.2504296]
1.5756991;82.854744;-0.22654486;[ 2.6634698  84.58306    -0.25028172]
2.193255;79.391464;-0.2242152;[ 2.651931   81.094604   -0.25032791]
2.4231238;75.48435;-0.21995926;[ 2.6366024 76.4604    -0.2503849]
1.5696845;82.66552;-0.22733125;[ 2.6623254  84.24785    -0.25028697]
1.536103;82.10227;-0.22852564;[ 2.6606905  83.75718    -0.25029403]
2.171972;79.506256;-0.22269894;[ 2.6524172 81.24869   -0.2503277]
1.8662152;75.656136;-0.23045805;[ 2.6393118  77.28871    -0.25037917]
2.7427516;71.81493;-0.23822638;[ 2.6239903  72.66149    -0.25044066]
1.6320745;81.98759;-0.22144106;[ 2.660372   83.65367    -0.25028962]
2.3650618;73.33837;-0.23194061;[ 2.62752    73.718094   -0.25041583]
1.5526074;78.98823;-0.22366302;[ 2.649722   80.426285   -0.25033328]
1.9603719;71.86998;-0.22733481;[ 2.6259742 73.24908   -0.2504278]
2.3893418;70.95893;-0.2268895;[ 2.6216376  71.94035    -0.25044265]
1.5757328;82.37124;-0.22673796;[ 2.6615736  84.02366    -0.25029072]
1.9041506;75.8944;-0.22849004;[ 2.6402588  77.57472    -0.25037533]
1.5486425;83.00454;-0.22810711;[ 2.6647348  84.97579    -0.25027797]
1.5625277;82.294266;-0.22683857;[ 2.6609716  83.84055    -0.25029302]
1.8062277;77.383995;-0.23874563;[ 2.644784  78.94968   -0.2503577]
1.6344478;86.66768;-0.21490839;[ 2.676035  88.37315   -0.2502127]
1.5302895;86.72939;-0.224314;[ 2.6761658 88.418724  -0.2502235]
4.890023;75.93215;-0.24311695;[ 2.637711   76.81221    -0.25037286]
3.3173447;76.68882;-0.19144626;[ 2.640131 77.53701  -0.25036 ]
4.632393;69.20212;-0.245492;[ 2.6161356  70.28584    -0.25045905]
3.1021144;70.21504;-0.19287676;[ 2.6186523 71.03776   -0.2504451]
2.875533;76.49403;-0.23478088;[ 2.6444557 78.835785  -0.2503526]
3.3079848;81.352745;-0.23079786;[ 2.6573339  82.735306   -0.25029948]
3.2628868;80.74387;-0.23028761;[ 2.656239   82.40262    -0.25030485]
2.356722;68.6259;-0.2288414;[ 2.6148326  69.878334   -0.25047255]
2.642302;74.43189;-0.22540677;[ 2.6319132  75.05318    -0.25040272]
2.8845718;81.41976;-0.23883161;[ 2.659851   83.49921    -0.25028834]
3.5793653;79.96861;-0.22760208;[ 2.655284   82.11726    -0.25030985]
4.0511956;76.417885;-0.24706674;[ 2.6444597  78.84512    -0.25035176]
3.5124657;73.95133;-0.24351877;[ 2.6355064  76.13637    -0.25038645]
2.1611934;71.85319;-0.24842995;[ 2.6273544 73.68092   -0.2504226]
2.2865458;73.457664;-0.23118235;[ 2.6285908  74.04169    -0.25041637]
2.3575265;69.28469;-0.23611861;[ 2.6173208  70.64796    -0.25046256]
2.416059;68.78565;-0.24000008;[ 2.6163306 70.34381   -0.2504667]
2.7373521;74.93102;-0.24066003;[ 2.6387463 77.11467   -0.2503721]
2.8780446;76.42542;-0.23338078;[ 2.644647   78.89805    -0.25035322]
3.4924974;67.462585;-0.24527042;[ 2.614274   69.71291    -0.25047082]
2.5708196;69.005775;-0.23316191;[ 2.6188896 71.11508   -0.2504568]
2.329329;78.26199;-0.22678083;[ 2.6513684 80.92163   -0.2503273]
0.46218252;92.3742;-0.22737032;[ 2.6973052  94.8201     -0.25014853]
1.5370951;85.98994;-0.22648141;[ 2.6749687  88.065      -0.25023717]
2.4373214;80.40362;-0.23193035;[ 2.6557815  82.25371    -0.25030583]
2.9665232;78.27842;-0.23606427;[ 2.644754  78.93743   -0.2503519]
3.421704;82.84165;-0.22810487;[ 2.6601763  83.59716    -0.25028846]
1.9473063;79.91029;-0.227906;[ 2.6533632  81.525055   -0.25032252]
1.6070696;86.59554;-0.22812292;[ 2.6768334  88.62535    -0.25022972]
1.9211128;79.662636;-0.23004636;[ 2.6541386 81.76456   -0.2503207]
0.45171332;93.0649;-0.22639142;[ 2.6981184 95.06498   -0.2501453]
1.910099;79.474434;-0.22899722;[ 2.6516674  81.016106   -0.25032958]
2.1864836;72.99483;-0.23087054;[ 2.630704   74.67478    -0.25041243]
1.7972925;80.000984;-0.23106527;[ 2.6553297 82.128876  -0.2503156]
2.5374699;75.43664;-0.24085492;[ 2.6354887  76.135925   -0.25039577]
0.44665706;92.79401;-0.22841653;[ 2.697889   95.00533    -0.25014755]
2.1937933;80.87298;-0.22320451;[ 2.6572895 82.71457   -0.2502984]
2.316373;74.46374;-0.22493634;[ 2.635809   76.21382    -0.25038335]
3.6791885;71.917496;-0.26964614;[ 2.6245866 72.8324    -0.2504295]
3.770928;74.01621;-0.24330065;[ 2.6293883  74.28253    -0.25040677]
3.9646;71.082924;-0.25053543;[ 2.6193676 71.25311   -0.2504445]
3.6499345;70.95944;-0.26152545;[ 2.6205914  71.61777    -0.25043902]
1.6734757;81.628;-0.229612;[ 2.6612453  83.90881    -0.25027907]
4.0684586;76.83939;-0.25099224;[ 2.6440823  78.724266   -0.25035083]
2.4524038;72.444016;-0.24801;[ 2.6263137 73.351974  -0.2504255]
2.6543808;77.105484;-0.23406039;[ 2.6458323  79.24918    -0.25034738]
2.1225142;79.42729;-0.22367552;[ 2.654671   81.92062    -0.25031495]
1.8326722;76.00184;-0.23102076;[ 2.6412644  77.872955   -0.25036752]
1.842124;85.88746;-0.22201444;[ 2.6759558  88.360374   -0.25023055]
1.5365666;82.4535;-0.22914344;[ 2.6622515  84.221695   -0.25028458]
2.1279178;75.06117;-0.22340587;[ 2.6341596 75.72777   -0.2503976]
0.45384824;89.353096;-0.22688662;[ 2.686997   91.703636   -0.25018898]
1.4867846;82.43293;-0.22716926;[ 2.6622858  84.236435   -0.25028697]
2.4934325;76.7501;-0.23156515;[ 2.6416097  77.977005   -0.25036296]
1.829885;75.99276;-0.228947;[ 2.640924   77.77313    -0.25037202]
2.3376524;77.32089;-0.23132996;[ 2.6401486  77.53156    -0.25036755]
1.8798523;79.431694;-0.21955267;[ 2.65546    82.15961    -0.25031132]
2.1396332;79.43691;-0.22352093;[ 2.654221   81.786255   -0.25031662]
1.8404127;76.23937;-0.23089018;[ 2.6411672  77.84424    -0.25036785]
0.4336604;89.38442;-0.2235505;[ 2.6859481  91.3827     -0.25019124]
0.43971825;89.23281;-0.22679546;[ 2.686322   91.50212    -0.25019172]
1.5520985;82.54561;-0.22780347;[ 2.662144  84.19339   -0.2502871]
1.4994271;82.03152;-0.22750841;[ 2.6616786 84.054535  -0.2502895]
1.5435786;82.68356;-0.22986376;[ 2.6639993 84.74622   -0.2502814]
0.44159567;89.59696;-0.22573133;[ 2.6865425 91.571075  -0.2501914]
1.5445586;82.7567;-0.22750844;[ 2.662376   84.26352    -0.25028652]
1.8478247;76.301605;-0.22923613;[ 2.6413927  77.91586    -0.25036943]
1.8930323;79.6459;-0.2345817;[ 2.6542149 81.79609   -0.250312 ]
2.0778437;74.27926;-0.2369254;[ 2.6400042 77.487175  -0.2503679]
2.4376724;73.33842;-0.23664768;[ 2.632911   75.349976   -0.25039658]
3.1303642;80.95854;-0.23023058;[ 2.6575766  82.813156   -0.25029996]
3.5444155;80.09231;-0.22704504;[ 2.6560135 82.33641   -0.2503068]
3.102604;71.51033;-0.22747953;[ 2.6257365 73.17802   -0.2504256]
2.9210565;74.99678;-0.24078509;[ 2.6387062  77.101715   -0.25037208]
3.9745088;70.06416;-0.24894886;[ 2.623288   72.43756    -0.25043634]
2.8266127;69.66277;-0.24081686;[ 2.620709  71.66564   -0.2504484]
0.4486122;92.90528;-0.22823487;[ 2.6979918 95.036224  -0.2501471]
1.918612;79.8054;-0.22937465;[ 2.6524696  81.26419    -0.25032774]
1.6132078;86.333786;-0.22794071;[ 2.6778812  88.94208    -0.25022545]
1.8478318;80.31531;-0.23194587;[ 2.6543107 81.81379   -0.2503176]
2.033692;80.16889;-0.22345042;[ 2.656227  82.39981   -0.2503092]
1.8137615;76.81931;-0.23089626;[ 2.6421602 78.14868   -0.2503659]
2.5261588;83.008995;-0.22543615;[ 2.658461  83.076996  -0.2502952]
2.6495032;75.7687;-0.22944859;[ 2.639124   77.2173     -0.25036907]
4.1604705;80.732994;-0.24407656;[ 2.6543763  81.84195    -0.25030833]
3.9570055;76.823456;-0.25581685;[ 2.6435094  78.55525    -0.25035062]
4.1188836;74.255394;-0.2456465;[ 2.6330616  75.39303    -0.25039285]
2.7722974;84.128;-0.23390256;[ 2.6684313  86.09053    -0.25025707]
3.7589908;81.83202;-0.23601362;[ 2.6620893  84.175186   -0.25028014]
2.6886039;77.124;-0.24053481;[ 2.6463356  79.4065     -0.25034297]
3.5920439;77.34455;-0.24276544;[ 2.6472988  79.707214   -0.25034094]
2.3617933;74.590096;-0.23925993;[ 2.6345675  75.85303    -0.25039178]
2.6465447;70.65306;-0.24214618;[ 2.625088   72.97847    -0.25042716]
3.7286491;70.86967;-0.24461141;[ 2.6257517  73.186295   -0.25042617]
2.3399775;75.36967;-0.23593146;[ 2.6377978  76.83725    -0.25038522]
1.5615579;83.17698;-0.22758125;[ 2.6654863  85.20014    -0.25027445]
0.51150405;90.76016;-0.22110362;[ 2.6932602 93.59415   -0.2501558]
4.5595775;82.54511;-0.2215869;[ 2.6587615  83.17778    -0.25029624]
2.7640386;74.68473;-0.22904204;[ 2.633236   75.46046    -0.25039545]
4.198429;71.99237;-0.23969187;[ 2.6216528  71.95882    -0.25044394]
3.7034693;76.11712;-0.23070784;[ 2.637833   76.84636    -0.25037953]
4.496522;75.886986;-0.22369252;[ 2.6371634  76.64427    -0.25038242]
1.8056216;80.173874;-0.23084582;[ 2.6552157  82.09071    -0.25031602]
1.5930444;86.58383;-0.22924347;[ 2.6763895  88.503456   -0.25023362]
1.5028632;86.64797;-0.22897623;[ 2.6762445  88.45207    -0.25023285]
1.5159084;86.64028;-0.22837004;[ 2.6766279  88.57037    -0.25023142]
1.9056883;80.09666;-0.23119615;[ 2.6554122  82.15785    -0.25031653]
0.560477;94.022514;-0.22069368;[ 2.7003498  95.7421     -0.25012654]
1.6152818;87.3859;-0.22261603;[ 2.6787791 89.216934  -0.2502127]
1.4931886;86.68142;-0.22793475;[ 2.6766539 88.58331   -0.2502308]
1.6480727;79.70283;-0.23280801;[ 2.6557713 82.263054  -0.2503124]
1.9349558;73.21422;-0.23479259;[ 2.6346662  75.87853    -0.25039616]
2.9775982;70.04272;-0.23817752;[ 2.620182   71.49681    -0.25045565]
2.6343389;66.52637;-0.24468511;[ 2.606614  67.39876   -0.2505096]
2.9500368;73.448616;-0.23838091;[ 2.6296387 74.37065   -0.2504196]
2.8041058;66.425606;-0.24180831;[ 2.6063128  67.31429    -0.25051215]
3.8038511;70.289085;-0.24647126;[ 2.6219678 72.04483   -0.2504468]
2.9243922;66.7072;-0.2385974;[ 2.6068392  67.46896    -0.25051036]
4.0352917;74.30582;-0.24670944;[ 2.6293     74.259674   -0.25040364]
3.0345097;72.46432;-0.23211528;[ 2.625661  73.16276   -0.2504206]
3.1397004;67.89478;-0.24783404;[ 2.6126838  69.23181    -0.25047183]
2.4451272;75.77483;-0.24826874;[ 2.6361868  76.34485    -0.25038823]
2.8835254;77.22558;-0.24074736;[ 2.6428547  78.3654     -0.25036827]
3.7518277;77.43197;-0.25972337;[ 2.6434917  78.558266   -0.25036213]
3.6015944;81.25427;-0.23375517;[ 2.6569366  82.6198     -0.25031024]
2.5315301;79.43151;-0.23478757;[ 2.6482778 80.01022   -0.2503405]
3.633339;74.589195;-0.24476916;[ 2.633357   75.49646    -0.25040296]
3.59283;70.46154;-0.2642191;[ 2.6194723  71.29353    -0.25045767]
2.6923656;73.668785;-0.24295694;[ 2.6300664 74.502045  -0.2504179]
3.6553369;77.96364;-0.2329895;[ 2.6443334  78.812965   -0.25035912]
3.7688596;71.236786;-0.24349147;[ 2.6221385  72.11131    -0.25044647]
2.79387;75.13218;-0.23256236;[ 2.6358588  76.25011    -0.25039008]
2.7116792;71.95313;-0.25130138;[ 2.624425   72.79968    -0.25043428]
2.4198215;66.76795;-0.24703853;[ 2.6067145  67.43843    -0.25051087]
3.6465275;70.80758;-0.24212655;[ 2.6199236  71.43034    -0.25045726]
2.6255128;72.37972;-0.24658857;[ 2.624867  72.92868   -0.2504319]
2.9792318;70.43311;-0.23574744;[ 2.6208706  71.710304   -0.25045404]
2.6648169;66.92843;-0.24314581;[ 2.6072488  67.59502    -0.25050876]
3.6674876;71.10117;-0.23863986;[ 2.6203895  71.566895   -0.25045514]
3.0267694;82.96675;-0.23308139;[ 2.6635804 84.6254    -0.2502764]
2.1180663;80.61434;-0.22936714;[ 2.6550794  82.06318    -0.25030664]
2.879185;77.00844;-0.23801868;[ 2.6436534 78.60458   -0.250356 ]
2.9677427;74.36204;-0.23116449;[ 2.6339092  75.66       -0.25039482]
2.8341212;76.13124;-0.23741952;[ 2.6414886  77.94054    -0.25036365]
3.3406906;73.791504;-0.23415002;[ 2.6323624  75.18118    -0.25039893]
2.484035;74.149345;-0.24471956;[ 2.6335392  75.551735   -0.25040025]
2.9134927;71.268486;-0.24253625;[ 2.6226351  72.25362    -0.25044265]
2.3362155;75.16227;-0.23903264;[ 2.6316428  74.97499    -0.25039846]
2.7608678;69.25278;-0.25322893;[ 2.6138892  69.61379    -0.25047445]
3.4319634;73.2859;-0.24531001;[ 2.627259  73.65396   -0.2504233]
3.0122323;68.58101;-0.23078704;[ 2.613047   69.35711    -0.25048083]
2.354738;68.946495;-0.24156828;[ 2.614358   69.7483     -0.25047317]
2.952714;64.54044;-0.2433169;[ 2.60011    65.4346     -0.25053245]
3.1139672;61.015045;-0.26904488;[ 2.5893738  62.19026    -0.25057375]
1.6777544;82.566315;-0.24010447;[ 2.6608677 83.79389   -0.2502872]
4.140882;77.70561;-0.26644847;[ 2.6433263  78.49364    -0.25036052]
3.8627238;71.158875;-0.26402634;[ 2.6200008 71.44567   -0.2504536]
4.1638303;84.538506;-0.26817822;[ 2.666291 85.44395  -0.250269]
3.8943377;77.90629;-0.2650164;[ 2.643021 78.412285 -0.250362]
3.9573073;81.46471;-0.24676049;[ 2.6558554  82.28714    -0.25030905]
3.9358091;77.505806;-0.2653085;[ 2.6441457 78.74713   -0.2503565]
5.052312;75.077896;-0.2940948;[ 2.6316624  74.980194   -0.25039685]
1.6317714;81.73013;-0.23175709;[ 2.6565619  82.499176   -0.25028893]
4.21871;76.92527;-0.24651895;[ 2.6382544  76.97241    -0.25036806]
3.9055948;72.83729;-0.27083397;[ 2.626359   73.37071    -0.25041473]
0.38144398;93.956406;-0.24076921;[ 2.7009315  95.91431    -0.25014094]
2.5945935;72.91605;-0.22608332;[ 2.6255412  73.115814   -0.25043306]
3.4140913;68.32532;-0.23894201;[ 2.6107597  68.65119    -0.25049487]
2.4220138;63.74417;-0.24448952;[ 2.596424   64.319664   -0.25055432]
3.5545006;75.185005;-0.23446155;[ 2.6343482  75.78323    -0.25040048]
2.5935433;70.45082;-0.24209736;[ 2.6194155  71.26986    -0.25046206]
2.720693;77.190094;-0.24111743;[ 2.6429787  78.40268    -0.25036767]
2.5536623;70.51557;-0.24386516;[ 2.6194985  71.299484   -0.25046113]
2.8516161;67.67914;-0.23203456;[ 2.609023 68.13481  -0.250503]
1.9157304;80.48473;-0.24521437;[ 2.65279    81.36362    -0.25033405]
0.39629257;94.149796;-0.25281143;[ 2.698315   95.134186   -0.25015256]
1.910402;80.181206;-0.24176857;[ 2.6532297 81.50572   -0.2503322]
1.4816306;87.2411;-0.24176465;[ 2.6757703 88.31732   -0.2502418]
2.019299;73.11996;-0.24140665;[ 2.6279707  73.87339    -0.25043115]
2.3390627;66.80911;-0.24086791;[ 2.6047451 66.83551   -0.2505235]
4.018439;78.59966;-0.26499215;[ 2.6436305  78.5867     -0.25035945]
4.0507603;85.48964;-0.26672396;[ 2.6665885  85.53492    -0.25026757]
3.7481537;82.960266;-0.2531618;[ 2.6577268 82.85353   -0.2503027]
3.738958;78.174736;-0.26480955;[ 2.6444473  78.84156    -0.25035647]
3.4839177;75.71033;-0.25503024;[ 2.6355746 76.15643   -0.2503914]
1.9251801;76.0595;-0.24212416;[ 2.6362026  76.3483     -0.25038743]
3.9652004;75.35632;-0.24586439;[ 2.6340544  75.68661    -0.25039637]
3.8923247;79.876495;-0.23846476;[ 2.6474457 79.74837   -0.250344 ]
3.9639773;77.04908;-0.23254095;[ 2.6368692  76.551605   -0.25038654]
3.6874185;68.1506;-0.24601474;[ 2.609929  68.410225  -0.2504955]
4.154184;75.58856;-0.25156915;[ 2.6341162  75.71619    -0.25039703]
2.005994;69.04573;-0.24691746;[ 2.6135979 69.510544  -0.250477 ]
3.495415;68.966484;-0.2547769;[ 2.6124926 69.170074  -0.2504833]
2.1909359;69.374275;-0.24176726;[ 2.6131892  69.38266    -0.25047895]
2.850169;78.42803;-0.24277039;[ 2.6458287  79.24822    -0.25035524]
2.8674073;85.2808;-0.24355413;[ 2.668868   86.220535   -0.25026327]
2.4858603;71.24139;-0.24549176;[ 2.6218863  72.023186   -0.25045064]
2.7089465;78.25878;-0.24218206;[ 2.646736  79.52781   -0.2503504]
2.4523525;71.18583;-0.2457632;[ 2.6218176  71.99988    -0.25045022]
1.948078;80.75796;-0.24162187;[ 2.6559224 82.29669   -0.25032  ]
1.6846852;80.52607;-0.23841354;[ 2.6537135 81.64777   -0.2503285]
1.5436873;87.4947;-0.23932175;[ 2.6761978 88.44719   -0.2502399]
1.6181711;87.316086;-0.24033733;[ 2.6779008  88.9576     -0.25023344]
2.100701;73.85246;-0.23887707;[ 2.6310496  74.784584   -0.25041878]
2.0193825;77.86105;-0.22240394;[ 2.6457427 79.21406   -0.2503597]
1.4834646;84.39109;-0.23565501;[ 2.664485 84.90302  -0.250284]
1.6191493;84.41558;-0.23854597;[ 2.6662052  85.42574    -0.25028044]
1.8523825;70.47956;-0.2409454;[ 2.618397   70.96822    -0.25046828]
1.8720775;70.20682;-0.23808108;[ 2.6211395 71.79576   -0.2504585]
1.9137201;77.596405;-0.23757027;[ 2.6430953 78.43153   -0.2503726]
1.5282514;90.52477;-0.22575559;[ 2.684789   91.03406    -0.25018892]
3.138156;74.95055;-0.2344166;[ 2.6339908  75.68019    -0.25040227]
3.149278;74.8843;-0.23997249;[ 2.6354094  76.10594    -0.25039458]
2.8902864;72.0371;-0.2338789;[ 2.625085   72.98677    -0.25043577]
2.8560278;78.735664;-0.2327983;[ 2.6481938  79.980896   -0.25034356]
3.1146114;74.84518;-0.23397383;[ 2.6344707  75.83096    -0.25040007]
1.7693255;84.60496;-0.22307748;[ 2.66516    85.09709    -0.25028348]
1.770633;84.24413;-0.22461118;[ 2.6636684  84.64788    -0.25028962]
1.9380167;80.50419;-0.24331282;[ 2.6521745  81.16725    -0.25033602]
1.7493113;84.48498;-0.22281599;[ 2.6651695  85.101845   -0.25028315]
1.7817657;80.36929;-0.23767462;[ 2.6526616  81.320496   -0.25033325]
2.026383;73.43073;-0.23929572;[ 2.6298184  74.41537    -0.25042427]
1.5302911;83.700836;-0.24680811;[ 2.6632087 84.519     -0.2502933]
1.8338121;76.765564;-0.24143477;[ 2.639619 77.38519  -0.250386]
1.8061436;80.3807;-0.22482751;[ 2.6521482  81.17398    -0.25033653]
0.3810544;90.45976;-0.2486342;[ 2.686247   91.49071    -0.25020164]
1.5347444;87.53826;-0.22272503;[ 2.6760876  88.41788    -0.25024074]
1.4943542;87.654945;-0.2223699;[ 2.6769152  88.66808    -0.25023758]
1.5942065;83.66787;-0.2430387;[ 2.6636987 84.67664   -0.2502922]
1.9022739;73.97986;-0.22471225;[ 2.630213   74.53966    -0.25042263]
1.4553723;83.60667;-0.23946498;[ 2.6637697  84.694214   -0.25029087]
1.6696999;76.64708;-0.23755673;[ 2.6399662 77.49552   -0.250384 ]
1.9097962;69.766815;-0.23952952;[ 2.616995   70.55096    -0.25047544]
2.1102138;69.9443;-0.2385266;[ 2.6169686  70.53902    -0.25047666]
1.6453519;82.84455;-0.24705276;[ 2.6601908  83.59008    -0.25029394]
1.8329716;79.4972;-0.23035978;[ 2.6484938 80.05605   -0.2503392]
4.2080593;84.41986;-0.2725249;[ 2.667146  85.70364   -0.2502688]
1.5645945;86.878395;-0.22339699;[ 2.674061   87.7887     -0.25023767]
4.0581264;81.63617;-0.2443505;[ 2.6577759 82.86963   -0.2503051]
1.7092191;82.774574;-0.24320626;[ 2.6606333  83.7331     -0.25029296]
1.57166;86.518456;-0.22416672;[ 2.6723247  87.26522    -0.25024506]
2.7826667;78.28977;-0.2499164;[ 2.64574    79.22768    -0.25035578]
3.345311;75.06988;-0.24185202;[ 2.6355004  76.139084   -0.25039652]
3.33294;74.97285;-0.24194326;[ 2.6354494  76.12132    -0.25039607]
3.8591807;71.40368;-0.26157087;[ 2.6236289  72.54971    -0.25044182]
3.3026378;68.09784;-0.24448757;[ 2.6118336  68.981575   -0.25048956]
3.9698708;64.88828;-0.2614545;[ 2.6004672  65.53781    -0.25053442]
1.6251924;83.62914;-0.23896646;[ 2.6642504  84.83084    -0.25028816]
1.8783321;76.73178;-0.23529345;[ 2.6397934  77.44438    -0.25038585]
2.174506;80.05146;-0.2282484;[ 2.6533422  81.53235    -0.25033063]
1.7147895;80.756;-0.2193477;[ 2.6536841  81.63846    -0.25032842]
1.6340274;76.57581;-0.23974475;[ 2.6410947  77.83113    -0.25037658]
1.5323011;83.751785;-0.24836613;[ 2.6633294 84.5557    -0.2502935]
1.8780911;76.77923;-0.23831992;[ 2.6399374  77.48364    -0.25038457]
0.38160062;90.50545;-0.25017765;[ 2.686367  91.52748   -0.2502018]
1.6073949;83.66498;-0.2443566;[ 2.6636572 84.664215  -0.2502923]
1.9077988;69.65082;-0.23992239;[ 2.6160843  70.28002    -0.25047916]
2.072778;73.796776;-0.22371493;[ 2.6293604  74.2818     -0.25042668]
3.2799375;70.13478;-0.2395138;[ 2.6176536  70.73003    -0.25046012]
1.5634314;84.80378;-0.2333229;[ 2.6675687  85.821075   -0.25026637]
0.43273115;91.53817;-0.23422365;[ 2.6905565  92.77823    -0.25017482]
1.7647736;77.915665;-0.23356064;[ 2.645303   79.09538    -0.25035498]
1.9213442;80.06927;-0.24419324;[ 2.652638  81.31592   -0.2503334]
1.8604834;80.374245;-0.24215655;[ 2.6525517  81.29645    -0.25033516]
1.7955153;80.793785;-0.23700261;[ 2.6518605  81.083115   -0.25033632]
1.5188805;87.47042;-0.2372391;[ 2.6748137  88.03206    -0.25024495]
1.8615148;80.44275;-0.23997356;[ 2.652523  81.29266   -0.2503345]
1.9785217;72.91162;-0.24041395;[ 2.6278286  73.8289     -0.25043207]
1.7960613;77.05224;-0.2399847;[ 2.6399052  77.47403    -0.25038427]
1.7841113;77.159935;-0.23915476;[ 2.63992    77.48312    -0.25038338]
1.6171399;81.30653;-0.22289848;[ 2.6553144  82.13408    -0.25032204]
2.0158215;77.8768;-0.21763618;[ 2.6457841 79.23938   -0.25036  ]
1.6174659;76.87243;-0.2407879;[ 2.6403215 77.60542   -0.250382 ]
1.6121688;77.21992;-0.23957068;[ 2.640862   77.76824    -0.25037912]
1.7517989;77.18101;-0.23932606;[ 2.6412654 77.883316  -0.2503788]
2.0519476;73.5893;-0.23049895;[ 2.6299736  74.47177    -0.25042287]
1.8873588;77.53028;-0.24090476;[ 2.641671   77.99481    -0.25037658]
2.3071604;73.94689;-0.22791941;[ 2.6303997  74.59062    -0.25042024]
2.0680306;70.453;-0.23880398;[ 2.6169746  70.535446   -0.25047436]
2.4411278;80.16646;-0.22184446;[ 2.651285   80.90379    -0.25032863]
2.0829422;79.57096;-0.22389863;[ 2.650324  80.60678   -0.2503322]
4.12175;77.800865;-0.27115333;[ 2.6427321  78.32367    -0.25036466]
4.138499;81.58315;-0.25303897;[ 2.6552694 82.11914   -0.2503139]
3.8421988;75.257866;-0.24315464;[ 2.634969  75.96962   -0.2503957]
4.4323378;78.58143;-0.24070947;[ 2.644623   78.903656   -0.25035688]
4.14687;74.60266;-0.25595215;[ 2.632822  75.33075   -0.2504032]
4.0630302;70.55889;-0.27013978;[ 2.6198473  71.409485   -0.25045457]
1.8067527;75.688065;-0.24234186;[ 2.6362088 76.35099   -0.2503865]
3.9700718;70.862076;-0.26804343;[ 2.6196074  71.33652    -0.25045598]
4.039193;71.22675;-0.26719356;[ 2.6197116  71.35936    -0.25045535]
2.8025012;77.96394;-0.24833478;[ 2.6445825 78.88225   -0.2503612]
3.835259;75.08666;-0.24099416;[ 2.6366787  76.489334   -0.25039023]
2.8496273;71.354645;-0.24696922;[ 2.6209495 71.73392   -0.2504541]
2.7643085;78.06574;-0.2464084;[ 2.6445246 78.86833   -0.2503605]
3.7654378;75.21055;-0.24231817;[ 2.6362362 76.35999   -0.2503907]
2.698158;70.98894;-0.24540731;[ 2.6211305  71.797485   -0.25045374]
3.7861457;68.54021;-0.24342367;[ 2.6131034  69.357796   -0.25048223]
3.8292356;74.60247;-0.23537251;[ 2.6328404  75.33711    -0.25040826]
4.0216045;70.7699;-0.25775558;[ 2.61982    71.39984    -0.25045913]
2.4873455;70.99211;-0.24430485;[ 2.6209865  71.74877    -0.25045553]
2.9414406;82.4387;-0.2524172;[ 2.6587534 83.17749   -0.2503009]
4.0766964;77.52067;-0.25778204;[ 2.6425605  78.28209    -0.25036854]
3.7047207;74.69521;-0.23820876;[ 2.6327353 75.30758   -0.2504074]
3.98772;70.87936;-0.26009884;[ 2.6196144  71.33969    -0.25045782]
2.5592237;81.890724;-0.22569768;[ 2.6583197 83.041916  -0.2503062]
2.9641118;72.69799;-0.23579364;[ 2.6241887 72.72366   -0.2504381]
3.8767047;74.555595;-0.23814635;[ 2.6319797  75.08081    -0.25041145]
3.7954016;63.9184;-0.26491684;[ 2.5948343  63.846786   -0.25055784]
3.9763076;64.24494;-0.25980598;[ 2.5969512 64.47635   -0.2505476]
1.5643169;87.14271;-0.25143003;[ 2.6758177 88.33977   -0.250244 ]
1.4541752;86.929634;-0.24206342;[ 2.676359   88.50758    -0.25024104]
1.7345227;79.959465;-0.24240008;[ 2.6516893 81.05231   -0.250339 ]
1.6067388;80.05004;-0.23980099;[ 2.653185  81.497475  -0.2503319]
2.015945;73.18369;-0.2427338;[ 2.6267967  73.52722    -0.25043744]
3.8001456;74.76339;-0.24178784;[ 2.637928   76.85878    -0.25038347]
2.8952239;71.40101;-0.2416616;[ 2.6219654  72.03764    -0.25044972]
2.8732748;78.15873;-0.24245688;[ 2.645013   79.01247    -0.25035796]
3.778986;81.51392;-0.2407952;[ 2.6609945  83.84035    -0.25029126]
2.6948476;81.46424;-0.23167789;[ 2.6578276  82.88106    -0.25030547]
4.8431816;72.26698;-0.2718759;[ 2.6262646  73.34462    -0.25041935]
2.5772684;76.9562;-0.23763654;[ 2.6405602  77.660614   -0.25036085]
3.8237762;72.15798;-0.25704038;[ 2.622919   72.3306     -0.25043473]
5.1273336;73.23813;-0.24368142;[ 2.6270008  73.5665     -0.25041664]
4.201126;69.095436;-0.25705704;[ 2.6143982  69.75082    -0.25046736]
2.7368345;73.38656;-0.24417198;[ 2.6286705  74.06038    -0.25040948]
3.1500294;75.58961;-0.2462789;[ 2.6365883  76.46132    -0.25038546]
3.0474226;68.83869;-0.24535505;[ 2.6136045 69.50574   -0.250477 ]
2.1780393;73.911674;-0.23741813;[ 2.630253   74.54044    -0.25042343]
0.36681485;94.22087;-0.24545038;[ 2.7001965  95.69601    -0.25014457]
1.564907;87.50356;-0.23948382;[ 2.676403   88.50598    -0.25023946]
1.8724949;80.73498;-0.23841378;[ 2.653339   81.52669    -0.25033137]
1.5151622;87.14082;-0.23830245;[ 2.6776807 88.887505  -0.250233 ]
1.766162;84.15467;-0.22249989;[ 2.6662493  85.4236     -0.25027847]
1.9988968;73.8024;-0.23840636;[ 2.6307743  74.70128    -0.25041988]
4.038565;81.62676;-0.24834277;[ 2.654659   81.92999    -0.25031444]
4.187574;84.727516;-0.27104414;[ 2.6659143  85.33342    -0.25027123]
4.1497903;77.96554;-0.26937637;[ 2.6429825  78.393135   -0.25036258]
4.332267;75.01782;-0.2441119;[ 2.6324155  75.20183    -0.25040513]
1.8357389;75.7814;-0.24097656;[ 2.6375618  76.74802    -0.25038037]
1.628177;75.48333;-0.24510536;[ 2.6375902  76.76219    -0.25038055]
2.8573318;71.33538;-0.24334134;[ 2.6227286  72.26598    -0.25044668]
2.9248755;71.45512;-0.24464366;[ 2.6222043  72.102264   -0.25044927]
1.5534718;87.5857;-0.24820967;[ 2.6768122  88.6223     -0.25023842]
1.7864234;80.662834;-0.23942482;[ 2.6541948  81.7825     -0.25032744]
1.5734311;80.37269;-0.24127422;[ 2.6543758  81.84331    -0.25032616]
1.841454;73.70111;-0.24093382;[ 2.6314678 74.909485  -0.2504175]
2.2436485;74.00936;-0.2445816;[ 2.6306484  74.65182    -0.25042215]
2.6483438;79.15951;-0.24257398;[ 2.6500065  80.52385    -0.25032628]
3.5340455;72.63203;-0.28274944;[ 2.625334  73.072205  -0.2504228]
4.4123697;67.6106;-0.28943378;[ 2.6093974  68.25263    -0.25048935]
3.4002643;76.790405;-0.24096005;[ 2.6408236  77.7476     -0.25036037]
3.636156;71.571556;-0.24951091;[ 2.622625   72.2517     -0.25043917]
3.3618631;69.495384;-0.25964877;[ 2.614205  69.709694  -0.2504682]
4.2086697;64.64917;-0.26764533;[ 2.5990825  65.13618    -0.25053114]
2.5038075;72.30239;-0.24636593;[ 2.6260283  73.270325   -0.25042215]
3.3190496;67.52109;-0.270677;[ 2.609193   68.18501    -0.25049254]
2.599953;73.92923;-0.240662;[ 2.6313703 74.8869    -0.2503964]
4.212951;60.576714;-0.2938028;[ 2.5854173  60.999123   -0.25058556]
3.423515;67.94595;-0.27124435;[ 2.6108284  68.68199    -0.25048766]
3.5452223;71.693344;-0.24768557;[ 2.627731   73.78919    -0.25041938]
2.752591;67.868835;-0.24772952;[ 2.6110547  68.74411    -0.25048873]
2.5141919;65.850266;-0.264001;[ 2.603783   66.55061    -0.25051308]
2.4326909;66.24245;-0.25940084;[ 2.6040819  66.63697    -0.25051156]
1.8740151;76.82831;-0.23741801;[ 2.6403615 77.60509   -0.2503831]
0.3742404;90.50022;-0.24356773;[ 2.6877005  91.917786   -0.25019455]
1.5582047;83.68293;-0.23838362;[ 2.663575  84.630646  -0.2502907]
1.8426015;77.17794;-0.23350848;[ 2.6415834  77.9702     -0.25037622]
0.36896825;90.86077;-0.2368517;[ 2.6877673  91.94006    -0.25019303]
1.5390558;83.97411;-0.23428655;[ 2.664048   84.77601    -0.25028878]
1.8875878;70.1381;-0.23811723;[ 2.6175056 70.70898   -0.2504732]
2.085116;70.28499;-0.23427655;[ 2.6168907 70.51791   -0.2504771]
3.1415942;73.355576;-0.23667067;[ 2.6306205  74.652885   -0.25041524]
3.8616407;70.505066;-0.23850854;[ 2.619833   71.39149    -0.25045657]
2.7745404;78.565674;-0.24556965;[ 2.6471198  79.656525   -0.25034273]
3.9046226;77.314156;-0.23864308;[ 2.6427565 78.32938   -0.250365 ]
2.9071593;66.35838;-0.24153298;[ 2.6069164 67.49805   -0.2505097]
4.14228;66.68538;-0.26143748;[ 2.6090202  68.13322    -0.25049758]
2.8246253;77.41427;-0.2308203;[ 2.6434898 78.54907   -0.250362 ]
2.6085742;77.011986;-0.23148523;[ 2.6416333  77.98978    -0.25036895]
2.6799097;70.321594;-0.23399992;[ 2.6186972  71.05766    -0.25046173]
2.9475253;73.248924;-0.23985377;[ 2.6296134 74.357254  -0.2504186]
1.9776194;76.733864;-0.23910509;[ 2.6396444 77.38744   -0.2503868]
1.8030534;80.32172;-0.22155952;[ 2.6514258  80.95225    -0.25033766]
2.0590851;73.51321;-0.22404751;[ 2.6285632 74.03876   -0.2504289]
1.8695096;73.727066;-0.2237662;[ 2.6305506 74.6384    -0.250421 ]
2.2260582;69.934395;-0.23612383;[ 2.6168694 70.50448   -0.2504777]
3.090697;73.33143;-0.23791319;[ 2.6291568  74.21189    -0.25042102]
2.5032399;69.993286;-0.23820335;[ 2.6184113  70.9648     -0.25046185]
3.874762;77.67991;-0.2345504;[ 2.6424677  78.24478    -0.25036585]
2.708405;74.92606;-0.23376141;[ 2.6340218  75.69329    -0.25039637]
3.845649;70.39454;-0.24671839;[ 2.6192126  71.2142     -0.25045845]
2.6232061;70.43601;-0.23363179;[ 2.6195307  71.30458    -0.25045836]
1.8304278;80.08182;-0.22466606;[ 2.6509957  80.81755    -0.25033957]
1.9254656;76.72111;-0.23894797;[ 2.6396267 77.38069   -0.2503861]
0.4004686;90.20451;-0.24431248;[ 2.6851523 91.14879   -0.250204 ]
1.7917001;80.64577;-0.22230008;[ 2.6534224 81.55524   -0.2503299]
1.4917791;83.35566;-0.23704556;[ 2.6626623  84.34854    -0.25029328]
2.0597956;69.84207;-0.2355717;[ 2.6170552 70.56293   -0.250476 ]
1.9525717;76.99145;-0.23659101;[ 2.6403294 77.58943   -0.250383 ]
0.38610232;90.426125;-0.24028629;[ 2.686417   91.53102    -0.25019884]
1.5220064;83.71115;-0.23432924;[ 2.663026   84.46228    -0.25029153]
1.6436746;76.787895;-0.23726787;[ 2.640433  77.63041   -0.2503807]
3.0756874;80.06776;-0.23810068;[ 2.6521363  81.16589    -0.25032926]
2.5695953;76.93;-0.23204939;[ 2.6414511  77.9353     -0.25037035]
3.9632576;71.15872;-0.23366024;[ 2.6208012  71.68515    -0.25045213]
2.850835;73.23175;-0.23824367;[ 2.6298232  74.418915   -0.25041822]
2.660124;66.407585;-0.24100979;[ 2.6066313  67.40752    -0.25051168]
2.7005286;68.22146;-0.23410942;[ 2.6106873  68.63041    -0.25049067]
3.6496778;63.80155;-0.24716303;[ 2.5968826 64.458176  -0.2505478]
2.0564568;73.34844;-0.22799337;[ 2.6276069  73.74422    -0.25043163]
1.5437336;83.434105;-0.24272336;[ 2.6621177  84.17844    -0.25029537]
1.813358;80.062355;-0.22538303;[ 2.6510184 80.82407   -0.2503389]
0.40205097;90.20609;-0.24425587;[ 2.6851537 91.1494    -0.2502037]
2.0608213;73.53756;-0.22510152;[ 2.6265574  73.43703    -0.25043547]
1.5062343;83.36939;-0.23761621;[ 2.6628075  84.39247    -0.25029278]
2.072286;69.94553;-0.23497689;[ 2.6165981  70.419495   -0.25047615]
2.232227;70.11343;-0.23727572;[ 2.616126  70.27131   -0.2504788]
1.5884095;79.58874;-0.23468079;[ 2.6493993  80.34654    -0.25034612]
1.6004419;82.952095;-0.22372219;[ 2.6620092  84.160034   -0.25029445]
1.5077366;79.64443;-0.24258055;[ 2.649601   80.396454   -0.25034586]
1.7129276;76.3445;-0.2234437;[ 2.6387832 77.13699   -0.2503871]
1.5118027;79.754875;-0.24060771;[ 2.6498873 80.485214  -0.2503454]
1.8866545;72.837715;-0.23456459;[ 2.6266844  73.4707     -0.25043625]
1.8374872;76.3429;-0.22549078;[ 2.6391926  77.25527    -0.25038645]
1.8601017;76.03162;-0.22277656;[ 2.6380458 76.899155  -0.2503891]
0.41340923;86.20373;-0.23797297;[ 2.6715167  87.020645   -0.25025657]
1.5823896;82.76154;-0.22275926;[ 2.6610243  83.85463    -0.25029665]
1.5908139;82.73278;-0.22291498;[ 2.660973  83.83809   -0.2502978]
1.608546;79.49746;-0.23523074;[ 2.6491823  80.27075    -0.25034726]
1.6862934;75.85081;-0.22572614;[ 2.6382766  76.97542    -0.25038856]
2.9369264;72.771126;-0.23542462;[ 2.628801 74.112274 -0.250417]
3.0623884;69.2501;-0.23439422;[ 2.6162143 70.30325   -0.2504699]
1.8870012;76.28585;-0.22190495;[ 2.6402209  77.55391    -0.25038034]
1.5909233;79.52281;-0.23200382;[ 2.650254  80.59761   -0.2503394]
1.764557;76.18897;-0.22408803;[ 2.6389124  77.171486   -0.25038573]
1.4991615;79.60411;-0.2319662;[ 2.6512125  80.880745   -0.25033712]
1.7762195;72.69109;-0.23029068;[ 2.6270273 73.57498   -0.2504343]
3.2273204;76.07593;-0.23497471;[ 2.63826   76.968185  -0.2503821]
4.224407;73.47229;-0.23818739;[ 2.629628  74.36417   -0.2504138]
3.0792441;69.245415;-0.23476347;[ 2.616      70.23751    -0.25047085]
2.7530904;65.95964;-0.23781918;[ 2.6051168  66.945564   -0.25051302]
1.5263201;79.431816;-0.2370071;[ 2.6484904  80.052505   -0.25034824]
1.8395469;76.03001;-0.22571796;[ 2.638277   76.97851    -0.25038826]
1.8383075;75.97032;-0.22791837;[ 2.6383858 77.00926   -0.2503874]
1.8501562;76.72544;-0.21551275;[ 2.6398427  77.4368     -0.25038216]
1.9136012;69.05004;-0.23124993;[ 2.6157236  70.15712    -0.25047773]
1.6835523;75.868004;-0.22611961;[ 2.6382318  76.962364   -0.25038862]
1.8317686;72.65736;-0.23126851;[ 2.626798 73.50268  -0.250436]
2.1020434;69.2835;-0.22648752;[ 2.6153758  70.046745   -0.25048035]
1.969002;72.72323;-0.23424366;[ 2.6261137  73.29025    -0.25043905]
1.6334515;78.71221;-0.22290462;[ 2.647791 79.85094  -0.250348]
1.6304615;78.713875;-0.22291076;[ 2.6477888  79.850235   -0.25034803]
1.7304332;75.469604;-0.2204388;[ 2.6365507  76.454575   -0.25039232]
1.9423292;71.97313;-0.2238875;[ 2.6247811 72.887985  -0.2504398]
1.5103513;75.41122;-0.2323309;[ 2.634539  75.82917   -0.2504019]
1.9196167;72.00212;-0.22090343;[ 2.6249573  72.93996    -0.25043863]
0.47225177;83.87649;-0.22585076;[ 2.6633694  84.55008    -0.25027928]
1.6455978;80.19074;-0.22437972;[ 2.653046   81.435074   -0.25031897]
1.4895661;77.02979;-0.22370023;[ 2.6412916  77.87496    -0.25036728]
1.917526;73.48984;-0.22425005;[ 2.6301117 74.494     -0.2504103]
1.8841517;73.57627;-0.22327536;[ 2.6299686  74.45093    -0.25041187]
1.6447942;80.270325;-0.22182222;[ 2.652777  81.35416   -0.2503199]
1.9179361;73.52383;-0.22255574;[ 2.629905   74.43103    -0.25041187]
1.8464508;76.21375;-0.2238437;[ 2.6401963  77.549576   -0.25037923]
1.8755596;76.10122;-0.22448814;[ 2.640012   77.49167    -0.25038004]
1.6027958;83.03796;-0.224561;[ 2.6632469 84.52382   -0.2502883]
1.5832133;79.5939;-0.2318563;[ 2.6502767 80.6046    -0.25034  ]
1.6655924;75.969215;-0.22707954;[ 2.6406803  77.70207    -0.25037703]
1.699692;75.99456;-0.22705063;[ 2.6409814  77.79112    -0.25037637]
1.8514997;72.78209;-0.23251879;[ 2.6262362  73.33043    -0.25043747]
1.5222895;80.03379;-0.23438779;[ 2.651245   80.88515    -0.25033647]
1.9201701;72.95342;-0.23185438;[ 2.6281269  73.90004    -0.25042716]
0.40124762;86.801315;-0.23538524;[ 2.6742132  87.8362     -0.25024506]
1.6848679;76.032646;-0.22527093;[ 2.6409667 77.78601   -0.2503768]
1.683537;72.37927;-0.23854445;[ 2.6268194 73.52466   -0.2504348]
1.6923108;76.17826;-0.22485316;[ 2.639716   77.41711    -0.25038415]
1.8819753;76.3632;-0.22387832;[ 2.6394117  77.31888    -0.25038582]
1.9205391;72.775505;-0.23361704;[ 2.6266894 73.47391   -0.250436 ]
1.7657444;76.103615;-0.22670113;[ 2.6394515 77.33377   -0.2503832]
1.9527162;79.565445;-0.21995851;[ 2.6519673  81.11214    -0.25033265]
1.6802131;76.22193;-0.22542322;[ 2.6394596  77.33528    -0.25038183]
1.8998778;72.77581;-0.23244476;[ 2.626571  73.431076  -0.2504361]
2.039001;69.403725;-0.22656152;[ 2.616513  70.39143   -0.2504745]
1.8377318;76.21983;-0.2217742;[ 2.6403804  77.602425   -0.25037944]
1.8683197;76.44259;-0.22338448;[ 2.6405869  77.66531    -0.25037703]
1.7618482;76.06275;-0.22560906;[ 2.6392488  77.275154   -0.25038373]
1.5014831;79.99732;-0.23190694;[ 2.6517951 81.05669   -0.2503343]
1.717186;72.69402;-0.23251888;[ 2.6273575 73.67451   -0.2504331]
1.8476043;72.8449;-0.23187917;[ 2.6266098  73.44276    -0.25043646]
1.8393875;76.22758;-0.22336829;[ 2.6400433 77.501785  -0.2503801]
1.8792522;76.089165;-0.2231395;[ 2.6406    77.66864   -0.2503781]
2.2174675;76.06359;-0.22387479;[ 2.6397295 77.40401   -0.2503825]
1.5840702;82.92042;-0.22263475;[ 2.6629858 84.446655  -0.2502882]
1.5321167;79.54057;-0.23334958;[ 2.6494458  80.353195   -0.25034508]
1.7741559;76.2967;-0.22092904;[ 2.6386123  77.078995   -0.25038728]
1.5243723;79.991615;-0.2344469;[ 2.6510727  80.83305    -0.25033784]
1.9180148;72.83285;-0.23327363;[ 2.6277344 73.78229   -0.2504301]
1.8899916;76.57369;-0.22312875;[ 2.6406467  77.683174   -0.25037813]
1.5520003;83.05508;-0.22229956;[ 2.6632485  84.52357    -0.25028828]
2.0564966;76.22424;-0.22677755;[ 2.638645   77.08984    -0.25038877]
1.7573667;72.53077;-0.23614042;[ 2.626572  73.44327   -0.2504357]
1.6798817;75.94912;-0.2255346;[ 2.639369 77.307205 -0.250382]
1.6914357;72.69646;-0.23421915;[ 2.6274018  73.68776    -0.25043297]
2.0612493;76.61048;-0.2256816;[ 2.6405501  77.65863    -0.25037923]
2.13491;69.31655;-0.22875465;[ 2.6162128  70.30665    -0.25047755]
1.7135602;72.819016;-0.23482929;[ 2.628583   74.04443    -0.25042564]
1.8630923;65.6445;-0.23841864;[ 2.6040635 66.63723   -0.2505245]
1.7001905;76.55603;-0.22619218;[ 2.6412888 77.8838    -0.250375 ]
0.50162053;84.03163;-0.23764767;[ 2.6622365  84.214935   -0.25028747]
1.5768162;77.11205;-0.23669916;[ 2.6389916 77.18034   -0.2503807]
2.9563026;71.282715;-0.226465;[ 2.6197443  71.365776   -0.25045457]
1.8806777;73.53943;-0.22637214;[ 2.6272757 73.63982   -0.2504262]
0.3959297;86.52364;-0.2419014;[ 2.6728709  87.44083    -0.25025395]
1.7158875;76.39009;-0.22212619;[ 2.638686   77.10593    -0.25038826]
1.6921325;76.32586;-0.2242341;[ 2.6395252  77.36105    -0.25038525]
1.4814148;79.6509;-0.23593695;[ 2.6505003 80.676834  -0.2503428]
1.7340728;72.77015;-0.23259449;[ 2.6273444  73.676476   -0.25043362]
1.5124187;79.756966;-0.24060771;[ 2.6498423  80.471985   -0.25034556]
1.8625462;76.35627;-0.22463633;[ 2.6394687  77.338684   -0.25038472]
1.6031988;79.63584;-0.23444231;[ 2.6499543  80.51259    -0.25034446]
1.7359802;72.80634;-0.23307548;[ 2.627399   73.69299    -0.25043407]
3.6141636;72.76631;-0.2357046;[ 2.6275423  73.7232     -0.25041777]
3.7379625;72.85819;-0.23376697;[ 2.6268406  73.5046     -0.25042057]
1.8545647;77.50582;-0.22316271;[ 2.642778  78.324326  -0.2503631]
0.44947338;87.739426;-0.22969759;[ 2.677167   88.72579    -0.25022647]
1.6012135;81.15502;-0.23004472;[ 2.654707   81.93675    -0.25031704]
1.9572561;74.39156;-0.22920915;[ 2.6316972  74.973526   -0.25040865]
2.8126216;74.767525;-0.22739334;[ 2.6347997 75.91814   -0.2503854]
1.5427521;81.11622;-0.22861366;[ 2.6544433  81.8502     -0.25031677]
1.8390383;78.23988;-0.21724702;[ 2.644977   78.98408    -0.25035396]
1.9753736;74.385864;-0.2273655;[ 2.6320229 75.07442   -0.2504078]
2.3367424;74.10333;-0.22519071;[ 2.6351357  76.01503    -0.25039396]
2.0986984;70.550606;-0.23837906;[ 2.6215875 71.92038   -0.2504476]
0.43959558;88.06149;-0.22819035;[ 2.6798224  89.52884    -0.25021532]
1.8209611;77.266975;-0.23858507;[ 2.6445856 78.88078   -0.2503561]
1.8392293;70.316444;-0.24282436;[ 2.621965  72.040726  -0.2504461]
2.4636018;70.13016;-0.23517965;[ 2.621766   71.97534    -0.25044802]
3.124378;80.95802;-0.23674944;[ 2.6539357 81.709045  -0.2503216]
2.767788;73.42919;-0.23928139;[ 2.6296759  74.379196   -0.25041986]
3.6075084;70.55049;-0.24305975;[ 2.6189334 71.13258   -0.2504614]
3.9153092;74.09708;-0.25655246;[ 2.630928   74.75783    -0.25041142]
3.8234587;71.43002;-0.25187305;[ 2.622366   72.16752    -0.25044498]
2.4555295;76.90984;-0.23434263;[ 2.6446917 78.915695  -0.2503563]
3.0046768;71.87707;-0.2220086;[ 2.622943   72.350876   -0.25044298]
2.8621135;74.031166;-0.23795302;[ 2.631704  74.9862    -0.2504097]
3.5760975;63.609234;-0.24735916;[ 2.596368   64.3087     -0.25055078]
2.7875166;72.029;-0.25134602;[ 2.6246536  72.861984   -0.25043255]
4.0602837;66.954994;-0.2616831;[ 2.608607   68.008484   -0.25049996]
2.8044586;69.665955;-0.24169973;[ 2.6142423 69.70766   -0.2504741]
3.6805663;63.827003;-0.24291925;[ 2.5958972  64.16125    -0.25055304]
2.6114123;64.90755;-0.25002116;[ 2.5997493 65.33161   -0.2505331]
2.5802681;76.78278;-0.23295423;[ 2.6423223  78.20548    -0.25036827]
4.3389378;73.44452;-0.2546497;[ 2.6301622  74.5295     -0.25041625]
3.8774016;74.26187;-0.23956035;[ 2.6320474 75.09746   -0.2504087]
4.602993;66.897026;-0.27311042;[ 2.607543  67.69251   -0.2505045]
2.7315302;77.01531;-0.22956164;[ 2.642191  78.16375   -0.2503692]
3.6960192;70.31661;-0.23873253;[ 2.6197345  71.37428    -0.25045866]
4.275852;66.53565;-0.25677574;[ 2.6072257  67.594      -0.25050747]
4.377881;63.453026;-0.2600982;[ 2.5968027 64.44288   -0.2505481]
3.7172227;64.71127;-0.264001;[ 2.6043339 66.72103   -0.2505129]
2.5697763;70.08391;-0.2336895;[ 2.6193569  71.25377    -0.25046024]
3.7717528;70.48126;-0.23570126;[ 2.619347   71.25154    -0.25045997]
4.3919353;66.752;-0.2532476;[ 2.607194   67.57851    -0.25050768]
2.6623075;79.17261;-0.23333092;[ 2.6498787 80.47617   -0.2503313]
1.6191387;82.066895;-0.22921543;[ 2.6592956  83.33264    -0.25029135]
4.1432147;73.62171;-0.2637437;[ 2.6291428 74.218666  -0.2504164]
1.5808017;78.592026;-0.23643127;[ 2.6471786 79.66342   -0.2503422]
4.21327;70.65214;-0.25462678;[ 2.6192884 71.236984  -0.2504562]
4.072946;66.71738;-0.2669521;[ 2.6064181  67.347466   -0.25050667]
1.8758945;75.37059;-0.23007496;[ 2.636355   76.388245   -0.25038326]
1.5558081;83.13261;-0.24261218;[ 2.663075   84.46779    -0.25029144]
1.8015269;80.1691;-0.22423384;[ 2.6533966  81.54201    -0.25032848]
1.8928916;76.787605;-0.23783134;[ 2.6400874 77.51879   -0.2503831]
2.0350502;73.47113;-0.22866835;[ 2.6292987 74.25391   -0.2504247]
1.5751528;83.35587;-0.23522967;[ 2.6622608  84.230865   -0.25029317]
1.555707;86.70634;-0.2225338;[ 2.6753135  88.17524    -0.25024158]
1.7651788;80.345604;-0.2226267;[ 2.6522083  81.1891     -0.25033352]
1.5162029;83.04342;-0.23751983;[ 2.6635356  84.61317    -0.25028965]
1.7706705;76.67356;-0.23464724;[ 2.640498  77.64903   -0.2503816]
1.6485063;76.48087;-0.23745255;[ 2.6394289 77.32783   -0.250384 ]
0.45142126;89.14553;-0.22526424;[ 2.682557   90.35771    -0.25020564]
1.7544863;77.90974;-0.23838863;[ 2.6467006 79.5186    -0.2503455]
1.9872379;76.87171;-0.2326608;[ 2.6436367  78.587204   -0.25034958]
2.338324;74.91476;-0.22551058;[ 2.6358771  76.249916   -0.25038943]
1.5174;82.2891;-0.2233132;[ 2.660291   83.62557    -0.25029427]
2.069981;69.81282;-0.23599519;[ 2.6208231  71.68879    -0.25044063]
2.2904878;70.20992;-0.232461;[ 2.6207378 71.65614   -0.2504409]
1.5511945;83.88688;-0.23900563;[ 2.6639435  84.72947    -0.25028846]
1.8133898;80.168175;-0.22452256;[ 2.653348  81.52541   -0.2503289]
1.8720093;76.79798;-0.23440826;[ 2.6412888 77.8811    -0.250377 ]
1.7323629;76.63268;-0.23806182;[ 2.639911   77.47865    -0.25038287]
1.7983398;80.256714;-0.22635148;[ 2.6539125  81.70125    -0.25032607]
1.7920152;80.359726;-0.22185926;[ 2.653617  81.61171   -0.2503277]
2.1396453;70.13864;-0.23509318;[ 2.617306   70.63414    -0.25047442]
1.5789139;83.37369;-0.23710625;[ 2.6628842 84.427185  -0.2502931]
1.8077227;80.36494;-0.2255229;[ 2.6512337  80.90065    -0.25033855]
1.6309323;75.97938;-0.24072036;[ 2.6400056  77.50366    -0.25038186]
1.6994917;68.329025;-0.24447577;[ 2.6170373  70.559135   -0.25047347]
1.8945197;76.84605;-0.2443768;[ 2.6393237 77.29335   -0.2503878]
3.9900284;77.89833;-0.23173437;[ 2.6436102  78.596985   -0.25036338]
2.7916331;70.12002;-0.23831575;[ 2.6185763  71.02579    -0.25046444]
1.8684021;76.78031;-0.23741058;[ 2.6394536  77.338      -0.25038585]
0.38078046;90.36993;-0.25265864;[ 2.6858926 91.38173   -0.2502028]
1.8241338;76.514984;-0.23861802;[ 2.6392496  77.28299    -0.25038627]
1.4626638;83.46392;-0.24176446;[ 2.6632366  84.53151    -0.25029236]
1.6509848;76.40223;-0.2381969;[ 2.6396823 77.41304   -0.2503845]
1.907927;76.71296;-0.24512428;[ 2.6403813  77.61785    -0.25038445]
2.8626795;73.91624;-0.24509625;[ 2.6307364 74.69811   -0.2504142]
2.6553762;77.77424;-0.22853267;[ 2.643832   78.65567    -0.25036186]
2.6405873;70.91313;-0.23436639;[ 2.621006   71.74814    -0.25045326]
2.5964906;70.73436;-0.23587227;[ 2.6206443  71.64058    -0.25045374]
1.821918;80.34826;-0.22570938;[ 2.6525736 81.295715  -0.2503328]
0.3698423;90.33237;-0.24703321;[ 2.6863303  91.50633    -0.25019968]
1.4542155;83.56469;-0.23864952;[ 2.6637754  84.68683    -0.25028962]
1.5684555;83.372;-0.23696096;[ 2.662169  84.20766   -0.2502946]
1.8817084;73.456856;-0.22958888;[ 2.6296856 74.37534   -0.2504242]
2.0802193;73.64739;-0.226479;[ 2.6296122  74.34531    -0.25042477]
2.7298105;70.16603;-0.24105582;[ 2.6213667  71.86188    -0.25045007]
2.73503;66.78714;-0.23914587;[ 2.6067362  67.4394     -0.25051078]
1.5436698;83.52626;-0.23836878;[ 2.6626496 84.35115   -0.2502943]
1.8537666;76.67246;-0.23733345;[ 2.6401167 77.54031   -0.2503844]
1.6168832;80.40199;-0.2201836;[ 2.6546865  81.93448    -0.25032416]
2.203804;73.01889;-0.23055293;[ 2.6310759  74.798874   -0.25041795]
1.8748283;69.70017;-0.24334992;[ 2.618179   70.90065    -0.25046805]
1.8763452;74.597626;-0.2324861;[ 2.632047  75.08365   -0.2504045]
0.43436456;88.36419;-0.22940543;[ 2.6796181  89.468796   -0.25021645]
1.6041771;81.29653;-0.2326814;[ 2.6550205  82.03668    -0.25031307]
1.9799361;77.79576;-0.22699527;[ 2.6467752  79.5379     -0.25034624]
1.5867819;83.400505;-0.23745503;[ 2.6641095  84.797806   -0.25028804]
1.5234761;83.71154;-0.24175596;[ 2.6635833  84.64421    -0.25029233]
1.5383463;83.718254;-0.23646706;[ 2.6637084 84.67995   -0.2502893]
1.6562097;76.69236;-0.23721877;[ 2.6409793  77.80415    -0.25037977]
1.7153189;76.63831;-0.2393513;[ 2.6408744  77.77828    -0.25038168]
1.629951;76.60436;-0.24008155;[ 2.640914   77.78729    -0.25037947]
2.0351827;70.08548;-0.23704448;[ 2.6173728  70.6656     -0.25047398]
4.2915034;82.11479;-0.2674517;[ 2.658955   83.2298     -0.25029606]
4.1304507;78.41457;-0.24329671;[ 2.6465147  79.4709     -0.25034502]
4.217145;71.20234;-0.25506195;[ 2.6222682  72.13841    -0.25044253]
1.6812108;72.64768;-0.24416791;[ 2.627256   73.650055   -0.25041837]
2.886436;81.97305;-0.24433517;[ 2.6600678  83.559135   -0.25029567]
2.6487675;78.33291;-0.22890452;[ 2.647593  79.78813   -0.2503445]
1.4948437;84.10046;-0.23878126;[ 2.666304   85.44829    -0.25027907]
1.8139356;80.73375;-0.2256558;[ 2.6556802 82.23045   -0.2503212]
0.37319124;91.18913;-0.24623656;[ 2.6885853  92.1858     -0.25019097]
1.7965715;80.77416;-0.2248433;[ 2.6574259  82.758606   -0.25031292]
1.7395557;77.36187;-0.23656002;[ 2.6438613  78.652725   -0.25036603]
1.8700156;73.94282;-0.22970392;[ 2.6326716  75.269516   -0.25041178]
1.9182262;77.17221;-0.24253255;[ 2.644006  78.694855  -0.2503688]
3.0520535;80.17658;-0.24134095;[ 2.6531093  81.46595    -0.25032726]
2.6410437;66.14958;-0.24729374;[ 2.6055782  67.09877    -0.25051516]
2.8681183;73.279625;-0.23967072;[ 2.6303782 74.593155  -0.2504173]
3.948148;70.42742;-0.23918834;[ 2.61942    71.28113    -0.25046012]
3.1471725;71.817604;-0.24655904;[ 2.62317   72.41324   -0.2504409]
3.9772832;70.605644;-0.23570515;[ 2.6192527 71.22446   -0.2504609]
1.8837761;75.62624;-0.23024587;[ 2.6349707  75.96693    -0.25039434]
0.44564033;89.34495;-0.22467785;[ 2.6833222  90.59256    -0.25020236]
1.8419168;76.636925;-0.23796955;[ 2.6397238  77.418304   -0.25038445]
1.8747199;76.86191;-0.2365358;[ 2.6397765  77.43659    -0.25038543]
0.38060033;90.283516;-0.2515541;[ 2.6857367 91.33599   -0.2502037]
1.6389506;75.79994;-0.24186413;[ 2.6396222  77.39653    -0.25038496]
1.8872044;69.03239;-0.24253502;[ 2.614931   69.93149    -0.25048265]
1.9308633;76.85547;-0.24501228;[ 2.6394932  77.34599    -0.25038725]
0.39327347;86.450096;-0.24705945;[ 2.6733394  87.57916    -0.25025174]
1.6917894;72.50167;-0.23722275;[ 2.627041  73.58711   -0.2504342]
1.5091484;79.69055;-0.24524541;[ 2.6502812  80.60159    -0.25034347]
2.208163;76.321526;-0.22848065;[ 2.638999  77.19322   -0.2503887]
0.39109278;90.17893;-0.24385238;[ 2.6870322  91.715775   -0.25019655]
1.5130007;83.27209;-0.23720439;[ 2.664165   84.80228    -0.25028735]
1.4896452;80.11178;-0.23735966;[ 2.6505697  80.69755    -0.25034034]
1.9726293;69.70103;-0.23467934;[ 2.6168005 70.4895    -0.2504746]
1.8608437;69.20932;-0.2352122;[ 2.6181211  70.888115   -0.25046763]
2.0677366;76.92229;-0.22612923;[ 2.6414208  77.921555   -0.25037563]
2.2170951;69.90892;-0.23082632;[ 2.616376   70.35419    -0.25047615]
1.6163037;82.38176;-0.22716011;[ 2.659546  83.4075    -0.2502913]
1.5698769;78.688225;-0.23733108;[ 2.6474235  79.740234   -0.25034085]
1.9842505;75.263695;-0.23309861;[ 2.6357052  76.19753    -0.25038794]
4.1464;70.822975;-0.24971305;[ 2.6188881 71.11047   -0.2504576]
2.8222997;77.64043;-0.23306753;[ 2.643753  78.6329    -0.2503625]
2.8916576;74.26197;-0.24483721;[ 2.6319     75.04111    -0.25041035]
2.8121448;70.89681;-0.23381394;[ 2.620795  71.68422   -0.2504547]
2.306804;73.388275;-0.22984187;[ 2.629621   74.35588    -0.25042558]
2.0847394;73.62384;-0.22472993;[ 2.6294022  74.283035   -0.25042722]
0.43599713;87.968025;-0.23418695;[ 2.6795316  89.448166   -0.25021833]
1.5743467;81.00412;-0.23248298;[ 2.6553369 82.1373    -0.2503131]
1.9054166;70.331116;-0.23936728;[ 2.6205268 71.612015  -0.2504541]
0.37203622;90.62925;-0.25272778;[ 2.6868317 91.67799   -0.2502008]
1.5046943;83.89201;-0.24240434;[ 2.6638932  84.73767    -0.25029033]
1.5231879;83.606155;-0.24033202;[ 2.6636047  84.64818    -0.25029102]
1.6479385;76.10669;-0.23900121;[ 2.640942   77.79382    -0.25037774]
1.5527335;83.65207;-0.23888563;[ 2.6624262  84.30432    -0.25029558]
1.6609029;76.40553;-0.23918676;[ 2.6407814 77.74762   -0.2503815]
1.7184076;68.300545;-0.24263497;[ 2.6180155  70.86279    -0.25046906]
1.620204;76.15902;-0.24256684;[ 2.639494  77.37071   -0.2503866]
1.7514069;69.666855;-0.24590649;[ 2.6175017  70.709236   -0.25047207]
1.8641102;77.08505;-0.24112831;[ 2.6408145  77.75371    -0.25038216]
2.565969;66.862;-0.24485053;[ 2.607458   67.65661    -0.25050536]
2.970716;76.980415;-0.23809646;[ 2.6435862  78.58157    -0.25036222]
2.4191265;77.07976;-0.23683052;[ 2.6445606 78.87707   -0.250357 ]
2.3299472;75.44923;-0.22527838;[ 2.6343045  75.7829     -0.25039586]
3.537558;71.12663;-0.23929864;[ 2.6202445 71.53005   -0.2504551]
3.197225;74.08347;-0.22750236;[ 2.6334484  75.51913    -0.25040308]
2.8117592;70.636505;-0.23279522;[ 2.6200175  71.463936   -0.25045606]
2.9225335;73.71548;-0.23954241;[ 2.6302438 74.54529   -0.2504165]
2.863432;69.976074;-0.24098831;[ 2.6198642  71.40728    -0.25045705]
2.4937673;66.573235;-0.24869043;[ 2.6062605 67.29933   -0.2505108]
2.4537354;73.202965;-0.22821866;[ 2.6307487 74.69368   -0.2504199]
2.0913887;69.90874;-0.23932734;[ 2.6183412  70.945114   -0.25046787]
1.5409632;83.654076;-0.24211627;[ 2.6640272  84.753296   -0.25028843]
1.8219869;80.10569;-0.22512524;[ 2.6535583  81.5894     -0.25032842]
1.8006928;79.84409;-0.22691861;[ 2.6542187 81.796486  -0.2503254]
1.616397;83.3675;-0.23925154;[ 2.66461   84.93744   -0.2502859]
1.7923218;76.48421;-0.23699285;[ 2.6419084  78.072174   -0.25037584]
2.2315192;72.990715;-0.23146203;[ 2.6310692  74.79599    -0.25041813]
1.8356011;79.95963;-0.22569777;[ 2.6533704 81.53255   -0.2503294]
2.2180953;79.959404;-0.22801773;[ 2.6527083  81.33417    -0.25033295]
2.0380518;73.47161;-0.22787917;[ 2.6295877 74.34305   -0.250424 ]
2.4303963;73.428246;-0.22893237;[ 2.6289492  74.15358    -0.25042778]
0.3894223;90.22384;-0.24390282;[ 2.6869853 91.70178   -0.2501968]
1.7733791;80.220245;-0.22707322;[ 2.6527607 81.35797   -0.2503315]
1.7395151;76.66779;-0.23690978;[ 2.640531   77.65871    -0.25038114]
1.9575003;76.66367;-0.2317472;[ 2.6392684  77.28291    -0.25038555]
1.5590076;84.22885;-0.22450711;[ 2.665502  85.20979   -0.2502796]
1.496602;80.76187;-0.23493588;[ 2.654045  81.74135   -0.2503261]
1.8236407;76.729515;-0.22752844;[ 2.6416647 78.00054   -0.250375 ]
1.9792252;77.245;-0.22942038;[ 2.6427279  78.32138    -0.25037152]
2.1544814;73.237144;-0.22743456;[ 2.6304069 74.59845   -0.2504201]
1.8611838;69.300095;-0.23523474;[ 2.6181016  70.882164   -0.25046805]
1.8309886;76.873795;-0.22310941;[ 2.641623 77.98431  -0.250375]
1.8517109;73.53906;-0.2364814;[ 2.629852   74.42616    -0.25042236]
2.0579607;73.42776;-0.22419325;[ 2.6302845  74.55487    -0.25041986]
4.210617;80.776924;-0.26968965;[ 2.6525693  81.29985    -0.25032404]
1.615024;78.35454;-0.24259165;[ 2.6462977  79.403885   -0.25034454]
3.9644485;73.63131;-0.26849034;[ 2.629402   74.30029    -0.25041518]
4.1369596;77.73515;-0.2438965;[ 2.6417103  78.01611    -0.25036588]
4.5530977;74.399185;-0.24044546;[ 2.6308134 74.72725   -0.2504116]
3.8957136;70.73017;-0.25126937;[ 2.6187093 71.057755  -0.2504589]
4.1556563;70.84137;-0.25225732;[ 2.61908    71.16884    -0.25045595]
4.268903;70.65873;-0.2531549;[ 2.618425   70.971405   -0.25046015]
1.8983089;71.66187;-0.24203825;[ 2.62334    72.45592    -0.25043595]
3.9922915;66.938644;-0.26766965;[ 2.6064441  67.352325   -0.25050655]
2.8724358;81.01944;-0.24585268;[ 2.6549664 82.020905  -0.2503186]
2.757879;73.92081;-0.24458918;[ 2.631644  74.97483   -0.2504102]
2.743523;66.90806;-0.2471411;[ 2.6087651 68.056915  -0.250501 ]
2.828636;70.91844;-0.23563048;[ 2.621      71.74643    -0.25045288]
2.189688;80.265594;-0.22932225;[ 2.6522725  81.20506    -0.25033575]
1.9883033;80.08362;-0.23122287;[ 2.6525826 81.30475   -0.2503338]
1.8447119;76.555534;-0.24030471;[ 2.6401477  77.54243    -0.25038233]
1.6314408;76.22413;-0.24239062;[ 2.6403272  77.60265    -0.25038105]
1.8801212;73.41627;-0.22958912;[ 2.629887  74.435776  -0.2504237]
2.267029;73.40356;-0.23102249;[ 2.6296406  74.36141    -0.25042525]
1.8964169;76.87907;-0.2449135;[ 2.6404898 77.63472   -0.2503827]
2.0880165;73.64432;-0.22636735;[ 2.6296535  74.35907    -0.25042522]
2.1198058;69.84025;-0.2393682;[ 2.6171703  70.58873    -0.25047383]
0.39327347;86.450096;-0.24705945;[ 2.6733394  87.57916    -0.25025174]
1.4811757;79.566124;-0.23855504;[ 2.650551   80.689156   -0.25034225]
2.0051138;76.18481;-0.22905083;[ 2.639281   77.28413    -0.25038725]
2.113664;68.921104;-0.23550871;[ 2.6157243  70.167274   -0.25047943]
1.781812;64.71285;-0.24746442;[ 2.6033397 66.42596   -0.2505273]
2.180203;76.33799;-0.22857629;[ 2.6390135  77.1971     -0.25038844]
1.8777553;76.45907;-0.22327507;[ 2.63963  77.38399  -0.250385]
1.9783931;65.48652;-0.2430621;[ 2.603384   66.43196    -0.25052717]
2.1876695;79.01965;-0.22280477;[ 2.6485045  80.058235   -0.25034207]
3.0152116;78.54342;-0.24801743;[ 2.6458988 79.29245   -0.250351 ]
4.238344;73.536125;-0.25446182;[ 2.6297088 74.39584   -0.2504189]
2.5316072;76.960434;-0.23417826;[ 2.6426084  78.29227    -0.25036785]
4.062742;74.77477;-0.23456766;[ 2.633407   75.510445   -0.25040287]
4.5788903;70.84223;-0.24714369;[ 2.6208756  71.72387    -0.25045234]
4.166636;70.654625;-0.2407675;[ 2.6193352  71.26187    -0.25046065]
3.0320826;71.49537;-0.24799703;[ 2.6228817  72.330414   -0.25044253]
2.9659033;73.41918;-0.24136984;[ 2.6302285  74.54089    -0.25041863]
2.9952843;71.7822;-0.24698767;[ 2.6229334  72.34224    -0.25044286]
1.5298977;83.46427;-0.2497426;[ 2.6627233  84.371666   -0.25029513]
2.18086;80.16638;-0.23011452;[ 2.6516476  81.02461    -0.25033906]
1.804556;80.27453;-0.22537377;[ 2.6514113  80.9577     -0.25033796]
0.38149905;90.26298;-0.2515541;[ 2.685742   91.33734    -0.25020343]
1.5499542;83.57277;-0.24682601;[ 2.6626735  84.359985   -0.25029433]
1.8103175;80.58393;-0.22589657;[ 2.6527686  81.36459    -0.25033286]
1.5308311;83.08913;-0.24309091;[ 2.662221   84.23104    -0.25029546]
2.2320318;73.21267;-0.23108093;[ 2.6282916  73.96806    -0.25043124]
2.4505708;73.57558;-0.22895683;[ 2.628675   74.07159    -0.25042942]
0.4072007;87.207146;-0.24076638;[ 2.6755528  88.24519    -0.25024095]
1.6743817;76.74631;-0.22432102;[ 2.6394553  77.33829    -0.25038347]
1.485909;80.35672;-0.23559201;[ 2.652905   81.396774   -0.25033128]
2.0496666;76.72784;-0.22611119;[ 2.6410081  77.79535    -0.25037777]
1.8617411;73.417435;-0.23334941;[ 2.6282873  73.95815    -0.25042695]
1.8851253;76.154396;-0.22234625;[ 2.6406274 77.67717   -0.2503785]
1.8590174;76.31589;-0.22383752;[ 2.640481   77.63606    -0.25037783]
0.4001602;86.859314;-0.23540643;[ 2.6740282 87.780594  -0.250246 ]
1.6374481;79.70428;-0.23223266;[ 2.6507938  80.760635   -0.25033754]
1.7711481;76.19111;-0.22353697;[ 2.639313   77.29248    -0.25038484]
1.5008502;79.96915;-0.23148999;[ 2.6517723  81.050415   -0.25033417]
1.684927;76.0297;-0.22529401;[ 2.6412497 77.87053   -0.2503751]
1.8639195;65.59128;-0.23841098;[ 2.6039453 66.60122   -0.2505249]
1.7058023;72.12519;-0.24338259;[ 2.62628    73.36247    -0.25043595]
1.4811757;79.566124;-0.23855504;[ 2.650551   80.689156   -0.25034225]
2.4536293;72.798744;-0.22752702;[ 2.6281002  73.90565    -0.25043175]
1.8962085;72.674934;-0.23572177;[ 2.6267962  73.50577    -0.25043532]
1.9783931;65.48652;-0.2430621;[ 2.603384   66.43196    -0.25052717]
1.5884538;79.4872;-0.2362452;[ 2.649707   80.43995    -0.25034443]
1.702971;76.108604;-0.228483;[ 2.6386774 77.10837   -0.2503873]
1.4773288;79.55308;-0.23773758;[ 2.6502607  80.60167    -0.25034323]
1.508959;79.67501;-0.24378812;[ 2.6499183 80.492386  -0.2503447]
1.871865;72.79577;-0.23554479;[ 2.6267288 73.48604   -0.2504359]
0.39383185;86.43856;-0.24564397;[ 2.6729875 87.4731    -0.2502529]
1.7181168;76.438736;-0.221407;[ 2.640778   77.73503    -0.25038126]
1.5086395;79.67188;-0.24375807;[ 2.649953   80.50255    -0.25034457]
1.8683642;76.42681;-0.22102539;[ 2.639629  77.382645  -0.2503846]
1.5266521;79.40599;-0.23932064;[ 2.6496    80.407936  -0.2503451]
1.6981552;76.22285;-0.22468463;[ 2.6398563 77.45865   -0.2503839]
1.5084081;79.667595;-0.24371915;[ 2.6499138 80.4907    -0.2503447]
2.1885293;76.38674;-0.22768207;[ 2.6389012  77.16307    -0.25038868]
1.5556095;82.588646;-0.22361983;[ 2.6606238  83.72043    -0.25029206]
1.8491586;78.04894;-0.22074036;[ 2.6486707  80.104256   -0.25033692]
0.43490517;88.617455;-0.22792271;[ 2.6809156  89.86061    -0.25021014]
1.859768;77.14863;-0.23769645;[ 2.6446176  78.88931    -0.25035596]
1.4986944;81.706345;-0.22671482;[ 2.6587214 83.14894   -0.2502981]
1.7131975;74.40116;-0.23039171;[ 2.6337624  75.60791    -0.25039905]
1.868725;74.56617;-0.22807807;[ 2.633307   75.465225   -0.25040135]
1.8887477;77.80573;-0.24181916;[ 2.6476607 79.81297   -0.2503449]
1.4796646;81.092064;-0.22930267;[ 2.6577628  82.86383    -0.25030422]
2.1884203;71.1133;-0.24107447;[ 2.6246924  72.86197    -0.25043634]
3.9312186;77.49845;-0.23859076;[ 2.644223   78.78513    -0.25035954]
4.435731;73.72247;-0.2541873;[ 2.6296515 74.37642   -0.2504194]
4.6826053;70.60194;-0.25359422;[ 2.6209757  71.754456   -0.25045115]
2.6163797;73.61268;-0.24286279;[ 2.6308153  74.72387    -0.25041464]
2.6466227;77.25471;-0.22996162;[ 2.6425533  78.275856   -0.25036773]
4.182471;70.586555;-0.24567719;[ 2.618554   71.01892    -0.25046232]
3.9805188;70.786705;-0.23984483;[ 2.6211622  71.805626   -0.25045174]
4.1453233;67.96058;-0.23987801;[ 2.611389   68.84856    -0.25048938]
4.735737;63.89019;-0.2550987;[ 2.597915  64.77495   -0.2505434]
2.60458;70.4528;-0.23462394;[ 2.6194882  71.295456   -0.25045997]
1.8746555;76.72585;-0.23638986;[ 2.6398652 77.459274  -0.2503847]
0.3858527;90.343796;-0.24742655;[ 2.6860628 91.4355    -0.2502025]
1.5627024;83.70962;-0.24291672;[ 2.6622326 84.22997   -0.250297 ]
1.5395923;83.61576;-0.23739094;[ 2.6631804  84.51663    -0.25029337]
1.646756;80.352715;-0.22525834;[ 2.651834   81.085175   -0.25033695]
1.9112284;69.75399;-0.2396595;[ 2.616999   70.54717    -0.25047368]
4.333154;79.00245;-0.25066093;[ 2.6473176  79.717255   -0.25034156]
1.6230137;79.967094;-0.24046995;[ 2.6500368 80.53048   -0.2503281]
1.6066962;83.474846;-0.22820784;[ 2.6627254  84.37374    -0.25027663]
1.5998391;83.529884;-0.225868;[ 2.6628432 84.40733   -0.2502763]
4.575878;72.36185;-0.2439641;[ 2.622744   72.293976   -0.25044057]
4.087899;72.24534;-0.24554326;[ 2.623466  72.50375   -0.2504375]
4.1880016;71.85801;-0.25352556;[ 2.6238017 72.60375   -0.2504353]
4.256338;68.29708;-0.2648322;[ 2.610081   68.45888    -0.25049037]
1.8633391;76.64893;-0.22907983;[ 2.6396725 77.395004  -0.2503689]
2.9536953;82.5223;-0.24174643;[ 2.6605525  83.70934    -0.25029328]
2.9236526;68.17657;-0.2434501;[ 2.6111095  68.75864    -0.25049022]
1.4983954;84.69845;-0.23609953;[ 2.6672113 85.72599   -0.2502751]
1.6309667;77.12025;-0.2397326;[ 2.6441152  78.74414    -0.25036654]
0.37222278;91.7093;-0.2402786;[ 2.6894305  92.44528    -0.25018686]
1.5074341;84.31396;-0.2355257;[ 2.6640549  84.7749     -0.25028652]
1.7359222;77.63126;-0.23473714;[ 2.6436796  78.603264   -0.25036725]
1.8839605;70.37692;-0.24119633;[ 2.6191602  71.19209    -0.25046512]
1.783185;77.55031;-0.23555076;[ 2.6457503  79.228645   -0.25035986]
1.6890725;70.07509;-0.2454615;[ 2.6193058  71.243675   -0.25046453]
1.9210405;77.66181;-0.23792778;[ 2.644732  78.91536   -0.2503652]
3.0763268;80.41837;-0.23965053;[ 2.65319    81.4964     -0.25032738]
2.817635;73.49842;-0.24102843;[ 2.6307673  74.71711    -0.25041646]
1.5326872;83.7519;-0.2483636;[ 2.6633427  84.560394   -0.25029355]
1.6145277;83.69493;-0.24435548;[ 2.6636333  84.65704    -0.25029272]
1.5896316;83.52096;-0.23818769;[ 2.6629572 84.450195  -0.250293 ]
1.484142;81.080185;-0.22965008;[ 2.656095   82.36616    -0.25031236]
1.6774473;74.02946;-0.23331273;[ 2.6317594  75.00789    -0.25040838]
1.5138354;83.901085;-0.25098294;[ 2.6642957  84.85875    -0.25029114]
1.855145;76.91428;-0.23883955;[ 2.640461   77.65326    -0.25038424]
1.9541267;69.93466;-0.24176994;[ 2.6170585  70.56947    -0.25047544]
3.8859622;77.81791;-0.23883636;[ 2.6441119  78.7507     -0.25036076]
2.8383226;73.411064;-0.24185754;[ 2.6287618 74.10907   -0.250424 ]
3.7720869;78.00428;-0.23495518;[ 2.6436396  78.60899    -0.25036368]
3.6732202;70.89936;-0.24234603;[ 2.6190813 71.1819    -0.2504611]
2.8733687;73.45007;-0.24166389;[ 2.629684   74.386765   -0.25042135]
2.6577969;75.37642;-0.22865278;[ 2.6354623  76.13425    -0.25039268]
3.8320665;70.78325;-0.24287844;[ 2.6204247 71.5866    -0.2504555]
2.707679;66.61982;-0.24539252;[ 2.6057098 67.13714   -0.2505153]
2.5445976;66.39805;-0.24585754;[ 2.6059747  67.2192     -0.25051475]
3.022006;73.65739;-0.23970169;[ 2.6303556  74.58539    -0.25041875]
2.6653016;66.71304;-0.24239229;[ 2.606974  67.51623   -0.2505101]
1.9766067;71.24487;-0.24296108;[ 2.624508   72.81367    -0.25043687]
1.8158715;78.15408;-0.22134389;[ 2.645366   79.11231    -0.25035375]
1.5366576;81.418976;-0.2312033;[ 2.656556   82.49634    -0.25030988]
2.2035148;71.35219;-0.23964263;[ 2.6242957 72.74382   -0.250438 ]
1.8730924;74.74996;-0.23005556;[ 2.6345184  75.83035    -0.25039613]
1.902302;69.48996;-0.2399992;[ 2.6188192 71.08789   -0.2504643]
1.5436933;83.98121;-0.23646896;[ 2.664569   84.93239    -0.25028658]
1.6491458;80.46553;-0.22460206;[ 2.6535459  81.59788    -0.25032887]
1.5053873;83.8223;-0.23726194;[ 2.6652684  85.14703    -0.25028417]
1.8312557;70.18754;-0.23841526;[ 2.618101   70.88794    -0.25047034]
1.6617234;76.466805;-0.23773475;[ 2.6420577 78.12401   -0.2503747]
1.7025845;69.14372;-0.24459904;[ 2.6188962  71.1181     -0.25046387]
2.034683;70.3809;-0.23589659;[ 2.6175327  70.711624   -0.25047404]
1.4698508;83.96645;-0.24096963;[ 2.66411    84.79582    -0.25028896]
1.6680642;80.69952;-0.22706023;[ 2.6528087  81.37912    -0.25033152]
1.6584361;76.398735;-0.23876798;[ 2.6417508  78.03705    -0.25037476]
1.6811649;77.01809;-0.23600893;[ 2.6414537 77.945496  -0.2503781]
1.8462158;76.86301;-0.23793334;[ 2.6401641  77.55777    -0.25038362]
1.9414473;69.68467;-0.23787774;[ 2.6187735  71.083405   -0.25046623]
1.9513885;69.64355;-0.24155301;[ 2.6181746 70.90116   -0.250468 ]
1.864516;79.25698;-0.22199945;[ 2.6489964 80.206474  -0.2503385]
1.5564659;82.14181;-0.22999246;[ 2.6586168 83.12607   -0.2503002]
1.5135702;82.40574;-0.22517286;[ 2.6596873  83.4438     -0.25029692]
1.978993;79.12301;-0.22615562;[ 2.6484685  80.05236    -0.25034153]
2.4243474;73.22559;-0.23319133;[ 2.628924   74.13517    -0.25041026]
3.0470355;68.78653;-0.24118988;[ 2.6130648 69.33998   -0.2504778]
2.8835816;73.74282;-0.23737767;[ 2.6313417  74.8713     -0.25039804]
3.522245;81.8538;-0.23104133;[ 2.6579413 82.918015  -0.2502975]
3.3376653;73.657166;-0.23435132;[ 2.6312718  74.85176    -0.25040355]
1.9104544;75.27665;-0.23934163;[ 2.636595  76.45169   -0.2503872]
2.1450512;74.18922;-0.23347789;[ 2.6334841  75.50752    -0.25039104]
1.5002425;86.01995;-0.22772321;[ 2.671891  87.135345  -0.2502499]
1.7832165;79.27914;-0.2294352;[ 2.6478844 79.875656  -0.2503448]
0.49496484;83.49416;-0.23849645;[ 2.661223   83.90639    -0.25029275]
1.6386491;79.926506;-0.22391029;[ 2.6495402  80.3799     -0.25033805]
1.5127844;76.61025;-0.23451087;[ 2.638848   77.1405     -0.25038204]
1.7353419;73.07624;-0.22677273;[ 2.6270669  73.5813     -0.25042856]
1.8937116;73.28128;-0.22538438;[ 2.6267638  73.483734   -0.25042954]
2.7176018;71.43434;-0.22739291;[ 2.6197495 71.36775   -0.2504542]
5.5015206;73.7451;-0.24351466;[ 2.6292295  74.239456   -0.25040403]
3.5646687;83.48884;-0.23714888;[ 2.663456   84.583694   -0.25027686]
3.2141037;76.59222;-0.23963657;[ 2.6399965  77.491425   -0.25037074]
3.9570913;81.36356;-0.23226759;[ 2.6555305  82.18592    -0.25030658]
2.9999707;69.81212;-0.24250697;[ 2.6165152  70.38847    -0.25046432]
3.220751;69.95869;-0.23937993;[ 2.6171021  70.56213    -0.25046197]
2.8781843;81.72306;-0.23580225;[ 2.6577742 82.868164  -0.2502992]
3.3153276;80.76531;-0.23110019;[ 2.6525936 81.30013   -0.2503175]
2.333916;80.29457;-0.22344613;[ 2.6512337 80.894104  -0.2503221]
3.3302674;80.74116;-0.23294011;[ 2.65343    81.55494    -0.25031388]
3.1987808;73.64234;-0.2361605;[ 2.630481  74.61545   -0.2504062]
3.3572617;74.06051;-0.23158795;[ 2.629805   74.40275    -0.25040826]
2.3692968;73.475525;-0.2240563;[ 2.628696  74.0693    -0.2504124]
2.8726478;69.68144;-0.23561808;[ 2.614951   69.91359    -0.25046992]
2.5012257;67.71551;-0.24250463;[ 2.6121438  69.06837    -0.25048086]
1.803434;78.20321;-0.23382375;[ 2.6448467 78.95824   -0.2503572]
2.2031329;71.580864;-0.23331173;[ 2.6219025  72.01193    -0.25044766]
1.8612479;77.98633;-0.22403273;[ 2.6466868  79.50519    -0.25034633]
2.153675;77.97753;-0.2244599;[ 2.6466181 79.48419   -0.2503469]
1.8392351;74.485016;-0.2326372;[ 2.6330328  75.38164    -0.25040016]
1.8645825;84.6519;-0.22453399;[ 2.6695542  86.42578    -0.25025558]
1.5637273;81.14211;-0.23276955;[ 2.6559286  82.31131    -0.25030893]
1.5742452;81.206764;-0.2294761;[ 2.655388   82.14807    -0.25031376]
1.6173187;81.04696;-0.22788508;[ 2.6550295 82.03688   -0.2503163]
2.072237;73.93124;-0.22615702;[ 2.6350055 75.975746  -0.2503943]
1.544972;81.10912;-0.22680414;[ 2.6551175  82.065544   -0.25031495]
1.4755807;81.116646;-0.22917356;[ 2.65632   82.42074   -0.2503093]
1.7318752;74.210304;-0.22981311;[ 2.6317766 75.007065  -0.2504075]
1.9710002;77.47663;-0.22732984;[ 2.64506    79.01669    -0.25035354]
0.44212854;87.78077;-0.23419502;[ 2.6785078  89.1407     -0.25022298]
1.5734432;80.97307;-0.23151633;[ 2.6545262  81.892365   -0.25031707]
1.7005385;74.00049;-0.23462828;[ 2.6310022 74.77898   -0.2504112]
1.5146036;81.06987;-0.23346415;[ 2.6555297  82.18666    -0.25031444]
0.44341922;88.0068;-0.23256342;[ 2.678812  89.23508   -0.2502226]
1.5370399;80.99857;-0.23012331;[ 2.6553328  82.13631    -0.25031385]
1.4644219;81.182335;-0.23211707;[ 2.65544    82.16733    -0.25031567]
1.7167552;74.30059;-0.23328735;[ 2.6313841  74.893265   -0.25041005]
1.5179363;81.305046;-0.23180683;[ 2.6558247  82.27837    -0.25031406]
1.8241558;74.33732;-0.22993122;[ 2.6324255  75.20322    -0.25040513]
0.45139194;91.380104;-0.23351708;[ 2.6922956 93.305305  -0.2501672]
1.7205212;81.24324;-0.23897904;[ 2.6562269  82.402794   -0.25031045]
1.7277124;77.88213;-0.23355994;[ 2.6451025 79.03572   -0.2503544]
1.640095;74.50704;-0.23515767;[ 2.6331203  75.41719    -0.25040182]
1.9968922;78.204025;-0.22267352;[ 2.6469607  79.59207    -0.25034648]
1.7814052;74.71613;-0.23130949;[ 2.6334844 75.52184   -0.2504003]
4.6516457;72.60929;-0.24013263;[ 2.623341 72.4619   -0.250434]
2.0054753;69.53367;-0.24369319;[ 2.6162882 70.31447   -0.2504591]
3.8221028;72.625114;-0.23691529;[ 2.6306643  74.66163    -0.25040475]
2.5236025;65.12337;-0.24836269;[ 2.6009827  65.68892    -0.25052708]
0.4445405;87.9146;-0.23419146;[ 2.6795049  89.43976    -0.25021854]
1.6531278;73.87777;-0.2355957;[ 2.6323347  75.18193    -0.25040513]
1.6944072;77.89593;-0.22094649;[ 2.6463563 79.41531   -0.2503503]
1.5178554;81.21284;-0.23342825;[ 2.6565177  82.48305    -0.25031003]
2.1194336;77.934364;-0.2233355;[ 2.6454158  79.12775    -0.25035417]
2.745727;81.95517;-0.23521125;[ 2.6598248  83.491936   -0.25029194]
2.1702683;72.23583;-0.25078157;[ 2.6291583  74.219955   -0.25041273]
3.4089694;80.869835;-0.23174275;[ 2.6556282  82.22375    -0.25030616]
3.0675604;77.311104;-0.23085243;[ 2.642825   78.35534    -0.25035536]
2.699969;75.251686;-0.23584336;[ 2.6370254  76.590996   -0.25038275]
2.854885;73.6265;-0.24340661;[ 2.6310873  74.797714   -0.25040165]
2.7370815;69.04196;-0.23409727;[ 2.6172388  70.60841    -0.25046197]
2.279641;65.40127;-0.253279;[ 2.6062586  67.28805    -0.25050443]
1.5733092;85.09887;-0.23314025;[ 2.66902    86.27583    -0.25026003]
1.8755999;78.455635;-0.23276351;[ 2.646095  79.33476   -0.2503512]
3.905222;74.16715;-0.24969824;[ 2.63309    75.41748    -0.25040227]
4.025463;65.75321;-0.25481072;[ 2.6034756 66.45762   -0.2505153]
3.8308735;67.5164;-0.24890399;[ 2.6100345  68.43936    -0.25049427]
3.6804624;75.30503;-0.23422705;[ 2.6333375  75.47754    -0.25039694]
4.319989;71.88161;-0.25186068;[ 2.6199672  71.4357     -0.25044996]
2.911485;77.74509;-0.2366076;[ 2.6433375  78.50753    -0.25035784]
3.3810413;76.727165;-0.24324958;[ 2.6423087  78.19349    -0.25035673]
2.9111469;77.39379;-0.23991953;[ 2.6443696 78.81108   -0.2503619]
3.764879;70.616066;-0.26129022;[ 2.6213553  71.85357    -0.25045046]
3.4133816;64.09888;-0.2637581;[ 2.5957785  64.123405   -0.25055197]
3.3659754;74.53803;-0.2426654;[ 2.6318579  75.03852    -0.25040957]
2.469159;82.252106;-0.25114027;[ 2.659248   83.32478    -0.25029647]
2.3550391;75.58103;-0.25267905;[ 2.6358652  76.25554    -0.25038904]
3.536209;74.66215;-0.25102878;[ 2.6347892  75.9263     -0.25039664]
2.8491201;73.95576;-0.24404727;[ 2.630855  74.73895   -0.2504144]
3.6559892;78.87534;-0.23916663;[ 2.6456842  79.21962    -0.25035366]
3.6611466;71.09341;-0.2456893;[ 2.6199884 71.45495   -0.2504563]
2.5141943;79.7402;-0.24958718;[ 2.6485536 80.094536  -0.2503381]
3.7860625;74.590744;-0.25740707;[ 2.6324918  75.236145   -0.25040558]
2.6645393;70.70855;-0.23976418;[ 2.6232271  72.427216   -0.25044313]
2.8585906;67.25451;-0.24378079;[ 2.607762   67.750786   -0.25050637]
2.7502813;68.71682;-0.23753098;[ 2.6112597  68.8114     -0.25048795]
3.7382286;68.08076;-0.24041633;[ 2.6115997  68.90718    -0.25048894]
2.5460973;73.02153;-0.2509456;[ 2.6263275  73.36218    -0.25042737]
2.695432;65.50741;-0.25644344;[ 2.6005104 65.56205   -0.2505296]
3.9295406;64.06406;-0.25578028;[ 2.5990446  65.11098    -0.25053853]
4.5132456;74.52633;-0.26930547;[ 2.6325636 75.25395   -0.2503986]
3.5783374;76.51753;-0.24425954;[ 2.6390398  77.21002    -0.25036788]
4.1325603;72.77987;-0.2798584;[ 2.6242466  72.7478     -0.25042656]
2.4119158;76.684074;-0.23337059;[ 2.6404781  77.64094    -0.25036228]
4.642635;71.62232;-0.24926452;[ 2.6217792  71.99675    -0.25044203]
2.6447036;72.41522;-0.24684037;[ 2.626896  73.535065  -0.2504175]
5.537524;73.0946;-0.25044128;[ 2.6270428  73.58105    -0.25040922]
3.6318657;69.83859;-0.24539907;[ 2.616083   70.26164    -0.25045973]
3.7445061;76.548515;-0.24411169;[ 2.6409173  77.7826     -0.25036383]
3.6810317;76.65965;-0.24114697;[ 2.6429384  78.38875    -0.25035784]
3.6805222;71.91357;-0.24768749;[ 2.623867  72.622894  -0.2504359]
4.7010818;66.40001;-0.2544477;[ 2.608682  68.0245    -0.2504949]
3.649027;61.524563;-0.27169022;[ 2.5883124 61.867302  -0.2505774]
3.0160522;84.047066;-0.2418442;[ 2.6664538  85.499756   -0.25027445]
3.6004834;81.58985;-0.23596716;[ 2.656901  82.6116    -0.2503107]
3.631321;74.33701;-0.24398185;[ 2.6317046  74.99219    -0.25041106]
2.544874;82.39452;-0.25195712;[ 2.6586244  83.138885   -0.25029978]
2.538431;75.701416;-0.25107583;[ 2.6356857 76.19621   -0.2503911]
2.6102254;79.284615;-0.23594518;[ 2.6474662  79.76791    -0.25034493]
3.8056011;70.78457;-0.26130927;[ 2.6195776  71.324265   -0.25045833]
2.6882827;72.7147;-0.23679599;[ 2.625171   73.015686   -0.25043434]
2.8286865;70.5859;-0.24355477;[ 2.6196706  71.34552    -0.25046042]
2.6726785;68.75525;-0.2564594;[ 2.6132808  69.414444   -0.25048104]
2.5831742;69.10148;-0.2522236;[ 2.6133552  69.434326   -0.25048068]
3.8256567;64.18253;-0.26232874;[ 2.597255   64.56564    -0.25054795]
2.6079683;76.939644;-0.2346091;[ 2.642424  78.23782   -0.2503683]
3.1457977;76.83252;-0.23755513;[ 2.6420307  78.11742    -0.25037068]
4.071002;77.38637;-0.24031869;[ 2.6443534  78.82024    -0.25035945]
3.8927116;70.2388;-0.24386534;[ 2.6175957  70.73402    -0.25046608]
3.19971;74.99565;-0.24491937;[ 2.6334732  75.536545   -0.25039986]
3.1431537;68.200455;-0.24805619;[ 2.6119573  69.02474    -0.25048602]
3.8856876;59.69673;-0.27001977;[ 2.5826619  60.17       -0.25060508]
2.7974515;66.4734;-0.24454232;[ 2.605554   67.08509    -0.25051552]
4.0714865;70.71353;-0.24006775;[ 2.6213162 71.84857   -0.2504512]
3.921755;63.614937;-0.2448867;[ 2.594681   63.797348   -0.25055778]
3.2563982;68.42573;-0.24582385;[ 2.6111493  68.77601    -0.25048932]
4.219688;63.647583;-0.25684538;[ 2.595542   64.0563     -0.25055435]
6.9259415;81.589226;-0.23481558;[ 2.6549795  82.00763    -0.25030026]
4.277049;81.68308;-0.23308437;[ 2.6579542 82.92356   -0.2502976]
5.3854823;79.04437;-0.22134057;[ 2.6491     80.246475   -0.25033224]
3.6719441;77.640144;-0.23915663;[ 2.6447754  78.940765   -0.25034934]
3.6218596;77.604904;-0.23672888;[ 2.64458    78.87841    -0.25035208]
3.5449767;73.478485;-0.24756607;[ 2.631555   74.93776    -0.25040305]
3.5002003;70.570244;-0.24170838;[ 2.6232886 72.436966  -0.2504352]
5.376279;72.21067;-0.22250779;[ 2.6258664  73.21504    -0.25042534]
2.4764657;72.08076;-0.26569957;[ 2.6258326  73.226944   -0.25042567]
2.4615743;72.19628;-0.26683062;[ 2.6268935  73.547295   -0.25042057]
2.4847467;73.25468;-0.24389903;[ 2.6284668  74.01781    -0.25041366]
3.0603373;68.650894;-0.24985456;[ 2.6137562  69.568695   -0.25047624]
2.7187817;67.178276;-0.26770496;[ 2.6089795  68.12735    -0.25049615]
2.9156702;69.46948;-0.25515923;[ 2.617258   70.63308    -0.25045854]
3.031098;71.35344;-0.24169277;[ 2.6243825  72.78104    -0.25043556]
2.4291584;69.18422;-0.24635865;[ 2.6153078  70.04721    -0.25046816]
2.4951544;65.29353;-0.2691578;[ 2.6034038  66.442055   -0.25051442]
2.2851834;67.40065;-0.25229162;[ 2.6098056 68.371216  -0.2504853]
3.159488;64.76512;-0.25073743;[ 2.601232  65.77651   -0.2505276]
2.6452255;66.585556;-0.244893;[ 2.6053915  67.03427    -0.25050566]
2.5652587;66.34457;-0.24490106;[ 2.6036716 66.51687   -0.2505137]
2.6042635;63.365234;-0.260891;[ 2.5929935  63.28559    -0.25055456]
4.1273856;70.66737;-0.2587383;[ 2.6196463 71.347855  -0.2504594]
3.771903;74.496155;-0.23710568;[ 2.6325147 75.23653   -0.2504089]
2.965446;82.08626;-0.24897191;[ 2.657669   82.85292    -0.25030497]
2.5964916;81.15886;-0.2260468;[ 2.6553893  82.15704    -0.25031874]
2.8174014;76.96622;-0.24177323;[ 2.6430707  78.43549    -0.25036728]
4.09128;70.500534;-0.2609044;[ 2.6201937 71.51946   -0.250457 ]
2.8912587;75.35337;-0.24943411;[ 2.6359332 76.273186  -0.2503919]
2.8637676;68.7618;-0.252873;[ 2.6126409  69.2282     -0.25048387]
3.3017273;69.4548;-0.26240343;[ 2.6183276  70.94382    -0.25045726]
3.827808;64.01293;-0.26359546;[ 2.5971239 64.539894  -0.2505482]
2.880529;70.55204;-0.24270007;[ 2.6199002  71.4193     -0.25045943]
2.9621127;81.37557;-0.23668255;[ 2.6595645  83.41336    -0.25029275]
3.5475109;78.58803;-0.23393556;[ 2.648474   80.06017    -0.25033572]
3.0996592;76.06922;-0.22975412;[ 2.6396456  77.38965    -0.25036973]
3.516358;72.217896;-0.24597922;[ 2.6264205  73.394516   -0.25042176]
2.8091779;74.70661;-0.23821951;[ 2.636245   76.361176   -0.25038552]
2.9186673;74.730675;-0.23630767;[ 2.6365666 76.45328   -0.2503844]
2.92373;69.09834;-0.24110675;[ 2.617528   70.69924    -0.25046045]
3.156448;69.412415;-0.23056516;[ 2.616646   70.428345   -0.25046164]
2.9243708;73.29301;-0.24297944;[ 2.6288757 74.12999   -0.250411 ]
3.4920523;65.598915;-0.24690747;[ 2.604073  66.62798   -0.2505114]
2.3945863;83.18289;-0.23470744;[ 2.6614637 83.98126   -0.250287 ]
2.4342957;76.57197;-0.23543863;[ 2.6391852 77.23377   -0.2503764]
2.5071394;73.690094;-0.22776036;[ 2.6280355  73.86266    -0.25042102]
2.50336;74.725136;-0.23051676;[ 2.6291382 74.1977    -0.2504126]
2.368444;72.23344;-0.25076535;[ 2.6260552 73.28567   -0.2504197]
3.9265656;67.51521;-0.27515262;[ 2.6083267 67.929184  -0.250494 ]
3.3298025;77.072266;-0.24139486;[ 2.640924  77.77877   -0.2503608]
5.573598;74.10356;-0.2397115;[ 2.6290429 74.17932   -0.2504097]
2.4355142;65.59435;-0.25204667;[ 2.6036959  66.51317    -0.25050908]
4.0731764;77.92266;-0.2716512;[ 2.6431148  78.43709    -0.25036296]
4.093026;74.83033;-0.25397116;[ 2.632257   75.153946   -0.25040546]
4.000387;81.987434;-0.24336505;[ 2.6568022  82.58055    -0.25030705]
3.9815273;77.64464;-0.26660514;[ 2.6415322  77.96897    -0.25036752]
4.2368917;74.7402;-0.25329506;[ 2.6307929  74.72365    -0.25041062]
1.532034;82.513145;-0.2394766;[ 2.6601956 83.603134  -0.2502913]
1.8079656;75.56002;-0.24153133;[ 2.6371942 76.651306  -0.2503832]
3.7545266;70.67919;-0.26702186;[ 2.620727   71.67633    -0.25045225]
2.368204;72.82994;-0.23438425;[ 2.6262355  73.325714   -0.25042638]
4.023967;68.00117;-0.25678363;[ 2.6097546 68.3466    -0.2504955]
2.5671456;74.183174;-0.23715317;[ 2.6345153  75.83075    -0.25039947]
2.580709;77.439125;-0.24192695;[ 2.6426785  78.31142    -0.25036818]
2.3683476;77.42971;-0.24580407;[ 2.6401834 77.558655  -0.2503768]
2.53248;77.08656;-0.24226238;[ 2.6434708 78.54668   -0.250365 ]
2.445219;70.61395;-0.24426867;[ 2.6190357  71.1611     -0.25046226]
1.9120723;79.759285;-0.24458699;[ 2.6537704 81.6617    -0.2503297]
1.5721426;86.97851;-0.25118816;[ 2.675973  88.37398   -0.2502414]
0.3893237;93.7137;-0.25288218;[ 2.6990385 95.35418   -0.2501494]
1.6059191;86.48709;-0.2463533;[ 2.6767764 88.62507   -0.250238 ]
1.5321513;87.27709;-0.24544156;[ 2.6757085  88.30127    -0.25024232]
1.7160244;80.40032;-0.23793133;[ 2.6530695  81.457245   -0.25033206]
1.9755875;72.89382;-0.23961772;[ 2.6277847 73.81967   -0.2504319]
0.4526254;91.61244;-0.23457326;[ 2.6920512 93.23195   -0.2501683]
1.5474381;85.131714;-0.23393776;[ 2.6686242  86.1502     -0.25026137]
1.5764908;85.19882;-0.23374487;[ 2.6663566  85.46756    -0.25026885]
1.7649015;78.42542;-0.23327172;[ 2.6454406  79.13942    -0.25035372]
0.5964;89.50463;-0.24585539;[ 2.6836076 90.6806    -0.2501986]
4.0314465;84.57145;-0.2719993;[ 2.6676416 85.85803   -0.2502652]
1.5725222;83.33216;-0.2402557;[ 2.6586788  83.1502     -0.25029615]
1.5265644;82.66414;-0.2387873;[ 2.6606474 83.739334  -0.2502894]
3.6437755;75.49055;-0.25249234;[ 2.635998   76.28878    -0.25039026]
1.9617761;75.94546;-0.2441675;[ 2.6369536 76.572685  -0.2503854]
3.7006464;70.99726;-0.26959237;[ 2.621013  71.75772   -0.2504519]
2.7550473;77.890366;-0.24894357;[ 2.6458504 79.261314  -0.2503561]
2.6810708;77.73237;-0.2432941;[ 2.6461468  79.359245   -0.25035447]
2.5226645;71.19395;-0.24931327;[ 2.6216114  71.941666   -0.25045258]
1.6841735;79.89776;-0.23921667;[ 2.6543505  81.85304    -0.25032756]
1.8684815;79.98044;-0.24507011;[ 2.6538744  81.700966   -0.25032976]
1.3104254;86.610985;-0.24086116;[ 2.6780536  89.008575   -0.25023288]
1.4830991;87.35059;-0.2379449;[ 2.675587   88.27246    -0.25024113]
1.5216119;86.75268;-0.24651588;[ 2.6769633 88.68796   -0.2502377]
1.9665452;78.0492;-0.2233593;[ 2.6435065  78.55315    -0.25036994]
1.7481868;79.880714;-0.23998883;[ 2.65497    82.022026   -0.25032496]
1.4691038;86.113266;-0.22159304;[ 2.674194   87.83287    -0.25024185]
5.7981386;79.18137;-0.21684174;[ 2.6500945  80.54736    -0.25032866]
4.7390447;74.63055;-0.22295068;[ 2.6350884 76.008675  -0.2503898]
1.6392055;86.15249;-0.22875535;[ 2.672948  87.45668   -0.2502464]
1.6423647;81.80427;-0.23825093;[ 2.658077  82.960236  -0.2503016]
1.8911579;80.71952;-0.23255175;[ 2.6550107  82.02847    -0.25030538]
1.9196261;73.78661;-0.23448923;[ 2.6336925  75.5744     -0.25038904]
3.961268;70.81964;-0.26026303;[ 2.6193235  71.248505   -0.25046107]
2.4941733;77.33703;-0.24479593;[ 2.6414733  77.955315   -0.25037354]
2.7693913;82.221;-0.2502654;[ 2.6574087  82.776      -0.25030613]
2.8445184;83.79848;-0.24355704;[ 2.666213   85.43269    -0.25027582]
3.7168865;81.20855;-0.23742501;[ 2.6552746  82.127      -0.25031778]
3.7072163;74.68695;-0.2465798;[ 2.6304762  74.63466    -0.25041664]
2.6981144;77.246254;-0.24547866;[ 2.6431937  78.47238    -0.25036815]
3.529005;74.63523;-0.23970477;[ 2.6324246  75.21736    -0.25040936]
3.924569;79.077126;-0.23316072;[ 2.6479144  79.89717    -0.25034556]
2.2404513;75.12149;-0.25376308;[ 2.6339107  75.665504   -0.25039986]
3.9275286;75.125534;-0.23245661;[ 2.6351619 76.03316   -0.2503984]
3.7864742;70.66029;-0.26022935;[ 2.6206114 71.64407   -0.2504557]
3.603776;67.96449;-0.24835575;[ 2.6093416  68.237434   -0.25050107]
3.7574527;68.13273;-0.24706039;[ 2.6081765 67.87868   -0.250506 ]
2.8312979;68.8666;-0.25190926;[ 2.6110432 68.74226   -0.2504921]
2.6539993;70.551476;-0.24454434;[ 2.620138   71.49469    -0.25046015]
3.5859342;67.9472;-0.24052374;[ 2.6096313  68.31711    -0.25050074]
1.4819711;86.18941;-0.22742225;[ 2.6727586  87.398026   -0.25024664]
1.5477524;86.808174;-0.25260755;[ 2.6754332  88.22277    -0.25024512]
1.5540928;86.779755;-0.24975014;[ 2.6744807  87.9416     -0.25024813]
1.7423519;79.92704;-0.24099448;[ 2.6507792  80.778564   -0.25034207]
2.0183897;73.23751;-0.23983096;[ 2.6261566  73.32764    -0.25043952]
2.196693;73.4013;-0.24601436;[ 2.6283367  73.977715   -0.25043258]
1.9323152;80.0843;-0.2438824;[ 2.6541505  81.774704   -0.25032756]
2.016974;73.63364;-0.24122228;[ 2.629001  74.17382   -0.2504263]
1.5759833;86.995094;-0.2457003;[ 2.6772811  88.77345    -0.25023544]
1.5383649;86.903534;-0.23775081;[ 2.6765206  88.54642    -0.25023714]
1.4759629;86.96415;-0.24110894;[ 2.6774192  88.81593    -0.25023508]
1.551082;84.592064;-0.24349135;[ 2.665928   85.33309    -0.25028172]
1.8866733;70.44216;-0.24402805;[ 2.6173897  70.66406    -0.25047275]
1.492599;83.97959;-0.24077074;[ 2.6632872  84.54967    -0.25029102]
1.7551758;80.389465;-0.23194167;[ 2.6534004  81.55847    -0.25032923]
1.4698886;84.47579;-0.23815571;[ 2.6670063 85.66432   -0.2502766]
1.7861224;80.60185;-0.2295325;[ 2.6545858  81.91256    -0.25032502]
1.7467475;77.395996;-0.23631223;[ 2.6443532  78.81505    -0.25036684]
2.0055869;73.72173;-0.23078722;[ 2.6320274  75.09213    -0.25041497]
2.2554142;73.90892;-0.22950299;[ 2.6313756 74.88965   -0.2504182]
4.0384064;77.850365;-0.2712375;[ 2.6425376 78.26575   -0.2503652]
3.972426;82.19896;-0.24421403;[ 2.6578884  82.906784   -0.25030258]
4.0344973;74.97159;-0.24431269;[ 2.6324599  75.22368    -0.25040644]
1.5372417;82.43577;-0.24239974;[ 2.6597006  83.45419    -0.25029367]
3.9289608;77.70915;-0.2684312;[ 2.6430886  78.43635    -0.25036317]
3.711964;70.93341;-0.2674064;[ 2.619862   71.411964   -0.25045574]
1.645799;80.020515;-0.225487;[ 2.6522102  81.1846     -0.25032184]
2.8383653;78.05433;-0.24720588;[ 2.6445482 78.872215  -0.2503611]
2.6713278;71.47522;-0.24516544;[ 2.6213546  71.85994    -0.25045308]
2.8528953;78.10709;-0.24674483;[ 2.6447659  78.94073    -0.25035995]
2.7474918;75.19904;-0.2317381;[ 2.6333845  75.49881    -0.25040445]
2.7759585;77.95204;-0.24485166;[ 2.6448345  78.96365    -0.25035986]
2.7314243;75.31054;-0.2311276;[ 2.6368196 76.53536   -0.2503907]
2.8459816;71.33883;-0.24575682;[ 2.6216805  71.95511    -0.25045195]
1.9232533;80.532265;-0.2494192;[ 2.6529276  81.403      -0.25033414]
1.5548455;87.37583;-0.25121954;[ 2.675965  88.374435  -0.2502423]
1.4705848;87.25013;-0.2424134;[ 2.6763659 88.50114   -0.2502401]
1.7473454;80.427864;-0.2398235;[ 2.6525357 81.29674   -0.250334 ]
0.36298215;94.135414;-0.2529173;[ 2.6990523 95.361084  -0.2501503]
1.8885128;80.6634;-0.2463876;[ 2.6530104  81.42883    -0.25033277]
1.5825734;80.06301;-0.24288315;[ 2.6526074  81.32335    -0.25033313]
1.7579777;80.41256;-0.24070644;[ 2.65351    81.58345    -0.25033092]
2.2216885;73.830925;-0.24467741;[ 2.6298985  74.4365     -0.25042504]
1.8380258;80.411156;-0.22424631;[ 2.6520922  81.15839    -0.25033656]
1.9126132;69.6221;-0.24470064;[ 2.6160917  70.27589    -0.25047815]
1.7966142;80.2901;-0.22542144;[ 2.6512125 80.89802   -0.2503389]
2.1465955;80.201904;-0.23143059;[ 2.6509273  80.81241    -0.25034052]
1.984801;79.99997;-0.23055252;[ 2.651893  81.10405   -0.2503377]
2.0003393;73.348976;-0.23445956;[ 2.6296377  74.37361    -0.25042522]
1.9241753;76.802345;-0.24501827;[ 2.6395576  77.36543    -0.25038666]
1.8315264;79.553856;-0.23167281;[ 2.6487525  80.13137    -0.25034177]
0.4389627;93.118614;-0.2270191;[ 2.6957395  94.34919    -0.25015476]
1.7878194;79.8419;-0.23024492;[ 2.6504018  80.63655    -0.25033584]
1.6158719;79.77296;-0.2330375;[ 2.6520958  81.14305    -0.25032687]
2.8042178;75.66709;-0.2500346;[ 2.6358852 76.258484  -0.2503922]
3.7788513;74.606224;-0.23632522;[ 2.6321294  75.12305    -0.25041085]
3.9289513;70.74414;-0.25936314;[ 2.619751  71.38048   -0.2504593]
3.236244;63.72994;-0.26651567;[ 2.5954714 64.03057   -0.2505551]
2.8317018;83.70405;-0.24293257;[ 2.6653957 85.18863   -0.2502794]
2.7676563;77.228065;-0.24217167;[ 2.6422212  78.17728    -0.25037107]
3.7104259;75.06805;-0.23552169;[ 2.632939   75.369644   -0.25040647]
3.8720953;74.56594;-0.24198289;[ 2.6321843  75.14865    -0.25041038]
2.9012256;75.46472;-0.25004828;[ 2.6350522  76.01094    -0.25039577]
2.676856;70.51124;-0.24416743;[ 2.6175387  70.71478    -0.25046888]
2.4538481;74.853775;-0.22742367;[ 2.635888   76.25464    -0.25039625]
2.74112;70.499794;-0.24219123;[ 2.6192546  71.227      -0.25046256]
1.5650117;86.8292;-0.25240457;[ 2.6746182  87.97951    -0.25024846]
1.790141;80.25595;-0.2401211;[ 2.652257   81.21422    -0.25033665]
1.9089245;80.28567;-0.24885774;[ 2.6512418  80.90677    -0.25034112]
1.5486966;87.11758;-0.25041646;[ 2.6742842  87.87927    -0.25024906]
1.7710339;80.11323;-0.23961721;[ 2.6499057  80.517      -0.25034463]
1.586637;79.613205;-0.2412793;[ 2.6525002  81.288025   -0.25033253]
1.5643737;80.09838;-0.23940203;[ 2.6533508 81.54709   -0.2503313]
2.190085;73.570724;-0.24405442;[ 2.6266549  73.47083    -0.25043762]
1.7850435;78.349846;-0.23381163;[ 2.6455488  79.17279    -0.25035456]
1.7912592;81.832756;-0.24224418;[ 2.6599164  83.52254    -0.25029704]
1.53074;84.91286;-0.23455411;[ 2.6687772  86.199905   -0.25026134]
1.4436858;84.66067;-0.2350056;[ 2.6684082  86.09265    -0.25026354]
1.7467468;78.17054;-0.23366034;[ 2.6445072  78.86252    -0.25035763]
1.5515733;78.27106;-0.23482545;[ 2.6482337  79.98663    -0.25034228]
1.8749087;78.19994;-0.2339088;[ 2.6457858  79.24234    -0.25035304]
2.6578984;77.708626;-0.24340843;[ 2.6448798 78.9771    -0.2503603]
3.0477061;81.53054;-0.23816122;[ 2.657743   82.876625   -0.25030896]
3.1183753;78.89634;-0.23194015;[ 2.6497707  80.46123    -0.25033888]
3.0012941;74.77731;-0.2331844;[ 2.6350765  76.02489    -0.25039923]
3.3082008;75.05381;-0.24067973;[ 2.6371605  76.647835   -0.25038844]
3.11066;72.34377;-0.23184428;[ 2.6267207  73.483246   -0.25043076]
1.787575;80.28785;-0.24035242;[ 2.6503682 80.6409    -0.2503426]
1.7591684;80.34926;-0.23988669;[ 2.6507087  80.74805    -0.25034136]
1.4395351;87.00745;-0.24357249;[ 2.6756887  88.30029    -0.25024334]
0.36352634;90.27551;-0.25386953;[ 2.6869953  91.72658    -0.25019988]
1.8317833;80.777664;-0.22313815;[ 2.6540318 81.75147   -0.2503302]
1.794945;77.01385;-0.24035391;[ 2.6401083  77.54493    -0.25038525]
1.9308634;69.7809;-0.24208589;[ 2.6164236  70.38289    -0.25047812]
3.7024498;70.24667;-0.24277773;[ 2.6191254  71.180786   -0.25045377]
3.5094671;70.128746;-0.2461462;[ 2.61864    71.0398     -0.25045252]
4.62931;66.68455;-0.25556248;[ 2.6081038 67.8488    -0.2504973]
3.851443;81.88586;-0.24037047;[ 2.6601882 83.60212   -0.2502969]
2.693581;77.94341;-0.2468413;[ 2.6427784  78.345215   -0.25036648]
2.7466698;70.94738;-0.2503597;[ 2.6186516  71.053345   -0.25046253]
2.7055686;70.879875;-0.24411498;[ 2.6220305  72.07098    -0.25045004]
3.7534375;75.04777;-0.24304278;[ 2.637302  76.68237   -0.2503874]
3.0100307;68.09821;-0.24005772;[ 2.6108413 68.67433   -0.2504948]
2.7466545;82.255516;-0.2391512;[ 2.6603043  83.632774   -0.25028884]
2.7228653;75.5577;-0.23843825;[ 2.6370876  76.611885   -0.25038147]
3.7459738;73.85154;-0.24141651;[ 2.6355972 76.15864   -0.250384 ]
2.7642813;75.588165;-0.23852524;[ 2.6373177  76.67618    -0.25038052]
4.201577;79.034035;-0.2504792;[ 2.647277   79.69507    -0.25033602]
1.6351388;79.71166;-0.23722306;[ 2.651317  80.91564   -0.2503162]
1.5315833;80.167534;-0.23493224;[ 2.6523278 81.21658   -0.2503134]
4.085993;75.46461;-0.25733313;[ 2.6352458  76.05649    -0.25038484]
3.9693716;68.27739;-0.2625643;[ 2.6137795  69.56368    -0.25046864]
4.2008424;75.5144;-0.25740337;[ 2.6355016  76.12843    -0.25038368]
1.9005939;73.12641;-0.23791431;[ 2.6289244  74.13484    -0.25040597]
4.021536;81.07804;-0.24830368;[ 2.658626   83.13419    -0.25030315]
1.4953852;82.55047;-0.24222372;[ 2.6613562  83.95864    -0.25029042]
1.6676307;79.541916;-0.22953266;[ 2.6513708  80.93875    -0.25032878]
4.0353174;70.809685;-0.2665038;[ 2.6205623 71.62413   -0.2504547]
2.4546747;70.64962;-0.24803226;[ 2.6178136 70.78796   -0.2504673]
3.3518806;74.99077;-0.24146977;[ 2.6336946  75.59332    -0.25040334]
1.9082594;80.44625;-0.24653123;[ 2.6538818 81.696075  -0.2503299]
1.4476073;87.33419;-0.24276848;[ 2.6767063  88.60356    -0.25023848]
1.7432075;80.12499;-0.24252549;[ 2.6532986  81.52948    -0.25033125]
1.5110524;87.37062;-0.23875058;[ 2.674345   87.89612    -0.25024623]
1.7640691;80.26591;-0.24223955;[ 2.6503236  80.63852    -0.25034165]
2.0462513;73.42179;-0.24130179;[ 2.6301916  74.53555    -0.25042328]
0.42197037;91.55166;-0.23533855;[ 2.6920304  93.2276     -0.25016865]
1.8328211;78.31223;-0.2358181;[ 2.6436474  78.59329    -0.25036126]
1.8771147;71.66589;-0.23735757;[ 2.6238434  72.59814    -0.25043935]
1.8710296;78.15665;-0.2339706;[ 2.6460507  79.31242    -0.25035197]
3.4465675;81.75301;-0.24203846;[ 2.6589844 83.24742   -0.2503038]
3.8156304;78.21383;-0.26661307;[ 2.6466954  79.5338     -0.25035223]
2.6583703;78.1233;-0.24469985;[ 2.6445756 78.899704  -0.25036  ]
3.369926;79.193085;-0.22861879;[ 2.6497736  80.45703    -0.25034034]
3.7564702;75.69691;-0.24203403;[ 2.6371803  76.653305   -0.25038967]
3.4341085;74.977974;-0.23940231;[ 2.636421   76.42514    -0.25039354]
3.2056518;75.82652;-0.24530268;[ 2.63865    77.11087    -0.25037962]
3.8130693;71.354034;-0.25912824;[ 2.623073   72.395035   -0.25044596]
2.7728038;77.93397;-0.24601166;[ 2.6467233  79.54193    -0.25035286]
3.4640217;75.06208;-0.24143568;[ 2.6359227  76.267105   -0.25039586]
3.9327383;78.07777;-0.26601917;[ 2.6471312  79.659164   -0.25032815]
1.6176531;78.56876;-0.2486189;[ 2.649024   80.23744    -0.25031748]
4.0137343;74.02207;-0.27072608;[ 2.6311586  74.83917    -0.25039202]
1.625579;82.778;-0.23537254;[ 2.6648803 85.02023   -0.2502544]
4.128277;78.90749;-0.24482282;[ 2.6515424  80.99434    -0.25030994]
3.9831557;71.22127;-0.26753724;[ 2.6239061  72.6303     -0.25042135]
4.0524325;67.404594;-0.27195853;[ 2.6088283  68.07632    -0.25048178]
1.6740171;86.89785;-0.24059242;[ 2.6704662  86.697525   -0.25024816]
1.9198864;80.022316;-0.24093327;[ 2.6465516  79.471634   -0.25034422]
0.5521736;93.72341;-0.24186873;[ 2.693582  93.69307   -0.2501559]
1.7513893;90.24021;-0.23317517;[ 2.6829095  90.46631    -0.25019723]
1.5347306;90.55508;-0.22618552;[ 2.6830726  90.51332    -0.25019658]
2.719159;78.23066;-0.23972814;[ 2.6457632 79.23502   -0.2503559]
2.787036;74.66526;-0.2371929;[ 2.6356626  76.17978    -0.25039494]
2.4664433;71.39741;-0.24518752;[ 2.6222079  72.11397    -0.25044754]
2.411836;71.178734;-0.24134578;[ 2.6213253  71.85258    -0.25045362]
3.1407557;75.39837;-0.234014;[ 2.6354241  76.11224    -0.25039712]
5.3290415;75.86957;-0.23463392;[ 2.6374247 76.71756   -0.250389 ]
3.1079183;78.5402;-0.23120612;[ 2.648403   80.041824   -0.25034404]
2.883566;78.90758;-0.22539711;[ 2.6485655  80.089325   -0.25034338]
12.540268;73.316734;-0.22604053;[ 2.6275058  73.71242    -0.25042698]
2.5703897;78.03688;-0.239482;[ 2.6464813  79.45709    -0.25035203]
5.3224277;69.13586;-0.23403855;[ 2.61419    69.6868     -0.25048158]
1.5898014;87.456825;-0.2468893;[ 2.6762307 88.44789   -0.2502405]
2.1053064;83.97018;-0.22940113;[ 2.6655555  85.21896    -0.25028172]
2.3431206;77.130196;-0.23028779;[ 2.6446793 78.90076   -0.2503632]
1.557127;87.2402;-0.24408688;[ 2.67844   89.115074  -0.2502301]
2.0620532;83.85269;-0.22939102;[ 2.6678245 85.90549   -0.2502709]
1.4979122;87.2037;-0.23955034;[ 2.6769285 88.66338   -0.2502364]
1.5289116;83.873314;-0.24571703;[ 2.664758  84.98685   -0.2502875]
1.8463198;76.71706;-0.24087885;[ 2.6413515  77.90827    -0.25037932]
1.9137161;70.12208;-0.24391975;[ 2.6181698 70.89963   -0.2504691]
0.36794865;90.659706;-0.24751641;[ 2.6879597  92.00752    -0.25019512]
1.473244;87.49763;-0.22119305;[ 2.677138   88.7351     -0.25023636]
1.9580126;80.588524;-0.22999129;[ 2.6531413  81.48598    -0.25033316]
1.7159288;76.669334;-0.2415584;[ 2.6400785  77.53677    -0.25038427]
1.9080721;80.59497;-0.23120801;[ 2.6536345  81.63345    -0.25032848]
1.6492575;76.72917;-0.2429742;[ 2.640569   77.68321    -0.25037962]
1.6662279;76.48945;-0.23715387;[ 2.6420496 78.12378   -0.2503752]
2.0458555;73.72553;-0.2291688;[ 2.630714  74.70445   -0.2504216]
4.0497227;70.90067;-0.26933962;[ 2.622043   72.06142    -0.25044638]
4.177906;84.3798;-0.2723143;[ 2.6684358  86.09305    -0.25026375]
1.5631804;86.35195;-0.22412355;[ 2.6738908  87.737045   -0.25023842]
1.747054;75.813225;-0.24072905;[ 2.6381226  76.92943    -0.25038147]
1.9360628;76.03898;-0.24174987;[ 2.6374323  76.71542    -0.25038502]
3.8379762;78.49123;-0.2608438;[ 2.6479604 79.907104  -0.250345 ]
2.7775013;78.16224;-0.24642095;[ 2.6458077  79.26117    -0.25035587]
2.7453492;77.845375;-0.24352853;[ 2.6472883 79.70018   -0.250349 ]
3.8331842;76.98583;-0.27363846;[ 2.644606   78.88818    -0.25034598]
3.626943;73.23225;-0.25511557;[ 2.6305795  74.64783    -0.25040194]
2.7871275;71.10464;-0.2455929;[ 2.6250412 72.9643    -0.2504215]
3.6862051;66.28366;-0.26656377;[ 2.6073763 67.62592   -0.2504951]
2.576199;73.16883;-0.24155873;[ 2.6304734  74.61026    -0.25040647]
1.670445;83.71844;-0.24099857;[ 2.663492   84.59181    -0.25027752]
3.7371044;78.88035;-0.2657228;[ 2.6475127  79.76839    -0.25034335]
1.823149;76.92466;-0.24450448;[ 2.638158 76.93168  -0.250376]
0.5961491;90.57511;-0.2422908;[ 2.686658   91.60242    -0.25018468]
3.882415;85.88209;-0.26918352;[ 2.6696978  86.47778    -0.25025535]
3.845607;78.62235;-0.26913893;[ 2.6477222 79.825165  -0.2503419]
3.8184974;79.07981;-0.2642964;[ 2.648773   80.14865    -0.25033686]
1.7883132;86.889015;-0.23457682;[ 2.6735187 87.63057   -0.2502363]
3.8967705;79.329575;-0.24449801;[ 2.6468496 79.56901   -0.2503457]
2.0552733;79.918465;-0.23606765;[ 2.6512942  80.90248    -0.25032452]
3.7062774;78.76316;-0.2669235;[ 2.6437404  78.63504    -0.25035676]
1.8161548;76.655464;-0.24582864;[ 2.6375866  76.76314    -0.25037923]
3.7465568;79.53635;-0.23741229;[ 2.6472404 79.68524   -0.250344 ]
3.8258758;75.90867;-0.24597813;[ 2.6359887 76.279274  -0.2503898]
3.623805;75.56574;-0.24752499;[ 2.6363256  76.38531    -0.25038758]
3.7906785;72.37809;-0.2632475;[ 2.625711  73.16942   -0.2504287]
3.6907358;71.60775;-0.26559213;[ 2.6259625  73.24408    -0.25042814]
1.6129708;76.762695;-0.24306434;[ 2.642563  78.265915  -0.2503582]
3.8033702;71.765686;-0.2674682;[ 2.6245499 72.81271   -0.2504347]
2.8426955;78.99683;-0.24449274;[ 2.6489906 80.20646   -0.2503425]
2.8809085;85.79354;-0.2455083;[ 2.6721818 87.22448   -0.2502496]
2.8238096;78.714424;-0.24543849;[ 2.6504736  80.65262    -0.25033557]
2.7669053;78.673134;-0.24618042;[ 2.648529   80.0676     -0.25034174]
2.7971473;81.92594;-0.23960343;[ 2.6593728  83.35331    -0.25029984]
2.806944;71.97689;-0.24548209;[ 2.6254954 73.097084  -0.2504335]
2.6619246;71.74941;-0.2478638;[ 2.6248987  72.92236    -0.25043592]
1.5646143;88.18047;-0.24697877;[ 2.6786873  89.19113    -0.25023162]
1.7636172;81.23875;-0.24145563;[ 2.654734 81.948425 -0.250323]
1.7332537;81.33439;-0.23744686;[ 2.6556656 82.225525  -0.2503205]
1.5533854;81.09436;-0.23957308;[ 2.6559122  82.30686    -0.25031877]
2.2971094;77.5771;-0.23076168;[ 2.645797   79.23896    -0.25035995]
0.34133542;94.99647;-0.24877684;[ 2.7019453  96.22888    -0.25013873]
1.7129544;81.00051;-0.23943008;[ 2.6559398  82.3095     -0.25032076]
1.5076303;87.84742;-0.24048181;[ 2.6771154  88.727036   -0.25023365]
1.9984124;74.526665;-0.2432113;[ 2.6328042  75.30847    -0.25040936]
2.0087533;74.25666;-0.23856057;[ 2.6328402  75.31952    -0.25041285]
2.0200517;74.15899;-0.23789932;[ 2.6373312  76.67199    -0.25039142]
2.120809;70.136665;-0.23090708;[ 2.6175828  70.718704   -0.25046954]
3.7518523;77.571556;-0.23906255;[ 2.6448762  78.97671    -0.25035638]
2.6101496;71.91908;-0.24769963;[ 2.6251647 73.0206    -0.2504305]
2.969556;73.6386;-0.23751746;[ 2.6336076  75.56525    -0.25040245]
3.5464938;70.60629;-0.24094346;[ 2.6214185 71.882065  -0.2504496]
2.688668;72.14426;-0.24520971;[ 2.6256058 73.148895  -0.2504287]
3.6930847;70.83676;-0.23849985;[ 2.621777   71.98636    -0.25044838]
3.909489;67.23055;-0.25647932;[ 2.61031    68.52243    -0.25049216]
2.057166;80.201515;-0.22962925;[ 2.6521447  81.17051    -0.25033474]
1.4980905;84.06684;-0.23645228;[ 2.6647625  84.99164    -0.25028297]
1.7840466;84.5106;-0.21652324;[ 2.6695387  86.42867    -0.25026506]
1.7858251;77.15136;-0.23733509;[ 2.6420934  78.13028    -0.25037357]
0.40892267;87.567986;-0.24182378;[ 2.6778464 88.9382    -0.2502307]
1.5489333;80.231964;-0.23426479;[ 2.6522799  81.219696   -0.25033087]
1.5052369;80.05867;-0.23785906;[ 2.6509075  80.80423    -0.25033632]
1.9371649;76.673035;-0.23099358;[ 2.639572  77.37827   -0.2503817]
1.9938502;77.19985;-0.22513549;[ 2.6433032  78.492424   -0.25036845]
2.1892145;77.3495;-0.22680698;[ 2.6430397  78.408844   -0.25037023]
1.8694735;73.481995;-0.2369554;[ 2.6300495  74.48401    -0.25042117]
2.0253563;77.87997;-0.22341502;[ 2.6472955  79.69447    -0.25034443]
1.7540481;74.64528;-0.23279625;[ 2.6351857  76.03502    -0.25039068]
2.989604;81.74578;-0.23875722;[ 2.6577294  82.86047    -0.25030646]
3.7687569;74.68889;-0.2581983;[ 2.6326623  75.28389    -0.25040665]
2.7316477;77.67517;-0.23380588;[ 2.6463785  79.429      -0.25035092]
2.869585;77.5509;-0.23534754;[ 2.644872 78.97542  -0.250357]
3.957654;70.60976;-0.25322098;[ 2.6205978 71.638794  -0.2504536]
2.5807195;75.64785;-0.23694278;[ 2.635085   76.02609    -0.25039107]
2.5361683;72.03639;-0.2549387;[ 2.6228025  72.31354    -0.25044063]
2.6239429;77.92431;-0.22941709;[ 2.645799   79.25335    -0.25035313]
2.3436098;75.732796;-0.23677461;[ 2.636236  76.3667    -0.2503884]
3.7021372;70.90927;-0.24530473;[ 2.6209884  71.75508    -0.25045195]
2.7279375;74.790565;-0.23818481;[ 2.6348581 75.942986  -0.2503972]
2.544977;72.609535;-0.24643555;[ 2.6265779  73.44309    -0.25042728]
2.5877523;70.73009;-0.23615383;[ 2.623333   72.458496   -0.25044227]
2.547068;67.85711;-0.24382582;[ 2.611991   69.027435   -0.25048673]
3.6921513;68.07369;-0.23928863;[ 2.6112907  68.81326    -0.25049022]
3.9999557;63.896973;-0.2542485;[ 2.5975494 64.662834  -0.2505458]
3.7153468;64.681206;-0.24599327;[ 2.5985465  64.961945   -0.25053996]
2.6332307;65.42172;-0.2560464;[ 2.6004524  65.54395    -0.25052992]
1.5558686;84.63819;-0.24332164;[ 2.6664438 85.48831   -0.2502794]
2.0637167;80.657974;-0.22884957;[ 2.653156   81.47648    -0.25033116]
1.7749335;77.43585;-0.24031307;[ 2.6411948  77.86201    -0.25037736]
1.56906;84.45489;-0.24090278;[ 2.6664577  85.49933    -0.25027907]
1.51722;84.05064;-0.23945113;[ 2.6635451  84.63157    -0.25028807]
1.7751458;77.255516;-0.24026577;[ 2.6405206 77.669846  -0.2503798]
2.3119638;73.792725;-0.22976486;[ 2.6303122 74.5696    -0.2504224]
0.45801032;89.40641;-0.23099206;[ 2.684998   91.09974    -0.25019374]
1.550916;82.609474;-0.23011085;[ 2.661852  84.094986  -0.2502865]
2.037838;70.93163;-0.23742269;[ 2.6218507  72.00544    -0.25044847]
1.8610737;75.666466;-0.23208365;[ 2.638277   76.97055    -0.25037774]
2.055951;78.725815;-0.22531727;[ 2.648506   80.06172    -0.25033897]
0.3927772;91.34997;-0.24879164;[ 2.688457   92.16286    -0.25019202]
1.4967167;84.33314;-0.23697522;[ 2.6644773 84.911316  -0.2502843]
1.8550291;80.473305;-0.22946244;[ 2.6539824 81.734505  -0.2503277]
1.6417903;77.23079;-0.24084766;[ 2.6410398  77.82609    -0.25037763]
1.6445553;80.796196;-0.22335285;[ 2.6543667  81.849144   -0.25032595]
1.5599757;84.533485;-0.24699359;[ 2.6652472 85.1393    -0.2502847]
1.8957419;70.08113;-0.24003027;[ 2.6189919 71.14914   -0.2504645]
1.9050465;70.62192;-0.24185914;[ 2.6186543 71.046234  -0.250467 ]
1.6404594;88.53707;-0.2488133;[ 2.6765635  88.602356   -0.25019547]
4.3885627;80.31797;-0.27592367;[ 2.6518939  81.139854   -0.25029987]
1.6344233;92.88625;-0.22837667;[ 2.6916032  93.14454    -0.25013593]
2.1126842;85.9356;-0.23772283;[ 2.6678789  85.96652    -0.25023064]
4.735201;77.71608;-0.26213008;[ 2.6432092  78.50403    -0.25033507]
1.903512;82.04038;-0.24996814;[ 2.654306   81.86077    -0.25028482]
4.3715177;73.82127;-0.27695072;[ 2.6296363  74.39827    -0.25038922]
3.8540764;85.69936;-0.25696194;[ 2.6713023  86.97832    -0.25023168]
3.9395113;82.54633;-0.24564613;[ 2.660285   83.64769    -0.25027442]
3.7110846;82.849304;-0.23776938;[ 2.6611621  83.91       -0.25027123]
3.9557586;75.8984;-0.24661691;[ 2.6374366  76.73167    -0.25036597]
3.3329678;82.03346;-0.252064;[ 2.656566   82.51619    -0.25029853]
4.7194858;73.260086;-0.26861638;[ 2.6291802  74.238846   -0.25041002]
3.2236164;79.2178;-0.23742831;[ 2.6466296  79.50861    -0.25033748]
4.1062546;73.05001;-0.25632617;[ 2.6273198 73.672775  -0.2504186]
4.0907145;69.042274;-0.27201098;[ 2.61444    69.781876   -0.25047034]
3.3402586;75.33071;-0.25043222;[ 2.633512   75.53961    -0.25039035]
4.197031;69.16741;-0.27389777;[ 2.6141949 69.701614  -0.2504715]
4.0578594;62.201805;-0.2833382;[ 2.5894105  62.20694    -0.25056955]
2.3388798;68.423836;-0.2501541;[ 2.6136346 69.52995   -0.2504778]
2.3807683;68.54096;-0.2513596;[ 2.6134033  69.453766   -0.25047874]
2.6685991;77.56012;-0.24141583;[ 2.6442306  78.77487    -0.25036263]
2.7028065;84.267235;-0.242247;[ 2.6672935  85.75403    -0.25027075]
2.7291238;77.99725;-0.24403207;[ 2.6459148 79.28556   -0.2503556]
2.2215788;77.7237;-0.2568099;[ 2.6443744  78.8226     -0.25036064]
3.008928;78.87775;-0.22955553;[ 2.6485639  80.09221    -0.25034282]
2.5474696;74.84562;-0.24952018;[ 2.6361754  76.341995   -0.25039124]
2.590366;77.30216;-0.24605054;[ 2.6415637 77.981674  -0.2503722]
2.3897307;70.604935;-0.26131755;[ 2.618404  70.9772    -0.2504632]
2.4891596;81.47096;-0.23060551;[ 2.6572158  82.704865   -0.25031042]
2.4453943;75.20097;-0.2321334;[ 2.635953   76.271675   -0.25039473]
2.8280935;78.872;-0.2210013;[ 2.6465695 79.48767   -0.2503526]
3.0338566;74.97071;-0.2307252;[ 2.6335683  75.55289    -0.25040486]
2.4859354;67.80297;-0.25062394;[ 2.610268   68.50398    -0.25049615]
2.4595997;70.89494;-0.25260526;[ 2.6215057  71.908325   -0.25045165]
2.704574;71.29014;-0.24322689;[ 2.6228518 72.30641   -0.2504475]
2.5256634;64.518036;-0.24888606;[ 2.5982623 64.87249   -0.2505448]
2.1243744;83.72692;-0.23157187;[ 2.663404   84.57081    -0.25029057]
1.7902364;79.96594;-0.24375787;[ 2.6504047 80.640274  -0.2503407]
1.7707787;84.30573;-0.22421199;[ 2.665057   85.06937    -0.25028288]
2.3517642;77.39761;-0.23156789;[ 2.6408794  77.75699    -0.25037974]
1.7444801;80.49453;-0.23751917;[ 2.6526282 81.31677   -0.2503329]
1.8396038;79.659904;-0.22964895;[ 2.6487064  80.12094    -0.25033793]
3.8929234;74.74989;-0.25191227;[ 2.6324716 75.216034  -0.2504056]
4.03496;84.706276;-0.27283874;[ 2.6671596  85.71001    -0.25026825]
3.748439;82.024315;-0.25667745;[ 2.6556735  82.23859    -0.25031438]
1.5817199;86.28614;-0.22884253;[ 2.6716661  87.07138    -0.25024614]
3.9631376;78.68334;-0.2469777;[ 2.6445801  78.8857     -0.25035787]
1.8227267;75.8894;-0.24716371;[ 2.6359427  76.2744     -0.25038967]
3.9252534;81.827156;-0.24551348;[ 2.6569371  82.61811    -0.25030845]
3.7096608;75.20372;-0.25174397;[ 2.6328483  75.3372     -0.25040516]
3.6837525;70.750305;-0.26439822;[ 2.6205685  71.62561    -0.25045502]
3.9979038;72.02328;-0.24773283;[ 2.6217058 71.961716  -0.2504495]
3.7314887;70.86792;-0.27178922;[ 2.6202562  71.52495    -0.25045672]
3.9905124;67.60825;-0.25648966;[ 2.6092436 68.19451   -0.2505   ]
2.469594;78.19872;-0.2526567;[ 2.64482    78.959114   -0.25036076]
2.5933313;81.9349;-0.22968677;[ 2.6577318  82.85967    -0.25030804]
3.7245905;75.49651;-0.23628123;[ 2.6384873  77.03941    -0.25038353]
1.7597288;76.53781;-0.24289839;[ 2.64091   77.77573   -0.2503801]
2.1730165;73.42762;-0.23221242;[ 2.6310577  74.793335   -0.25041834]
1.8259561;77.07942;-0.24048515;[ 2.6409523  77.789764   -0.25038034]
1.9146736;70.15743;-0.24431181;[ 2.6173506  70.65402    -0.25047275]
1.5224913;83.66428;-0.24176945;[ 2.6637552  84.695816   -0.25029084]
1.9533674;80.48345;-0.23170346;[ 2.6528616  81.39798    -0.25033194]
1.5008751;83.027054;-0.24201517;[ 2.6631901  84.52443    -0.25029078]
1.9171637;79.91757;-0.23155236;[ 2.653338   81.54213    -0.25032902]
1.6506348;76.64951;-0.24351396;[ 2.6396334 77.403564  -0.2503834]
1.9115739;84.19686;-0.21721499;[ 2.667628  85.854294  -0.2502736]
1.7325236;80.74576;-0.22308137;[ 2.6537864  81.680145   -0.25032997]
1.4935634;83.44075;-0.24323583;[ 2.6627195  84.3789     -0.25029403]
1.5182251;83.13039;-0.24301752;[ 2.6613123 83.95796   -0.2502988]
1.6483147;76.142784;-0.24391322;[ 2.6382928 77.000084  -0.2503892]
1.8064511;81.100464;-0.22207241;[ 2.6550865  82.05737    -0.25032437]
2.228352;77.80778;-0.21705416;[ 2.6440096  78.70787    -0.25036833]
1.6576276;76.62211;-0.23765448;[ 2.6399438  77.49299    -0.25038433]
1.6401477;80.28591;-0.2252739;[ 2.6524308 81.265686  -0.2503347]
1.497263;83.53228;-0.24106626;[ 2.6627202  84.383385   -0.25029442]
1.5227004;87.34792;-0.22499765;[ 2.676161   88.451584   -0.25024155]
1.4328237;83.75064;-0.24208559;[ 2.6639907  84.7717     -0.25029114]
1.5246732;83.86809;-0.25095665;[ 2.6638093  84.71056    -0.25029194]
1.841949;76.81194;-0.23999815;[ 2.6396444 77.400375  -0.2503864]
1.9269925;73.98432;-0.22847198;[ 2.6300766  74.501785   -0.25042304]
2.0805025;80.598564;-0.23217545;[ 2.6526906  81.3491     -0.25033587]
0.5161731;92.886116;-0.24825887;[ 2.6932933  93.60626    -0.25016093]
1.5432394;89.66314;-0.22971347;[ 2.6824143 90.31934   -0.2502027]
1.5298004;86.06808;-0.23929761;[ 2.6704836  86.70972    -0.25025162]
2.6774514;77.83439;-0.24510974;[ 2.6448596  78.971725   -0.25035977]
2.3565004;71.413994;-0.25569072;[ 2.6219301  72.03931    -0.25044954]
2.653702;84.55994;-0.24602678;[ 2.6679165  85.94907    -0.25026786]
3.0072093;81.71931;-0.23877035;[ 2.657661  82.85057   -0.2503088]
2.282958;78.05453;-0.25734153;[ 2.644918 78.99798  -0.250358]
2.6088834;75.115585;-0.24898835;[ 2.6344893  75.84589    -0.25039953]
2.8709862;78.59599;-0.22535332;[ 2.6476128  79.81175    -0.25034812]
2.9121144;81.34492;-0.23489256;[ 2.656812  82.59302   -0.2503112]
3.009666;74.89274;-0.2333841;[ 2.6348603 75.957     -0.2503994]
3.3124876;74.81753;-0.23876937;[ 2.6349976  75.99596    -0.25039795]
2.9570072;68.17714;-0.23783736;[ 2.6110435  68.749466   -0.25049323]
6.8181887;75.4611;-0.22821303;[ 2.635043   76.00486    -0.25040013]
2.091195;84.004295;-0.23257335;[ 2.663722   84.67583    -0.25029016]
1.7652178;80.215485;-0.24567492;[ 2.650452   80.66449    -0.25034174]
1.8657807;80.558174;-0.24964547;[ 2.652285   81.20453    -0.25033656]
2.3499045;77.38132;-0.23140529;[ 2.6408913  77.75781    -0.25038114]
1.506085;91.015724;-0.22426248;[ 2.6878173  91.96573    -0.25019395]
1.7615689;84.39408;-0.22330211;[ 2.664825   84.9997     -0.25028542]
1.4804264;87.039696;-0.24290392;[ 2.6748915 88.06087   -0.2502457]
0.36431146;90.2766;-0.25384974;[ 2.6869738  91.71983    -0.25019988]
1.41591;83.47729;-0.24751243;[ 2.6634865  84.61648    -0.25029168]
1.66823;80.62299;-0.22442429;[ 2.6531193  81.487686   -0.25033224]
1.4481964;87.402245;-0.22426955;[ 2.677101   88.7327     -0.25023866]
1.6423357;76.18789;-0.23864447;[ 2.6394186  77.34917    -0.25038728]
1.510785;83.54983;-0.25227168;[ 2.663912   84.740974   -0.25029182]
2.238823;73.5803;-0.23049627;[ 2.6295533 74.3492    -0.2504265]
1.931894;69.78037;-0.24197534;[ 2.6164975 70.40236   -0.2504774]
0.5790347;89.91602;-0.25199428;[ 2.6845572 90.97237   -0.2501985]
1.5845109;86.891594;-0.22585906;[ 2.6744418 87.91376   -0.2502377]
3.9718218;81.48414;-0.2465302;[ 2.6575718 82.81914   -0.2503074]
3.9373772;81.647224;-0.24312697;[ 2.6578445  82.899284   -0.25030693]
4.1310105;74.38349;-0.25411695;[ 2.6343212  75.7876     -0.25039998]
4.1711025;74.57957;-0.25269803;[ 2.6340175  75.68921    -0.25040165]
1.8577778;76.61611;-0.24203677;[ 2.6386025 77.068985  -0.2503793]
1.8428885;80.265526;-0.22658402;[ 2.651453  80.954704  -0.2503296]
3.9618342;74.858086;-0.2472308;[ 2.6345828  75.86008    -0.25039935]
2.6486087;85.2682;-0.25421488;[ 2.6698074  86.52092    -0.25026155]
3.6048667;79.046165;-0.23361216;[ 2.6486433  80.12009    -0.25034413]
4.1709323;75.53656;-0.24970551;[ 2.636047   76.31192    -0.25039375]
3.2402906;75.143394;-0.24214803;[ 2.635411   76.12421    -0.25039592]
3.8309941;71.73588;-0.26465955;[ 2.622747  72.29473   -0.2504458]
3.2894917;76.23529;-0.24526465;[ 2.6401825 77.56909   -0.250374 ]
2.749651;75.187355;-0.23418978;[ 2.6364148  76.42229    -0.25039363]
2.5453057;71.328255;-0.24808773;[ 2.6240609  72.68823    -0.25044218]
3.2913647;76.345406;-0.25187075;[ 2.6397295  77.42582    -0.25037622]
3.8609116;71.976265;-0.26565692;[ 2.6240623 72.68295   -0.2504428]
2.5687544;71.99505;-0.2473842;[ 2.624242  72.73348   -0.2504415]
4.185216;68.84678;-0.25067627;[ 2.6131458 69.379875  -0.2504856]
3.2193198;69.63674;-0.25259453;[ 2.6161351  70.288864   -0.25046843]
3.8232932;65.22815;-0.2656834;[ 2.6004689  65.54619    -0.25053507]
1.5391446;83.6627;-0.2406086;[ 2.6638322 84.69479   -0.2502891]
1.8097653;76.74325;-0.23665826;[ 2.6399603  77.49208    -0.25038254]
1.727105;80.53203;-0.22085533;[ 2.652743   81.35385    -0.25033236]
1.9617274;69.82018;-0.23467231;[ 2.6172614  70.63034    -0.25047478]
1.8317924;77.05007;-0.23479229;[ 2.6415324  77.95449    -0.25037575]
0.378595;90.46302;-0.24175367;[ 2.687769  91.93921   -0.2501937]
1.5316567;83.83665;-0.23723763;[ 2.665413   85.18623    -0.25027952]
1.6289526;76.97007;-0.23865066;[ 2.6429994  78.40857    -0.25036812]
1.7303262;76.90378;-0.2333791;[ 2.6414313  77.93525    -0.25037783]
1.8849876;70.04251;-0.23565117;[ 2.6170475  70.56962    -0.25047523]
1.5522622;83.38284;-0.23750012;[ 2.663261  84.54276   -0.2502904]
1.5200808;83.271095;-0.24609074;[ 2.6631126 84.4993    -0.2502932]
1.7358103;80.29381;-0.22427964;[ 2.6535873  81.617935   -0.25033015]
1.7364295;76.39866;-0.23823774;[ 2.6402512  77.58768    -0.25038388]
1.8438445;76.96728;-0.23705706;[ 2.6405005  77.65417    -0.25038254]
2.1927195;73.89175;-0.23156293;[ 2.630186   74.53332    -0.25042245]
1.8376654;76.67336;-0.23782775;[ 2.641649   77.99832    -0.25037682]
0.36618626;90.38223;-0.24892154;[ 2.6874952  91.86658    -0.25019652]
1.7397616;76.728615;-0.24127823;[ 2.6406167  77.698      -0.25038072]
1.6510698;76.67294;-0.24345933;[ 2.639906   77.48578    -0.25038183]
1.6367903;76.88438;-0.23602763;[ 2.6408465  77.764725   -0.25038034]
2.0254266;70.01524;-0.24018505;[ 2.6176176  70.73764    -0.25047234]
1.8220283;77.14095;-0.23871715;[ 2.641136   77.841255   -0.25037643]
1.5368977;84.39228;-0.24430068;[ 2.6658578  85.30873    -0.25028092]
1.8075607;80.51223;-0.22549456;[ 2.6543353 81.827286  -0.2503254]
1.7849962;80.27874;-0.22569425;[ 2.655697   82.24089    -0.25031963]
1.6093564;80.97385;-0.22258613;[ 2.6555932  82.206696   -0.25031945]
2.1364524;73.42936;-0.23044726;[ 2.6325068 75.22745   -0.2504125]
1.8611171;69.97316;-0.24197227;[ 2.6188102 71.091324  -0.2504665]
1.9054353;77.24189;-0.24248399;[ 2.644429   78.82254    -0.25036603]
0.6150098;86.75581;-0.24049889;[ 2.6771846 88.74165   -0.2502191]
4.0704465;78.00733;-0.25012153;[ 2.645923   79.29593    -0.25034705]
4.1968455;74.755905;-0.26588875;[ 2.6325493  75.25522    -0.25040042]
4.250768;75.08858;-0.26053953;[ 2.6329167 75.36863   -0.2503985]
1.9542459;76.07563;-0.23561195;[ 2.639776   77.431595   -0.25036898]
4.2172546;68.10927;-0.26428962;[ 2.609578   68.30236    -0.25049195]
4.334031;71.638596;-0.25088188;[ 2.6228108 72.29852   -0.25044  ]
4.218153;68.485535;-0.26163146;[ 2.6105955  68.60931    -0.25048807]
2.8929734;81.86538;-0.24419087;[ 2.660409   83.66347    -0.25029373]
2.916724;77.91851;-0.23904204;[ 2.6462982 79.4       -0.2503503]
2.815997;74.66496;-0.24372903;[ 2.6327274  75.30286    -0.25040287]
2.8096952;75.023506;-0.23953085;[ 2.6373775  76.69924    -0.25038546]
2.9172757;71.24991;-0.23831338;[ 2.6232722  72.43166    -0.25044206]
2.7253292;67.79952;-0.24688211;[ 2.609986 68.41893  -0.250494]
2.8079526;68.062096;-0.2443238;[ 2.6104054  68.54355    -0.25049245]
2.9237509;81.39618;-0.23888941;[ 2.6559021  82.30983    -0.25031462]
2.8271637;77.62761;-0.23586108;[ 2.6457767  79.24762    -0.25035402]
2.613545;73.99354;-0.2435622;[ 2.6307914  74.72195    -0.25041458]
2.2783525;76.035545;-0.22915567;[ 2.6357136  76.21101    -0.25039044]
2.7081625;74.47834;-0.24085495;[ 2.6321943  75.139      -0.25040886]
2.89669;74.726585;-0.23894641;[ 2.6329224  75.35535    -0.25040615]
2.5758822;67.528564;-0.24462888;[ 2.6079793  67.81596    -0.25050402]
1.5395969;84.37116;-0.24705526;[ 2.665199   85.11324    -0.25028452]
1.6045617;83.81855;-0.24289049;[ 2.6656585 85.26124   -0.250283 ]
1.6259981;80.91119;-0.22390966;[ 2.653283 81.52188  -0.250331]
1.4462376;84.16336;-0.23918737;[ 2.6652946  85.1479     -0.25028348]
1.7337747;76.76928;-0.23939367;[ 2.6426294 78.29697   -0.250374 ]
2.0425463;73.326706;-0.22996423;[ 2.6315205  74.93921    -0.25041696]
1.6276953;77.04794;-0.23797882;[ 2.6405785  77.68275    -0.25038084]
1.5883324;81.94991;-0.23235011;[ 2.6559508  82.32713    -0.25030884]
1.4257278;82.02353;-0.23139776;[ 2.6586628 83.136185  -0.2503   ]
1.6846516;74.85314;-0.23437884;[ 2.6329737  75.37453    -0.25040212]
1.6403558;75.31277;-0.23406875;[ 2.6361275 76.32625   -0.2503871]
2.0200412;78.58114;-0.22512092;[ 2.648086   79.93414    -0.25034118]
1.8509704;75.31517;-0.23300774;[ 2.6335688  75.54967    -0.25039858]
1.7940187;77.52079;-0.23707119;[ 2.641116   77.83505    -0.25037715]
1.521889;84.0261;-0.23649493;[ 2.6633685 84.57498   -0.2502879]
1.7740958;77.27204;-0.23740369;[ 2.6398196  77.45545    -0.25038257]
1.6245141;80.87823;-0.22422133;[ 2.654574   81.9095     -0.25032452]
1.4277196;83.98885;-0.24024445;[ 2.6661973 85.419525  -0.2502791]
2.0467165;70.7623;-0.23805305;[ 2.617556  70.71232   -0.2504719]
1.6427984;81.07682;-0.2224893;[ 2.6547935  81.977264   -0.25032473]
1.7961054;76.73618;-0.24147093;[ 2.641943   78.09089    -0.25037813]
1.9123852;70.592606;-0.24193561;[ 2.6177175  70.77213    -0.25047255]
1.6773269;76.619316;-0.23018265;[ 2.64017    77.55662    -0.25037956]
1.4540908;80.36087;-0.23643579;[ 2.653956 81.713684 -0.250326]
0.4649148;89.51452;-0.22553916;[ 2.6864038 91.52591   -0.2501905]
1.5988841;82.76707;-0.23036002;[ 2.663079 84.47013  -0.250282]
3.1989546;78.421555;-0.23589778;[ 2.645573   79.18705    -0.25035295]
1.7039342;75.69752;-0.2325731;[ 2.6401792  77.54535    -0.25037333]
1.6078569;82.23936;-0.22931184;[ 2.65925    83.32085    -0.25029108]
4.2668705;80.69654;-0.26878038;[ 2.6521487 81.17325   -0.250325 ]
4.2077603;77.46929;-0.2517016;[ 2.6419244  78.08316    -0.25036445]
4.013422;77.80731;-0.24176686;[ 2.6423738  78.21697    -0.25036398]
4.18534;70.73484;-0.2517016;[ 2.6187186 71.06181   -0.2504566]
1.892947;75.64749;-0.229913;[ 2.6364844  76.42713    -0.25038263]
2.091568;69.72131;-0.23787212;[ 2.6186295  71.02983    -0.25046688]
0.39127898;90.70278;-0.24096185;[ 2.6871517 91.752625  -0.250196 ]
1.6194267;83.73834;-0.23762853;[ 2.6647286  84.97569    -0.25028574]
1.5846139;83.473915;-0.23495105;[ 2.663533  84.61731   -0.2502878]
1.9538528;69.82768;-0.23558915;[ 2.6177478  70.77732    -0.25047258]
1.628592;80.05407;-0.22694167;[ 2.6539402  81.710754   -0.25032687]
1.5151697;83.432686;-0.2500106;[ 2.6630948  84.481155   -0.25029343]
1.8881863;69.566216;-0.24185283;[ 2.6167178  70.456894   -0.25047484]
1.8204399;80.73669;-0.22215772;[ 2.6540508 81.74541   -0.2503286]
1.3935531;83.33516;-0.24159236;[ 2.6634762  84.60582    -0.25029162]
1.8708296;69.6654;-0.23798613;[ 2.6175466  70.71775    -0.25047356]
1.9423693;76.62603;-0.24418552;[ 2.6403053  77.59448    -0.25038514]
2.1199498;62.254314;-0.24581194;[ 2.5924299  63.114014   -0.25057146]
1.5288115;83.53402;-0.24981694;[ 2.6627336 84.374695  -0.2502949]
2.202024;73.56248;-0.23123752;[ 2.6284506  74.00975    -0.25042978]
1.8327868;76.76201;-0.23759761;[ 2.639903   77.47298    -0.25038427]
1.5499277;83.42827;-0.23858844;[ 2.6628804  84.42772    -0.25029275]
1.6483049;76.14311;-0.24391322;[ 2.6382928 77.00007   -0.2503892]
1.8264264;76.56136;-0.23846804;[ 2.6376078  76.78871    -0.25039297]
1.4568386;83.4216;-0.24121779;[ 2.662935   84.441864   -0.25029403]
3.8644323;77.77388;-0.24227628;[ 2.6468995  79.58528    -0.25034708]
3.7925787;70.943085;-0.24395397;[ 2.6241803  72.71591    -0.25043756]
2.89865;74.25034;-0.24412678;[ 2.6315527  74.93632    -0.25041124]
2.8158445;67.42956;-0.24247357;[ 2.60828    67.90182    -0.25050375]
1.5488486;83.41628;-0.24090864;[ 2.663868   84.70587    -0.25028828]
2.0485358;69.97465;-0.23764382;[ 2.6165335  70.39973    -0.25047603]
1.6324322;79.94036;-0.22696118;[ 2.6540854  81.755554   -0.25032574]
3.0524597;80.117905;-0.24149609;[ 2.6530247  81.44057    -0.25032702]
4.009615;70.179855;-0.25461888;[ 2.618665   71.05739    -0.25046107]
2.8627234;73.24499;-0.24236459;[ 2.627488   73.7241     -0.25042808]
3.76091;70.282074;-0.24594982;[ 2.6166868  70.46008    -0.25046992]
3.7912402;66.35712;-0.26693547;[ 2.6039648  66.61688    -0.25051954]
2.695184;71.38177;-0.2495714;[ 2.623394   72.48918    -0.25043976]
3.8800735;70.55828;-0.2400209;[ 2.6190438  71.16232    -0.25046134]
3.9327226;67.323395;-0.23969065;[ 2.6081266 67.860214  -0.2505046]
2.968013;68.11579;-0.23751469;[ 2.6105304  68.58857    -0.25049192]
2.8518922;64.58467;-0.25834417;[ 2.5987635 65.03355   -0.2505375]
1.6056079;79.351456;-0.23643948;[ 2.649855   80.48459    -0.25034347]
1.6951603;80.186226;-0.2169297;[ 2.6521032 81.16141   -0.2503347]
1.677746;76.10051;-0.225557;[ 2.6396725  77.40596    -0.25038326]
1.6724212;72.70452;-0.2349433;[ 2.6276348  73.762405   -0.25043258]
1.7710543;65.54877;-0.24237487;[ 2.6041903  66.67977    -0.25052443]
1.8897785;72.70699;-0.23565404;[ 2.6268811  73.53092    -0.25043505]
1.8937984;72.839775;-0.23508385;[ 2.6264    73.38394   -0.2504378]
1.9832385;65.81303;-0.24097008;[ 2.6032019 66.37355   -0.2505283]
1.6729294;72.74476;-0.23515898;[ 2.6277018 73.78308   -0.2504327]
1.6989156;76.04535;-0.23005235;[ 2.6381507 76.9502    -0.2503894]
1.7124562;72.55972;-0.23578218;[ 2.6270242 73.58221   -0.2504348]
1.6891532;76.28602;-0.22384378;[ 2.639682  77.40642   -0.2503841]
1.9641829;69.46671;-0.23070437;[ 2.615821   70.18744    -0.25047895]
2.3170283;69.498314;-0.2305405;[ 2.6152318 70.00921   -0.2504822]
1.5585892;80.99816;-0.23166086;[ 2.6543126 81.82869   -0.2503174]
1.4421897;81.105736;-0.22873043;[ 2.6567452  82.55879    -0.25030863]
3.8847313;77.28143;-0.24036093;[ 2.642145   78.15312    -0.25036955]
2.7028756;78.506645;-0.2511427;[ 2.6459546  79.31045    -0.25035027]
3.9692683;73.53928;-0.26033056;[ 2.6297588 74.41165   -0.2504182]
2.8918824;77.31164;-0.22668874;[ 2.6432867  78.49332    -0.25036517]
2.741784;75.47295;-0.23555212;[ 2.6351068  76.02791    -0.25039318]
3.8487544;70.502144;-0.24011049;[ 2.6195214 71.31235   -0.2504596]
2.5249407;70.26029;-0.23540041;[ 2.620605   71.637436   -0.25045505]
3.8851352;70.56741;-0.23966275;[ 2.6190739 71.17168   -0.2504615]
2.756238;71.787025;-0.24954414;[ 2.6228929  72.33176    -0.25044218]
2.7056584;66.65536;-0.24296802;[ 2.6063087  67.31305    -0.25051275]
0.3821441;90.23408;-0.25011927;[ 2.685652  91.31044   -0.2502035]
1.5705435;83.65069;-0.24535713;[ 2.6628299  84.40752    -0.25029442]
1.526001;83.57599;-0.23837061;[ 2.6627498 84.38913   -0.2502939]
1.5493898;83.36248;-0.23805036;[ 2.6614058  83.98514    -0.25029877]
1.6421627;80.78511;-0.22251712;[ 2.653525   81.59837    -0.25032917]
1.9057244;74.2035;-0.22305933;[ 2.6311827  74.83205    -0.25041878]
1.7664305;76.810165;-0.23819217;[ 2.6400192  77.510544   -0.25038475]
1.9258487;76.931145;-0.24361326;[ 2.639748   77.42267    -0.25038642]
1.5096793;83.27055;-0.23945878;[ 2.662281   84.26071    -0.25029644]
1.8435578;76.36142;-0.23941252;[ 2.6396275  77.40174    -0.25038695]
1.493537;83.142654;-0.25266665;[ 2.6634393 84.5964    -0.2502934]
1.896398;69.35592;-0.23910713;[ 2.616458   70.38674    -0.25047722]
1.5261213;83.347015;-0.24961174;[ 2.6638644  84.7144     -0.25029024]
1.849769;76.35887;-0.2378469;[ 2.6403682  77.61206    -0.25038248]
0.36704302;90.14134;-0.25140136;[ 2.6870387  91.72681    -0.25019795]
1.5342691;83.642365;-0.23694874;[ 2.6632466  84.540016   -0.25029108]
1.7525363;76.35482;-0.23700537;[ 2.639023   77.22333    -0.25038764]
1.6979673;76.30149;-0.24018794;[ 2.6405282  77.67209    -0.25038266]
1.6316873;76.28583;-0.23740475;[ 2.642179   78.16559    -0.25037432]
1.8052179;69.58574;-0.2389538;[ 2.61788    70.82591    -0.25047144]
2.0239708;73.84234;-0.22448039;[ 2.631677  74.983986  -0.2504182]
4.024325;78.48855;-0.25152367;[ 2.6464229  79.44597    -0.25034553]
4.1851273;79.197136;-0.2492787;[ 2.6478534  79.87456    -0.25033918]
3.7899098;75.05259;-0.26348835;[ 2.63462    75.87802    -0.25039053]
4.011314;71.41724;-0.25652876;[ 2.6226983  72.27034    -0.25043988]
3.7916129;71.330315;-0.25423393;[ 2.6231337  72.40245    -0.25043795]
1.6348146;80.40659;-0.23895372;[ 2.6553051  82.12094    -0.25030634]
1.8831284;76.549416;-0.23041713;[ 2.6409547  77.78277    -0.25036404]
4.0415773;71.77157;-0.25127977;[ 2.6233096 72.45052   -0.2504377]
1.8830174;72.95395;-0.24074586;[ 2.6294432 74.29909   -0.250409 ]
3.848927;68.25396;-0.26464856;[ 2.6120899 69.05546   -0.2504813]
2.9453254;82.29002;-0.243356;[ 2.6613295 83.94276   -0.2502897]
2.9031296;78.12598;-0.23880178;[ 2.6464634  79.45196    -0.25034943]
2.787144;74.65377;-0.24726088;[ 2.6337473  75.61195    -0.25039926]
2.8096774;78.60953;-0.22790992;[ 2.6484418  80.04704    -0.25034106]
2.6995406;67.73585;-0.248647;[ 2.6108038  68.672325   -0.25049078]
2.9467843;75.462135;-0.24254674;[ 2.6381974 76.942444  -0.2503823]
2.9590628;71.38812;-0.23829253;[ 2.623282  72.436584  -0.2504418]
1.4642192;84.52064;-0.23734157;[ 2.667739   85.88295    -0.25027263]
1.6244881;80.489174;-0.22824955;[ 2.6550603  82.05236    -0.25032264]
1.8956902;80.43337;-0.22923312;[ 2.6544287  81.862625   -0.25032514]
0.37271416;91.48676;-0.2438554;[ 2.6897926 92.55235   -0.2501851]
1.5465829;84.319855;-0.24215148;[ 2.668137   85.996506   -0.25027117]
1.5211363;84.038445;-0.23898791;[ 2.6644316  84.892334   -0.25028396]
1.7678206;77.18288;-0.24040356;[ 2.6425185  78.26048    -0.25037217]
1.5513587;84.0033;-0.23606041;[ 2.665999   85.36373    -0.25027823]
1.7552754;77.38843;-0.23649998;[ 2.6462402  79.374794   -0.25035766]
1.8626249;73.595055;-0.22940205;[ 2.6337717 75.60852   -0.2504072]
1.9126217;77.48523;-0.24085926;[ 2.644941   78.97708    -0.25036383]
2.678903;73.26884;-0.24633929;[ 2.6283984  73.99989    -0.25042427]
2.8039942;73.416115;-0.23876126;[ 2.630373   74.59469    -0.25041723]
2.719266;70.15043;-0.23909429;[ 2.619506   71.30812    -0.25045985]
2.8753903;70.27064;-0.23725484;[ 2.6191442  71.192696   -0.25046143]
1.8480165;76.757904;-0.23717017;[ 2.6399143  77.476746   -0.25038353]
1.89433;69.14053;-0.24156962;[ 2.6154323  70.08392    -0.25048095]
1.9560481;76.72068;-0.24519101;[ 2.6402485  77.578766   -0.25038517]
2.1006029;69.8651;-0.23835024;[ 2.616055   70.26253    -0.25047952]
1.8971832;74.26779;-0.2337163;[ 2.631136   74.813614   -0.25041044]
1.8514146;74.37166;-0.2312823;[ 2.631358 74.8795   -0.25041 ]
1.8326745;76.59865;-0.24061567;[ 2.641086  77.83078   -0.2503788]
1.5111003;83.377785;-0.24976675;[ 2.6643143 84.84806   -0.2502883]
1.5711058;83.08512;-0.2370395;[ 2.6632822  84.55026    -0.25029027]
1.7432615;76.39921;-0.23710698;[ 2.6392126 77.280975  -0.2503864]
1.5320171;83.29494;-0.24327143;[ 2.6632247  84.5343     -0.25029275]
1.7938459;69.49874;-0.23809111;[ 2.617985   70.85492    -0.25047117]
1.6400392;80.04389;-0.2250751;[ 2.6548219  81.98546    -0.25032485]
2.0155342;69.88046;-0.23774353;[ 2.616929  70.53225   -0.2504758]
2.965774;76.95673;-0.23646405;[ 2.6420481 78.124756  -0.2503709]
2.6293645;73.13206;-0.24396665;[ 2.628411 74.00534  -0.250425]
4.2009873;75.09923;-0.23805241;[ 2.6358871  76.260704   -0.25039196]
3.7758408;70.92588;-0.24131514;[ 2.619115   71.19357    -0.25046045]
2.768701;73.38343;-0.24221131;[ 2.6295958  74.35698    -0.25042087]
3.8761425;70.70982;-0.24292469;[ 2.6209345 71.73891   -0.250453 ]
2.5426965;66.43438;-0.24690072;[ 2.605181   66.9794     -0.25051728]
2.5441718;70.5336;-0.23481864;[ 2.62048    71.5945     -0.25045645]
2.896863;70.31673;-0.23449084;[ 2.618987   71.1453     -0.25046262]
2.6222599;66.67394;-0.24305943;[ 2.605609   67.1002     -0.25051582]
1.843431;80.59482;-0.22527127;[ 2.6534352 81.560104  -0.2503312]
0.38176155;90.31208;-0.25257182;[ 2.6860094  91.417175   -0.25020197]
1.5108874;83.24098;-0.24343246;[ 2.6625137  84.31848    -0.25029406]
1.8049097;76.20423;-0.24344996;[ 2.639398   77.32968    -0.25038582]
1.5820717;83.47949;-0.23739101;[ 2.6616828  84.068375   -0.25029728]
1.7454104;76.4622;-0.24171837;[ 2.6400466 77.52309   -0.2503847]
1.6477718;76.3797;-0.2382331;[ 2.6396127 77.393845  -0.2503848]
1.892831;73.35439;-0.22814801;[ 2.6295524 74.350174  -0.2504253]
1.6285824;76.744095;-0.23751888;[ 2.6406364  77.69952    -0.25038132]
1.8807085;69.76872;-0.23935623;[ 2.617177   70.606735   -0.25047356]
2.1087027;69.50104;-0.24228537;[ 2.6162941  70.336266   -0.25047785]
2.1004124;73.7153;-0.22572865;[ 2.6306777  74.67679    -0.25042197]
1.8058577;84.46525;-0.22596149;[ 2.6672068  85.724075   -0.25026777]
1.6971917;73.99998;-0.2346443;[ 2.6309233  74.75609    -0.25041157]
1.7009048;77.94036;-0.22392015;[ 2.6451983  79.06713    -0.25035515]
1.6252534;74.34968;-0.23228794;[ 2.6339433  75.66397    -0.25039846]
1.5806862;79.47355;-0.23605618;[ 2.6496558 80.42501   -0.2503447]
1.648545;72.82583;-0.23468685;[ 2.6276655 73.77268   -0.2504327]
1.5058792;79.644905;-0.2426073;[ 2.6495523 80.38231   -0.2503457]
1.8619258;76.24526;-0.2244037;[ 2.6388845  77.16127    -0.25038698]
1.8655556;76.31956;-0.22493316;[ 2.6392212  77.261856   -0.25038624]
1.9163263;72.75393;-0.23526998;[ 2.626584   73.443344   -0.25043663]
0.43751502;87.94657;-0.23326291;[ 2.679171   89.33948    -0.25021923]
1.4430555;81.16204;-0.22934629;[ 2.656675   82.537674   -0.25030893]
1.800606;74.47281;-0.2306205;[ 2.6326985  75.28465    -0.25040394]
1.5304136;83.58859;-0.23827416;[ 2.665122   85.10252    -0.25028345]
1.5567949;83.342514;-0.23689047;[ 2.664185   84.82385    -0.25028688]
1.6530383;76.93511;-0.23710093;[ 2.6413918  77.92911    -0.25037816]
1.5607415;83.47771;-0.23880723;[ 2.662701  84.387085  -0.2502948]
1.5517642;83.297264;-0.24069822;[ 2.6636338  84.66461    -0.25029138]
1.6432076;76.43308;-0.23769777;[ 2.6398845  77.48459    -0.25038436]
1.6676834;76.43746;-0.23627134;[ 2.640504   77.67176    -0.25038338]
1.6437473;76.18885;-0.23854136;[ 2.6393862  77.339424   -0.25038743]
1.713567;69.14835;-0.24297062;[ 2.6167393  70.48496    -0.25047556]
1.714989;69.398415;-0.24323715;[ 2.617521  70.72      -0.2504733]
1.5091844;83.58587;-0.25230008;[ 2.6638935  84.7357     -0.25029218]
1.8460323;76.80409;-0.23780678;[ 2.6397047 77.42578   -0.2503864]
1.9079977;69.95711;-0.24087071;[ 2.617599 70.732086 -0.250472]
1.9191527;69.724205;-0.2407002;[ 2.6175237  70.71087    -0.25047317]
1.8209102;76.84135;-0.2395463;[ 2.6397147  77.42873    -0.25038722]
3.023178;77.54097;-0.2375821;[ 2.6446152  78.901665   -0.25035793]
1.4569265;82.452934;-0.22596249;[ 2.6624813 84.29238   -0.2502861]
1.6433975;75.71098;-0.2316136;[ 2.6404645  77.63173    -0.25037196]
1.5457813;82.63529;-0.22562036;[ 2.6627054  84.35637    -0.25028497]
3.038702;70.8598;-0.23824404;[ 2.6222703  72.13445    -0.25044763]
1.6558924;76.30627;-0.24125701;[ 2.638672   77.12236    -0.25038898]
1.8204933;77.02039;-0.2394788;[ 2.6400504 77.52752   -0.2503857]
1.8322775;76.56855;-0.24042158;[ 2.6405764 77.6859    -0.2503834]
1.8840096;69.34921;-0.24215654;[ 2.6167648 70.48319   -0.2504761]
1.5735215;83.018135;-0.22952005;[ 2.663627   84.636475   -0.25027955]
1.466002;83.036964;-0.22712174;[ 2.663875   84.712326   -0.25027946]
1.6921138;74.229774;-0.23665056;[ 2.62925    74.24782    -0.25042287]
0.37316048;90.6064;-0.25272173;[ 2.6868258  91.67627    -0.25020063]
1.5487928;83.498024;-0.24012583;[ 2.6637797  84.70093    -0.25028983]
1.5196097;83.86057;-0.24247546;[ 2.6638408 84.72174   -0.2502906]
1.5239427;83.59359;-0.24023561;[ 2.663599   84.6467     -0.25029114]
1.6329032;75.7658;-0.24262643;[ 2.6410637 77.83267   -0.2503775]
1.5374843;83.64682;-0.23888765;[ 2.6619275  84.154854   -0.25029764]
1.4499142;83.7577;-0.24219827;[ 2.6640153 84.7794    -0.2502911]
1.688154;77.01487;-0.23663832;[ 2.6411035  77.84736    -0.25038052]
1.8678656;76.86727;-0.23923689;[ 2.640519   77.662315   -0.25038314]
1.9524088;70.33773;-0.24034142;[ 2.617125 70.589554 -0.250475]
3.090674;78.04914;-0.23342618;[ 2.6442707  78.78475    -0.25035444]
3.077504;84.71372;-0.2333636;[ 2.6672318 85.73378   -0.250263 ]
3.4755538;75.98874;-0.23361968;[ 2.6363668 76.39383   -0.2503862]
3.4065855;69.35468;-0.23369408;[ 2.6134417  69.452415   -0.25047725]
1.5677253;86.3899;-0.22620328;[ 2.6735258  87.6236     -0.25024334]
1.455724;86.20909;-0.22572133;[ 2.6738868  87.73845    -0.25024137]
2.0986748;71.811615;-0.22714269;[ 2.6290522  74.17203    -0.25041682]
4.4739842;75.60336;-0.25036168;[ 2.634545   75.857155   -0.25039017]
1.8579655;69.961754;-0.24693328;[ 2.6188178 71.09094   -0.2504474]
4.627449;65.31777;-0.27133545;[ 2.600288 65.49096  -0.250525]
1.6316372;85.41707;-0.2343293;[ 2.6689596 86.25311   -0.2502434]
4.504945;83.20637;-0.22832364;[ 2.6613827 83.959816  -0.2502828]
2.886846;72.45323;-0.24725312;[ 2.6261399 73.30934   -0.2504258]
3.417348;69.45868;-0.23848237;[ 2.6156821 70.13023   -0.2504682]
1.4203098;86.05988;-0.22686285;[ 2.6760256  88.38565    -0.25023314]
0.42709255;92.84788;-0.22802758;[ 2.6988504  95.28743    -0.25014248]
1.7990865;81.85606;-0.23961069;[ 2.657257   82.71196    -0.25030726]
2.5577047;74.90977;-0.23994775;[ 2.6370773 76.60707   -0.2503845]
2.4400434;74.01321;-0.22788717;[ 2.6313083  74.854805   -0.25040206]
2.6387436;74.134224;-0.23381114;[ 2.631225   74.820786   -0.25040478]
1.9044127;79.78551;-0.22919114;[ 2.654458  81.85365   -0.2503194]
2.6801827;68.42036;-0.24066871;[ 2.6147711 69.846504  -0.250473 ]
0.4591546;89.41674;-0.22553082;[ 2.6862593  91.4818     -0.25019115]
3.201445;71.598656;-0.23737642;[ 2.6227155  72.265114   -0.25044543]
5.1043973;77.367966;-0.2530921;[ 2.6400943  77.53167    -0.25036883]
3.801324;75.78979;-0.24265575;[ 2.6391885  77.24707    -0.25037012]
3.7418633;76.0532;-0.24170786;[ 2.638464   77.02219    -0.25037315]
3.6144826;76.69576;-0.23858657;[ 2.6414835  77.938705   -0.25036532]
4.978568;70.84086;-0.25355902;[ 2.6178613  70.79654    -0.25045806]
1.5348632;84.831436;-0.23548666;[ 2.6693196  86.35916    -0.25025994]
2.0574462;75.19381;-0.24249509;[ 2.6365538  76.44935    -0.25039068]
1.7880228;78.55289;-0.23376676;[ 2.6462574 79.38484   -0.2503514]
1.5604483;78.14521;-0.23419279;[ 2.6473236  79.71167    -0.25034675]
1.7429689;78.2042;-0.2328301;[ 2.6471152  79.65393    -0.25034848]
1.5699582;85.19715;-0.23276514;[ 2.6706245  86.74496    -0.25025317]
0.44186902;91.93769;-0.23367466;[ 2.6936984  93.72766    -0.25016126]
1.753403;80.98119;-0.23811513;[ 2.6568596  82.59522    -0.25030813]
0.4502828;89.31989;-0.23100376;[ 2.6841877  90.85464    -0.25019738]
1.703063;85.501205;-0.22548673;[ 2.672452   87.30802    -0.25024337]
1.6358771;74.93624;-0.23519045;[ 2.634785 75.92241  -0.250394]
4.0978336;75.21375;-0.2523116;[ 2.6339383 75.66689   -0.2503909]
4.114333;79.45336;-0.2394517;[ 2.6493125 80.30727   -0.2503271]
1.5062782;80.19904;-0.23509713;[ 2.6532664 81.50035   -0.250309 ]
2.2305229;73.352715;-0.23126276;[ 2.6285174  74.01465    -0.25040945]
2.7505693;75.638176;-0.23873475;[ 2.6384053  77.00966    -0.25037554]
2.43516;64.95252;-0.25147617;[ 2.602033   66.01269    -0.25052288]
1.4594038;84.97431;-0.23422156;[ 2.6694536  86.39867    -0.25025836]
1.7136477;81.22302;-0.23983297;[ 2.6552386 82.108765  -0.2503155]
1.7520275;78.32906;-0.23354127;[ 2.646466   79.44115    -0.25034997]
1.7224598;78.25051;-0.23138246;[ 2.6471515  79.64926    -0.25034678]
1.5857658;77.90319;-0.23471817;[ 2.646595   79.48746    -0.25034925]
0.43880308;87.925186;-0.23413157;[ 2.6795945  89.46733    -0.25021785]
1.8371176;84.53156;-0.22615467;[ 2.6679978  85.96208    -0.25026417]
1.4347749;81.10995;-0.22981818;[ 2.6567483 82.55946   -0.2503086]
2.1414223;77.85966;-0.22564074;[ 2.6449685  78.99268    -0.25035593]
2.7013836;71.988014;-0.2627901;[ 2.6283405  73.97508    -0.25041634]
3.7419395;79.08337;-0.22998248;[ 2.6511629  80.87259    -0.25032505]
2.2680948;73.428215;-0.23581068;[ 2.6310632 74.79579   -0.2504047]
2.3485296;64.90571;-0.2579322;[ 2.6062474  67.28926    -0.25050423]
2.0880556;75.2189;-0.24327251;[ 2.637404 76.70745  -0.250387]
0.43275404;91.71574;-0.23678792;[ 2.6930923  93.55367    -0.25016475]
2.0239646;75.01557;-0.2458356;[ 2.635343  76.09619   -0.2503938]
1.703609;77.98252;-0.2329689;[ 2.6467798  79.552216   -0.25034827]
1.8439026;75.03518;-0.24532063;[ 2.6380806 76.916885  -0.2503841]
1.850987;79.259285;-0.23876327;[ 2.6522663  81.20445    -0.25031823]
1.4332471;82.506935;-0.22594649;[ 2.663505  84.597275  -0.2502729]
1.5396432;82.53631;-0.22537997;[ 2.6638103  84.68446    -0.25027177]
4.98897;69.0964;-0.23412496;[ 2.614587  69.82599   -0.2504757]
4.5744996;65.116104;-0.25034186;[ 2.601395  65.83215   -0.2505279]
3.8619995;65.52085;-0.25972384;[ 2.6029754  66.310646   -0.25051734]
4.6574225;61.603916;-0.27314585;[ 2.5861716  61.22853    -0.25058806]
2.8963733;61.346134;-0.26046714;[ 2.5901504  62.426094   -0.25057167]
3.759429;67.89805;-0.24840946;[ 2.6110332  68.74443    -0.25048998]
3.5158615;64.69311;-0.24362893;[ 2.6000183  65.41129    -0.25053337]
3.7564478;74.7114;-0.23541363;[ 2.6331713  75.43495    -0.25040665]
2.5516553;77.36938;-0.24465233;[ 2.6431355  78.45686    -0.25036868]
3.7771947;81.41272;-0.23599705;[ 2.6562047 82.4059    -0.2503147]
3.932372;79.154976;-0.23091616;[ 2.648497  80.07289   -0.2503438]
2.8548775;75.42768;-0.2525372;[ 2.6355524  76.16059    -0.25039506]
3.8114715;74.77712;-0.24754676;[ 2.6316574  74.9866     -0.25041258]
3.6763802;70.73893;-0.2619387;[ 2.6195192  71.31705    -0.25046107]
4.2763634;75.167244;-0.24575813;[ 2.6352434 76.06663   -0.250396 ]
2.641026;77.28211;-0.24065132;[ 2.6440005  78.71667    -0.25036404]
3.423083;67.71488;-0.24163103;[ 2.6101325  68.4756     -0.25049847]
3.7334223;63.83304;-0.26450032;[ 2.5953856  64.019554   -0.25055584]
2.3377829;70.78253;-0.24607717;[ 2.621952   72.0441     -0.25045106]
2.3176198;64.032776;-0.24977894;[ 2.5985858  64.97773    -0.25054365]
3.5739422;67.98046;-0.2381038;[ 2.6098347  68.379196   -0.25050026]
2.9180727;68.87413;-0.25170502;[ 2.6121206  69.06727    -0.25048748]
3.7467542;64.17726;-0.26119113;[ 2.5962508  64.271454   -0.25055313]
2.5354664;67.55185;-0.23667653;[ 2.609361   68.2332     -0.25050256]
3.1682053;77.021065;-0.24200812;[ 2.6398988  77.46709    -0.25037077]
3.383687;76.82017;-0.23854122;[ 2.640887   77.765396   -0.25036815]
5.2072153;70.7475;-0.25245553;[ 2.6175025  70.68465    -0.25045896]
2.952036;82.18043;-0.25261912;[ 2.6592343 83.33052   -0.2503018]
2.7643976;84.11231;-0.24533072;[ 2.667728   85.90079    -0.25027063]
3.6978922;81.37362;-0.2373417;[ 2.6574874  82.80264    -0.25031045]
3.8819342;78.63559;-0.23087995;[ 2.6475465  79.79422    -0.25034916]
2.5649936;75.2193;-0.25392634;[ 2.634523  75.85715   -0.2503995]
3.919241;74.578636;-0.24583754;[ 2.6333966  75.51691    -0.25040513]
2.5863452;81.82183;-0.22331889;[ 2.658091   82.98062    -0.25030845]
4.0140686;70.84477;-0.2577113;[ 2.6215172 71.92434   -0.2504524]
2.486497;68.62788;-0.25583717;[ 2.6134067  69.45978    -0.25048095]
2.7826066;77.4763;-0.2445533;[ 2.6445649 78.88907   -0.2503629]
4.1268344;70.98914;-0.25993267;[ 2.6210022  71.76388    -0.25045455]
3.3752594;68.517395;-0.24122038;[ 2.6115797 68.9081    -0.2504926]
3.892555;72.03275;-0.23085491;[ 2.6243448  72.77022    -0.25044158]
2.9824457;72.7813;-0.24029867;[ 2.6256523  73.16385    -0.25043404]
3.6987216;69.63255;-0.25634232;[ 2.6183116 70.942825  -0.2504597]
4.120907;85.90944;-0.2558011;[ 2.6726897 87.39223   -0.2502324]
1.8380183;76.28367;-0.24519067;[ 2.6393156  77.29935    -0.25036708]
1.5358574;85.41984;-0.23440713;[ 2.668811   86.213264   -0.25024408]
1.6718415;78.87367;-0.24027316;[ 2.6473517  79.71994    -0.25032744]
1.636049;85.6112;-0.23438762;[ 2.669143   86.31044    -0.25024247]
4.1081014;79.280876;-0.2551211;[ 2.6496577 80.42118   -0.2503242]
4.7946615;65.10457;-0.2705386;[ 2.5989985  65.09764    -0.25053108]
1.7982438;80.06991;-0.23867859;[ 2.6523335  81.23488    -0.25033537]
1.5541627;86.61771;-0.25265098;[ 2.6760497  88.409256   -0.25024262]
1.8008882;80.05814;-0.24175456;[ 2.6527958 81.3735    -0.2503341]
1.8626553;80.14648;-0.2466562;[ 2.6526117  81.32367    -0.25033525]
1.7444513;80.29282;-0.2397694;[ 2.6519573 81.133934  -0.2503363]
0.37874758;93.320786;-0.2539976;[ 2.6991112  95.38878    -0.25015056]
1.5039763;86.84957;-0.24807379;[ 2.675673   88.30312    -0.25024313]
1.5138913;86.636284;-0.23967145;[ 2.6759174 88.374374  -0.2502419]
1.4343623;86.44951;-0.24373871;[ 2.6760724  88.426254   -0.25024202]
1.5516211;80.244545;-0.23806341;[ 2.652109  81.17844   -0.2503359]
1.5544353;86.770515;-0.22689484;[ 2.6741152  87.81088    -0.25024143]
1.6298409;80.199425;-0.22883081;[ 2.6549566 82.00766   -0.250317 ]
1.497925;86.581345;-0.22945295;[ 2.6736596  87.67825    -0.25024286]
2.6349578;77.42059;-0.24219719;[ 2.6434522  78.54691    -0.25036693]
2.482155;70.63;-0.24552007;[ 2.6190314  71.15752    -0.25046358]
2.372465;77.308235;-0.24472728;[ 2.6427588  78.34247    -0.25036916]
2.364563;70.821236;-0.24764462;[ 2.61896    71.14395    -0.25046277]
3.6374269;82.045235;-0.23314846;[ 2.6572886  82.73618    -0.25031027]
2.4483004;70.76271;-0.24564868;[ 2.6199253  71.4395     -0.25046107]
3.6533117;75.391045;-0.23422155;[ 2.6347485  75.91659    -0.25040057]
2.3770907;64.24088;-0.25010163;[ 2.5992737  65.18253    -0.25054026]
2.5501044;70.76316;-0.2437854;[ 2.6203716  71.56832    -0.25045922]
1.5800333;86.996475;-0.24850987;[ 2.676347   88.50624    -0.25024137]
1.5299911;87.29311;-0.24115343;[ 2.6764863  88.54563    -0.25023976]
1.7827358;80.31986;-0.24061193;[ 2.6532607  81.52054    -0.25033143]
1.7791713;80.474045;-0.24010484;[ 2.6512802 80.9199    -0.2503382]
1.8514656;73.27941;-0.24306507;[ 2.6297317  74.405426   -0.25042495]
1.8241208;73.46012;-0.24209087;[ 2.629552   74.35086    -0.25042495]
1.7903671;78.34631;-0.23408468;[ 2.6446545  78.89911    -0.25035828]
1.5136176;84.92005;-0.23372607;[ 2.6689303 86.24918   -0.2502613]
1.5608943;78.331;-0.23508435;[ 2.6472137  79.67532    -0.25034663]
1.8618703;73.8175;-0.24001946;[ 2.6319222  75.05863    -0.25041455]
1.6239822;80.44897;-0.2427431;[ 2.653314   81.53778    -0.25032887]
1.853103;73.84027;-0.2422656;[ 2.630449   74.61548    -0.25041884]
1.4084957;86.86698;-0.24375378;[ 2.6747313 88.03693   -0.2502486]
1.5422273;80.328186;-0.24159874;[ 2.6520147  81.15607    -0.25033644]
1.7339647;80.28557;-0.24134131;[ 2.6503546  80.66171    -0.25034428]
1.6702456;73.81613;-0.24445403;[ 2.6322153  75.14614    -0.25041014]
1.8688313;80.46042;-0.24920408;[ 2.6508908 80.81064   -0.2503427]
2.1060524;67.26772;-0.24416044;[ 2.6082666  67.89285    -0.25050676]
1.5656542;82.45931;-0.24110076;[ 2.659651   83.45216    -0.25029543]
0.6049149;89.29099;-0.24930361;[ 2.6840253 90.8177    -0.2501985]
3.9875917;77.69312;-0.26636922;[ 2.6422324  78.19174    -0.25036672]
1.5735538;82.46005;-0.24346322;[ 2.6609423  83.83547    -0.25028914]
3.9804487;77.57177;-0.26921737;[ 2.644008  78.72115   -0.2503599]
1.6570555;76.057976;-0.24775168;[ 2.6388528 77.15611   -0.2503739]
1.6563702;75.77018;-0.24517536;[ 2.6361685  76.34574    -0.25038704]
1.619431;75.92208;-0.2419882;[ 2.6386356 77.08857   -0.2503789]
1.6184058;75.78128;-0.24147369;[ 2.6371324  76.63787    -0.25038356]
4.016986;74.77072;-0.2534437;[ 2.6345115 75.85014   -0.2503978]
4.061533;77.81556;-0.27250436;[ 2.6444137 78.83714   -0.2503598]
4.0948906;74.95233;-0.2525383;[ 2.6337311  75.60528    -0.25040165]
1.8435208;76.07186;-0.24211857;[ 2.6366024  76.46976    -0.25038633]
2.703428;84.614174;-0.25284064;[ 2.6690598  86.29863    -0.25026482]
2.5777164;71.29809;-0.25258708;[ 2.6226568 72.26395   -0.2504462]
2.676612;77.805725;-0.24504386;[ 2.6458762 79.292404  -0.2503568]
2.6088824;70.99239;-0.24809708;[ 2.6219184  72.041626   -0.25045094]
2.5791092;71.200424;-0.24529088;[ 2.6225548 72.228294  -0.2504492]
3.8052762;75.364815;-0.23917107;[ 2.6384335 77.023605  -0.2503849]
3.0953789;86.06008;-0.23863456;[ 2.6719086 87.14523   -0.2502417]
3.4083755;75.7633;-0.23861887;[ 2.6380405  76.90828    -0.25037944]
2.7174551;72.72483;-0.2440062;[ 2.6278577 73.81531   -0.2504154]
3.1150186;79.410355;-0.23809913;[ 2.6488776  80.17438    -0.25033343]
1.5564542;86.411606;-0.22746137;[ 2.6755064  88.2254     -0.25023556]
1.5733521;86.647285;-0.22982635;[ 2.6771655  88.72955    -0.25022888]
2.4530358;81.35157;-0.23799416;[ 2.6585858  83.113144   -0.25030303]
2.4329276;80.71516;-0.2338546;[ 2.6536186 81.6084    -0.2503164]
1.8242562;81.27916;-0.24046835;[ 2.6566014  82.51271    -0.25031006]
1.7963293;79.81146;-0.22972341;[ 2.6540174 81.72649   -0.2503216]
2.5137324;71.78098;-0.2290042;[ 2.626956   73.537125   -0.25042668]
2.7399757;67.88788;-0.24171975;[ 2.61463   69.8049    -0.2504736]
0.34920824;93.76229;-0.2539455;[ 2.7005894  95.83519    -0.25014502]
1.7700765;80.76895;-0.24010375;[ 2.6520813  81.16849    -0.25033683]
1.7774;80.34034;-0.24225408;[ 2.6542137  81.80345    -0.25032896]
1.8379076;73.726494;-0.24423498;[ 2.6305985 74.65663   -0.2504196]
1.835705;73.74698;-0.24043521;[ 2.6318555  75.038925   -0.25041655]
1.7447245;80.26701;-0.24279334;[ 2.6543088  81.83853    -0.25032917]
1.8638579;73.604195;-0.24109252;[ 2.630836   74.73451    -0.25042123]
1.8691994;80.40387;-0.25121796;[ 2.6543832  81.84957    -0.25032935]
2.0471673;74.23689;-0.24082462;[ 2.6297593  74.40532    -0.25042623]
3.9880037;78.31994;-0.26912206;[ 2.6445463  78.87176    -0.25035694]
3.8926997;75.02348;-0.25238046;[ 2.6341646  75.72963    -0.25039813]
1.8450545;75.95533;-0.24354355;[ 2.6374862  76.729004   -0.25038266]
4.078183;75.18072;-0.25104818;[ 2.6349058 75.95361   -0.2503944]
1.8497605;76.88093;-0.24089049;[ 2.6370487  76.59366    -0.25038192]
3.6909602;82.78144;-0.25505537;[ 2.6589193  83.221664   -0.25029948]
3.7207305;78.22648;-0.26929998;[ 2.6439142  78.69258    -0.25036073]
3.5714612;74.917244;-0.25307;[ 2.633408   75.513824   -0.25040194]
3.691211;77.78175;-0.26706615;[ 2.6444023  78.83475    -0.25035724]
3.3426054;75.35107;-0.25677446;[ 2.635195  76.05008   -0.2503936]
1.785922;75.948875;-0.24629086;[ 2.6360948 76.32471   -0.2503887]
4.280322;78.94129;-0.23914914;[ 2.6476254 79.80912   -0.2503444]
4.2662916;75.601395;-0.24533653;[ 2.6334207 75.51662   -0.2504007]
1.5237371;83.10322;-0.24058598;[ 2.6614828  83.99176    -0.25028634]
3.6332183;71.17983;-0.26617262;[ 2.621598  71.94318   -0.2504496]
3.5590737;72.684425;-0.24768388;[ 2.6253042  73.048805   -0.25043306]
1.9427497;76.35517;-0.24259247;[ 2.636798  76.52892   -0.2503861]
2.2781153;73.05178;-0.23332125;[ 2.6262453  73.33604    -0.25042772]
2.760589;78.30518;-0.24615175;[ 2.6463947 79.42919   -0.2503541]
2.5671606;71.43302;-0.24559863;[ 2.6234179  72.47926    -0.25044417]
2.7965176;85.09647;-0.2471717;[ 2.6695747  86.44404    -0.25026196]
2.4531133;71.29664;-0.2467112;[ 2.6226451 72.2616    -0.2504484]
2.3949957;64.74898;-0.25021392;[ 2.5990613  65.119804   -0.25054073]
1.9133534;80.52838;-0.24737358;[ 2.6560552 82.347336  -0.2503207]
2.0762923;73.758286;-0.2401487;[ 2.633349   75.47505    -0.25040898]
2.0564823;74.41413;-0.23938717;[ 2.6310694  74.78748    -0.25041857]
1.7541295;81.042885;-0.23840478;[ 2.6543636  81.83789    -0.25032595]
1.2962693;87.50475;-0.2396528;[ 2.6787682 89.226     -0.2502304]
1.5150638;87.48058;-0.2436029;[ 2.6773114  88.794525   -0.25023654]
1.7980957;80.572655;-0.23929276;[ 2.6558506 82.28854   -0.2503189]
1.5806564;80.30443;-0.24221082;[ 2.655038   82.053894   -0.25032306]
1.7132931;80.42614;-0.2421998;[ 2.6534212  81.56943    -0.25032935]
1.9649028;74.0872;-0.2425911;[ 2.6297426  74.40132    -0.25042373]
1.8424842;73.589;-0.24316676;[ 2.6326199 75.264694  -0.2504127]
1.7621028;80.41595;-0.23977676;[ 2.6568487  82.59213    -0.25031713]
1.5458709;84.60883;-0.24344905;[ 2.666274   85.437225   -0.25027996]
2.0355704;80.677;-0.227441;[ 2.6534321  81.56031    -0.25033012]
0.39539647;91.45501;-0.24529777;[ 2.6894515  92.451416   -0.25018746]
1.5680792;84.46846;-0.24078918;[ 2.6664462  85.497406   -0.25027958]
1.7925715;77.04975;-0.236559;[ 2.6425602  78.2791     -0.25037363]
1.6203055;80.83256;-0.22402792;[ 2.6546016  81.9204     -0.25032493]
1.7633696;80.23321;-0.23143445;[ 2.6527183  81.354294   -0.25033265]
1.623148;77.059135;-0.24309923;[ 2.6400952  77.54149    -0.25038174]
1.7770603;81.3652;-0.22084033;[ 2.6560357  82.342255   -0.25031948]
1.6035855;81.09943;-0.2214997;[ 2.6563418  82.44014    -0.25031844]
1.9212655;77.62229;-0.2396967;[ 2.6432207  78.46901    -0.25037226]
1.460947;84.44965;-0.2379311;[ 2.6649792 85.061806  -0.2502836]
1.6338527;77.09507;-0.23761474;[ 2.6434557  78.553734   -0.25037137]
1.7727425;77.71643;-0.23713303;[ 2.6418717  78.068375   -0.25037557]
1.770323;77.837616;-0.23762351;[ 2.6419415  78.09219    -0.25037506]
1.9245985;70.73709;-0.24195099;[ 2.6181922  70.910965   -0.25047028]
1.6512253;86.48963;-0.24375834;[ 2.6712263 86.9355    -0.2502467]
1.5125241;86.27363;-0.24140787;[ 2.6708062  86.81413    -0.25024834]
1.6083201;79.36252;-0.24633637;[ 2.6481252  79.95246    -0.25033692]
3.1000254;81.9019;-0.23708232;[ 2.6581373 82.99765   -0.250308 ]
5.5862956;75.12815;-0.23491554;[ 2.6346214 75.881805  -0.2504013]
5.5768924;75.121445;-0.23341264;[ 2.6344717  75.83757    -0.25040194]
2.9992018;74.95591;-0.23638304;[ 2.6336672  75.60184    -0.25040412]
2.7852552;74.85289;-0.23765367;[ 2.6350324 76.00553   -0.250399 ]
3.1830568;72.016815;-0.2318557;[ 2.624839   72.9262     -0.25043973]
5.6840515;68.27851;-0.23837782;[ 2.611859   68.99837    -0.25049207]
3.1039515;75.16692;-0.23613617;[ 2.6350896  76.023125   -0.25039992]
3.1576612;68.45985;-0.2379649;[ 2.6105723  68.60407    -0.25049558]
13.747806;76.241066;-0.22831982;[ 2.6375787  76.764244   -0.25038868]
1.7961714;80.47811;-0.24007867;[ 2.6514134  80.95072    -0.25033784]
0.37182367;94.183975;-0.25299883;[ 2.698618  95.23293   -0.2501526]
1.554065;87.313545;-0.24919769;[ 2.676096   88.41753    -0.25024185]
1.8368461;78.72882;-0.21688;[ 2.647865   79.86841    -0.25035107]
1.8303974;73.15709;-0.24429026;[ 2.6294174 74.303024  -0.2504262]
0.36489332;90.644035;-0.25277328;[ 2.687375   91.84287    -0.25019896]
1.470481;83.64074;-0.24598093;[ 2.663619   84.65859    -0.25029182]
1.6653284;80.66111;-0.22531645;[ 2.6524796 81.29321   -0.2503354]
1.7523258;69.15422;-0.24591683;[ 2.61745    70.69847    -0.25047353]
1.803699;81.09131;-0.22284548;[ 2.6541739  81.79588    -0.25032973]
1.9464009;69.921555;-0.24205361;[ 2.617339   70.65404    -0.25047383]
1.9532722;69.89324;-0.24034274;[ 2.616947   70.540504   -0.25047696]
3.992776;81.426094;-0.2465287;[ 2.6573927  82.765274   -0.25030783]
4.055259;77.60459;-0.26344392;[ 2.6438675  78.67914    -0.25036186]
4.2627306;74.557724;-0.2530752;[ 2.6349878  75.98876    -0.25039768]
1.8562694;76.30926;-0.24153067;[ 2.6381588  76.93324    -0.25038078]
4.1258287;70.9191;-0.26657656;[ 2.6216018 71.932686  -0.2504493]
2.7573519;85.19323;-0.25392407;[ 2.6697388 86.50089   -0.2502619]
3.849194;78.48951;-0.26483387;[ 2.646866   79.586845   -0.25035152]
3.7489777;71.36804;-0.2656525;[ 2.6227624  72.30011    -0.25044584]
3.8076205;71.312096;-0.26214913;[ 2.6235943  72.5533     -0.25044376]
3.2408934;76.27943;-0.24862188;[ 2.6393905  77.32431    -0.25037694]
3.3153358;68.33893;-0.24474424;[ 2.612518   69.1899     -0.25048837]
1.5164583;83.59785;-0.24704997;[ 2.6646304 84.94641   -0.2502873]
1.8359395;77.07215;-0.23563741;[ 2.6408556  77.75627    -0.25038007]
2.151542;80.19715;-0.22802748;[ 2.6540153  81.737305   -0.25032863]
1.535203;83.645645;-0.24156623;[ 2.6637683 84.69951   -0.2502906]
1.9579885;80.036644;-0.23145767;[ 2.6529827  81.43531    -0.25033125]
1.6504619;76.576454;-0.24351224;[ 2.6401536  77.56149    -0.25038087]
1.445173;83.49452;-0.23972134;[ 2.664551  84.92903   -0.2502874]
1.7244624;76.795906;-0.23600405;[ 2.6405327 77.675224  -0.2503833]
1.6438129;76.84692;-0.23661588;[ 2.6408231  77.755005   -0.25038016]
1.6996157;69.84873;-0.2455753;[ 2.6190362  71.16889    -0.25046504]
2.0221138;70.17606;-0.23761277;[ 2.6171088  70.58508    -0.25047585]
1.7931205;80.210365;-0.2300171;[ 2.6533124  81.54372    -0.25033146]
1.565681;76.75633;-0.24019882;[ 2.642471   78.25776    -0.25037554]
1.5653892;77.38105;-0.23680462;[ 2.6410642  77.83915    -0.25037903]
1.8121078;77.4277;-0.2373049;[ 2.6410358  77.818596   -0.25037915]
1.8318669;76.82856;-0.23838398;[ 2.6395233  77.35712    -0.25038734]
0.3842163;90.4091;-0.24862179;[ 2.6862748 91.49935   -0.2502013]
1.5590944;83.506424;-0.23765153;[ 2.6619055  84.13402    -0.25029746]
1.8338119;76.703445;-0.23571758;[ 2.6392481  77.287025   -0.25038803]
1.4475868;83.604744;-0.2396722;[ 2.6632922  84.55084    -0.25029302]
1.7900232;76.79115;-0.2370237;[ 2.6405098  77.66585    -0.25038418]
1.6221868;80.78236;-0.22211884;[ 2.6540885 81.76632   -0.2503286]
1.9107939;69.749214;-0.23953441;[ 2.6170852  70.57892    -0.25047517]
1.6893705;73.978645;-0.22583914;[ 2.6315587  74.94864    -0.25041723]
1.9584072;76.901215;-0.24183306;[ 2.6406198 77.692825  -0.2503842]
1.5261388;83.82234;-0.24571931;[ 2.6647992  84.99833    -0.25028676]
1.8457131;76.76683;-0.23783521;[ 2.6413324  77.90071    -0.25037974]
1.8366522;80.5514;-0.22309196;[ 2.6543834 81.847244  -0.2503271]
1.8131188;76.945244;-0.23932146;[ 2.641515   77.9628     -0.25037736]
0.3705541;90.637505;-0.24751641;[ 2.6880195  92.025085   -0.25019452]
1.5665041;83.51293;-0.2370502;[ 2.663857  84.72231   -0.2502896]
1.6854621;76.79845;-0.23853576;[ 2.640838   77.76738    -0.25038224]
1.6301696;76.812874;-0.23981991;[ 2.6419191 78.09099   -0.2503754]
1.6375381;80.32464;-0.22424346;[ 2.6548655  81.99867    -0.25032502]
1.6690683;76.49177;-0.23714696;[ 2.6422372  78.179855   -0.25037408]
1.8269242;69.734924;-0.24024107;[ 2.6178408  70.813      -0.25047168]
1.8075144;70.089005;-0.23892406;[ 2.6185815  71.03426    -0.25046933]
1.967456;73.41283;-0.2332849;[ 2.6323907  75.20032    -0.25041306]
1.7019297;70.162224;-0.24536237;[ 2.6197171 71.37198   -0.2504621]
1.670172;80.442116;-0.22626773;[ 2.6532574  81.52583    -0.25033116]
1.5272293;83.295616;-0.24064818;[ 2.6626081 84.35657   -0.2502956]
1.6694165;76.47639;-0.23908749;[ 2.6407075  77.73085    -0.25038236]
1.5853249;76.52949;-0.24071157;[ 2.6417308  78.03662    -0.25037834]
1.7146006;69.70261;-0.24317467;[ 2.6176407  70.75423    -0.25047213]
1.5058975;83.56703;-0.2523095;[ 2.6639051  84.73907    -0.25029188]
1.8152378;76.80552;-0.24004164;[ 2.6405735  77.68111    -0.25038323]
1.9347405;73.86048;-0.22699793;[ 2.6305158  74.63698    -0.25042173]
1.5416107;83.52267;-0.23877163;[ 2.6622803  84.2632     -0.25029626]
1.4723759;83.01476;-0.24455875;[ 2.6631284  84.51558    -0.25029308]
1.6657612;76.33225;-0.241179;[ 2.638901   77.188934   -0.25038794]
2.0019593;73.60919;-0.23155357;[ 2.630726   74.705574   -0.25042138]
1.7152157;69.685555;-0.24291188;[ 2.6171103 70.59388   -0.250474 ]
1.3714604;83.44001;-0.2435963;[ 2.6638784  84.740204   -0.25029153]
1.5992808;76.60197;-0.23897114;[ 2.6405048  77.67266    -0.25038266]
1.6456486;80.38113;-0.22553453;[ 2.6542463 81.82631   -0.250329 ]
1.7207109;73.779465;-0.22920212;[ 2.6317554  75.01582    -0.25041685]
2.229845;73.64451;-0.23078427;[ 2.6295652  74.35132    -0.25042698]
1.9308597;69.73146;-0.24211137;[ 2.6165068  70.406784   -0.25047764]
1.4965869;83.57447;-0.25250775;[ 2.6639647  84.75491    -0.25029173]
1.8237388;77.0081;-0.2394788;[ 2.639957   77.49951    -0.25038567]
1.8352106;80.592766;-0.22484723;[ 2.6542497  81.81669    -0.25032946]
1.9322174;69.789215;-0.2420221;[ 2.6166978  70.46003    -0.25047567]
0.36487937;90.64404;-0.25277328;[ 2.687375   91.84287    -0.25019896]
1.5623406;83.65735;-0.23992187;[ 2.6635537  84.64133    -0.25029233]
1.6699421;76.482025;-0.24247153;[ 2.6405168  77.67468    -0.25038224]
1.4287698;83.763756;-0.24227259;[ 2.6641932 84.83435   -0.250291 ]
1.6425567;76.40163;-0.23957337;[ 2.6408195  77.76994    -0.25038227]
1.6470835;76.68393;-0.23925854;[ 2.6405995  77.699585   -0.25038296]
1.5083448;83.90706;-0.25106913;[ 2.664327   84.868286   -0.25029087]
1.953273;69.89324;-0.24034274;[ 2.6169472  70.54053    -0.25047693]
0.74592066;92.110504;-0.23333625;[ 2.692987  93.528656  -0.2501464]
3.8519557;79.041725;-0.25870314;[ 2.6491544 80.275986  -0.2503234]
4.3591385;76.54127;-0.23980772;[ 2.6358836  76.257126   -0.25038403]
4.5283113;83.00587;-0.23837653;[ 2.6631181 84.503174  -0.2502697]
1.8864526;78.9992;-0.23857124;[ 2.6465595  79.47873    -0.25033155]
4.6301517;83.49264;-0.22619505;[ 2.6627662 84.37792   -0.2502768]
2.7981231;79.610344;-0.24251233;[ 2.6486516  80.11034    -0.25033194]
4.314373;76.74431;-0.23037735;[ 2.639408  77.31244   -0.2503696]
2.822548;73.06636;-0.24443431;[ 2.6288195  74.10542    -0.25041032]
0.43072176;93.46499;-0.22673243;[ 2.6997993 95.5753    -0.2501388]
2.4729147;82.21595;-0.2379878;[ 2.6601582  83.582184   -0.25029635]
2.2577877;81.80097;-0.22289523;[ 2.6556685  82.218506   -0.25030518]
1.7497535;80.35235;-0.2305489;[ 2.6559923  82.32283    -0.25031236]
1.9293407;80.15284;-0.2283916;[ 2.6552808  82.104126   -0.25031623]
4.95088;80.85175;-0.22517382;[ 2.6550398  82.04481    -0.25031108]
3.3975787;76.944275;-0.23986188;[ 2.6418066 78.042984  -0.2503643]
3.4297562;70.43638;-0.24365258;[ 2.6214156 71.87042   -0.2504433]
3.4505863;77.100204;-0.23831403;[ 2.642354   78.20433    -0.25036183]
0.43010724;91.87414;-0.2359006;[ 2.6928368  93.4765     -0.25016624]
1.514997;85.22094;-0.23310359;[ 2.6693506 86.375175  -0.2502586]
1.8206587;78.58896;-0.23585866;[ 2.6464863 79.46239   -0.2503499]
1.5372002;85.74332;-0.22759481;[ 2.66866   86.15132   -0.2502529]
1.439551;85.57664;-0.22575395;[ 2.6693246  86.351395   -0.25025168]
1.5848756;79.01038;-0.22903432;[ 2.6487675  80.12889    -0.25033146]
1.4889013;85.52512;-0.23373719;[ 2.6713681  86.99646    -0.25025126]
1.6574793;78.65174;-0.23580271;[ 2.649286  80.314705  -0.2503386]
1.5529308;78.62675;-0.23415479;[ 2.6494734 80.370316  -0.2503383]
3.3953228;70.16279;-0.2614767;[ 2.6207747  71.699265   -0.25045282]
2.7692719;82.41003;-0.24980143;[ 2.6571739 82.71615   -0.2503087]
2.8377295;84.09068;-0.24500723;[ 2.6673706  85.79164    -0.25027192]
3.9410555;77.7506;-0.2602055;[ 2.642513   78.28346    -0.25036883]
2.8648825;80.885;-0.2314231;[ 2.656836   82.60599    -0.25031367]
3.8572922;74.57978;-0.24661946;[ 2.6322675  75.185425   -0.25040954]
3.5741649;70.92208;-0.26117826;[ 2.6205404 71.62926   -0.2504547]
3.353531;78.89338;-0.22042835;[ 2.647598 79.80532  -0.25035 ]
3.8859096;75.01871;-0.23667386;[ 2.634296   75.778625   -0.25040144]
2.478674;70.74158;-0.24454296;[ 2.6223962  72.18287    -0.25044933]
2.7251022;77.32145;-0.24253367;[ 2.6441088  78.761      -0.25036418]
3.8400242;71.010284;-0.25997028;[ 2.621076  71.79619   -0.2504541]
4.0264997;68.185104;-0.2490662;[ 2.611116  68.78225   -0.2504933]
3.40519;69.40037;-0.25749055;[ 2.6183388 70.95468   -0.2504586]
4.1629806;70.7542;-0.2571535;[ 2.6206357  71.65926    -0.25045583]
2.701394;74.154434;-0.2331113;[ 2.6339042  75.67437    -0.25040475]
3.6801143;67.836075;-0.24913177;[ 2.6107156  68.662346   -0.25049537]
2.4526541;68.68781;-0.25700614;[ 2.6135163  69.49365    -0.25048006]
2.5233548;70.78131;-0.24657655;[ 2.6218808  72.031654   -0.25045195]
2.929357;64.44723;-0.26774397;[ 2.5991745  65.16233    -0.25053915]
2.5485427;68.23487;-0.25170374;[ 2.6138623  69.59252    -0.25047803]
2.8033023;75.90396;-0.2508052;[ 2.634861   75.95595    -0.25039795]
2.801558;77.439125;-0.2440798;[ 2.644335   78.81972    -0.25036395]
3.6296387;74.7622;-0.2350728;[ 2.6342397 75.76518   -0.2504035]
3.0076318;75.59014;-0.25184676;[ 2.6363368  76.391464   -0.25039193]
3.5195959;69.73366;-0.25639832;[ 2.6170566  70.561386   -0.25046417]
4.407979;68.167145;-0.2508941;[ 2.6105728  68.601875   -0.25049534]
4.5642986;64.85067;-0.27185786;[ 2.596985   64.498024   -0.25054893]
2.842558;74.26628;-0.23098235;[ 2.6338015  75.63435    -0.25040564]
3.6957695;71.66761;-0.2321733;[ 2.6233783  72.48155    -0.25044578]
3.0578833;64.71967;-0.26616368;[ 2.597852  64.75622   -0.2505454]
2.6868658;68.954735;-0.25215286;[ 2.6131554 69.377754  -0.2504817]
1.8095582;79.56861;-0.22958888;[ 2.6494734  80.35637    -0.25033987]
0.44147515;93.22776;-0.22863528;[ 2.6968899  94.70476    -0.25015077]
1.602021;82.549995;-0.23698546;[ 2.6600153  83.55272    -0.25029728]
1.5804186;79.60613;-0.23056391;[ 2.6520984  81.152695   -0.25032791]
2.3360322;72.9103;-0.23183206;[ 2.6265812  73.439705   -0.25043106]
1.8659635;73.04026;-0.24057338;[ 2.6310976  74.81262    -0.25041777]
1.552614;87.00495;-0.2526345;[ 2.6751106 88.13931   -0.2502475]
1.7648101;80.68696;-0.24066831;[ 2.6520967 81.17532   -0.2503378]
1.758374;80.201065;-0.24273208;[ 2.6512094 80.9064    -0.250341 ]
1.7598743;80.12193;-0.23975179;[ 2.649712  80.45979   -0.2503453]
0.37705374;93.684166;-0.253968;[ 2.6982172  95.13282    -0.25015524]
1.8727615;78.40563;-0.21969946;[ 2.6467094 79.52421   -0.2503566]
1.5396179;80.36512;-0.2401422;[ 2.6529279  81.43246    -0.25033322]
1.8328962;80.31441;-0.24093896;[ 2.6543233 81.82977   -0.2503264]
1.8620031;72.50303;-0.24228625;[ 2.6304967  74.62484    -0.25041905]
1.5267549;87.45869;-0.24574544;[ 2.676833   88.65329    -0.25023916]
1.7529252;80.68881;-0.2404725;[ 2.65433  81.840836 -0.250326]
1.5972781;79.115135;-0.24127579;[ 2.6528654  81.39815    -0.25032952]
1.7935585;73.49572;-0.24136046;[ 2.6303036  74.575485   -0.25042173]
1.5253401;84.12519;-0.23990004;[ 2.6656969 85.27855   -0.2502831]
1.5115161;84.06041;-0.23821187;[ 2.665011   85.07223    -0.25028482]
1.8233624;80.51374;-0.229759;[ 2.6538997  81.71306    -0.25032812]
1.612935;76.72036;-0.23981078;[ 2.6414442 77.94571   -0.2503745]
1.4512911;84.246376;-0.24000517;[ 2.6662102  85.436516   -0.25028104]
1.6222515;77.46577;-0.23745891;[ 2.6412215  77.88174    -0.25037816]
1.843208;73.75468;-0.2318393;[ 2.6332335 75.45819   -0.2504099]
1.5443637;84.49524;-0.24726203;[ 2.6655784  85.23978    -0.25028384]
1.7831595;77.42817;-0.24112363;[ 2.6410108  77.818954   -0.25038096]
1.7861018;77.28263;-0.23907374;[ 2.6424944  78.25322    -0.25037515]
2.1003149;73.81402;-0.23046349;[ 2.631411   74.90222    -0.25041813]
1.9058127;70.41813;-0.24185355;[ 2.6177998  70.79141    -0.25047213]
1.8747869;70.03984;-0.2406614;[ 2.6190255  71.15715    -0.25046393]
2.6454127;76.61581;-0.23517762;[ 2.6400616 77.49952   -0.2503732]
2.5161715;76.12195;-0.23496374;[ 2.6386292 77.07611   -0.2503782]
0.6088543;89.59442;-0.24820092;[ 2.6834118 90.63436   -0.2502005]
1.5733638;82.59283;-0.24315444;[ 2.660848  83.80228   -0.2502883]
3.8313336;77.786835;-0.26673308;[ 2.6430259 78.42226   -0.2503634]
3.9758825;82.1499;-0.24309999;[ 2.6562345  82.41829    -0.25031096]
4.087755;75.04449;-0.25167277;[ 2.6340477  75.710785   -0.25039968]
1.6143382;76.039986;-0.24316649;[ 2.6385503  77.05777    -0.25037813]
1.8586061;75.94865;-0.24210499;[ 2.637881  76.85004   -0.2503798]
2.8405232;71.33477;-0.24775513;[ 2.621616   71.937805   -0.25045222]
2.6370246;71.29254;-0.24490073;[ 2.622258   72.13382    -0.25045002]
1.5496917;87.62308;-0.25224373;[ 2.6771238  88.73538    -0.25023857]
1.505816;87.304214;-0.24102321;[ 2.676196   88.45566    -0.25024027]
1.5245321;87.637405;-0.24335687;[ 2.677602  88.87996   -0.2502349]
1.79172;80.62328;-0.23993012;[ 2.6531515  81.479614   -0.25033203]
1.8560393;73.38814;-0.24134131;[ 2.6301935  74.540855   -0.25042337]
1.6332201;73.4056;-0.24254952;[ 2.6315448  74.95441    -0.25041708]
2.1123667;74.27171;-0.24091232;[ 2.6314101  74.89511    -0.25041875]
1.5173159;83.57686;-0.24023353;[ 2.6635737  84.63872    -0.25029102]
1.9989041;80.55948;-0.23108396;[ 2.6530888 81.46977   -0.2503322]
1.4398327;83.70377;-0.24219352;[ 2.6635215  84.63118    -0.25029296]
2.063196;73.65525;-0.23403087;[ 2.6301277  74.52518    -0.25042298]
1.7752695;76.87389;-0.24113193;[ 2.6403117 77.59709   -0.2503846]
1.5759672;86.63711;-0.22726026;[ 2.6745596  87.94528    -0.25024033]
1.540147;86.65038;-0.22841972;[ 2.6750145  88.08673    -0.25023803]
1.5066464;86.70186;-0.22903289;[ 2.6728268  87.42426    -0.25024614]
1.4426191;86.803375;-0.22934666;[ 2.6740997 87.810715  -0.250242 ]
1.5574837;80.19068;-0.23105963;[ 2.6537423 81.64389   -0.2503213]
1.7542007;82.06489;-0.24303916;[ 2.65954    83.423515   -0.25029927]
1.7188855;74.72233;-0.24652523;[ 2.638037   76.909454   -0.25038245]
1.4817964;85.24673;-0.23518156;[ 2.6722686  87.262405   -0.25024813]
1.7390916;78.53721;-0.23296323;[ 2.6484225  80.04282    -0.25034285]
1.5348259;85.25289;-0.23628452;[ 2.6716344  87.06669    -0.25025138]
2.0646696;75.43098;-0.24262169;[ 2.6385028  77.04094    -0.25038365]
1.9892546;68.188644;-0.24717422;[ 2.615768   70.164085   -0.25047183]
2.0236487;68.757324;-0.24779415;[ 2.6155593  70.1006     -0.25047278]
2.4922738;77.68871;-0.24360037;[ 2.6445458 78.88135   -0.2503623]
2.379517;75.31026;-0.25405177;[ 2.6379495  76.88692    -0.25038117]
3.4676573;78.742;-0.22937344;[ 2.6465592 79.496475  -0.250354 ]
4.411894;75.368416;-0.24406835;[ 2.6344697  75.84119    -0.25039947]
3.3017914;75.550415;-0.23778315;[ 2.6355324  76.157135   -0.25039667]
2.456042;72.262436;-0.23710787;[ 2.6265554  73.44289    -0.25042745]
2.5835452;77.66235;-0.24497388;[ 2.6426988  78.333466   -0.25037053]
3.5430346;74.966545;-0.23639946;[ 2.6325862  75.27405    -0.25041017]
2.904955;75.64985;-0.2514161;[ 2.6352615  76.07979    -0.25039515]
2.5565135;74.519585;-0.23137188;[ 2.632894   75.36943    -0.25040957]
2.4864936;70.941315;-0.24636605;[ 2.6206486 71.6544    -0.2504566]
3.0662208;63.717735;-0.26670748;[ 2.597744   64.730095   -0.25054488]
3.3697462;68.33009;-0.24167491;[ 2.6116548  68.93136    -0.25049064]
2.3878758;68.674446;-0.2532457;[ 2.6149771 69.93152   -0.250472 ]
3.5612674;72.00342;-0.23012528;[ 2.6234524  72.50379    -0.25044608]
3.9725542;68.092415;-0.24847555;[ 2.6097832 68.36776   -0.2504987]
3.7916255;64.07754;-0.26530966;[ 2.596343   64.299805   -0.25055063]
2.3986611;63.71717;-0.24945764;[ 2.5980892  64.826584   -0.25054482]
1.7680194;80.33572;-0.2420627;[ 2.6525679  81.31326    -0.25033534]
1.888992;73.385475;-0.24334866;[ 2.6314163  74.90422    -0.25041574]
1.8756824;73.51498;-0.24040484;[ 2.6320934  75.112854   -0.25041303]
1.5732663;87.41585;-0.24962786;[ 2.6748378  88.06216    -0.25024712]
1.4879397;87.30098;-0.24182606;[ 2.6765435  88.568924   -0.25023922]
1.4579237;87.53815;-0.24392231;[ 2.676952   88.68258    -0.25023708]
1.7734197;80.683914;-0.24089333;[ 2.652906   81.4164     -0.25033218]
1.4908955;86.9769;-0.24113418;[ 2.674863   88.06506    -0.25024578]
1.8735319;78.635605;-0.22023562;[ 2.6459131 79.28065   -0.2503586]
1.6002454;80.147865;-0.2402593;[ 2.6532323 81.523224  -0.2503315]
1.6113684;80.413414;-0.24157491;[ 2.6537077  81.658875   -0.25032908]
2.0735397;74.08196;-0.24230397;[ 2.630318  74.571236  -0.2504205]
2.0670424;74.09792;-0.24034058;[ 2.6292093  74.24536    -0.25042567]
2.0443945;73.64498;-0.2421793;[ 2.6278615  73.840225   -0.25043195]
1.7803171;82.28198;-0.24116421;[ 2.6602926  83.64276    -0.25029576]
1.7730017;75.060646;-0.24551067;[ 2.6387067 77.109085  -0.2503795]
1.4992547;85.14309;-0.23366255;[ 2.6683886 86.09169   -0.2502625]
1.6191124;78.670906;-0.23482952;[ 2.6476884  79.823944   -0.25034493]
1.5426071;78.56832;-0.23534541;[ 2.6485424  80.0838     -0.25034076]
1.5433532;85.39103;-0.2356375;[ 2.6702645  86.65575    -0.25025678]
1.468415;87.33515;-0.24187039;[ 2.6745708  87.989746   -0.25024715]
1.4138258;87.47443;-0.24374518;[ 2.6751015  88.15516    -0.25024682]
1.6844177;73.354485;-0.24165164;[ 2.6322634  75.17433    -0.25041226]
1.6733356;74.05015;-0.24245131;[ 2.6325197  75.24468    -0.25040945]
1.8770106;73.54566;-0.24187069;[ 2.6325905  75.26471    -0.25041154]
1.8923745;74.056465;-0.2414633;[ 2.6312952  74.870636   -0.25041613]
1.8472362;74.10221;-0.2421676;[ 2.6309845  74.779816   -0.25041738]
4.496452;78.22921;-0.25119922;[ 2.6475122 79.788666  -0.2503343]
2.2495053;75.33584;-0.2398656;[ 2.63713   76.63078   -0.2503829]
3.3248336;79.127174;-0.22728199;[ 2.650463   80.65734    -0.25032878]
1.5534188;76.70158;-0.23207258;[ 2.6405983  77.671585   -0.25036487]
2.065199;82.32226;-0.2251017;[ 2.6598318  83.49744    -0.25029248]
2.149732;79.51026;-0.22010136;[ 2.6497357  80.44695    -0.25033274]
2.9920754;80.628624;-0.23799138;[ 2.6580138  82.943985   -0.25029996]
3.1091187;78.332436;-0.22715746;[ 2.6478457 79.86728   -0.25034  ]
4.34859;76.641205;-0.20459527;[ 2.6373198  76.67897    -0.25037178]
2.394301;82.25025;-0.23527755;[ 2.6588655  83.193436   -0.25029963]
2.388461;77.255905;-0.23676251;[ 2.6441538 78.74191   -0.2503454]
2.7132092;71.47005;-0.23508991;[ 2.6236744  72.554306   -0.25043797]
2.293489;74.97175;-0.22288789;[ 2.633145   75.42036    -0.25040248]
2.9077888;78.341225;-0.23399124;[ 2.6471314  79.653046   -0.25034586]
2.762545;76.9502;-0.22764717;[ 2.639835   77.443794   -0.25036982]
2.7570739;75.20601;-0.22920959;[ 2.6363497  76.39346    -0.25038865]
2.523355;71.144226;-0.24005903;[ 2.6231315 72.39661   -0.2504403]
2.0865932;80.50465;-0.22400324;[ 2.655497   82.17111    -0.25030655]
2.161919;80.66975;-0.22084175;[ 2.6544492 81.853836  -0.2503103]
1.8559468;79.23185;-0.22196777;[ 2.6473327  79.700676   -0.25034004]
3.0473747;76.0145;-0.23259355;[ 2.6365411 76.44893   -0.250385 ]
3.0054727;68.984764;-0.24671708;[ 2.6159365 70.21905   -0.2504653]
3.4682317;68.76582;-0.24844731;[ 2.6128604 69.284935  -0.2504788]
3.6721926;64.95155;-0.26036894;[ 2.6023343  66.10443    -0.25051883]
2.6745465;81.436584;-0.22892505;[ 2.657687  82.83368   -0.2502965]
1.877393;74.65954;-0.23696785;[ 2.6362247 76.33945   -0.2503871]
2.5745914;72.89716;-0.24236643;[ 2.6285543 74.02931   -0.2504146]
2.4656882;75.67379;-0.23612016;[ 2.6376476  76.7681     -0.25038356]
2.5575123;79.21141;-0.22279449;[ 2.648792   80.15059    -0.25034046]
2.9857194;74.999886;-0.23096085;[ 2.6353076 76.07349   -0.2503927]
2.8503613;82.66721;-0.22689378;[ 2.656519   82.491776   -0.25030413]
1.8111618;74.46166;-0.23825051;[ 2.6360145  76.2798     -0.25038815]
2.8318274;81.83372;-0.2287978;[ 2.6527307  81.34036    -0.25031945]
5.438891;72.100655;-0.2636912;[ 2.6212242  71.83295    -0.25043115]
1.9669747;78.91741;-0.23783505;[ 2.6488125 80.14092   -0.2503402]
1.7533525;84.27358;-0.24261568;[ 2.6632397  84.50766    -0.25027192]
1.7158996;81.77431;-0.23838495;[ 2.6574752  82.78194    -0.25031024]
2.4437454;71.27121;-0.25340644;[ 2.6238036  72.586685   -0.25042206]
3.8161752;66.55729;-0.27891406;[ 2.606199  67.2681    -0.2504957]
2.2682357;81.13884;-0.22806811;[ 2.6596274  83.42998    -0.25028348]
3.2578082;77.55813;-0.24172087;[ 2.6484199  80.04209    -0.25032774]
1.704428;80.71988;-0.24348357;[ 2.6536436  81.60951    -0.25031012]
3.8919854;75.95663;-0.26971385;[ 2.6371202 76.618256  -0.2503792]
3.6947396;69.24984;-0.2707157;[ 2.6147447  69.8432     -0.25046992]
1.640624;81.605644;-0.23601499;[ 2.6588025 83.17427   -0.2503015]
1.9963863;74.713745;-0.23659319;[ 2.6364558  76.416245   -0.25039062]
1.5967835;82.13511;-0.23621069;[ 2.659717   83.45513    -0.25029793]
1.9308414;75.049385;-0.23709577;[ 2.63772    76.79802    -0.25038627]
4.1690297;72.88744;-0.26568136;[ 2.627808   73.808334   -0.25041434]
2.5730422;72.90984;-0.24500152;[ 2.629609   74.346146   -0.25041094]
1.6171353;78.00129;-0.23618273;[ 2.6478505  79.86359    -0.25034308]
1.791964;70.99923;-0.23895346;[ 2.6232104  72.41948    -0.25044194]
2.2484608;67.96306;-0.24015564;[ 2.6091144  68.15339    -0.25049964]
2.141092;74.498955;-0.23028521;[ 2.6334395 75.51184   -0.2504037]
1.8740547;70.88461;-0.23779444;[ 2.62138    71.8678     -0.25045103]
1.7429614;81.240685;-0.23756647;[ 2.6581583  82.98068    -0.25030425]
3.7324748;76.40393;-0.25258029;[ 2.6420472 78.11915   -0.2503571]
1.7655163;76.77;-0.2383018;[ 2.6412022  77.850555   -0.25035995]
3.9400525;72.03446;-0.2618034;[ 2.6246312 72.8447    -0.2504293]
2.8186784;72.314026;-0.24181035;[ 2.6265805  73.4319     -0.25042498]
1.7965332;74.77097;-0.23796281;[ 2.6355195  76.13605    -0.25039518]
1.6806151;79.34759;-0.2299375;[ 2.6518164  81.06044    -0.25032166]
3.3262022;77.380135;-0.23843774;[ 2.6457145  79.23116    -0.25034752]
3.3733218;68.906845;-0.24162859;[ 2.6143365 69.73458   -0.250474 ]
2.48627;69.747284;-0.25358775;[ 2.6162443  70.31203    -0.25046363]
1.6995077;81.66883;-0.23805532;[ 2.6579916  82.93876    -0.25030714]
1.7921643;74.77799;-0.24014111;[ 2.6347468  75.90836    -0.25039878]
1.9920049;86.991844;-0.24549025;[ 2.6720977  87.23178    -0.25021005]
2.2033591;77.69804;-0.2440755;[ 2.6438584  78.647026   -0.25034887]
3.0128968;78.08931;-0.2461989;[ 2.645506   79.1665     -0.25033543]
4.2261267;67.83973;-0.2742206;[ 2.6081078  67.857216   -0.25048852]
3.167477;73.37699;-0.24753267;[ 2.6296525  74.363815   -0.25039923]
4.0192113;67.19104;-0.26942572;[ 2.610342   68.52797    -0.25048035]
2.2493527;66.60382;-0.24991618;[ 2.6092756  68.19686    -0.25048852]
2.8448641;73.985054;-0.23877636;[ 2.6336656 75.581345  -0.2503968]
2.772633;73.08295;-0.23482884;[ 2.6277323  73.78273    -0.25041956]
2.2012463;78.759895;-0.2383061;[ 2.647101  79.62843   -0.2503494]
2.0715904;80.92614;-0.23572943;[ 2.6535368  81.57573    -0.25031275]
1.9741507;81.3213;-0.23783083;[ 2.6560295 82.32717   -0.2503045]
3.6651292;73.46276;-0.25282872;[ 2.6277378 73.77948   -0.2504203]
2.217244;74.835625;-0.24015407;[ 2.6330163  75.36972    -0.25039715]
2.325555;78.8626;-0.2346969;[ 2.6476738  79.79915    -0.25034598]
2.2519948;78.874626;-0.23721048;[ 2.646407   79.419205   -0.25035334]
1.9961036;78.981255;-0.23741287;[ 2.6487079 80.11896   -0.2503424]
2.4432073;72.64028;-0.23803586;[ 2.624593   72.8101     -0.25044036]
2.1766033;81.69038;-0.23237765;[ 2.6584797  83.085236   -0.25030336]
2.3483596;78.56571;-0.22979172;[ 2.6499057  80.48639    -0.25033858]
2.0686789;75.25541;-0.2390328;[ 2.6361997 76.34657   -0.250393 ]
2.1720257;74.880424;-0.23766215;[ 2.6361196 76.32654   -0.2503946]
1.9419835;81.83459;-0.23785876;[ 2.6576228 82.82501   -0.2503097]
2.062271;79.3796;-0.220721;[ 2.6499717  80.50511    -0.25033924]
2.3566785;78.795006;-0.22875562;[ 2.6471226  79.648605   -0.25035077]
2.1255705;75.3546;-0.2342987;[ 2.63646    76.42453    -0.25039315]
2.0230086;84.60609;-0.23580877;[ 2.6653924  85.15842    -0.25026378]
11.566149;74.1195;-0.22334383;[ 2.6315842  74.964066   -0.25040755]
2.082246;85.37206;-0.23494636;[ 2.6688812  86.22439    -0.25026217]
1.9786203;85.6551;-0.23712099;[ 2.6684115  86.09013    -0.25026527]
4.352022;76.33775;-0.25627404;[ 2.6390903  77.21574    -0.25037557]
1.3623478;107.142525;-0.25197083;[  2.7364774  106.76465     -0.24992995]
1.6424198;100.71051;-0.25095564;[  2.7144427 100.098724   -0.2500179]
4.7732573;92.47651;-0.27862802;[ 2.689773   92.636215   -0.25012234]
4.736829;92.55712;-0.279294;[ 2.690204  92.7611    -0.2501214]
1.0081701;103.79343;-0.24927984;[  2.7292266  104.52675     -0.24998422]
1.7465066;97.741356;-0.25010023;[ 2.7078853  98.072334   -0.25006986]
3.356568;83.23913;-0.25772023;[ 2.6608548  83.81149    -0.25027686]
1.984746;83.31118;-0.26908925;[ 2.6599197 83.53179   -0.2502793]
3.2907548;80.80065;-0.24264759;[ 2.6512263  80.89608    -0.25031596]
3.15624;80.722496;-0.24270898;[ 2.6508088  80.77517    -0.25031683]
2.2614906;76.960106;-0.26874796;[ 2.6383157  76.99076    -0.25036636]
3.221207;76.8099;-0.25710168;[ 2.6388335  77.149574   -0.25036478]
0.63497376;95.80537;-0.24463409;[ 2.7050905  97.17064    -0.25011024]
1.3572867;89.37614;-0.2438878;[ 2.6831825  90.543396   -0.25019762]
1.7945676;83.17198;-0.24396087;[ 2.6603866  83.652214   -0.25028864]
3.6922114;79.55389;-0.27223948;[ 2.648797   80.15043    -0.25032622]
3.7356658;72.2911;-0.2729373;[ 2.6233084  72.44908    -0.25042897]
3.6998699;77.42979;-0.26372012;[ 2.6386786  77.09179    -0.25036564]
1.7023385;89.76821;-0.2458266;[ 2.6850598  91.10777    -0.25019085]
1.9649363;83.367805;-0.24633445;[ 2.6610067 83.837006  -0.2502877]
0.62419665;96.119286;-0.2461923;[ 2.7066646  97.649124   -0.25010374]
1.8102897;83.33143;-0.24499893;[ 2.6622357  84.205154   -0.25028118]
1.6129397;83.067375;-0.24384119;[ 2.660918   83.81079    -0.25028643]
1.8645172;79.65467;-0.24509524;[ 2.6470158  79.61332    -0.25034136]
1.6964017;85.79311;-0.24320452;[ 2.669146  86.31769   -0.2502533]
1.8571037;82.9184;-0.23455992;[ 2.660958   83.831375   -0.25028414]
1.803643;79.363884;-0.24281052;[ 2.6472383  79.690445   -0.25034067]
1.9757733;79.44204;-0.24297954;[ 2.6475413  79.77634    -0.25034037]
1.6713027;85.640465;-0.24446285;[ 2.6708934  86.83258    -0.25024578]
1.8515419;83.20092;-0.2260546;[ 2.663415  84.566635  -0.2502742]
1.8925455;82.546844;-0.2350209;[ 2.6600704 83.564896  -0.2502873]
2.0128691;78.88447;-0.242884;[ 2.6474075  79.72919    -0.25033987]
0.62487173;92.21648;-0.24577205;[ 2.6928349  93.4851     -0.25015932]
1.346617;85.78725;-0.24492796;[ 2.6708453 86.83299   -0.2502471]
1.8693069;78.99332;-0.24267164;[ 2.6477585  79.836624   -0.25033775]
2.481036;79.7026;-0.24729484;[ 2.6515408 80.97949   -0.2503195]
2.8594422;83.220345;-0.23990937;[ 2.6628597  84.413086   -0.25027344]
2.8134158;76.79112;-0.2396567;[ 2.640872   77.76166    -0.25036117]
1.9662993;82.94196;-0.24584095;[ 2.6603613  83.63045    -0.25029093]
1.798166;82.86381;-0.24536191;[ 2.6599784 83.52037   -0.2502916]
1.2920132;85.42765;-0.24704416;[ 2.6703882 86.68781   -0.2502516]
1.6301409;85.50579;-0.24752319;[ 2.670771   86.7979     -0.25025094]
0.78814924;91.40746;-0.2471211;[ 2.6895442 92.468735  -0.2501641]
3.0134804;83.65429;-0.2470529;[ 2.6646583  84.94772    -0.25026643]
2.9247856;78.42864;-0.25318277;[ 2.6473823  79.729904   -0.25032997]
3.000289;77.30321;-0.24685572;[ 2.6430535  78.40637    -0.25035354]
2.3806562;88.08566;-0.26064336;[ 2.6796775  89.54405    -0.25017452]
4.2321186;79.86102;-0.2906509;[ 2.6550078  82.08153    -0.25027892]
4.805169;81.93997;-0.2582983;[ 2.6543288  81.88776    -0.25028437]
4.2318873;80.70722;-0.2552894;[ 2.6502817 80.634186  -0.2503069]
3.4078462;76.32775;-0.26781604;[ 2.6370378 76.617935  -0.2503609]
3.5468159;83.183174;-0.25736368;[ 2.6608047  83.79855    -0.25027823]
3.5870376;87.48989;-0.24415919;[ 2.673501   87.63922    -0.25022596]
3.464235;81.442535;-0.24476755;[ 2.6521819  81.19146    -0.25031152]
2.2870338;84.82612;-0.25688612;[ 2.672482   87.322624   -0.25022873]
2.3884933;78.778755;-0.2582107;[ 2.6511981  80.88571    -0.25031415]
3.4317048;77.13581;-0.2583402;[ 2.6394858 77.350784  -0.2503638]
3.4873793;77.063065;-0.2553914;[ 2.638939   77.17543    -0.25036553]
2.015249;76.86709;-0.26212725;[ 2.6396348  77.405266   -0.25035998]
2.3007605;73.98458;-0.26575893;[ 2.6315467  74.949036   -0.25038818]
4.0837955;67.82211;-0.2897974;[ 2.6120741 69.063324  -0.2504701]
4.877178;64.3453;-0.302251;[ 2.598301  64.90375   -0.2505279]
2.1318042;70.20119;-0.2655036;[ 2.6178257 70.807556  -0.2504471]
2.2526238;71.03424;-0.26613417;[ 2.620412   71.58224    -0.25044578]
2.3359416;73.69217;-0.23963358;[ 2.6265488  73.42802    -0.25041997]
2.7478862;68.61321;-0.25132298;[ 2.611236  68.80363   -0.2504815]
2.4153445;67.15047;-0.26936352;[ 2.6113276 68.82851   -0.250477 ]
2.8515227;64.69111;-0.28374293;[ 2.5983586 64.90901   -0.2505322]
2.6892087;71.779686;-0.25049907;[ 2.6245108 72.80646   -0.2504356]
3.2496822;76.14802;-0.2545043;[ 2.639876   77.462555   -0.25037077]
3.2090676;76.07868;-0.23808163;[ 2.6375844 76.77495   -0.2503839]
2.6155996;79.14936;-0.22001468;[ 2.644813   78.94963    -0.25035402]
2.578231;69.86363;-0.2503231;[ 2.6144865 69.78299   -0.250474 ]
2.3477082;74.2463;-0.2642539;[ 2.6344452  75.81391    -0.25038722]
3.0034273;69.79904;-0.25649118;[ 2.6206198  71.633606   -0.25044587]
3.07241;73.47805;-0.23979793;[ 2.6311712  74.83028    -0.25040397]
3.8104725;65.91317;-0.26971567;[ 2.6028416 66.26053   -0.2505208]
3.4983494;69.30295;-0.23811172;[ 2.6152468  70.00604    -0.25047225]
3.1597528;69.42474;-0.24016008;[ 2.6158867  70.210556   -0.25047073]
3.174702;69.50849;-0.2577944;[ 2.6182637  70.92403    -0.25045723]
3.0570016;65.62961;-0.2558475;[ 2.6039634  66.60181    -0.25051808]
2.2435594;87.8174;-0.24275468;[ 2.6786795  89.19515    -0.25022426]
2.749583;85.33272;-0.23362947;[ 2.6684432  86.09686    -0.25026408]
2.8577795;78.878845;-0.23492469;[ 2.6453574  79.11517    -0.25035554]
2.5755363;74.60237;-0.26225173;[ 2.6319156  75.050606   -0.25040865]
2.6821213;81.68124;-0.22835758;[ 2.6594265  83.37587    -0.25029442]
2.7959847;79.281334;-0.22034201;[ 2.6500773  80.54492    -0.25033075]
2.8357027;75.37113;-0.24020429;[ 2.6375966 76.770226  -0.25038  ]
2.4946058;76.657616;-0.24669698;[ 2.6406372  77.67589    -0.25036484]
2.2129114;83.42815;-0.24668421;[ 2.6629567 84.43947   -0.2502765]
2.9809244;78.122;-0.23041302;[ 2.6418095  78.044334   -0.25035918]
3.528837;73.73821;-0.26567367;[ 2.6287723  74.10092    -0.25041115]
3.779458;69.2681;-0.28022015;[ 2.6167986 70.478424  -0.2504597]
2.5817275;76.65417;-0.26490745;[ 2.6410608  77.81404    -0.25036228]
3.757697;71.76933;-0.288926;[ 2.6247888 72.89807   -0.25043  ]
2.6249459;73.88972;-0.25322005;[ 2.6299827  74.46686    -0.25040573]
4.028775;64.29671;-0.2898491;[ 2.6002216 65.47043   -0.250529 ]
3.7797308;64.62573;-0.27606446;[ 2.6009862  65.70345    -0.25052774]
2.5047436;71.968704;-0.24873365;[ 2.625504   73.104996   -0.25043058]
2.5381513;71.89091;-0.2522597;[ 2.6245227 72.8222    -0.2504357]
3.2225554;80.96587;-0.23550187;[ 2.6530614 81.44801   -0.25032  ]
3.4475641;77.33657;-0.24713078;[ 2.6421666  78.154434   -0.25036275]
2.2579658;76.50138;-0.2579015;[ 2.6415877 77.97417   -0.250363 ]
2.7603157;65.019806;-0.27147576;[ 2.6012166 65.772064  -0.2505262]
3.167284;73.907646;-0.24599724;[ 2.6316657  74.973946   -0.25040367]
3.451454;74.19809;-0.23552357;[ 2.6307182 74.6778    -0.2504084]
3.5538971;70.56879;-0.24715503;[ 2.6198235  71.384224   -0.25045118]
2.3818116;72.105034;-0.25089788;[ 2.626119   73.30199    -0.25042918]
2.5391016;65.12054;-0.2522417;[ 2.602191  66.05511   -0.2505241]
2.5780327;81.19663;-0.24363081;[ 2.6568763 82.5932    -0.2503114]
2.4592702;81.325775;-0.24359655;[ 2.6562214  82.396835   -0.25031373]
2.2781372;81.33592;-0.24548213;[ 2.6561759 82.39452   -0.2503153]
2.9210749;78.8892;-0.23547716;[ 2.6453073  79.10656    -0.25035724]
2.267836;79.196785;-0.25298506;[ 2.6498165  80.45369    -0.25033545]
2.2636757;79.08267;-0.2541105;[ 2.6491451 80.25906   -0.2503391]
2.2628016;72.455284;-0.2539934;[ 2.6276746  73.75223    -0.25042436]
2.351207;68.14292;-0.24824387;[ 2.6115453  68.88669    -0.25049314]
2.7336268;77.65642;-0.24128996;[ 2.6446931 78.912125  -0.2503608]
2.5208573;71.05192;-0.24567792;[ 2.6207147  71.662674   -0.25045514]
2.6058426;84.4298;-0.24127199;[ 2.6670074  85.67407    -0.25027245]
2.610518;81.18261;-0.2375564;[ 2.6577034  82.8575     -0.25030822]
2.4329338;77.61764;-0.24264088;[ 2.643118  78.45681   -0.2503679]
3.0294142;78.69812;-0.2293879;[ 2.647542  79.78215   -0.2503477]
2.289624;75.510155;-0.25182647;[ 2.637846   76.85695    -0.25038376]
2.9528246;74.29041;-0.25084615;[ 2.6357083  76.202805   -0.25039423]
2.8622959;71.02632;-0.26271605;[ 2.6207693  71.69006    -0.25045365]
2.8260825;75.16097;-0.24663886;[ 2.636281   76.37787    -0.25039265]
2.5771954;74.52589;-0.23940861;[ 2.6361194  76.32739    -0.25039464]
2.346345;71.187195;-0.24775532;[ 2.6213741 71.87329   -0.2504535]
2.7749228;74.20916;-0.23807096;[ 2.6326892 75.28207   -0.2504078]
2.6093168;70.57967;-0.24620286;[ 2.6187842  71.08093    -0.25046343]
2.433458;75.36222;-0.25060108;[ 2.6369214  76.568054   -0.25038677]
2.458618;78.77521;-0.24234304;[ 2.6487973  80.15997    -0.25033966]
3.0894556;77.25526;-0.2589157;[ 2.6432838  78.49786    -0.25036523]
3.0302095;74.1842;-0.2512905;[ 2.6327436 75.308846  -0.2504067]
2.899138;70.460754;-0.26378247;[ 2.6188629 71.11511   -0.2504622]
3.681611;74.55402;-0.2511692;[ 2.635048   76.005325   -0.25039586]
2.5724099;74.905556;-0.22950445;[ 2.635628   76.16609    -0.25039557]
2.63801;77.409676;-0.24396116;[ 2.6437986 78.65345   -0.2503651]
2.384251;75.04188;-0.23107459;[ 2.636307   76.382675   -0.25039387]
2.5322313;84.36678;-0.24313755;[ 2.666549   85.54715    -0.25027558]
2.4873555;75.22282;-0.25055167;[ 2.6363487  76.40053    -0.25038958]
2.6966658;77.59625;-0.24314971;[ 2.6442292  78.783554   -0.25036392]
3.7974753;75.216095;-0.23671499;[ 2.6351311  76.02922    -0.25039804]
2.4703794;86.6973;-0.2467812;[ 2.6727555 87.40049   -0.2502366]
2.229931;69.880936;-0.26469588;[ 2.6177802  70.78054    -0.25045756]
3.1464536;77.19502;-0.23232567;[ 2.6425805 78.28298   -0.2503627]
2.7162228;75.41983;-0.24067171;[ 2.6379995  76.90574    -0.25038153]
2.9153457;77.21379;-0.23102742;[ 2.6437297  78.62788    -0.25035837]
2.8041534;75.87397;-0.26550284;[ 2.6396322  77.39664    -0.25037196]
3.2719808;77.36196;-0.22827932;[ 2.6426044  78.284515   -0.25036228]
2.2795193;76.26626;-0.25215098;[ 2.6423519  78.21277    -0.25035965]
2.4632266;73.42448;-0.2434857;[ 2.632111   75.1192     -0.25040054]
2.920988;72.655334;-0.24860677;[ 2.6285686 74.044334  -0.2504174]
2.7807474;69.89307;-0.24206167;[ 2.6185963  71.03041    -0.25045738]
2.7614126;71.47193;-0.26288274;[ 2.6263912  73.3893     -0.25042617]
2.7264986;68.80193;-0.24209033;[ 2.6162727 70.33298   -0.2504686]
2.67745;69.24366;-0.26800603;[ 2.6178417 70.804886  -0.2504593]
3.1397328;70.44941;-0.23104154;[ 2.6213531  71.84781    -0.25044698]
3.2593744;66.32905;-0.24330309;[ 2.6072648 67.59742   -0.2505022]
2.3063993;66.9312;-0.2544635;[ 2.6072502  67.59778    -0.25049952]
2.6999788;81.01658;-0.24478905;[ 2.6553886  82.14732    -0.25031698]
2.7057607;74.39414;-0.24416186;[ 2.6330597  75.38333    -0.25040632]
3.0401702;81.428024;-0.26195407;[ 2.6564016  82.4619     -0.25031188]
3.1202717;85.19758;-0.2340802;[ 2.6677377 85.89291   -0.2502675]
3.1876311;78.5796;-0.23369963;[ 2.645361   79.11417    -0.25035703]
3.2358313;82.8372;-0.22674769;[ 2.6585555 83.11101   -0.2503036]
3.2987292;78.81115;-0.23737402;[ 2.6466403  79.50914    -0.25035232]
2.6875036;84.117195;-0.24496248;[ 2.666813   85.623405   -0.25027427]
3.4217787;78.631325;-0.2261821;[ 2.6464458  79.46152    -0.25035378]
2.362791;82.01992;-0.25360358;[ 2.660973 83.848694 -0.250294]
2.6325622;79.12699;-0.23765627;[ 2.6505885  80.707504   -0.25033462]
2.3787022;75.22922;-0.24982536;[ 2.6373053  76.690735   -0.25038618]
3.048894;70.54064;-0.2603931;[ 2.6214774  71.90878    -0.25045153]
2.6868384;77.49096;-0.24714155;[ 2.6450927  79.05271    -0.25036135]
3.6525276;74.71336;-0.23788917;[ 2.6340244 75.694664  -0.250403 ]
3.9470246;70.93405;-0.25997734;[ 2.6191401  71.20354    -0.25046164]
2.224658;77.24004;-0.23297624;[ 2.6443303 78.80162   -0.2503533]
3.011494;73.3507;-0.22987124;[ 2.630355  74.57752   -0.2504084]
3.6996593;78.39863;-0.2666449;[ 2.6478386  79.87555    -0.25034106]
2.9488244;81.13737;-0.23415445;[ 2.6541836  81.786316   -0.25031242]
4.2113533;75.81495;-0.25178877;[ 2.6378253  76.84526    -0.25038004]
2.974998;78.1809;-0.23322174;[ 2.6437268 78.62271   -0.2503529]
3.7923965;72.22134;-0.2676534;[ 2.626204  73.32548   -0.2504257]
2.66534;75.58244;-0.26139992;[ 2.641049   77.804794   -0.25035745]
3.7711084;70.21304;-0.2888445;[ 2.6248975  72.925995   -0.25042436]
4.064662;73.06895;-0.2435391;[ 2.6374993  76.727875   -0.25036952]
3.309673;68.93146;-0.26130158;[ 2.6153374  70.049385   -0.25046805]
2.4372368;75.27213;-0.2551678;[ 2.6346512  75.86921    -0.25038683]
3.4038227;69.902725;-0.28266168;[ 2.6184998 70.9904    -0.2504537]
3.1458406;74.00553;-0.24361084;[ 2.6310325  74.7738     -0.25040367]
3.7929783;68.67085;-0.26788935;[ 2.6147501 69.85565   -0.250471 ]
3.0088718;76.01679;-0.2432057;[ 2.6391878  77.258194   -0.25037673]
2.9149172;77.186455;-0.25295994;[ 2.6439416  78.70388    -0.25035283]
3.2392511;73.6749;-0.23214245;[ 2.629542   74.33923    -0.25041375]
3.0652184;69.98263;-0.25141367;[ 2.618268  70.931885  -0.2504579]
2.38757;76.93108;-0.25401565;[ 2.6430848  78.4301     -0.25035876]
2.5297966;74.47628;-0.260841;[ 2.6357803 76.22615   -0.250384 ]
2.6720486;70.98655;-0.26565567;[ 2.6267912 73.49849   -0.2504191]
3.0481613;69.41571;-0.2553467;[ 2.6175303  70.705444   -0.25046113]
2.6367145;72.52661;-0.24932367;[ 2.6280355  73.885605   -0.25042215]
2.8643265;70.54902;-0.2559937;[ 2.6225162  72.22321    -0.25043857]
2.903157;69.25352;-0.24316514;[ 2.616839   70.486115   -0.25046518]
2.8731427;70.42016;-0.2528067;[ 2.621593   71.93181    -0.25044128]
3.6363416;65.988335;-0.26614514;[ 2.606038   67.220985   -0.25050735]
3.0304222;65.97947;-0.2681275;[ 2.604796   66.85118    -0.25051174]
2.0756416;82.58158;-0.22574225;[ 2.6599698 83.535034  -0.2502903]
2.1560247;79.769585;-0.22075328;[ 2.6498768  80.48544    -0.25033054]
2.2504883;74.17704;-0.2328927;[ 2.6324205  75.19592    -0.25039843]
2.2228637;75.69868;-0.23695856;[ 2.6397786  77.41818    -0.25037342]
4.0686674;82.121315;-0.24321972;[ 2.6599336  83.53332    -0.25028527]
1.6181316;80.42689;-0.23969705;[ 2.6561573  82.371445   -0.25029892]
1.7020683;85.25866;-0.24630192;[ 2.6676056  85.83113    -0.25024706]
1.4276733;84.88182;-0.24678957;[ 2.671896   87.13252    -0.25022802]
2.5292263;76.962975;-0.2466992;[ 2.6415613  77.95884    -0.25035962]
2.8316336;73.6554;-0.2409457;[ 2.6338322 75.63165   -0.2503887]
5.8095074;74.314445;-0.22997263;[ 2.6309137  74.75462    -0.25040293]
2.957358;74.11396;-0.24045464;[ 2.631425   74.90549    -0.25040123]
3.54423;72.15624;-0.27081695;[ 2.6253545 73.07086   -0.2504286]
4.0023327;69.31086;-0.259811;[ 2.6151326 69.98291   -0.2504694]
2.9993222;74.13108;-0.24014297;[ 2.6313665 74.87901   -0.2504003]
6.6124015;74.49918;-0.22994602;[ 2.6304207 74.603836  -0.2504052]
3.6925526;74.87279;-0.2716022;[ 2.6339056  75.63691    -0.25040022]
0.62084055;93.233;-0.24826452;[ 2.6946015  94.00844    -0.25015566]
1.6446241;86.572975;-0.24678884;[ 2.6727066 87.38037   -0.2502432]
3.691829;86.69448;-0.23938943;[ 2.6738715  87.73529    -0.25023735]
3.7238913;85.58318;-0.2503765;[ 2.6679742 85.95803   -0.2502636]
3.5946;78.72353;-0.2508886;[ 2.6454215  79.132645   -0.25035378]
3.779984;79.93369;-0.23907635;[ 2.651127   80.84447    -0.25032753]
1.7594569;79.97313;-0.24424502;[ 2.6511002  80.838554   -0.25032896]
3.609732;79.75577;-0.23975377;[ 2.6516502  81.007706   -0.25032628]
1.5706348;86.72788;-0.22739226;[ 2.672937   87.46518    -0.25024083]
4.0329123;81.749275;-0.25538558;[ 2.6562076  82.41249    -0.25031206]
3.9578505;81.99894;-0.24918914;[ 2.6561246 82.38749   -0.2503112]
3.858122;74.86747;-0.25181997;[ 2.63285    75.34762    -0.25040326]
1.6713665;75.416306;-0.24648057;[ 2.6381114  76.92627    -0.25037846]
4.067672;74.50599;-0.2549099;[ 2.6345015  75.84064    -0.25039673]
1.4530034;82.80324;-0.24511945;[ 2.660905   83.82175    -0.25029144]
1.9137423;79.733185;-0.23230861;[ 2.6505866 80.70012   -0.2503319]
3.7355566;70.9479;-0.27006304;[ 2.6212306  71.8274     -0.25045088]
3.9283113;75.07676;-0.24950922;[ 2.6339672  75.678795   -0.25039983]
1.5792439;82.81426;-0.24711192;[ 2.660728   83.76046    -0.25029084]
4.038277;78.094246;-0.27240276;[ 2.6441283 78.74628   -0.2503603]
4.1335764;74.97041;-0.25483137;[ 2.6337557 75.60806   -0.2504011]
3.8917406;71.016716;-0.27149183;[ 2.6206455  71.64311    -0.25045267]
3.9572935;77.19051;-0.27057147;[ 2.6411211  77.823364   -0.25035882]
3.5729136;77.12733;-0.27188307;[ 2.6371584  76.64242    -0.25037512]
4.334373;72.568405;-0.29083738;[ 2.6240373  72.666245   -0.25042742]
1.5586636;81.66723;-0.24628422;[ 2.6573877  82.743546   -0.25029126]
1.7219288;83.7027;-0.24438268;[ 2.6612945  83.925095   -0.25028613]
2.9368925;78.66187;-0.23697032;[ 2.648931   80.19231    -0.25034267]
2.4491415;88.289734;-0.24293739;[ 2.6816754 90.10445   -0.2502127]
2.9265504;85.455505;-0.23756413;[ 2.6712487 86.95503   -0.2502544]
2.7514658;78.68975;-0.23787324;[ 2.6477633  79.847305   -0.25034645]
2.9046192;78.72351;-0.23646683;[ 2.6496677  80.42023    -0.25033918]
5.082312;72.38072;-0.23693578;[ 2.6280413 73.87915   -0.2504255]
1.5736599;90.376915;-0.25284094;[ 2.6885471  92.17311    -0.25019047]
1.8832374;83.48776;-0.24855489;[ 2.665502   85.19614    -0.25028148]
2.108298;77.09273;-0.24335523;[ 2.6391928 77.24429   -0.2503858]
0.40376675;97.205414;-0.25378713;[ 2.7111595  99.02321    -0.25010085]
1.5569268;90.65067;-0.24687922;[ 2.6858604  91.37778    -0.25020036]
1.7292745;83.60662;-0.24209835;[ 2.6665118  85.50687    -0.25027633]
2.2860205;77.5014;-0.23125604;[ 2.6427164 78.32348   -0.2503741]
0.38523984;93.90217;-0.25306988;[ 2.6994581 95.49283   -0.2501492]
1.4983587;86.66532;-0.24599054;[ 2.6761787  88.4529     -0.25024018]
2.0161786;84.3005;-0.23178545;[ 2.6657023 85.28421   -0.2502826]
1.7343626;80.02035;-0.24427538;[ 2.651561   81.01105    -0.25033772]
1.3280358;87.09321;-0.24485235;[ 2.6778104  88.93854    -0.25023443]
1.630492;79.92111;-0.24039784;[ 2.654436   81.8672     -0.25032565]
2.118484;77.483376;-0.23117113;[ 2.6441128 78.74547   -0.2503668]
1.8401631;73.30059;-0.24325316;[ 2.630101  74.51181   -0.2504224]
1.6354129;86.095825;-0.25037676;[ 2.6725752  87.33734    -0.25024468]
0.62583685;92.88616;-0.25128356;[ 2.695555   94.297165   -0.25015333]
1.6234621;86.613495;-0.2467793;[ 2.6730258  87.48326    -0.25024265]
3.980415;80.60558;-0.2663362;[ 2.6583524 83.04384   -0.2503027]
1.483331;86.19345;-0.24328111;[ 2.6739073  87.74159    -0.25023857]
4.0446587;81.01535;-0.2673752;[ 2.657782  82.87073   -0.2503053]
1.7471175;79.93349;-0.24377766;[ 2.651108   80.84581    -0.25032815]
2.750781;81.74473;-0.24925776;[ 2.6572428  82.72205    -0.25030947]
2.7184286;81.36936;-0.24701229;[ 2.659134  83.2827    -0.2503018]
3.2893758;78.616585;-0.24139655;[ 2.6502948  80.60596    -0.25033587]
2.100595;77.20019;-0.24590334;[ 2.6403797 77.607834  -0.2503819]
1.7189687;83.38887;-0.23975927;[ 2.6663957 85.4754    -0.2502784]
1.7267947;83.67574;-0.24518603;[ 2.6661108 85.38633   -0.2502798]
2.5488365;77.89305;-0.25079435;[ 2.643777   78.62106    -0.25035033]
3.4699068;72.91633;-0.27636996;[ 2.627812   73.79889    -0.25041685]
3.5704017;79.68385;-0.27732745;[ 2.6500285  80.53083    -0.25032806]
3.6373293;69.5154;-0.25025278;[ 2.61454    69.80526    -0.25047156]
2.4029307;70.55164;-0.25403434;[ 2.6188414 71.0929    -0.2504517]
3.3093824;65.66115;-0.27630776;[ 2.6033192  66.40264    -0.25051513]
2.5968206;72.61673;-0.25669536;[ 2.62585   73.225555  -0.2504293]
2.5017276;65.91287;-0.25746286;[ 2.6041553 66.65588   -0.2505144]
2.4699073;65.811844;-0.25590828;[ 2.6033146  66.398056   -0.25051856]
3.4467673;79.65218;-0.25555614;[ 2.6493185  80.302246   -0.25033772]
1.7395184;80.03999;-0.24579819;[ 2.6515763  80.99054    -0.25032645]
0.59890735;93.622635;-0.24595833;[ 2.6962595  94.508194   -0.25014865]
1.90717;80.39684;-0.24688946;[ 2.6501453  80.55827    -0.25033313]
3.316909;75.20472;-0.27136683;[ 2.6343348 75.780426  -0.2503973]
3.7606626;85.65156;-0.2477297;[ 2.671267  86.94966   -0.2502502]
3.6251059;78.85968;-0.24854809;[ 2.6505525  80.67827    -0.25033143]
1.3529184;87.05149;-0.2414919;[ 2.6747742 88.00179   -0.250232 ]
3.8118947;79.09024;-0.24678525;[ 2.6487162 80.11955   -0.25034  ]
3.9732122;79.327545;-0.24408484;[ 2.64817    79.96649    -0.25034192]
3.9452262;80.6703;-0.22819586;[ 2.6512809  80.90906    -0.25033024]
3.603016;76.245445;-0.23895563;[ 2.6404064  77.614      -0.25037283]
3.5688062;76.62391;-0.2441501;[ 2.640103   77.52249    -0.25037512]
3.215061;72.3079;-0.25686997;[ 2.6296985  74.36893    -0.25041404]
3.7370846;76.93513;-0.24377176;[ 2.6393836 77.2968    -0.2503773]
2.1668983;73.616295;-0.24588841;[ 2.627407  73.67047   -0.2504233]
2.6091769;81.90972;-0.2467784;[ 2.660544   83.70497    -0.25029615]
2.559736;75.21459;-0.24961102;[ 2.6352534  76.05979    -0.25039688]
2.4532845;75.26783;-0.24978928;[ 2.63607    76.30857    -0.25039253]
2.6969564;88.65396;-0.25036833;[ 2.6820836 90.225464  -0.2502111]
2.5558658;81.91236;-0.24868184;[ 2.6592138  83.30684    -0.25030163]
2.5225286;81.71079;-0.24758849;[ 2.6598864  83.50609    -0.25029773]
2.5890296;75.415115;-0.24658018;[ 2.6387393  77.10104    -0.25038177]
2.4920013;75.08779;-0.24916935;[ 2.6375642  76.75374    -0.25038704]
1.8091111;83.945694;-0.2455425;[ 2.667448  85.797745  -0.2502743]
1.6635222;83.99735;-0.24325965;[ 2.6682422  86.04178    -0.25027004]
0.3443588;97.53295;-0.25366828;[ 2.7136517 99.77586   -0.2500911]
1.8925366;84.29621;-0.24925677;[ 2.6690748  86.27814    -0.25026697]
1.6937007;84.03675;-0.2419392;[ 2.6677818 85.89488   -0.2502729]
2.107381;78.016365;-0.24580705;[ 2.6419451  78.07808    -0.25037575]
1.7112199;83.854164;-0.24055053;[ 2.668439  86.0889    -0.2502687]
2.1633496;71.26663;-0.2438742;[ 2.620562   71.601715   -0.25046024]
4.1252537;73.29125;-0.24924192;[ 2.6326187  75.26432    -0.25040054]
2.8262782;73.71703;-0.2409367;[ 2.632917   75.35643    -0.25039983]
4.8839526;84.74253;-0.27458978;[ 2.666755   85.6167     -0.25024414]
1.7380259;93.274025;-0.24992737;[ 2.6902294 92.73078   -0.2501456]
1.5890323;92.74602;-0.24545361;[ 2.6917882 93.19396   -0.2501373]
1.8460364;86.70587;-0.24924795;[ 2.6686711  86.20311    -0.25023055]
2.015761;86.56609;-0.24881187;[ 2.6675906  85.87341    -0.25023603]
4.4362364;78.34594;-0.27512842;[ 2.6429212  78.410904   -0.25034043]
3.7596962;83.23995;-0.25888678;[ 2.6598196 83.50533   -0.250281 ]
3.705493;82.711296;-0.25480965;[ 2.6613755  83.967636   -0.25027263]
3.7201843;76.67186;-0.25817186;[ 2.638259   76.97699    -0.25036585]
1.987951;83.66093;-0.24640414;[ 2.662963   84.42578    -0.25027922]
1.392368;89.85589;-0.24313876;[ 2.685521   91.25183    -0.25018853]
1.6443244;90.023735;-0.24692266;[ 2.683121   90.53563    -0.25019968]
1.8169209;83.44773;-0.24377675;[ 2.6633844  84.55841    -0.25027674]
2.86043;79.05464;-0.25806844;[ 2.645188   79.07889    -0.25034493]
3.6021562;77.32335;-0.24291988;[ 2.6392732  77.27236    -0.25036606]
4.0123205;66.13725;-0.2812086;[ 2.6033537  66.41988    -0.25051624]
2.0908766;78.97138;-0.25538018;[ 2.6488695 80.187164  -0.2503382]
2.8424811;70.59396;-0.24363689;[ 2.6197305  71.358925   -0.25045225]
2.5034058;81.31211;-0.24338818;[ 2.6567957  82.5722     -0.25031304]
2.055933;78.772446;-0.24536479;[ 2.64545    79.15485    -0.25035748]
2.4242036;75.25905;-0.24800524;[ 2.6349099 75.96527   -0.2504003]
3.3282595;79.89433;-0.23416616;[ 2.6501973  80.58449    -0.25033805]
3.0531044;83.49152;-0.22267058;[ 2.6618779 84.11981   -0.2502915]
2.176604;78.45031;-0.24060656;[ 2.646322   79.41656    -0.25035313]
2.7216797;78.5096;-0.23295219;[ 2.6476672  79.81847    -0.25034842]
3.5170748;73.15321;-0.23499636;[ 2.627913   73.83077    -0.25042608]
2.2528346;72.542946;-0.25486243;[ 2.6258593 73.209366  -0.2504342]
2.3040164;74.69637;-0.25901717;[ 2.6339173  75.65439    -0.25040254]
2.2576423;71.990456;-0.24495424;[ 2.6224432  72.18739    -0.25044897]
2.2387574;68.11997;-0.2606038;[ 2.6089485  68.10991    -0.25050256]
2.2253578;79.31713;-0.2509482;[ 2.6496534  80.41121    -0.25033695]
2.451991;75.09339;-0.24468999;[ 2.636523  76.44013   -0.2503926]
2.2693362;72.00065;-0.24605171;[ 2.6235518  72.522064   -0.25044343]
2.4144943;68.52288;-0.24738291;[ 2.6123204  69.12309    -0.25049067]
1.5636363;90.45746;-0.25304574;[ 2.6866446  91.601395   -0.25019854]
0.41482925;97.28571;-0.25392658;[ 2.709765   98.603      -0.25010645]
1.610816;90.33572;-0.24887958;[ 2.6835475  90.68015    -0.25020835]
1.7124915;83.587746;-0.24051277;[ 2.6660597 85.37662   -0.2502789]
1.3616624;90.468544;-0.24669139;[ 2.687827  91.957016  -0.2501927]
1.7210093;83.59123;-0.24521753;[ 2.6617243  84.06848    -0.25029418]
3.8528988;79.19611;-0.24268898;[ 2.6486402  80.09621    -0.25034073]
1.6299936;86.52929;-0.24837726;[ 2.6725829  87.34112    -0.25024423]
3.6442013;78.993935;-0.25672802;[ 2.6449332 78.98615   -0.2503573]
0.6183605;93.30796;-0.24928066;[ 2.6955934 94.31001   -0.2501526]
3.6451006;81.324684;-0.2743341;[ 2.6555262  82.200836   -0.25031587]
3.7487679;81.646385;-0.2724943;[ 2.6545634  81.90941    -0.25031748]
1.9327356;80.33658;-0.24866132;[ 2.6482334  79.989655   -0.25034133]
1.4590385;86.41622;-0.24204218;[ 2.6757002 88.28482   -0.2502303]
3.6273413;78.58796;-0.25537086;[ 2.6475713  79.78612    -0.25034535]
1.7775455;80.05477;-0.24282844;[ 2.6501348  80.55299    -0.25033352]
3.6107664;74.601364;-0.26823997;[ 2.6332688  75.458755   -0.25040314]
3.8087835;76.32503;-0.24519074;[ 2.6358917  76.25217    -0.25039214]
3.707602;74.920906;-0.26935428;[ 2.632719   75.29224    -0.25040337]
2.0310147;73.67104;-0.24625805;[ 2.6264582  73.39237    -0.25042704]
3.9270434;76.33402;-0.24444933;[ 2.6348612  75.940765   -0.25039753]
3.932375;71.778145;-0.25240898;[ 2.6223555  72.16063    -0.25044817]
3.5120306;67.77221;-0.27261278;[ 2.6092384  68.188385   -0.25049904]
3.816396;86.29444;-0.23530918;[ 2.6729825 87.4754    -0.2502467]
2.493375;75.18006;-0.2529381;[ 2.6305044  74.63806    -0.25041604]
2.4672754;75.05955;-0.24762991;[ 2.6333745  75.49707    -0.25040463]
3.7966454;79.5646;-0.23644388;[ 2.6510315  80.828186   -0.25033268]
2.600148;75.04478;-0.24697937;[ 2.6333194 75.47557   -0.2504034]
2.4874794;68.45943;-0.2519395;[ 2.6083815  67.93369    -0.25050512]
1.8572848;84.06427;-0.25166142;[ 2.6641529  84.79733    -0.25028837]
2.1466725;77.38999;-0.24697663;[ 2.639312  77.282326  -0.2503868]
1.538677;90.73865;-0.2530136;[ 2.687654   91.91447    -0.25019538]
1.8600075;84.26882;-0.2493164;[ 2.6635418  84.61435    -0.25029138]
1.8752048;84.11063;-0.24805377;[ 2.6614354  83.98681    -0.25029773]
1.6904695;84.11693;-0.24361053;[ 2.6637177  84.67978    -0.25028813]
2.1567886;77.730835;-0.24715507;[ 2.6388927  77.15413    -0.25038832]
1.9868829;77.34669;-0.24223195;[ 2.6441631  78.73982    -0.25036687]
1.7292733;84.103966;-0.24530219;[ 2.6652331 85.123184  -0.2502828]
1.9799103;77.530495;-0.24245657;[ 2.6410317 77.79848   -0.2503791]
1.9830093;77.37832;-0.24425566;[ 2.6397238  77.40886    -0.25038326]
2.3187132;71.00406;-0.24607792;[ 2.6167684  70.4494     -0.25047737]
1.8465365;80.58347;-0.24367653;[ 2.6527677  81.37072    -0.25033504]
1.8375645;80.220024;-0.24588908;[ 2.6541915  81.78995    -0.25032893]
1.5659597;86.95318;-0.24696623;[ 2.676413   88.52304    -0.25023952]
2.0451012;83.95651;-0.23147778;[ 2.6665883 85.54867   -0.2502775]
1.7610731;80.7535;-0.2438624;[ 2.652176   81.19776    -0.25033417]
1.6957097;79.90547;-0.23950987;[ 2.6551988  82.10805    -0.25032377]
1.677014;80.630104;-0.23929393;[ 2.653985  81.736755  -0.2503291]
1.6780097;80.21641;-0.24374998;[ 2.6548033 81.97821   -0.2503233]
2.1398067;77.22193;-0.23078695;[ 2.6449971 79.00961   -0.2503613]
1.938917;73.53824;-0.24093208;[ 2.6296837  74.39277    -0.25042444]
1.894933;80.408195;-0.24744315;[ 2.6513524  80.93495    -0.25034007]
1.781542;84.320854;-0.2246419;[ 2.6636665  84.659485   -0.25029105]
1.4839453;91.530205;-0.22314472;[ 2.6900759  92.64996    -0.25018525]
1.4970602;87.02285;-0.24410945;[ 2.67472    88.01465    -0.25024617]
1.7624743;80.27736;-0.24446377;[ 2.6499496 80.526825  -0.2503439]
2.0228817;78.004234;-0.2231191;[ 2.6431446  78.44616    -0.25037202]
1.6023183;84.34635;-0.2255032;[ 2.66414   84.80437   -0.2502872]
2.1565132;77.36936;-0.23109978;[ 2.6404986  77.65311    -0.25038075]
1.7739851;80.62995;-0.24325952;[ 2.6530907  81.46724    -0.25033337]
0.38477528;94.22395;-0.2538875;[ 2.69862    95.2508     -0.25015348]
1.4854822;87.438866;-0.24387646;[ 2.6761231  88.4426     -0.25024155]
1.7678561;80.12889;-0.24204746;[ 2.6499693  80.53906    -0.25034434]
1.787318;80.7798;-0.24183363;[ 2.6518931  81.11302    -0.25033608]
1.4537897;87.08995;-0.24223632;[ 2.6784768  89.15073    -0.25023216]
1.6124609;79.7773;-0.2396798;[ 2.654442   81.87891    -0.25032574]
1.3034325;87.44744;-0.24659553;[ 2.6767256  88.61943    -0.25023964]
2.042723;73.408264;-0.24128777;[ 2.6278865 73.847015  -0.2504333]
1.8130028;78.88708;-0.23876517;[ 2.6470168  79.60694    -0.25034878]
1.6245658;89.86826;-0.24767599;[ 2.6822238  90.25462    -0.25020576]
1.9116063;83.5391;-0.2454086;[ 2.6592407  83.298935   -0.25029674]
1.396699;89.80244;-0.24146838;[ 2.6856244 91.28284   -0.2501901]
1.74221;83.556984;-0.24314664;[ 2.6594121  83.35262    -0.25029397]
2.2503343;75.26318;-0.25928146;[ 2.634258   75.765564   -0.25040144]
3.0617347;82.91674;-0.23171681;[ 2.6592267 83.33071   -0.2503021]
1.9895637;81.977005;-0.26030612;[ 2.6563332  82.454666   -0.25031248]
2.5317843;79.04051;-0.25080594;[ 2.645794   79.26898    -0.25035447]
6.5980425;76.773766;-0.20982836;[ 2.6402333 77.571655  -0.2503789]
2.8771226;76.48257;-0.21727394;[ 2.641178  77.84952   -0.2503732]
3.3201609;78.944435;-0.23850895;[ 2.6471324  79.65958    -0.25034833]
3.0621452;76.19009;-0.23248373;[ 2.6370883  76.62384    -0.25038862]
2.1829958;79.25547;-0.2490622;[ 2.6493304  80.31859    -0.25033784]
6.0106206;72.18491;-0.23269251;[ 2.624045   72.68211    -0.25044236]
6.1112776;72.14819;-0.2317667;[ 2.623935   72.64728    -0.25044495]
1.8698015;84.007515;-0.24947812;[ 2.6609015  83.82182    -0.25030062]
1.84603;83.78748;-0.25059062;[ 2.6618652  84.11063    -0.25029826]
2.1315827;77.263725;-0.24673241;[ 2.6387315 77.10383   -0.2503896]
1.339716;90.41219;-0.24291515;[ 2.6884925  92.169464   -0.25018978]
1.7133851;83.713905;-0.24108036;[ 2.6659787  85.34953    -0.25027978]
1.7090663;83.83148;-0.24422158;[ 2.6613798 83.96532   -0.2502974]
1.7039601;84.021614;-0.2464082;[ 2.6611118  83.88737    -0.25029784]
1.4951361;86.91487;-0.25311396;[ 2.6750114  88.10286    -0.25024807]
1.7803369;84.44792;-0.22404145;[ 2.6653926  85.18967    -0.25028563]
0.37842393;93.6952;-0.25396362;[ 2.697444   94.898026   -0.25015822]
1.2912548;86.84802;-0.24292341;[ 2.678879   89.26727    -0.25023046]
1.2814445;86.95899;-0.24677539;[ 2.6746798  88.00438    -0.25024673]
1.6073699;80.10323;-0.24168846;[ 2.6507888  80.78024    -0.25034007]
1.6448895;80.46178;-0.24643007;[ 2.6523483  81.24247    -0.25033602]
2.5026503;79.27174;-0.23252212;[ 2.6496563 80.40314   -0.2503389]
2.330463;79.29976;-0.233099;[ 2.6499736  80.50081    -0.25033453]
3.9258087;74.93517;-0.27005398;[ 2.6349072  75.95616    -0.25039744]
1.4444618;86.60934;-0.24161634;[ 2.67634    88.48027    -0.25022903]
4.0830736;78.279976;-0.2544287;[ 2.6460958  79.34416    -0.25035128]
3.9842498;74.73609;-0.27047467;[ 2.6324174  75.201645   -0.25040826]
2.6787667;88.687096;-0.25438115;[ 2.6800184  89.6203     -0.25022057]
3.3232088;78.834755;-0.24101265;[ 2.6515563 80.99321   -0.2503315]
3.3878462;78.952705;-0.23865587;[ 2.6473897  79.74097    -0.25034782]
2.5481262;75.606895;-0.24959108;[ 2.6370664  76.61313    -0.25038823]
3.8305995;69.117256;-0.2637022;[ 2.6125298 69.187     -0.2504855]
2.4833167;76.13108;-0.24339521;[ 2.6422668  78.16486    -0.25035995]
2.6273088;87.62861;-0.25253192;[ 2.6752162  88.14462    -0.25022402]
2.608856;80.24645;-0.25198284;[ 2.6546237  81.90898    -0.25030446]
2.5635579;80.80053;-0.25098237;[ 2.652565   81.28855    -0.25031513]
2.6409268;72.406334;-0.24887492;[ 2.6268077 73.50187   -0.2504254]
3.5127273;74.46002;-0.23959716;[ 2.6342726 75.75348   -0.2503934]
2.6050556;79.20405;-0.24938233;[ 2.6492145  80.29256    -0.25033668]
2.9750175;76.37301;-0.24296235;[ 2.6390202  77.21292    -0.25037742]
3.2465138;81.20458;-0.23871405;[ 2.656525  82.49704   -0.2503046]
2.5429716;71.773796;-0.25200018;[ 2.6272109  73.631355   -0.25042233]
2.9416616;69.59037;-0.24300343;[ 2.6169777 70.53973   -0.2504646]
3.233185;71.61347;-0.23352323;[ 2.623988   72.64633    -0.25043437]
2.7279527;81.71758;-0.25014284;[ 2.657319  82.724754  -0.2503097]
2.7130167;81.766426;-0.24882522;[ 2.6573758  82.7516     -0.25030965]
2.6621535;74.57537;-0.24964193;[ 2.6345487 75.840904  -0.2504   ]
2.6510558;81.69684;-0.247513;[ 2.6578755  82.9002     -0.25030732]
2.647844;75.05543;-0.2465934;[ 2.6354725  76.11791    -0.25039604]
2.6279151;79.911766;-0.2249272;[ 2.6532555  81.49115    -0.25032318]
3.0370445;74.664444;-0.24006796;[ 2.6356616  76.19185    -0.25039607]
2.9498973;75.154655;-0.23657419;[ 2.6359873 76.29017   -0.2503953]
2.60303;71.226715;-0.2466896;[ 2.6227906  72.29954    -0.25044686]
2.7866418;78.2234;-0.2499391;[ 2.645964   79.301025   -0.25035664]
2.6175694;75.26306;-0.23276742;[ 2.6349401  75.96832    -0.25039965]
3.7631044;75.494484;-0.238307;[ 2.6382728 76.97124   -0.250385 ]
0.8453983;88.71632;-0.24865636;[ 2.6800852 89.614136  -0.2502029]
4.9704123;78.70837;-0.29569554;[ 2.647489   79.76744    -0.25033858]
4.09215;80.50355;-0.25098673;[ 2.6541486  81.77429    -0.25030753]
3.9792821;76.7642;-0.27000895;[ 2.6418352 78.04491   -0.2503586]
3.909258;77.124565;-0.27271414;[ 2.6410916  77.81279    -0.25036117]
2.6096206;84.071236;-0.25147802;[ 2.665298   85.14609    -0.25026852]
3.5335627;81.22242;-0.24406764;[ 2.6567996  82.57628    -0.25029984]
4.0149164;75.77363;-0.25365502;[ 2.638349   77.000626   -0.25037798]
2.6093144;77.28765;-0.2505189;[ 2.6426933 78.296585  -0.2503581]
1.8433559;78.6141;-0.23667;[ 2.6520467  81.11427    -0.25032547]
2.1226478;78.5582;-0.23601392;[ 2.653384   81.520256   -0.25031778]
1.9233705;83.681244;-0.24521239;[ 2.6616328  84.013336   -0.25028583]
0.5705228;96.99218;-0.24638866;[ 2.706516   97.608154   -0.25010657]
1.3253456;89.96347;-0.24276334;[ 2.6841304  90.83167    -0.25019372]
2.572487;74.95693;-0.24345484;[ 2.6355448  76.13858    -0.25039652]
3.0434806;85.6177;-0.23803684;[ 2.6706634  86.78235    -0.25025722]
3.171083;86.227806;-0.23357408;[ 2.6722896 87.269806  -0.2502495]
2.9602447;83.385155;-0.22880322;[ 2.6618843  84.12591    -0.25029105]
3.3943624;79.48916;-0.23435262;[ 2.6500468  80.527794   -0.25033757]
3.0197873;76.646515;-0.22951141;[ 2.6396418  77.383896   -0.25037915]
5.276438;78.835464;-0.23151189;[ 2.6472461  79.697334   -0.25035042]
2.8483675;78.53856;-0.2386245;[ 2.647539  79.78526   -0.2503482]
10.399962;72.715775;-0.23352237;[ 2.627233  73.62346   -0.2504288]
5.931509;72.50353;-0.23010252;[ 2.625721   73.180145   -0.25043657]
1.3368604;90.91678;-0.24663135;[ 2.6895924 92.49327   -0.2501868]
1.7081656;84.228806;-0.24323525;[ 2.666648   85.546745   -0.25027734]
1.5763489;90.94629;-0.25044924;[ 2.6886387  92.20822    -0.25019094]
1.8835793;84.35804;-0.24871872;[ 2.6646206  84.93852    -0.25028548]
1.6910695;84.06075;-0.24322443;[ 2.664349   84.86484    -0.25028738]
1.7313263;83.66382;-0.24240771;[ 2.6658585  85.31148    -0.25027993]
1.9700773;77.135445;-0.24268231;[ 2.643941  78.671234  -0.2503667]
1.7158947;83.79872;-0.24233545;[ 2.664167   84.80879    -0.25028795]
1.9641957;77.30951;-0.24257122;[ 2.6418805  78.05881    -0.25037733]
1.7750103;80.48507;-0.24600326;[ 2.6536593  81.63012    -0.25032994]
1.6009433;84.69906;-0.22415842;[ 2.6672206  85.736244   -0.25027567]
1.7785058;80.61827;-0.24519335;[ 2.6532538  81.51364    -0.25033206]
1.7696282;84.80661;-0.22432569;[ 2.6663182  85.464355   -0.25028074]
1.5981482;79.734085;-0.243215;[ 2.6542163  81.80987    -0.25032628]
1.725471;80.64091;-0.24232703;[ 2.6537852  81.673355   -0.25033125]
1.884284;73.90032;-0.24118416;[ 2.6310468  74.788025   -0.25041893]
1.8610654;78.1153;-0.22484809;[ 2.64448    78.84816    -0.25036615]
1.9430809;77.45199;-0.23253137;[ 2.643854   78.67441    -0.25036845]
1.6767695;73.34363;-0.24481465;[ 2.6307018  74.697395   -0.25041994]
2.0693407;73.77772;-0.24423605;[ 2.63061    74.653366   -0.25042182]
2.04426;78.02679;-0.22394054;[ 2.64331    78.49628    -0.25037235]
4.1071568;81.35034;-0.27367273;[ 2.6579776  82.926155   -0.25030562]
1.4942678;86.71122;-0.24441394;[ 2.673779  87.71307   -0.2502396]
4.0509634;81.19265;-0.2701281;[ 2.6570437  82.659      -0.25030893]
4.097662;81.52678;-0.2731661;[ 2.6577888 82.8759    -0.2503069]
3.9810033;78.683945;-0.24514334;[ 2.6485386  80.066734   -0.25034228]
1.4669673;86.37452;-0.24286461;[ 2.6753716  88.18826    -0.25023225]
4.35689;78.54664;-0.24550241;[ 2.6479378  79.89796    -0.25034526]
1.7670559;80.090294;-0.24336104;[ 2.6519952  81.10681    -0.25032637]
4.1043653;74.732994;-0.27232784;[ 2.6349545  75.95906    -0.25039747]
3.4535518;79.00439;-0.2416151;[ 2.6486804  80.11824    -0.25034362]
2.7110453;81.847176;-0.2475972;[ 2.6605468  83.71011    -0.25029677]
3.4256442;85.815735;-0.24197543;[ 2.6716418  87.07248    -0.25025225]
3.8190525;82.28506;-0.26654854;[ 2.6578515  82.9117     -0.25030637]
2.7477503;82.034706;-0.25264207;[ 2.6593168  83.341064   -0.25030264]
2.6281066;79.405876;-0.22641172;[ 2.6506622  80.7086     -0.25033605]
2.666427;81.58352;-0.24637085;[ 2.6603596  83.6588     -0.25029635]
2.6335466;75.190956;-0.24758469;[ 2.6368918  76.561874   -0.25038987]
3.2192338;73.50533;-0.2511;[ 2.6287704 74.09688   -0.250419 ]
0.36628914;97.757416;-0.25385183;[ 2.7125347  99.44608    -0.25009656]
1.5325516;90.94423;-0.25298944;[ 2.6896868  92.525314   -0.25018722]
1.3185755;90.94022;-0.24671458;[ 2.690755   92.85149    -0.25018263]
1.4244494;90.95527;-0.24368629;[ 2.6878614 91.99141   -0.2501935]
1.711626;84.38722;-0.24501236;[ 2.6670055  85.663185   -0.25027645]
1.7198036;84.09535;-0.24301894;[ 2.6672611  85.74011    -0.25027484]
1.8039587;77.38842;-0.243156;[ 2.6454492 79.13378   -0.2503594]
1.9770777;77.46837;-0.24230249;[ 2.6432142  78.46549    -0.25037265]
2.167103;77.49538;-0.25071776;[ 2.643664   78.58946    -0.25037047]
3.1933544;78.62884;-0.22768939;[ 2.647884  79.8755    -0.2503383]
2.6415927;84.16302;-0.25098833;[ 2.6657586  85.28819    -0.25026417]
3.767593;76.32217;-0.27248612;[ 2.6386921 77.10702   -0.2503746]
3.8997703;77.03341;-0.28074184;[ 2.6415577 77.98227   -0.2503582]
4.799213;72.53846;-0.29395238;[ 2.6260877  73.29795    -0.25042394]
2.5361502;77.10429;-0.24878252;[ 2.6449664  78.991776   -0.25034514]
3.6359737;72.216866;-0.27358806;[ 2.627699   73.77634    -0.25041744]
4.1589637;74.077576;-0.25191605;[ 2.6313515  74.89716    -0.25039887]
3.1441138;75.249565;-0.25472575;[ 2.635935  76.26813   -0.2503775]
2.6399667;77.395935;-0.24998978;[ 2.6433268 78.490005  -0.2503531]
3.60441;72.56994;-0.27467328;[ 2.6267767  73.490234   -0.25042245]
3.6566446;69.55898;-0.27202445;[ 2.6159916  70.229095   -0.25046453]
3.7868466;70.750114;-0.2678486;[ 2.6199176 71.41476   -0.2504453]
4.6461744;65.81428;-0.29313532;[ 2.6032286 66.37417   -0.250515 ]
3.7009704;76.73687;-0.24565013;[ 2.6430953  78.43585    -0.25035933]
2.6928859;72.42696;-0.25298277;[ 2.6288805  74.13237    -0.25041655]
2.7681634;72.724815;-0.24999042;[ 2.6289258  74.14657    -0.25041696]
3.1458857;69.68561;-0.25051767;[ 2.617894   70.8078     -0.25046036]
2.6252513;72.730774;-0.25215313;[ 2.6282444  73.93419    -0.25041983]
3.130129;69.67805;-0.24907693;[ 2.617095  70.562325  -0.2504642]
3.7558177;66.17904;-0.2715473;[ 2.6044917  66.75467    -0.25051376]
3.6469464;69.9921;-0.24650033;[ 2.6208591  71.695724   -0.25044748]
0.6157441;93.45171;-0.24924137;[ 2.6959765  94.43051    -0.25015032]
3.7911766;74.97848;-0.27069047;[ 2.6351752  76.025986   -0.25039554]
3.9927077;75.05778;-0.27195966;[ 2.6347408  75.88716    -0.25039682]
2.7009616;88.63627;-0.25279525;[ 2.6810358  89.91827    -0.25021622]
2.6135025;81.83675;-0.24843378;[ 2.6591353  83.28792    -0.25030276]
3.7073998;72.69157;-0.24110691;[ 2.6287835 74.083336  -0.2504216]
1.9041771;79.93203;-0.24021418;[ 2.6542659  81.816284   -0.25032678]
1.8307304;80.38588;-0.23920102;[ 2.6527348  81.36035    -0.25033373]
2.1059945;73.31434;-0.24150273;[ 2.6292877 74.27096   -0.250426 ]
1.317546;87.217354;-0.23676936;[ 2.6775804  88.85817    -0.25023288]
1.4237703;87.45031;-0.2409792;[ 2.6774173  88.80922    -0.25023505]
1.7589874;80.2704;-0.23745535;[ 2.6550128  82.03715    -0.25032356]
1.5768307;84.39025;-0.22175632;[ 2.668035   85.97       -0.25027177]
2.0377605;73.08439;-0.23742417;[ 2.6327624 75.30705   -0.2504116]
2.2890751;66.46669;-0.24072361;[ 2.6070175 67.52293   -0.2505141]
1.4684479;83.76404;-0.24633673;[ 2.66487   85.009674  -0.2502849]
1.5373031;83.63153;-0.24077894;[ 2.6626158  84.35127    -0.25029513]
1.3106213;83.562874;-0.23532324;[ 2.6656408  85.25329    -0.25028154]
1.6571072;76.54472;-0.23808135;[ 2.6422162 78.17172   -0.2503732]
1.6495878;76.95461;-0.2376043;[ 2.6413891  77.92767    -0.25037947]
1.8402708;69.94626;-0.23846804;[ 2.617996   70.85423    -0.25047043]
2.0150692;69.913925;-0.23814236;[ 2.6173933  70.665726   -0.25047335]
2.5997086;75.55427;-0.24804059;[ 2.6367996  76.53128    -0.25038666]
2.581797;82.33;-0.24893887;[ 2.659706   83.47001    -0.25029567]
3.661399;80.98689;-0.24038535;[ 2.6559968  82.34433    -0.25031483]
1.8287624;79.742096;-0.2454625;[ 2.6520607  81.15875    -0.25033745]
0.37927222;93.46354;-0.25370562;[ 2.698123  95.089836  -0.2501543]
1.4895408;87.34876;-0.23843408;[ 2.6754243 88.2248    -0.2502434]
1.8394305;79.98375;-0.24273992;[ 2.6515439  81.00776    -0.25033936]
1.9618311;77.97054;-0.22168095;[ 2.6465833  79.48622    -0.25035822]
1.6714939;79.7336;-0.24335013;[ 2.6529808 81.4399    -0.2503332]
1.8506689;80.61753;-0.24063843;[ 2.6537054  81.63307    -0.25032893]
2.0646;73.883194;-0.23800391;[ 2.6295981  74.3534     -0.25042534]
0.3831737;93.78971;-0.24856827;[ 2.6997292  95.56383    -0.25014654]
1.5153384;87.75497;-0.23940557;[ 2.676903  88.66233   -0.2502341]
1.7916476;80.724266;-0.23864137;[ 2.6521528 81.18576   -0.250336 ]
1.3651165;87.047844;-0.23703776;[ 2.6783895  89.103745   -0.25022945]
1.7246861;80.61026;-0.23711123;[ 2.6545095 81.884315  -0.2503244]
1.9035697;83.7287;-0.22803506;[ 2.66895    86.245735   -0.25026718]
0.6064826;89.24468;-0.24531965;[ 2.6839423 90.785904  -0.2501964]
4.1392765;84.5297;-0.2716485;[ 2.6665301 85.525055  -0.2502692]
1.6507715;82.57901;-0.24162492;[ 2.6604228  83.679245   -0.25029004]
3.8591158;77.8683;-0.26793242;[ 2.6430304  78.42457    -0.25036275]
1.5032058;82.38361;-0.23954168;[ 2.66226    84.2225     -0.25028214]
4.0634604;77.668625;-0.26453087;[ 2.644848   78.96173    -0.25035492]
3.709489;71.107796;-0.2663358;[ 2.6213822  71.87103    -0.25044808]
3.8511562;71.077866;-0.26689306;[ 2.6205757  71.621086   -0.25045168]
3.7731423;81.647095;-0.24276787;[ 2.6612659 83.930435  -0.2502914]
2.96473;81.36214;-0.23999879;[ 2.6578763  82.906364   -0.25030676]
2.6761303;71.165115;-0.2504242;[ 2.6224773  72.19915    -0.25044578]
1.8650197;80.584526;-0.24840754;[ 2.6545312  81.87708    -0.25032666]
1.6587043;80.54548;-0.2417031;[ 2.6543803  81.85091    -0.25032675]
1.5886419;80.62205;-0.24230988;[ 2.6544604  81.8743     -0.25032368]
1.4829054;87.08799;-0.24093528;[ 2.6775088 88.845215  -0.2502345]
1.4926283;91.09843;-0.22315572;[ 2.6897779  92.55354    -0.25018567]
1.8612174;80.6074;-0.24207494;[ 2.6529872 81.431885  -0.2503334]
1.6729894;80.266304;-0.24053201;[ 2.6534848  81.58882    -0.25033045]
1.4209132;87.16598;-0.23830812;[ 2.678349   89.092865   -0.25023025]
1.7729883;80.43776;-0.2422364;[ 2.655131   82.06752    -0.25032425]
1.6033769;80.30245;-0.23719811;[ 2.6559112  82.308      -0.25031984]
1.8498257;73.99694;-0.24327342;[ 2.6320474  75.087      -0.25041324]
1.963314;73.73461;-0.24047393;[ 2.6312969  74.865295   -0.25041875]
1.75992;73.41291;-0.2399738;[ 2.6318104  75.02521    -0.25041562]
2.1672437;80.10958;-0.22960396;[ 2.653275 81.504555 -0.250331]
1.8345447;76.10253;-0.24106327;[ 2.6407988  77.736984   -0.25037935]
1.8409631;80.21454;-0.22640063;[ 2.6549876 82.02066   -0.2503238]
1.5365331;83.62617;-0.23633036;[ 2.6630905  84.49216    -0.25029114]
1.7364688;80.40168;-0.22892126;[ 2.653408  81.565155  -0.2503308]
1.6439614;80.114334;-0.22505976;[ 2.6549783  82.027176   -0.25032344]
1.6718171;80.249306;-0.22569534;[ 2.655695   82.24376    -0.25032076]
1.6629865;76.80875;-0.23690008;[ 2.6412764 77.888916  -0.2503774]
1.6555846;76.73287;-0.24030852;[ 2.6411471  77.85055    -0.25037932]
1.8348316;69.347885;-0.2409184;[ 2.6174386  70.685814   -0.25047207]
1.8108859;76.7378;-0.24085392;[ 2.6403785  77.61203    -0.25038284]
2.3253186;73.391075;-0.22979109;[ 2.629384   74.28946    -0.25042653]
2.0101287;69.349815;-0.24080655;[ 2.61666   70.447235  -0.2504758]
2.0102632;73.6016;-0.22843367;[ 2.6309536  74.761665   -0.25041974]
1.4974442;84.42451;-0.23581614;[ 2.6709385  86.8398     -0.25025228]
2.4162843;74.684494;-0.2392864;[ 2.6350832  76.00215    -0.25039637]
1.3534589;84.452675;-0.23230363;[ 2.6716561  87.06543    -0.25024927]
2.796751;77.64587;-0.24070063;[ 2.6445951  78.88228    -0.25036114]
3.5469227;74.909294;-0.24081463;[ 2.6340961  75.70685    -0.25040174]
2.4284124;82.51815;-0.2544911;[ 2.659653  83.453094  -0.2502972]
2.4166446;78.05971;-0.24693058;[ 2.6442966  78.805405   -0.25036117]
3.391431;75.081245;-0.25178623;[ 2.6346302 75.88643   -0.2503998]
3.3126228;74.81361;-0.2438066;[ 2.6325345  75.255325   -0.25040883]
2.2808318;75.79896;-0.25562274;[ 2.6361845  76.35913    -0.25038993]
2.3714757;79.44116;-0.23672493;[ 2.6498861  80.49603    -0.25033525]
2.3599305;71.229454;-0.24779154;[ 2.6224403  72.18863    -0.25044766]
3.487154;72.32565;-0.23694351;[ 2.62607    73.28778    -0.25043377]
2.3138194;73.108086;-0.24316342;[ 2.628496  74.02428   -0.2504201]
3.451942;68.28649;-0.25136483;[ 2.6123912  69.145775   -0.25048783]
3.3382082;68.0002;-0.24339436;[ 2.609784   68.36317    -0.25049907]
2.0297055;73.95048;-0.24140117;[ 2.6302705  74.5543     -0.25042152]
0.37843788;94.109764;-0.25253892;[ 2.699699   95.56419    -0.25014815]
1.4788146;87.66454;-0.23868196;[ 2.676092   88.42241    -0.25024033]
1.6272243;80.32268;-0.23821175;[ 2.6556854 82.24575   -0.2503211]
1.8545563;73.89271;-0.24277039;[ 2.6312857 74.8664    -0.2504168]
2.1055028;73.42252;-0.24166751;[ 2.6297455 74.40958   -0.2504254]
0.43143988;92.20016;-0.23464167;[ 2.6936758  93.73228    -0.25016233]
1.548321;85.776306;-0.23496182;[ 2.671251  86.94986   -0.2502498]
1.3625773;85.354454;-0.23141456;[ 2.672009   87.174126   -0.25024787]
1.6858842;78.667885;-0.23373252;[ 2.648221   79.98419    -0.25034243]
1.7870113;80.21752;-0.24260503;[ 2.6553495 82.13959   -0.2503227]
1.8613884;72.94968;-0.24272364;[ 2.6318848 75.04757   -0.2504136]
1.8479007;73.42895;-0.24102397;[ 2.6328661 75.33713   -0.2504086]
0.37516522;93.951225;-0.2537361;[ 2.6994922  95.514755   -0.25014952]
1.4856081;87.21604;-0.2394091;[ 2.6758008 88.343735  -0.2502417]
1.586162;79.75496;-0.24336235;[ 2.6548214  81.99423    -0.25032246]
1.5790821;80.183914;-0.24130246;[ 2.655667   82.24347    -0.25031793]
1.5461999;87.18482;-0.24664572;[ 2.6761231  88.45535    -0.25024286]
1.6133895;80.046906;-0.23935267;[ 2.6558723  82.30339    -0.25031942]
1.3468496;87.049034;-0.24582867;[ 2.6779375 88.99092   -0.2502346]
1.6286623;80.26881;-0.2385169;[ 2.6561573  82.39       -0.25031933]
1.6807051;72.93098;-0.2438476;[ 2.633252   75.463776   -0.25040713]
1.6697781;73.3653;-0.24332745;[ 2.6338696  75.64373    -0.25040397]
1.8084171;73.73864;-0.24073459;[ 2.6321099  75.12169    -0.25041437]
1.9883537;73.64977;-0.24091153;[ 2.6312394  74.85447    -0.25041878]
0.61129403;89.7522;-0.2494471;[ 2.6840043 90.805786  -0.250199 ]
1.5558541;83.06537;-0.24521579;[ 2.660466   83.691605   -0.25029218]
2.0511076;79.720055;-0.23197113;[ 2.6512747 80.893234  -0.250328 ]
1.8280352;76.27533;-0.24433261;[ 2.6382113  76.94739    -0.25038025]
4.190746;78.073975;-0.2724706;[ 2.6459517  79.28768    -0.25035304]
1.8858252;80.9208;-0.2465761;[ 2.6566389  82.512985   -0.25031832]
2.0160565;74.24499;-0.24197373;[ 2.631936   75.04744    -0.25041446]
1.5126001;88.106834;-0.24886015;[ 2.678192   89.0365     -0.25023305]
1.8836006;80.991486;-0.2433114;[ 2.6555364  82.18799    -0.25032318]
1.7240705;80.6655;-0.23923963;[ 2.6561325  82.37752    -0.25032097]
1.7896628;84.21174;-0.22999977;[ 2.6673455  85.767975   -0.25027516]
1.5821735;80.90401;-0.24217926;[ 2.6547797 81.96977   -0.2503233]
0.38094473;94.8582;-0.24994305;[ 2.7004108  95.77025    -0.25014466]
1.7362919;84.8079;-0.22308184;[ 2.6695704 86.43771   -0.2502662]
1.3481908;87.71444;-0.23761873;[ 2.6781108  89.02072    -0.25023025]
1.7496445;80.743324;-0.23875254;[ 2.6553044  82.12006    -0.25032255]
2.0050259;73.69596;-0.23869942;[ 2.6349905 75.97555   -0.2504031]
2.1704853;73.71726;-0.24174197;[ 2.6341171  75.70418    -0.25040737]
1.591846;80.93035;-0.23998167;[ 2.6548252 81.986145  -0.2503245]
0.37121558;94.6686;-0.2524937;[ 2.7002978  95.74872    -0.25014615]
1.3339853;88.125725;-0.24006407;[ 2.6781921  89.061      -0.25023228]
1.5891045;87.461876;-0.25022644;[ 2.678925   89.28029    -0.25023037]
1.7521491;81.01996;-0.24028951;[ 2.6537495  81.661606   -0.25032994]
1.7700183;80.64862;-0.24197601;[ 2.6568942  82.61205    -0.25031605]
1.2673967;87.79592;-0.23889484;[ 2.6787667 89.23151   -0.2502291]
1.7201834;80.589714;-0.24289688;[ 2.657464 82.78441  -0.250315]
2.054342;73.81369;-0.24123196;[ 2.6346602  75.87312    -0.25040433]
1.9823803;83.9558;-0.23500656;[ 2.6637316 84.661995  -0.2502736]
1.5243404;87.34372;-0.24500683;[ 2.6704564  86.71167    -0.25024745]
1.606241;80.41168;-0.24613512;[ 2.6476538 79.80936   -0.2503388]
2.7083588;78.90873;-0.24059369;[ 2.6473768  79.721176   -0.25034901]
2.4472094;71.64053;-0.24559832;[ 2.6226432 72.24683   -0.2504466]
2.7164478;85.66436;-0.24110207;[ 2.6696324  86.46596    -0.25026044]
3.0500798;82.801476;-0.23557267;[ 2.659308  83.34758   -0.2503016]
2.9696774;79.12356;-0.23246849;[ 2.6490996  80.26041    -0.25034127]
2.4343963;78.43184;-0.24587868;[ 2.6449234  78.999176   -0.25035852]
2.9141874;75.602394;-0.2402349;[ 2.6345196  75.85651    -0.25040007]
2.968393;75.569435;-0.23609374;[ 2.6374996 76.74611   -0.2503863]
2.9780555;75.735245;-0.23527665;[ 2.6373513  76.70427    -0.25038975]
2.403309;74.98501;-0.23934813;[ 2.6374419 76.727066  -0.2503883]
2.9590697;68.8111;-0.2400436;[ 2.6122394  69.10416    -0.25048816]
1.5822821;87.66597;-0.24574111;[ 2.6782541  89.06839    -0.25023198]
1.5037363;87.807816;-0.24255967;[ 2.6752162  88.15843    -0.25024343]
1.7350756;80.91755;-0.24335918;[ 2.6535401 81.59855   -0.2503296]
1.7339736;80.88892;-0.23841271;[ 2.6554165  82.15836    -0.25032154]
1.4388609;87.71844;-0.24301578;[ 2.6778684  88.952515   -0.25023496]
1.7457681;84.22856;-0.2314482;[ 2.6668324  85.61498    -0.25027734]
1.8129207;74.092445;-0.24420442;[ 2.6320794  75.099144   -0.25041366]
1.4965101;83.961266;-0.24328351;[ 2.6649473  85.05521    -0.25028554]
2.0609474;84.45614;-0.22451247;[ 2.6668816  85.6413     -0.25027728]
1.6316206;77.10436;-0.24507599;[ 2.6402273  77.58751    -0.25038296]
1.3858283;84.20969;-0.24219203;[ 2.6666045  85.55237    -0.25028053]
1.7227767;80.67021;-0.23125;[ 2.6553729  82.157875   -0.25032434]
1.5684363;77.29609;-0.24320647;[ 2.6418312 78.066376  -0.2503779]
1.7846365;77.20613;-0.24256492;[ 2.6427264  78.32091    -0.25037393]
1.7751817;81.24006;-0.22138518;[ 2.6547816  81.96797    -0.25032485]
1.7432518;77.35291;-0.2416481;[ 2.6415179  77.96283    -0.25037855]
1.617168;83.659485;-0.24219686;[ 2.6648507  84.998886   -0.25027144]
4.139058;78.958145;-0.26893777;[ 2.6472993 79.69574   -0.2503445]
3.8010442;72.027176;-0.2671931;[ 2.621703  71.95911   -0.2504444]
0.6196331;90.41799;-0.2429595;[ 2.687062   91.727066   -0.25018278]
1.7007577;83.39405;-0.24161847;[ 2.6626928 84.35765   -0.2502808]
3.6253326;78.64637;-0.26795086;[ 2.6458867  79.279465   -0.25035083]
1.5512245;87.38387;-0.22619371;[ 2.676477   88.52651    -0.25022405]
3.680799;78.816986;-0.2676242;[ 2.6439648  78.70584    -0.25035653]
1.5568314;83.48964;-0.23942442;[ 2.6652153  85.12019    -0.25026727]
3.8594477;78.77137;-0.2630094;[ 2.6474457 79.74971   -0.2503415]
3.92264;75.911224;-0.24951452;[ 2.636314   76.38425    -0.25038645]
3.9866219;79.007866;-0.23911342;[ 2.646243   79.390594   -0.25034827]
3.9838898;75.78917;-0.24457254;[ 2.6335056  75.54364    -0.25039825]
1.8051368;76.50367;-0.24105047;[ 2.640205  77.55135   -0.2503711]
1.6413202;80.425705;-0.22733659;[ 2.6522653  81.197365   -0.25032145]
1.8287394;79.90402;-0.2362393;[ 2.6502192  80.581696   -0.25033018]
1.6505085;76.68624;-0.24558659;[ 2.6371665  76.63806    -0.25038105]
3.6103134;71.74171;-0.26802057;[ 2.6212552  71.83186    -0.25044745]
1.9810661;76.63554;-0.24082734;[ 2.6404824  77.63033    -0.25036937]
2.838643;78.92399;-0.24549223;[ 2.6487103 80.11565   -0.2503428]
2.7058291;75.18697;-0.23953788;[ 2.6363492  76.38083    -0.25039142]
2.72405;78.362404;-0.24543793;[ 2.647473   79.75177    -0.25034535]
2.728376;78.60743;-0.24486107;[ 2.648975  80.20566   -0.2503428]
3.369424;82.17997;-0.23993523;[ 2.6589527 83.23865   -0.2503028]
3.8404303;78.97259;-0.26204136;[ 2.647926   79.906845   -0.25034493]
2.7313209;78.450035;-0.24390516;[ 2.6482263  79.98746    -0.25034362]
2.7709644;74.95681;-0.2382649;[ 2.6373906  76.711914   -0.25038892]
2.9415164;75.17993;-0.23692964;[ 2.63709    76.60994    -0.25038916]
1.7541423;81.00471;-0.2430596;[ 2.653796   81.67326    -0.25032872]
1.4265089;87.528175;-0.24466263;[ 2.6779413  88.981674   -0.25023454]
1.5679979;80.86117;-0.24434967;[ 2.6542363 81.81465   -0.2503271]
1.5731285;80.57218;-0.23959379;[ 2.6561131 82.37438   -0.2503191]
1.8403301;74.0575;-0.24379309;[ 2.6319833  75.07084    -0.25041518]
1.8127761;81.060356;-0.25032958;[ 2.6553154  82.11255    -0.25032353]
0.6089065;90.325424;-0.24479996;[ 2.6858728  91.37316    -0.25018936]
3.9305024;82.42301;-0.2505011;[ 2.6584492  83.08755    -0.25030088]
1.5638155;83.16445;-0.24531998;[ 2.6611154  83.88638    -0.25028872]
3.8296177;82.41488;-0.24755627;[ 2.6582086 83.01303   -0.2503016]
1.5295492;83.599556;-0.24046215;[ 2.6645315  84.91914    -0.25027192]
3.8025298;75.49221;-0.25348434;[ 2.6365447  76.4617     -0.25038627]
3.5450149;71.42924;-0.2683693;[ 2.6226268  72.25061    -0.25044274]
4.208359;79.39547;-0.23399898;[ 2.6480818  79.951744   -0.25034225]
4.2388525;76.12643;-0.24351895;[ 2.6345215  75.85029    -0.25039482]
3.7310338;78.58422;-0.26890817;[ 2.6465294  79.475494   -0.25034994]
1.6784327;76.180275;-0.24422032;[ 2.6397836 77.429306  -0.2503746]
1.6100966;83.56686;-0.24367516;[ 2.6636841 84.65113   -0.2502781]
4.038379;78.850624;-0.27029952;[ 2.6464963  79.45796    -0.25034964]
4.0694838;75.663246;-0.25026524;[ 2.6362374 76.356155  -0.2503892]
3.5596485;71.43528;-0.26918715;[ 2.6231675  72.403      -0.25044328]
2.5233154;78.40567;-0.24714334;[ 2.6472528  79.699295   -0.25035006]
2.4963932;71.40095;-0.2512646;[ 2.6241417  72.707535   -0.25044045]
2.6804426;78.51361;-0.24626611;[ 2.6483366  80.02392    -0.25034645]
2.6691678;72.0693;-0.24683551;[ 2.6231055 72.380646  -0.2504438]
1.6191087;79.51676;-0.22350448;[ 2.6504614  80.66187    -0.25033322]
1.6343815;80.005196;-0.22480759;[ 2.651932   81.103195   -0.25032532]
0.45796323;83.70449;-0.22719827;[ 2.6629405  84.42715    -0.25028202]
1.6295422;79.418846;-0.22356313;[ 2.6504266  80.65021    -0.25033325]
1.7397165;72.401825;-0.22465071;[ 2.6273186  73.65724    -0.25042626]
1.8940704;72.76023;-0.22325128;[ 2.6282644  73.93428    -0.25042105]
1.8998758;72.66232;-0.22330926;[ 2.6282299 73.92262   -0.2504211]
1.3501246;80.28535;-0.23241259;[ 2.6541996  81.790375   -0.25032115]
1.7066016;76.822075;-0.22140183;[ 2.641506   77.95091    -0.25037554]
1.8520957;76.81378;-0.22340491;[ 2.64247   78.234055  -0.2503693]
1.5719455;84.07917;-0.24328318;[ 2.664637   84.95647    -0.25028524]
1.3964205;83.39602;-0.2379648;[ 2.6668718  85.61897    -0.25027347]
1.4011477;83.58119;-0.24334002;[ 2.6654768  85.20059    -0.25028336]
3.0242114;81.34681;-0.23887041;[ 2.6557128 82.25298   -0.250314 ]
2.4866354;67.04031;-0.2469441;[ 2.6074433  67.65913    -0.25050586]
0.41188645;91.00689;-0.24859332;[ 2.6877189 91.92795   -0.2501939]
1.7711134;77.14428;-0.24015862;[ 2.6403897  77.62555    -0.25037998]
1.3630793;83.73607;-0.23707229;[ 2.6659033  85.32622    -0.25027758]
1.6240835;80.365685;-0.22819214;[ 2.6552994  82.12117    -0.25032145]
2.120475;73.3135;-0.22866741;[ 2.6310182 74.78557   -0.2504196]
1.6476648;80.54295;-0.22420341;[ 2.655905   82.30531    -0.25032088]
1.9195098;77.04034;-0.24202552;[ 2.6425943 78.27243   -0.2503743]
2.0431333;70.35631;-0.23972699;[ 2.6181512 70.88592   -0.2504679]
1.4830158;81.93937;-0.23186919;[ 2.6594276  83.35437    -0.25029567]
1.5533153;83.43449;-0.23968038;[ 2.6634355 84.60387   -0.2502916]
1.6675937;76.49633;-0.23613976;[ 2.6418016 78.05647   -0.2503778]
1.6303802;77.08564;-0.23808782;[ 2.6407576  77.74428    -0.25038064]
1.8163829;77.17521;-0.23770258;[ 2.641724   78.0195     -0.25037548]
1.8381915;76.6549;-0.23907036;[ 2.6411932  77.86243    -0.25037992]
1.7991333;77.36793;-0.236996;[ 2.6408198  77.75197    -0.25037923]
1.8139969;77.320564;-0.23567057;[ 2.6423507  78.201546   -0.25037375]
1.8139882;77.42754;-0.23564768;[ 2.643597  78.5755    -0.2503665]
1.5661478;84.363144;-0.23804316;[ 2.6647804  85.0016     -0.25028563]
1.7088779;77.71146;-0.23898071;[ 2.6420212  78.11908    -0.25037292]
1.5354936;84.405876;-0.2377313;[ 2.6661398  85.41564    -0.25027594]
1.6288154;77.09151;-0.23958027;[ 2.642431   78.235054   -0.25037158]
1.6512417;77.17043;-0.23685262;[ 2.642214   78.169174   -0.25037378]
1.617152;77.40501;-0.2388774;[ 2.6433072 78.5071    -0.2503677]
1.9817431;70.92431;-0.23862052;[ 2.619772   71.37622    -0.25046086]
2.988527;76.97049;-0.23949774;[ 2.6424367  78.242676   -0.25036672]
2.7450297;78.95623;-0.2469008;[ 2.647553  79.795456  -0.2503399]
3.0357897;73.70547;-0.23700738;[ 2.632706   75.29085    -0.25040695]
3.5674715;70.4395;-0.2438047;[ 2.6227736  72.2935     -0.25044426]
2.6853383;66.74991;-0.24599206;[ 2.60693   67.49448   -0.2505071]
3.7719078;70.97823;-0.23897919;[ 2.6207094  71.6558     -0.25045168]
3.9379783;67.24299;-0.2572396;[ 2.6097372 68.34309   -0.2504933]
2.1007714;80.31037;-0.22791898;[ 2.652839   81.372856   -0.25033107]
1.5360247;83.70736;-0.23985778;[ 2.6629817  84.45984    -0.25028953]
2.0947504;80.4311;-0.2292646;[ 2.6513875  80.95008    -0.25033712]
0.40990424;90.98503;-0.24636315;[ 2.687865  91.97368   -0.2501923]
1.411114;83.66518;-0.23633164;[ 2.6661038 85.38896   -0.2502762]
1.8748207;80.07314;-0.22929943;[ 2.6532261  81.50003    -0.25033072]
1.4109123;83.888725;-0.24033298;[ 2.6655674 85.22712   -0.2502824]
1.6406322;77.09502;-0.23670045;[ 2.6405191  77.659225   -0.25038064]
1.6263273;80.251366;-0.22566032;[ 2.6535938  81.61098    -0.25032896]
1.9027526;77.556915;-0.24121892;[ 2.6423063  78.181      -0.25037354]
1.8917177;84.05194;-0.22680424;[ 2.6646335  84.94752    -0.25028256]
1.580374;80.24225;-0.23678139;[ 2.65229    81.21923    -0.25033104]
1.5847291;83.38112;-0.22414261;[ 2.6640615  84.778625   -0.25028428]
1.8611608;83.34548;-0.2261966;[ 2.6625004 84.3067    -0.2502913]
1.9266737;76.13299;-0.23380668;[ 2.6389902  77.20352    -0.25038448]
1.6811378;72.78627;-0.23772368;[ 2.6293795  74.28726    -0.25042045]
1.698771;76.991455;-0.22385393;[ 2.643443 78.535446 -0.250367]
2.2486646;72.941635;-0.22843641;[ 2.6293867 74.288864  -0.2504243]
2.13247;76.58896;-0.22592856;[ 2.6402967  77.57678    -0.25037926]
1.8275218;73.23516;-0.2364632;[ 2.6283185  73.96001    -0.25042558]
1.9354355;65.95592;-0.24568082;[ 2.6045926  66.79135    -0.25051957]
0.458578;88.53921;-0.2313053;[ 2.681381   90.006714   -0.25020817]
1.70808;77.67035;-0.2392737;[ 2.6444404  78.84575    -0.25035623]
1.5433092;81.28034;-0.23433176;[ 2.655579   82.213776   -0.25031012]
1.4097137;81.44571;-0.2280869;[ 2.6590185  83.23946    -0.25029868]
1.7754792;70.705055;-0.24032712;[ 2.6223178  72.15057    -0.25044477]
1.6440208;74.33538;-0.23525746;[ 2.6333334  75.48097    -0.25039926]
1.4897536;81.78757;-0.23077749;[ 2.659165   83.2738     -0.25029653]
3.7484767;78.70812;-0.24009919;[ 2.6454258  79.143616   -0.25035325]
2.5785887;79.6594;-0.24922925;[ 2.6488492  80.18426    -0.25033563]
3.8605096;74.52039;-0.25853336;[ 2.6327188  75.30452    -0.25040346]
2.5223117;77.49127;-0.23586313;[ 2.6458979  79.28685    -0.25035188]
2.6415544;73.98319;-0.24595205;[ 2.6314828  74.9332     -0.25040886]
2.9938354;73.8545;-0.24015741;[ 2.634546  75.84648   -0.2503957]
2.5683715;72.59617;-0.24665125;[ 2.626753   73.49711    -0.25042492]
2.4494011;70.444984;-0.23743185;[ 2.6230733  72.38081    -0.25044376]
3.146843;74.76355;-0.23821793;[ 2.6346002  75.85353    -0.25039735]
2.9644217;70.62491;-0.23893775;[ 2.6217735 71.97798   -0.250448 ]
0.40902722;91.31816;-0.24503374;[ 2.6887608  92.243866   -0.25018862]
1.5366454;84.0107;-0.23944622;[ 2.663536   84.62818    -0.25028753]
1.7721424;77.224174;-0.24065119;[ 2.640718   77.72806    -0.25037864]
1.3347332;83.88279;-0.23612602;[ 2.6661735  85.411064   -0.25027615]
1.7630374;77.131035;-0.23674689;[ 2.6426888  78.308075   -0.25037068]
1.655101;77.02245;-0.23553231;[ 2.6439617  78.69469    -0.25036716]
1.8607734;80.325096;-0.22925574;[ 2.653592  81.6109    -0.2503293]
2.0927043;73.530785;-0.23053971;[ 2.6314816 74.9236    -0.2504173]
1.7983708;85.258644;-0.22558479;[ 2.6705985  86.75228    -0.25024995]
1.5424718;81.82075;-0.23401973;[ 2.657749   82.87071    -0.25030014]
1.8067435;70.54984;-0.23952514;[ 2.6224632  72.19437    -0.25044423]
1.4867857;82.43121;-0.2303059;[ 2.6617708  84.063866   -0.25028515]
1.8508193;78.65269;-0.22105995;[ 2.6502924  80.5941     -0.25033003]
2.0683637;78.500725;-0.22534771;[ 2.6483884  80.02067    -0.25033814]
0.3999591;91.283585;-0.248774;[ 2.6884208 92.15249   -0.2501918]
1.5463212;84.07337;-0.23972718;[ 2.6650317 85.07868   -0.2502854]
1.8640645;80.44979;-0.2326726;[ 2.653209   81.50731    -0.25033158]
1.6534715;77.06512;-0.2374718;[ 2.6423564 78.21864   -0.2503731]
1.6643;77.049065;-0.23544045;[ 2.64346    78.54963    -0.25037026]
1.7344307;70.371284;-0.24555811;[ 2.6191585 71.206894  -0.2504648]
2.072851;80.712944;-0.22844553;[ 2.6539733  81.725784   -0.25032866]
0.42093086;87.07786;-0.24056773;[ 2.675115   88.113785   -0.25024128]
1.5879223;79.99877;-0.23380153;[ 2.6508245  80.7785     -0.25033632]
1.587769;83.46997;-0.22553913;[ 2.6639245 84.735794  -0.2502852]
1.8358506;76.65302;-0.224191;[ 2.6417809 78.024956  -0.2503718]
0.41923833;87.48176;-0.23916462;[ 2.6763592 88.490265  -0.2502353]
2.2151182;79.89236;-0.22726195;[ 2.651211   80.894646   -0.25033665]
1.918855;76.58608;-0.23374815;[ 2.6396747  77.411316   -0.25038102]
1.3913491;80.4999;-0.23573597;[ 2.6538794 81.6872    -0.2503265]
1.9354904;65.99245;-0.24567997;[ 2.6046262  66.80119    -0.25051942]
1.5728354;83.50829;-0.22434415;[ 2.6642568  84.83891    -0.25028253]
1.5852356;83.343254;-0.22354993;[ 2.6643496  84.86281    -0.25028306]
1.3414383;79.94405;-0.23282968;[ 2.653534   81.586716   -0.25032425]
1.681088;76.626816;-0.22560737;[ 2.6429303  78.38057    -0.25036722]
1.7250869;73.31101;-0.23242468;[ 2.6302094  74.53656    -0.25041994]
1.8412755;76.75176;-0.22405066;[ 2.6420205  78.099266   -0.25037053]
1.8901601;73.638824;-0.23330212;[ 2.6298585 74.42132   -0.2504202]
1.4922693;84.76322;-0.24128874;[ 2.6661534  85.395615   -0.25027937]
1.7992458;77.458275;-0.23572423;[ 2.641592   77.97294    -0.25037473]
1.8367299;77.25117;-0.23636639;[ 2.6428924  78.36423    -0.25037178]
1.6342317;84.3099;-0.23852296;[ 2.6658053 85.307175  -0.2502816]
1.7815335;76.9075;-0.23941554;[ 2.6426008 78.292244  -0.2503731]
1.3205588;84.0122;-0.23497663;[ 2.6659646  85.34999    -0.25027782]
1.7607958;77.06175;-0.23663455;[ 2.6426713  78.3089     -0.25037184]
1.6307626;76.75617;-0.24053556;[ 2.6416693  78.0065     -0.25037464]
1.8639565;69.92244;-0.24407713;[ 2.6190062  71.15471    -0.25046536]
1.7901183;81.182144;-0.22009236;[ 2.6550288  82.032074   -0.25032234]
1.6255403;80.50759;-0.22443168;[ 2.6537223  81.65055    -0.25032866]
1.660351;77.14947;-0.23588128;[ 2.6436276  78.59419    -0.25036895]
1.9205003;77.56099;-0.23790494;[ 2.643628   78.58669    -0.25037006]
2.0656867;70.14355;-0.2387832;[ 2.6204228  71.571556   -0.25046155]
2.053845;70.54402;-0.23788036;[ 2.6183093  70.93555    -0.25046828]
1.5344043;83.85667;-0.23921655;[ 2.6650786  85.09814    -0.25028515]
1.6316253;77.18842;-0.2450747;[ 2.6401443 77.56299   -0.2503831]
1.8165712;77.08845;-0.23859054;[ 2.6428578 78.36383   -0.2503735]
2.0924892;74.24168;-0.2317183;[ 2.6311722 74.829865  -0.2504177]
1.9074057;70.38442;-0.24445172;[ 2.617907   70.823746   -0.25047106]
1.5688443;86.373634;-0.22163871;[ 2.675786   88.30942    -0.25023657]
1.8343482;79.9636;-0.22808646;[ 2.6534731 81.556046  -0.2503247]
1.5536609;86.75324;-0.22806166;[ 2.6758637 88.33536   -0.2502352]
1.445967;86.555405;-0.22392619;[ 2.6768682  88.64148    -0.25023216]
3.728979;84.17213;-0.23372756;[ 2.6683185 86.060585  -0.2502579]
5.172582;74.127655;-0.23617584;[ 2.632708  75.289024  -0.2503976]
3.6197615;77.411575;-0.23368657;[ 2.6459394  79.283936   -0.25034732]
2.9672236;74.84054;-0.2401907;[ 2.6351247  76.00323    -0.25039464]
0.4518193;92.95583;-0.2279436;[ 2.6969266  94.70943    -0.25015038]
1.6198725;86.257645;-0.22877428;[ 2.674781   88.0105     -0.25023896]
1.6588991;79.72637;-0.2341926;[ 2.6538713  81.68204    -0.25032082]
1.6032177;82.26287;-0.23064667;[ 2.6603277 83.64231   -0.2502931]
1.3993145;82.55977;-0.22817585;[ 2.6636782  84.650665   -0.25028074]
1.8613528;85.6339;-0.22359724;[ 2.672302   87.26135    -0.25024724]
1.5606985;81.797844;-0.23046453;[ 2.6592128  83.30693    -0.25029874]
3.0481915;76.56036;-0.23280066;[ 2.640822   77.740814   -0.25036567]
1.4017296;82.40757;-0.22879256;[ 2.6625032 84.29347   -0.2502863]
2.595309;70.33292;-0.23956646;[ 2.6230555  72.36936    -0.25044215]
1.87777;78.97453;-0.21875066;[ 2.651185   80.86519    -0.25033075]
3.3472643;80.42181;-0.23268948;[ 2.6558485 82.28909   -0.250306 ]
2.4512153;75.5383;-0.24135053;[ 2.640261   77.58405    -0.25037044]
3.2378268;73.59677;-0.23315963;[ 2.6344984  75.826385   -0.25039187]
2.2363348;73.66671;-0.23678635;[ 2.6325092  75.23798    -0.25039783]
2.5193553;68.88445;-0.24331129;[ 2.6186767  71.05243    -0.25045687]
2.54789;65.29845;-0.26595515;[ 2.6042159 66.68542   -0.250514 ]
3.3686223;73.65363;-0.23279016;[ 2.6335118  75.525475   -0.25039527]
2.679598;65.18901;-0.2630434;[ 2.603562  66.47657   -0.2505155]
2.836565;75.31655;-0.23962367;[ 2.6355758 76.13899   -0.2503926]
0.46118855;92.62948;-0.22788702;[ 2.6967058 94.642105  -0.2501512]
1.581861;86.03405;-0.22785746;[ 2.6731267  87.50792    -0.25024438]
1.4311137;86.03805;-0.23010612;[ 2.6754456  88.208916   -0.25023618]
1.8790017;79.273506;-0.22782719;[ 2.6507459  80.73134    -0.25033376]
1.5508866;82.175125;-0.2306734;[ 2.660646   83.73901    -0.25029182]
1.5032511;82.53503;-0.22557233;[ 2.662853  84.393814  -0.2502839]
1.8356292;75.40872;-0.23066886;[ 2.6382005  76.94291    -0.25038177]
3.2098575;85.16152;-0.23421994;[ 2.667713   85.88225    -0.25025946]
2.2605867;77.63751;-0.17225623;[ 2.6436234  78.58956    -0.25035262]
3.1504488;78.282814;-0.23422383;[ 2.6453137 79.100235  -0.2503496]
1.5435817;86.459785;-0.2272481;[ 2.6758986 88.34059   -0.2502343]
1.6242003;86.36262;-0.22901037;[ 2.675679   88.283005   -0.25023538]
1.563865;86.61527;-0.2317647;[ 2.6758585  88.33292    -0.25023288]
2.5307364;74.76864;-0.23721072;[ 2.6356366  76.167274   -0.25039232]
2.8427784;81.86876;-0.221373;[ 2.6583695  83.0338     -0.25029325]
2.5716553;82.12984;-0.23903102;[ 2.6574044 82.77193   -0.2503083]
2.2928543;78.722725;-0.22976692;[ 2.6492205  80.298096   -0.25034192]
1.8387296;75.2391;-0.24396594;[ 2.6367164  76.51073    -0.25039136]
1.6249642;79.98028;-0.2322355;[ 2.6552927  82.11548    -0.25031614]
2.4600155;75.487404;-0.24121541;[ 2.6357183  76.21129    -0.25039524]
1.5353827;86.48408;-0.22827658;[ 2.6759398  88.360535   -0.25023484]
1.5125122;87.27207;-0.2468206;[ 2.6768618  88.63318    -0.25023714]
1.8647004;80.417;-0.23940362;[ 2.6530433  81.45026    -0.25033247]
1.5271597;86.690765;-0.23813356;[ 2.678381  89.10034   -0.2502292]
1.7351804;80.13476;-0.23791157;[ 2.6544027  81.85196    -0.25032467]
1.7777537;79.572716;-0.23859237;[ 2.655795   82.27089    -0.25031918]
1.4370668;87.25565;-0.24154554;[ 2.677105  88.71358   -0.2502362]
1.713349;80.62733;-0.23708707;[ 2.6533537  81.53645    -0.25033087]
1.7573854;80.031624;-0.23802131;[ 2.6547644  81.96118    -0.25032496]
1.9808514;73.5734;-0.23702249;[ 2.6310387  74.78947    -0.25041944]
1.8439716;79.62521;-0.22901313;[ 2.6492662  80.286125   -0.25033298]
1.5964704;82.6664;-0.24453975;[ 2.6599567  83.51939    -0.25029168]
3.841013;77.78038;-0.26992598;[ 2.6427145  78.32819    -0.25036532]
3.987215;81.59449;-0.2497039;[ 2.6541657 81.78876   -0.2503178]
4.2968116;78.751465;-0.23899813;[ 2.6441586  78.7627     -0.25035846]
1.5778474;82.10147;-0.2403083;[ 2.660923   83.81873    -0.25028658]
3.7850728;71.02416;-0.26487505;[ 2.620703   71.664444   -0.25045213]
2.6301794;74.908195;-0.2348202;[ 2.6338627  75.63188    -0.25040206]
2.8851976;78.11263;-0.24678448;[ 2.6449716 78.99065   -0.2503587]
2.8876061;84.92114;-0.24736404;[ 2.6674337  85.797714   -0.25026974]
2.6421072;81.663765;-0.23421101;[ 2.6560411 82.354256  -0.2503145]
2.747034;77.666756;-0.24308428;[ 2.6462433  79.38321    -0.25035217]
2.8127441;70.837166;-0.24509737;[ 2.6232505  72.431335   -0.25044414]
2.7385063;75.24387;-0.23295781;[ 2.635682   76.1848     -0.25039476]
2.8848066;71.27711;-0.24508083;[ 2.6222625  72.12727    -0.25044996]
1.8688233;80.729546;-0.24859914;[ 2.6534214  81.5421     -0.25033137]
2.0380158;77.671616;-0.22568142;[ 2.6424534 78.225555  -0.2503738]
1.7669832;84.756615;-0.22230458;[ 2.6666026  85.53426    -0.25027776]
1.7655913;80.5713;-0.24022873;[ 2.654211   81.7975     -0.25032812]
1.5038342;91.172035;-0.22342461;[ 2.687736   91.93799    -0.25019422]
1.7634873;84.427185;-0.22511241;[ 2.664632   84.94793    -0.25028628]
1.516911;86.997215;-0.23975943;[ 2.6777916  88.92502    -0.25023234]
1.8309915;72.53147;-0.2436429;[ 2.6308193 74.72565   -0.2504192]
1.782356;80.55326;-0.24036054;[ 2.6537707 81.653244  -0.2503293]
2.0320592;73.61019;-0.24093646;[ 2.6307726  74.70097    -0.25042072]
1.8391765;77.994125;-0.22397876;[ 2.644269   78.77783    -0.25036666]
3.6455426;74.78183;-0.23844182;[ 2.6337285  75.59671    -0.25040263]
2.4882414;75.66673;-0.25167567;[ 2.635942  76.26958   -0.2503912]
3.7674747;70.69413;-0.26141334;[ 2.6195629  71.31737    -0.25045964]
2.9261003;83.982796;-0.24180984;[ 2.6652682 85.15021   -0.2502797]
3.6484556;81.28639;-0.24101064;[ 2.6546478  81.93889    -0.25032088]
2.4917064;81.58208;-0.22818089;[ 2.657556  82.81117   -0.2503094]
2.4517035;79.22848;-0.23745951;[ 2.6474233  79.754425   -0.25034562]
2.5062919;74.81275;-0.22781248;[ 2.6348765  75.93994    -0.25039926]
3.5899115;74.46736;-0.24049135;[ 2.6325545  75.25044    -0.25040823]
2.4276862;74.69388;-0.22895491;[ 2.6352386  76.05455    -0.25039816]
1.5185672;87.41629;-0.2397165;[ 2.6755495  88.26503    -0.25024366]
1.9042943;80.34465;-0.243572;[ 2.6505167  80.69543    -0.25034267]
1.602632;79.85223;-0.2419684;[ 2.654241  81.81497   -0.2503266]
2.0303116;72.77769;-0.24109381;[ 2.6277866  73.81941    -0.25043178]
2.0226202;78.111305;-0.22072506;[ 2.6433794  78.51619    -0.25037053]
2.0372376;73.59615;-0.23978186;[ 2.628631   74.06621    -0.25042883]
1.6246145;79.345055;-0.23505117;[ 2.6492445 80.30152   -0.2503459]
1.5878501;82.91688;-0.2248083;[ 2.6614857  84.002754   -0.25029618]
1.687149;75.59978;-0.22817297;[ 2.640398  77.62146   -0.2503789]
1.713388;76.238976;-0.22207578;[ 2.6395483  77.35752    -0.25038436]
1.4593569;79.556984;-0.24100836;[ 2.6496463  80.40202    -0.25034454]
1.8673899;76.0962;-0.22561565;[ 2.6391788  77.24388    -0.25038463]
1.8706392;76.31194;-0.22112282;[ 2.638856   77.14494    -0.25038722]
1.8641256;76.136696;-0.22445656;[ 2.6386125  77.07428    -0.25038707]
1.514556;79.167206;-0.23504691;[ 2.6513948 80.939026  -0.2503368]
1.7106953;75.721794;-0.22605824;[ 2.6405823 77.673805  -0.2503794]
1.6921659;76.21364;-0.22289106;[ 2.639767   77.42552    -0.25038308]
1.8634694;76.17854;-0.22362584;[ 2.6393616  77.2962     -0.25038505]
2.233487;72.98032;-0.22339763;[ 2.6280985 73.89152   -0.2504297]
0.40558553;86.36062;-0.24174142;[ 2.672117   87.211494   -0.25025555]
1.8797609;83.01999;-0.22756396;[ 2.661079   83.87688    -0.25029987]
1.5636694;79.35088;-0.23767687;[ 2.6491907  80.2858     -0.25034624]
1.5716597;83.11963;-0.2230031;[ 2.6615312  84.01474    -0.25029707]
2.0523193;75.80549;-0.2261603;[ 2.640173   77.548325   -0.25038183]
2.044538;76.220085;-0.2246465;[ 2.6390471  77.20685    -0.25038725]
1.4593947;79.560005;-0.24100836;[ 2.6496565 80.405014  -0.2503445]
1.8686942;76.25579;-0.224677;[ 2.639274  77.26993   -0.2503854]
1.8471602;76.36387;-0.22357213;[ 2.639349  77.291245  -0.2503846]
2.246427;72.98032;-0.22339763;[ 2.628095  73.89045   -0.2504297]
1.9666756;69.241684;-0.22920132;[ 2.6158426  70.18945    -0.25047722]
3.961709;77.23059;-0.2405196;[ 2.6413221  77.9066     -0.25037238]
2.6260955;77.00446;-0.23408867;[ 2.64177    78.041534   -0.25037012]
2.8907137;72.86698;-0.23896645;[ 2.6313198 74.87271   -0.2504117]
4.087907;66.14222;-0.2624342;[ 2.6079767 67.82045   -0.2505029]
3.8308628;70.46592;-0.24397078;[ 2.6211808  71.80957    -0.25045022]
3.911865;70.43573;-0.23928848;[ 2.6192775 71.23239   -0.2504596]
3.8715017;70.5183;-0.24262094;[ 2.6206846  71.65528    -0.25045204]
3.9819932;70.42208;-0.24011886;[ 2.6188598  71.09953    -0.25046134]
4.1244707;66.61893;-0.25880206;[ 2.6069589  67.5045     -0.25050798]
1.4788442;83.44816;-0.24631548;[ 2.662759   84.373474   -0.25029388]
1.8246462;76.39417;-0.23600535;[ 2.641158  77.848305  -0.2503785]
1.6438029;80.1414;-0.22640295;[ 2.6523857 81.24367   -0.2503337]
1.6370432;80.16613;-0.22585852;[ 2.6519983 81.12718   -0.2503354]
1.8275366;80.30418;-0.22454163;[ 2.6548114  81.96824    -0.25032452]
0.38052654;90.327705;-0.24876475;[ 2.686817   91.65971    -0.25019848]
1.3912737;83.519646;-0.24218011;[ 2.6646495  84.94948    -0.25028664]
1.674664;80.15882;-0.2255431;[ 2.6552293  82.09865    -0.25032294]
3.063416;76.956856;-0.2401977;[ 2.641571   77.98149    -0.25037175]
2.5656078;65.82765;-0.24991722;[ 2.6060894  67.25031    -0.25051188]
1.4736642;83.54448;-0.24892853;[ 2.6631725  84.49754    -0.25029248]
1.7992707;80.438225;-0.22321428;[ 2.6518683 81.09611   -0.2503369]
1.8078864;76.229324;-0.23676918;[ 2.6416764  78.01021    -0.25037703]
1.6585343;80.268074;-0.22395341;[ 2.6525667 81.29755   -0.2503344]
1.5206525;80.59112;-0.22861192;[ 2.6567137  82.54553    -0.25030738]
1.724858;74.1155;-0.23336555;[ 2.6312685  74.854065   -0.25040904]
1.8745295;77.87348;-0.21992028;[ 2.6443558 78.80002   -0.2503567]
0.374308;90.58401;-0.2527099;[ 2.6865633 91.59682   -0.2502019]
1.5793756;83.610916;-0.23985052;[ 2.6629453  84.45767    -0.25029424]
1.5599409;83.57307;-0.23891029;[ 2.6622908  84.26319    -0.25029635]
1.6760798;75.999825;-0.23831561;[ 2.6417038 78.02845   -0.2503771]
1.6654494;76.82668;-0.23708762;[ 2.640405   77.637085   -0.25038284]
1.8644097;76.80188;-0.23924945;[ 2.6404846  77.65101    -0.25038323]
1.8446302;76.761375;-0.2383092;[ 2.6398296 77.456406  -0.2503853]
3.0977173;80.25703;-0.23955694;[ 2.6524863 81.28267   -0.2503289]
3.8786774;77.595695;-0.24419062;[ 2.643704   78.62923    -0.25036162]
3.8784604;77.7194;-0.23677737;[ 2.643379   78.53013    -0.25036246]
2.9022791;69.62908;-0.24237774;[ 2.6192667  71.23027    -0.25045997]
3.0088408;73.42907;-0.2389342;[ 2.6303787  74.58993    -0.25041687]
2.4441514;70.145325;-0.23919056;[ 2.619799   71.39075    -0.25045747]
3.0419087;70.104324;-0.23991433;[ 2.6189365  71.123665   -0.25046185]
1.8454607;76.434654;-0.24133039;[ 2.639731   77.41518    -0.25038412]
1.809907;76.3276;-0.2426934;[ 2.6391873  77.26665    -0.25038645]
1.5102721;83.099976;-0.238835;[ 2.6644726  84.89882    -0.25028583]
1.8090308;76.311905;-0.23897246;[ 2.6412573  77.87999    -0.25037882]
1.98718;79.72695;-0.23017271;[ 2.6532419  81.50529    -0.25033045]
1.8921304;73.41688;-0.22897968;[ 2.629832   74.42239    -0.25042373]
1.7528279;76.73991;-0.2393256;[ 2.6408982  77.773224   -0.25038147]
2.46799;73.399254;-0.2306874;[ 2.6291978  74.228516   -0.25042772]
2.0966341;69.515564;-0.24199007;[ 2.6167266  70.45996    -0.25047544]
1.887267;69.80572;-0.242979;[ 2.621195   71.81093    -0.25045013]
1.6975183;77.68353;-0.22226231;[ 2.645957   79.29052    -0.25034955]
1.9336904;70.40319;-0.23840773;[ 2.6206203  71.635864   -0.25045308]
1.8708827;77.72657;-0.22130935;[ 2.645225   79.06596    -0.25035265]
1.4697003;83.945915;-0.24203606;[ 2.6647675  84.98045    -0.25028569]
1.819274;80.40197;-0.22333251;[ 2.6536298 81.6149    -0.2503285]
1.8626859;76.78663;-0.23648423;[ 2.641985  78.09241   -0.2503749]
1.7251122;76.86887;-0.2402783;[ 2.640128 77.5533   -0.250383]
1.3921771;83.92613;-0.23824167;[ 2.6650066  85.060455   -0.25028518]
1.6534963;77.023705;-0.23441;[ 2.6411898  77.86095    -0.25037915]
1.6506312;80.69994;-0.2272528;[ 2.6522741  81.22368    -0.25033545]
1.7266073;67.85929;-0.24554913;[ 2.6190515  71.17114    -0.25046363]
1.7486279;69.158066;-0.2409536;[ 2.618615  71.03706   -0.2504661]
1.5656698;80.74841;-0.23479767;[ 2.6538343  81.68666    -0.25031987]
1.7045764;73.436874;-0.23701425;[ 2.6317217 74.99285   -0.2504069]
1.3898667;81.0523;-0.22981112;[ 2.6559532  82.31369    -0.25031176]
1.9828254;77.66514;-0.22537176;[ 2.6443858  78.81719    -0.25035787]
1.8690295;77.68687;-0.22385882;[ 2.6437502  78.620026   -0.25035965]
2.98788;81.602776;-0.23769149;[ 2.6587622 83.17529   -0.2502958]
3.0352833;75.21315;-0.23850176;[ 2.6352406  76.063965   -0.25039035]
3.6185327;80.32717;-0.23506051;[ 2.6554482  82.17204    -0.25030544]
2.876074;76.7741;-0.24184835;[ 2.6440303  78.722565   -0.25035304]
3.2986796;71.67483;-0.23644769;[ 2.6280835  73.89055    -0.25041485]
3.352627;72.35788;-0.23299241;[ 2.626936   73.53627    -0.25042084]
3.8485956;73.5826;-0.2359394;[ 2.633203  75.43062   -0.2503942]
2.4796486;73.756004;-0.23466758;[ 2.63295    75.36229    -0.25039333]
3.142123;70.02953;-0.24260886;[ 2.62178    71.9796     -0.25044182]
1.5928131;85.0506;-0.23352338;[ 2.6689034 86.24024   -0.2502609]
1.4125794;84.88941;-0.23220606;[ 2.6695545 86.431015  -0.2502582]
1.7221956;78.25828;-0.23141497;[ 2.647009  79.61172   -0.2503475]
2.5823102;75.62597;-0.2510529;[ 2.6349235  75.96402    -0.25039524]
3.4105377;74.43539;-0.24394867;[ 2.6314995 74.93768   -0.2504134]
2.5381858;82.35532;-0.25197035;[ 2.657356  82.75964   -0.2503055]
3.572092;74.58575;-0.2523645;[ 2.6301606  74.53705    -0.25041714]
3.6541288;74.99593;-0.23623869;[ 2.635201   76.04556    -0.25039718]
3.6046848;74.38145;-0.2421227;[ 2.6327937  75.31984    -0.25040653]
2.426323;68.73932;-0.2554257;[ 2.611955  69.02154   -0.2504858]
3.740628;70.62501;-0.26217237;[ 2.6195595  71.32297    -0.25045773]
3.5792089;67.855095;-0.2518281;[ 2.6076903 67.73041   -0.250507 ]
3.4477894;67.64799;-0.24360994;[ 2.6086693 68.02198   -0.2505041]
2.5005887;68.654106;-0.25416267;[ 2.6114578  68.86643    -0.25048938]
3.6945667;83.40588;-0.2391486;[ 2.6630726  84.47681    -0.25027907]
4.070137;80.68348;-0.23772842;[ 2.6528292  81.377846   -0.25031894]
5.08365;77.21497;-0.25637618;[ 2.6387465  77.12383    -0.25037414]
3.3270833;76.32172;-0.2401202;[ 2.6412468  77.869156   -0.25036472]
6.029642;80.017624;-0.23326685;[ 2.6506193  80.68121    -0.25031656]
2.155055;72.54934;-0.20596576;[ 2.634358   75.78458    -0.25038603]
3.6832342;75.67092;-0.2430633;[ 2.6368113  76.524445   -0.25037926]
1.5063419;86.61086;-0.25311297;[ 2.6752183  88.14984    -0.25024503]
1.7857018;80.45217;-0.23797387;[ 2.6509235 80.80941   -0.250341 ]
1.5127945;87.176315;-0.23855692;[ 2.6732464 87.572136  -0.2502515]
1.4910375;86.07748;-0.24227543;[ 2.6770372  88.70654    -0.25023627]
3.524763;75.03185;-0.24023159;[ 2.634523  75.835236  -0.2503994]
3.4254858;81.77071;-0.23941545;[ 2.6567702  82.578735   -0.25031126]
3.2476783;75.10879;-0.24218804;[ 2.6340077  75.69464    -0.25040242]
3.3975124;74.84466;-0.23961373;[ 2.635463  76.12663   -0.2503956]
3.5065022;75.29612;-0.23629463;[ 2.6351912 76.037865  -0.2503975]
3.5043793;75.314735;-0.23600405;[ 2.6355276 76.14675   -0.250396 ]
2.3720334;72.76588;-0.22892626;[ 2.6258984  73.2249     -0.25043148]
3.35581;68.36994;-0.24296387;[ 2.6117604  68.95116    -0.25049058]
1.874941;80.55953;-0.24841523;[ 2.6519032  81.09904    -0.25033745]
2.0381243;77.843544;-0.22369814;[ 2.6420608  78.11847    -0.25037557]
1.7933235;80.69035;-0.23873492;[ 2.6521254 81.168594  -0.2503362]
1.5845706;87.37211;-0.24936996;[ 2.6745424  87.958954   -0.25024772]
1.5200018;87.422165;-0.23930348;[ 2.6745753  87.96922    -0.25024638]
1.7705356;79.54262;-0.2411855;[ 2.6529267  81.419266   -0.25033236]
2.041463;72.83987;-0.24067803;[ 2.62843    74.00907    -0.25042957]
1.5937227;84.3284;-0.22058916;[ 2.669042  86.28232   -0.2502675]
1.8383372;78.23655;-0.2351005;[ 2.6443202  78.79614    -0.25035873]
1.6232609;77.966064;-0.23620677;[ 2.6487467 80.13435   -0.250339 ]
1.4058145;84.80038;-0.2326015;[ 2.668885  86.22885   -0.2502611]
1.7611934;78.29561;-0.23303153;[ 2.646568   79.48053    -0.25035036]
1.8640947;78.33119;-0.23541483;[ 2.646002   79.30289    -0.25035292]
2.525009;83.043465;-0.2347431;[ 2.6618137  84.09264    -0.25028616]
2.4632354;76.3911;-0.23491095;[ 2.6399622  77.47682    -0.25037217]
4.102662;84.44018;-0.27378207;[ 2.666562  85.54252   -0.2502708]
1.571847;82.465996;-0.24276106;[ 2.6586301  83.14052    -0.25029728]
3.7189724;81.62665;-0.24532583;[ 2.6576576  82.84746    -0.25030684]
1.5454;82.124535;-0.2397158;[ 2.662058   84.168465   -0.25028366]
1.6712457;75.81016;-0.24291562;[ 2.6367757  76.5242     -0.25038326]
3.934318;70.92736;-0.2680885;[ 2.6198564  71.41416    -0.25045395]
1.5833849;82.443016;-0.24837591;[ 2.660339   83.64212    -0.25029194]
1.8473196;75.74084;-0.24205738;[ 2.636309   76.378296   -0.25038677]
3.9893448;70.86043;-0.26727837;[ 2.6193962  71.26996    -0.25045747]
2.7248244;84.63201;-0.2528012;[ 2.6680033 85.97859   -0.2502686]
3.8158212;81.87647;-0.24208511;[ 2.660698   83.76378    -0.25029585]
2.6054738;71.21266;-0.24810581;[ 2.6207855  71.696785   -0.25045416]
3.8085244;75.063286;-0.24173886;[ 2.6378665  76.8468     -0.25038645]
0.35860968;93.82989;-0.25393304;[ 2.6995308  95.515076   -0.25014898]
1.7732372;80.65891;-0.24091554;[ 2.651452  80.975235  -0.2503389]
1.8672702;73.96814;-0.24108788;[ 2.6295621  74.349304   -0.25042504]
3.898223;74.998886;-0.24949023;[ 2.6347022  75.88395    -0.25039402]
4.0130377;74.77948;-0.2552417;[ 2.6336918  75.58264    -0.25039876]
4.0503426;85.10202;-0.27057317;[ 2.6671903  85.72539    -0.25026622]
4.0085955;81.56461;-0.25572738;[ 2.6564903  82.48888    -0.25030822]
3.911609;81.75368;-0.24877085;[ 2.6568959 82.61068   -0.2503064]
3.5102167;75.279106;-0.2547657;[ 2.6375766  76.761444   -0.25038204]
1.7779187;75.61972;-0.24274716;[ 2.638159  76.939964  -0.2503785]
3.6084487;70.697754;-0.2660913;[ 2.622282   72.14366    -0.25044477]
1.5167459;83.059044;-0.2389781;[ 2.6610096 83.84309   -0.2502877]
3.949793;78.20745;-0.26405534;[ 2.6450596 79.02528   -0.2503542]
1.6564853;76.47356;-0.24500749;[ 2.6368928 76.55501   -0.2503814]
1.937685;76.14755;-0.24284673;[ 2.6364243  76.40813    -0.25038671]
2.83689;78.235435;-0.24641366;[ 2.6464322  79.43117    -0.25035295]
2.8713703;74.84175;-0.23970857;[ 2.6361234 76.31506   -0.2503932]
2.5684912;71.41234;-0.24894041;[ 2.6219068  72.022675   -0.25044888]
2.6461859;77.68873;-0.24287036;[ 2.648034  79.92227   -0.2503447]
2.4417973;70.89135;-0.24625029;[ 2.6234314 72.49133   -0.2504431]
2.040062;77.73671;-0.22554761;[ 2.6458893 79.258224  -0.2503592]
2.3589444;77.4123;-0.2299029;[ 2.64532   79.09208   -0.2503619]
1.4878409;87.42605;-0.25023076;[ 2.6777952  88.91783    -0.25023404]
1.7684884;84.33399;-0.22468111;[ 2.6681423  85.995964   -0.25027123]
1.5885142;80.66621;-0.24221575;[ 2.654499   81.88464    -0.25032318]
1.8431381;80.61558;-0.24264061;[ 2.6539001  81.70018    -0.25032905]
1.6846838;80.58581;-0.23881686;[ 2.6544204  81.86427    -0.25032693]
1.5038824;87.42051;-0.24156365;[ 2.6766417 88.58772   -0.250236 ]
1.4973903;86.796;-0.23969382;[ 2.6794648  89.43015    -0.25022528]
1.7976887;80.11327;-0.23833123;[ 2.6578248  82.87863    -0.25031087]
2.1691434;77.36057;-0.23112303;[ 2.6459384  79.28272    -0.25035885]
1.8484354;74.182495;-0.2433261;[ 2.6312764  74.85417    -0.25041518]
2.1244195;74.05903;-0.2425153;[ 2.6306667  74.66312    -0.25042105]
1.6353302;77.0268;-0.23787837;[ 2.642809   78.35068    -0.25036976]
1.9048661;73.596565;-0.23389795;[ 2.6314156  74.908356   -0.25041774]
1.4863228;84.51393;-0.24773724;[ 2.6659517 85.34213   -0.2502808]
1.7927903;80.95148;-0.22451957;[ 2.654954   82.01946    -0.25032377]
1.805766;83.48402;-0.22902104;[ 2.661728   84.053925   -0.25028175]
1.7744946;89.98338;-0.23561679;[ 2.683054  90.51825   -0.2501978]
1.5345705;90.24423;-0.22832541;[ 2.6839244 90.781906  -0.2501941]
1.5450059;85.87727;-0.24041389;[ 2.6721165  87.203735   -0.25024107]
2.8899534;74.61092;-0.23846869;[ 2.6335266  75.53964    -0.25040448]
3.256929;75.02561;-0.24049804;[ 2.6365633 76.45575   -0.2503905]
2.9867716;78.95969;-0.23470241;[ 2.6489677 80.22188   -0.2503415]
2.8786407;81.3939;-0.23888187;[ 2.6564107  82.47145    -0.25031352]
3.1798725;78.56312;-0.23282985;[ 2.6462295 79.39584   -0.2503542]
2.5875156;77.572754;-0.24695875;[ 2.6414924  77.96664    -0.25037217]
2.4994113;81.76195;-0.23233618;[ 2.657529   82.80988    -0.25030887]
2.9517078;78.9282;-0.22712693;[ 2.647331   79.72907    -0.25034958]
5.8064013;75.04653;-0.22781011;[ 2.633901   75.66472    -0.25040403]
3.0591903;74.59153;-0.2342583;[ 2.6359682  76.28717    -0.25039396]
3.0759087;74.9994;-0.23357756;[ 2.6352687  76.073746   -0.25039756]
3.2279625;75.010796;-0.24175751;[ 2.6371348  76.63222    -0.25038803]
2.9587634;72.16419;-0.23590052;[ 2.6267874  73.50592    -0.25042933]
2.858239;74.615395;-0.23956555;[ 2.634348   75.79157    -0.25040036]
2.550026;70.87622;-0.24712966;[ 2.6194887  71.305374   -0.25045875]
3.109414;74.98754;-0.23648933;[ 2.634711   75.89882    -0.25040016]
3.1140356;68.02745;-0.24020252;[ 2.609035  68.14254   -0.2505019]
1.7889185;84.41808;-0.22571847;[ 2.6656313  85.24092    -0.25028172]
2.0821571;84.04423;-0.23184748;[ 2.6637712 84.68956   -0.2502898]
1.8340281;73.54752;-0.24434829;[ 2.6284099 73.99354   -0.2504284]
0.37449884;90.52896;-0.25264928;[ 2.686596   91.60591    -0.25020137]
1.5410926;87.28268;-0.22504447;[ 2.6761994  88.46091    -0.25024182]
1.9696621;80.246414;-0.2332965;[ 2.6517036  81.05476    -0.25033814]
1.9086521;80.22071;-0.23306124;[ 2.6515975  81.027855   -0.25033784]
1.9015799;84.5081;-0.2193313;[ 2.6661263  85.41578    -0.25028145]
1.6600374;80.3713;-0.22317657;[ 2.6551232  82.082794   -0.25032398]
1.6651573;76.74283;-0.24024992;[ 2.6406963  77.71882    -0.25038198]
1.6107041;76.6616;-0.24401222;[ 2.6400847  77.53992    -0.25038323]
1.987992;73.5581;-0.23343778;[ 2.6295931 74.36656   -0.2504244]
1.7878873;76.59142;-0.24300392;[ 2.6396475  77.40311    -0.25038645]
1.9232905;69.41757;-0.24494451;[ 2.6159637  70.24078    -0.25047922]
1.5730683;86.40759;-0.23063329;[ 2.6728547  87.43524    -0.25024328]
4.0061655;81.18047;-0.25331658;[ 2.657058  82.66284   -0.2503089]
4.3061028;81.19891;-0.25467777;[ 2.6562676  82.424194   -0.25031283]
1.5711333;86.74481;-0.22597098;[ 2.673778   87.71455    -0.25024024]
4.025219;81.49476;-0.24696621;[ 2.6574566 82.78464   -0.2503078]
1.5666614;82.46717;-0.23988748;[ 2.662178   84.2001     -0.25028548]
3.9738054;74.39945;-0.2539172;[ 2.634891   75.95128    -0.25039637]
1.6630148;75.901764;-0.24563701;[ 2.6373198 76.68644   -0.2503832]
3.9974434;74.40065;-0.2527596;[ 2.6340694  75.69986    -0.25040033]
4.3114424;74.41289;-0.25416836;[ 2.6333835  75.492386   -0.25040382]
1.8467662;79.98221;-0.22661713;[ 2.651585  80.98764   -0.2503279]
3.8685656;78.443405;-0.26471052;[ 2.646215   79.38966    -0.25035375]
3.024528;81.8868;-0.23778574;[ 2.6578772  82.91338    -0.25030807]
2.6317413;77.97419;-0.24825889;[ 2.6444128  78.84701    -0.25036013]
2.6636152;82.18999;-0.23129088;[ 2.6592062  83.315796   -0.25030255]
3.2185774;76.07723;-0.24551961;[ 2.6398878  77.475      -0.25037408]
3.8493567;71.64888;-0.25887606;[ 2.6243072  72.75702    -0.25044036]
2.7676272;78.295616;-0.25298715;[ 2.6462352  79.378716   -0.25035453]
3.43287;75.149445;-0.24138735;[ 2.6356952  76.19161    -0.25039622]
3.2467628;76.06028;-0.24924833;[ 2.6391523  77.24667    -0.25037724]
3.8608887;71.63331;-0.26382226;[ 2.623579  72.5308    -0.2504435]
2.6511672;75.427376;-0.23192362;[ 2.6370132 76.5889    -0.2503902]
1.900892;84.26406;-0.23240791;[ 2.6659384 85.34758   -0.250281 ]
1.7681955;80.32573;-0.24367572;[ 2.6512146  80.89813    -0.25033918]
1.787964;80.23515;-0.24076127;[ 2.6551588  82.078      -0.25032336]
1.6138918;80.234535;-0.23770782;[ 2.6558902  82.30513    -0.25032023]
1.7023766;80.66557;-0.24546875;[ 2.6543438  81.82991    -0.25032791]
1.8640072;77.80751;-0.22645606;[ 2.6447875 78.93593   -0.2503646]
1.8563044;73.66263;-0.24401462;[ 2.629243   74.24665    -0.25042567]
2.0484176;77.80846;-0.22551449;[ 2.6439865  78.69054    -0.25036848]
2.371895;77.48217;-0.23077464;[ 2.6421902  78.150826   -0.25037622]
1.8228765;76.8174;-0.23585363;[ 2.63984   77.448975  -0.2503837]
1.5491221;83.41794;-0.24061875;[ 2.6634333  84.59633    -0.25028932]
1.4973478;83.03861;-0.23829429;[ 2.6655302  85.21745    -0.25028142]
1.7332718;76.74004;-0.23702873;[ 2.640809   77.74884    -0.25038108]
2.0097156;73.86822;-0.22345781;[ 2.631156   74.82036    -0.25041845]
1.5277795;84.08767;-0.23743936;[ 2.6624987  84.32178    -0.25029287]
1.6261468;80.92544;-0.22627565;[ 2.654375   81.86191    -0.25032732]
1.6427194;76.51368;-0.23791979;[ 2.642025  78.12334   -0.2503746]
2.0149662;77.50389;-0.22088042;[ 2.64578   79.24109   -0.2503606]
1.8169274;76.63206;-0.23919186;[ 2.6382606  76.98594    -0.25039014]
1.8244758;76.36185;-0.23594867;[ 2.641594  77.98575   -0.2503779]
1.6341214;80.32893;-0.2221656;[ 2.6551697  82.085144   -0.25032225]
1.6463804;79.80479;-0.22796914;[ 2.6533575 81.54053   -0.2503298]
1.6730983;76.59774;-0.23756118;[ 2.6391335 77.24089   -0.2503854]
1.9120469;76.74197;-0.24228835;[ 2.6402373  77.56764    -0.25038487]
2.0935175;69.90269;-0.23862328;[ 2.6158204 70.1881    -0.2504799]
0.38332784;90.52638;-0.24731635;[ 2.6873672  91.8268     -0.25019613]
1.5552051;83.58767;-0.24069288;[ 2.6626756  84.36943    -0.25029507]
2.00463;80.123955;-0.22632442;[ 2.654237   81.8027     -0.25032702]
1.6724803;76.40095;-0.23715341;[ 2.641586   77.97968    -0.25037515]
1.83307;69.83475;-0.24026729;[ 2.6171703  70.60569    -0.25047252]
2.0042684;69.876175;-0.23920076;[ 2.6167078 70.46156   -0.2504755]
1.4716804;83.03944;-0.24154088;[ 2.6647894  85.00566    -0.25028598]
1.6601474;75.77784;-0.23815136;[ 2.6405644  77.68465    -0.25038105]
1.6740472;76.62823;-0.23629245;[ 2.6403952  77.63202    -0.25038266]
1.8464253;76.6438;-0.23905075;[ 2.6396632  77.40466    -0.25038585]
1.4938803;83.06135;-0.24453658;[ 2.662511  84.32828   -0.2502955]
1.6628408;80.00754;-0.22539935;[ 2.6554265  82.17227    -0.25032243]
1.7852265;76.24816;-0.24375924;[ 2.6396725  77.40898    -0.25038612]
1.8936996;69.092316;-0.24093606;[ 2.6160092 70.25435   -0.2504797]
0.37477696;90.55188;-0.25269923;[ 2.6865444  91.59114    -0.25020197]
1.4801191;83.34171;-0.24071713;[ 2.6652572  85.148224   -0.25028482]
1.6761935;76.00463;-0.23831561;[ 2.6417515  78.04282    -0.25037682]
1.6498678;76.80164;-0.23926082;[ 2.6396043  77.39465    -0.25038528]
1.7615142;69.49451;-0.24601543;[ 2.6163597  70.36514    -0.25047633]
1.4580963;83.74523;-0.25174302;[ 2.6639082 84.73224   -0.2502917]
2.1996686;73.7331;-0.23131458;[ 2.6291006  74.211624   -0.25042805]
1.9359821;73.83398;-0.22625786;[ 2.6305442 74.64228   -0.2504218]
1.5142096;86.15988;-0.22824751;[ 2.6735528 87.63259   -0.2502436]
1.9091222;75.53322;-0.2383476;[ 2.636047   76.2912     -0.25038996]
1.6314564;82.256035;-0.23894735;[ 2.6583548  83.04964    -0.25030053]
1.7172184;75.61736;-0.23914765;[ 2.63653    76.440216   -0.25038624]
4.2020473;81.16501;-0.23388569;[ 2.656535 82.49872  -0.250303]
3.4903119;76.84141;-0.2381009;[ 2.6420085  78.092834   -0.25036234]
1.7676371;74.15883;-0.24114168;[ 2.6345336  75.83813    -0.25039753]
2.5858831;77.60145;-0.24658231;[ 2.642737  78.343155  -0.2503687]
2.8733606;82.29075;-0.2499233;[ 2.656805   82.60126    -0.25030985]
3.6926558;81.439705;-0.23805931;[ 2.6561487 82.39882   -0.2503153]
3.7957792;81.31367;-0.23702425;[ 2.6563737  82.466194   -0.25031483]
2.987646;82.22076;-0.2526416;[ 2.6588705  83.221565   -0.25030258]
3.3839667;76.323524;-0.26154256;[ 2.6393466  77.31392    -0.25037473]
4.484893;74.69743;-0.25455633;[ 2.6329896 75.39407   -0.2504062]
4.5539412;71.3115;-0.275168;[ 2.619204   71.22916    -0.25045982]
2.411363;75.025185;-0.2548664;[ 2.6338456  75.65331    -0.25040105]
3.8098438;70.54847;-0.25897595;[ 2.622237   72.13762    -0.25044766]
3.9856887;70.93085;-0.25919038;[ 2.6202745  71.54861    -0.25045615]
3.7223024;74.46493;-0.23468481;[ 2.634461   75.83174    -0.25040138]
3.4470334;69.68964;-0.26169273;[ 2.617512   70.700134   -0.25046012]
4.1012707;70.68087;-0.25538266;[ 2.621567   71.93283    -0.25045228]
2.4290054;68.39932;-0.25716814;[ 2.6121106  69.0697     -0.25048622]
2.8634577;64.1661;-0.2682453;[ 2.5978715  64.76932    -0.25054452]
3.6943398;74.65293;-0.23763211;[ 2.6332061  75.44956    -0.25040653]
4.0525427;70.92786;-0.2591283;[ 2.6197531  71.38599    -0.25045988]
3.7920232;74.50049;-0.23653871;[ 2.6335351  75.54692    -0.25040546]
3.8403778;71.896996;-0.2361702;[ 2.6232557 72.4387    -0.2504453]
4.2113333;68.068825;-0.25385863;[ 2.6098154  68.37783    -0.25049877]
3.0308194;75.40757;-0.2517995;[ 2.6360319 76.30232   -0.2503932]
4.4831376;67.90832;-0.25406387;[ 2.6100402 68.44261   -0.2504975]
2.5726864;68.361115;-0.2544551;[ 2.6118174 68.97741   -0.2504899]
1.5158157;86.395775;-0.22811241;[ 2.6737008  87.6803     -0.25024298]
1.5600402;86.51114;-0.23270531;[ 2.6722965  87.264915   -0.25024804]
1.6340007;79.43803;-0.23339242;[ 2.6540167 81.72417   -0.2503192]
1.7177404;75.143105;-0.24022591;[ 2.6363544  76.38457    -0.25038692]
1.6581578;79.788185;-0.23301224;[ 2.6501334  80.5552     -0.25033548]
2.1634188;73.949326;-0.2334428;[ 2.632793  75.30266   -0.2503942]
1.790591;80.0945;-0.24073334;[ 2.6507025  80.75003    -0.25034255]
1.5164154;86.8379;-0.2414614;[ 2.6730251 87.51274   -0.250253 ]
0.3795116;93.69886;-0.25396362;[ 2.697934   95.04597    -0.25015652]
1.5093665;87.150764;-0.2399856;[ 2.6741033  87.83981    -0.25024945]
1.8357956;73.28099;-0.24082975;[ 2.6308193  74.72717    -0.25041783]
1.5755754;79.92298;-0.23897567;[ 2.6540709 81.76851   -0.2503269]
1.6099783;80.13638;-0.2416196;[ 2.6511536  80.892395   -0.25033906]
1.6043142;80.45075;-0.24015681;[ 2.6522298  81.21844    -0.25033557]
1.7955246;80.642784;-0.23880489;[ 2.6526954 81.33946   -0.2503338]
1.8402741;80.62445;-0.24467276;[ 2.6538105  81.67703    -0.25033054]
1.7493212;80.36765;-0.24270743;[ 2.6517043 81.0538    -0.2503367]
1.6132946;79.759834;-0.24141662;[ 2.65412    81.775375   -0.25032657]
1.4251046;86.99694;-0.24573018;[ 2.6774561  88.832405   -0.25023606]
1.8438132;73.582664;-0.24324991;[ 2.6296132 74.36707   -0.2504238]
0.38554943;91.29134;-0.24902125;[ 2.6885834 92.20143   -0.2501922]
1.5190635;84.312744;-0.23788428;[ 2.6643481  84.8786     -0.25028637]
1.6314148;77.02509;-0.23995045;[ 2.6426327 78.304276  -0.2503719]
1.3922105;84.38923;-0.24224015;[ 2.666422  85.4926    -0.2502802]
1.6368163;76.97141;-0.23974915;[ 2.6423423  78.21448    -0.25037503]
1.8357564;73.5636;-0.233956;[ 2.631239   74.858795   -0.25041807]
1.8036947;77.14354;-0.23868063;[ 2.6420796 78.13019   -0.2503766]
2.0191658;73.671165;-0.23292497;[ 2.6309474  74.765915   -0.25041997]
2.3572283;83.27335;-0.23640768;[ 2.6625834 84.32475   -0.2502841]
2.262615;75.70617;-0.23707205;[ 2.6399446  77.46832    -0.25037256]
2.360647;76.527626;-0.23415238;[ 2.6405683 77.658325  -0.2503709]
4.0210567;77.827;-0.26987284;[ 2.6428707  78.38057    -0.25036415]
3.8221555;77.66483;-0.27022249;[ 2.6425354 78.27965   -0.2503663]
4.0571885;82.03013;-0.24511519;[ 2.6561995 82.41001   -0.2503111]
1.6700594;75.360405;-0.24647577;[ 2.6381888 76.949524  -0.250378 ]
1.6841135;75.87701;-0.24152085;[ 2.6385005  77.043434   -0.25037733]
3.9218297;74.83395;-0.25323966;[ 2.6339874 75.68361   -0.2503993]
1.6709929;75.791954;-0.24487057;[ 2.636667   76.492905   -0.25038576]
3.9836378;74.88199;-0.25198558;[ 2.633198   75.44122    -0.25040323]
3.769699;82.189514;-0.24002627;[ 2.660429  83.68527   -0.2502969]
2.8582444;74.616135;-0.23999575;[ 2.6363153  76.38865    -0.25039318]
2.7626066;71.31085;-0.24685936;[ 2.6222968  72.149475   -0.25044948]
2.819808;71.20025;-0.24848889;[ 2.6214309  71.883804   -0.25045314]
2.6194994;71.28481;-0.24593432;[ 2.6216364  71.948975   -0.25045243]
2.6104887;75.3547;-0.23035192;[ 2.6357522  76.21042    -0.25039613]
1.6106001;80.49845;-0.24164394;[ 2.6536875 81.64729   -0.2503292]
1.7910119;80.49897;-0.24060746;[ 2.6529884  81.43242    -0.25033295]
1.5150677;87.36516;-0.24126853;[ 2.6758063  88.34321    -0.25024217]
1.5793397;80.044075;-0.24461725;[ 2.6526818  81.34993    -0.25033358]
1.8619729;73.184364;-0.24405631;[ 2.6319387  75.06035    -0.25041547]
1.7504647;80.58698;-0.24233374;[ 2.6541295 81.775375  -0.2503293]
1.8520933;73.292946;-0.24395458;[ 2.6302295 74.548676  -0.2504234]
1.6765599;73.34363;-0.24481465;[ 2.630724   74.70364    -0.25041988]
2.0678205;73.717705;-0.2415168;[ 2.630625   74.660904   -0.25042278]
1.5295067;83.32438;-0.24364565;[ 2.6626     84.35655    -0.25029498]
1.9730701;80.24157;-0.23372012;[ 2.6509519 80.8298    -0.2503409]
1.6444025;76.1594;-0.24595128;[ 2.6383517  77.0229     -0.25038975]
1.6543003;80.200035;-0.22465487;[ 2.654832   81.99449    -0.25032532]
1.6776245;76.31849;-0.23794931;[ 2.6415236  77.97057    -0.25037736]
1.7222096;69.27166;-0.24640602;[ 2.6188874  71.12486    -0.25046518]
1.3742661;83.71032;-0.24516875;[ 2.6645691  84.93779    -0.25028828]
1.6483605;80.439156;-0.22556233;[ 2.6540031  81.74091    -0.25032935]
1.691665;76.80108;-0.23631835;[ 2.6410937 77.84162   -0.2503806]
1.7613817;69.46568;-0.24602772;[ 2.6163836  70.37275    -0.25047615]
1.8146442;80.502785;-0.22465478;[ 2.653211   81.49797    -0.25033325]
1.8252014;80.74604;-0.2248576;[ 2.6539218  81.71185    -0.25033003]
1.8636446;76.77662;-0.23920302;[ 2.6403089  77.59845    -0.25038385]
1.8395212;76.823555;-0.23927954;[ 2.6395683  77.37578    -0.25038743]
1.6498511;79.85941;-0.23319684;[ 2.6554735  82.16333    -0.25031257]
0.43305504;91.88499;-0.23703495;[ 2.6939728  93.829025   -0.25016233]
1.7564697;81.95669;-0.24384634;[ 2.659222   83.324135   -0.25030047]
1.4312632;84.721306;-0.231839;[ 2.6726942 87.38755   -0.2502452]
1.6250281;78.6969;-0.2349017;[ 2.6484375 80.05278   -0.2503411]
2.0852032;75.11181;-0.24320479;[ 2.638072  76.91192   -0.2503853]
2.4608548;77.70013;-0.24628435;[ 2.6438665  78.68407    -0.25036559]
2.5039196;74.90006;-0.2571487;[ 2.635204  76.05722   -0.2503922]
3.1124547;70.189995;-0.26724517;[ 2.6187196  71.07652    -0.25046173]
3.6776373;82.00854;-0.23455998;[ 2.6576948  82.86653    -0.25030884]
3.8649442;79.26252;-0.2326222;[ 2.6480348  79.943565   -0.25034654]
2.9366407;75.257744;-0.250581;[ 2.6364198  76.42218    -0.25038928]
3.823222;70.485504;-0.26132646;[ 2.6200247  71.46661    -0.25045767]
2.3959842;70.613976;-0.24865174;[ 2.6217382 71.983246  -0.2504524]
3.5914443;74.87148;-0.2342176;[ 2.6342995  75.78526    -0.25040278]
2.652354;74.549286;-0.23539232;[ 2.63447   75.83455   -0.2504022]
3.1882634;63.448544;-0.2671155;[ 2.5966346  64.39101    -0.25054884]
2.9137502;75.78466;-0.25264883;[ 2.6365952 76.46739   -0.2503893]
3.8936124;72.52367;-0.2333588;[ 2.6257896  73.20076    -0.25043467]
1.7920643;80.24122;-0.24052638;[ 2.6520147  81.14072    -0.25033736]
1.5955555;87.4017;-0.24961103;[ 2.674714  88.02395   -0.2502478]
1.526259;87.50753;-0.24347718;[ 2.6763217  88.49983    -0.25024062]
1.5865283;79.5038;-0.24378622;[ 2.6531644  81.49618    -0.25032926]
1.471032;86.781;-0.24159439;[ 2.6772451  88.78042    -0.25023696]
1.6232948;80.143265;-0.24025784;[ 2.654548   81.90614    -0.25032482]
1.4147991;87.37699;-0.24666534;[ 2.676989   88.702034   -0.25023916]
1.8965659;74.0322;-0.2395763;[ 2.631501   74.9316     -0.25041613]
1.6799147;72.81048;-0.244087;[ 2.6312594  74.865295   -0.25041535]
0.43279338;92.03622;-0.23620093;[ 2.6932108  93.60022    -0.25016564]
1.7574204;82.28659;-0.24201658;[ 2.6603537  83.65734    -0.25029585]
1.6777788;78.31057;-0.23614644;[ 2.6486561  80.11647    -0.25034136]
0.37933898;94.29122;-0.25394937;[ 2.6989202 95.351105  -0.2501528]
1.4917879;87.24584;-0.24190977;[ 2.6742892  87.90174    -0.25024813]
1.5825438;80.47573;-0.24065258;[ 2.6529453  81.43313    -0.25033054]
1.5627651;80.34952;-0.24063474;[ 2.6544209  81.88005    -0.25032485]
1.6173522;80.230576;-0.23780827;[ 2.6543453  81.85419    -0.25032502]
1.7307768;73.82354;-0.2443845;[ 2.6319404  75.0679     -0.25041145]
1.7012498;73.58561;-0.2399162;[ 2.6337585  75.620895   -0.25040686]
1.6780558;73.822;-0.24251884;[ 2.631186  74.84271   -0.2504155]
1.503334;87.478035;-0.25308666;[ 2.6760764  88.43062    -0.25024348]
1.7772039;80.638985;-0.24347739;[ 2.65394  81.72751  -0.250329]
1.8998384;73.756325;-0.24361663;[ 2.631457   74.92135    -0.25041568]
1.8787849;73.495125;-0.24229051;[ 2.6328282  75.33628    -0.25041172]
2.1343367;74.974464;-0.23131041;[ 2.637306   76.67632    -0.25038263]
1.9589205;81.707466;-0.23068704;[ 2.6595116 83.4041    -0.2502939]
2.3193989;72.17004;-0.22635747;[ 2.627193   73.62074    -0.25042292]
3.7470915;76.296165;-0.25225365;[ 2.6423464 78.19655   -0.2503595]
4.1240005;69.30248;-0.26449275;[ 2.614034   69.62844    -0.25047123]
2.2811966;76.35046;-0.24518773;[ 2.6407886 77.721054  -0.2503674]
2.5784945;69.58132;-0.24577644;[ 2.618981   71.11556    -0.25045314]
2.321596;72.00675;-0.23845129;[ 2.6308842 74.708496  -0.2504076]
2.6845455;79.43395;-0.22901855;[ 2.6475651  79.77844    -0.25034583]
2.4003239;75.23252;-0.23843999;[ 2.6352024  76.0362     -0.25039145]
2.6982841;68.463394;-0.23909497;[ 2.6133947 69.430695  -0.2504772]
2.9369216;74.9235;-0.23337764;[ 2.6318018 75.00461   -0.2504013]
2.722893;82.300224;-0.23637243;[ 2.6579008 82.90921   -0.2503044]
1.9146106;74.476875;-0.23927413;[ 2.6365542  76.44548    -0.25038642]
2.9584117;75.5311;-0.23691866;[ 2.6360898  76.30277    -0.25039017]
3.3687334;74.30953;-0.22943872;[ 2.6315467  74.92383    -0.25040165]
1.6819408;81.45731;-0.23777352;[ 2.657327   82.7458     -0.25030988]
1.9897158;83.9228;-0.24263233;[ 2.665234   85.11211    -0.25026414]
2.8966908;73.626686;-0.23873834;[ 2.6334813 75.517715  -0.2503963]
2.7815237;80.35566;-0.23797815;[ 2.6556554 82.23596   -0.2503078]
2.174074;76.38864;-0.24788094;[ 2.6391094  77.23158    -0.25037467]
2.3649557;78.67825;-0.23587108;[ 2.6477132  79.81009    -0.25034592]
2.0472255;85.44878;-0.23532216;[ 2.6696093 86.444305  -0.2502596]
2.0412707;85.14584;-0.2369803;[ 2.6694958 86.41214   -0.2502604]
2.030239;81.40896;-0.23710117;[ 2.6589136  83.22128    -0.25030473]
2.0570033;81.45866;-0.23753807;[ 2.655151  82.07057   -0.2503073]
2.3739667;74.68814;-0.23801047;[ 2.6332545  75.43634    -0.25039363]
2.9383771;76.515434;-0.24070874;[ 2.640902  77.7652    -0.2503694]
1.5028088;97.67042;-0.24684279;[ 2.7074287  97.93005    -0.25007248]
3.211143;80.40851;-0.24574226;[ 2.6515152  80.98928    -0.25031406]
0.64151096;96.43222;-0.24670644;[ 2.7059371  97.43475    -0.25010762]
1.7512174;89.191124;-0.23609143;[ 2.6827338 90.42875   -0.2501984]
1.5911862;85.22686;-0.24860004;[ 2.6683214  86.07063    -0.25025666]
1.8493434;82.45463;-0.23408483;[ 2.6609895  83.843925   -0.25028422]
2.020294;82.46731;-0.2356527;[ 2.6597316 83.46077   -0.25029  ]
0.80591786;89.83994;-0.24924116;[ 2.6852522  91.18214    -0.25017953]
3.5951188;85.635544;-0.27451327;[ 2.669049   86.28734    -0.25024712]
1.4168055;83.07665;-0.24634834;[ 2.664246   84.82309    -0.25026226]
3.574926;78.87226;-0.27173904;[ 2.648043   79.9283     -0.25032988]
1.7211276;83.11613;-0.24821244;[ 2.66225    84.21414    -0.25027114]
2.279858;86.46605;-0.2529775;[ 2.6739774  87.773056   -0.25022995]
2.34224;79.729546;-0.24895138;[ 2.6522334 81.188225  -0.2503158]
1.6810578;89.44146;-0.24702592;[ 2.6822205  90.25029    -0.25020295]
1.2978868;89.40199;-0.24516182;[ 2.6842165  90.85923    -0.25019407]
1.689877;89.8142;-0.24768893;[ 2.6836176  90.67694    -0.25019842]
1.8026;83.05091;-0.24479611;[ 2.6626115  84.31789    -0.25028116]
1.792786;83.0777;-0.24365011;[ 2.6618736  84.09211    -0.25028425]
1.6284877;82.99955;-0.24345729;[ 2.661491  83.98203   -0.2502849]
1.9590936;83.090385;-0.24666022;[ 2.6606154  83.70895    -0.25029004]
3.6095314;88.09303;-0.24585512;[ 2.6731334  87.53017    -0.25022957]
3.4326625;83.69478;-0.25603864;[ 2.6613832  83.970276   -0.25027722]
3.0910761;75.10882;-0.23217565;[ 2.6325986  75.250336   -0.25040257]
2.7542574;81.08366;-0.23117703;[ 2.6542056  81.80116    -0.25031844]
2.415063;76.429214;-0.24247366;[ 2.6381896 76.96054   -0.2503807]
15.19209;70.458916;-0.2315498;[ 2.6151578  69.97942    -0.25047222]
2.7982695;74.33854;-0.23083013;[ 2.631487   74.91965    -0.25040916]
2.6851652;66.818275;-0.23713174;[ 2.6054828  67.06055    -0.25051114]
3.1010854;63.263985;-0.25637472;[ 2.5910387  62.6892     -0.25056827]
2.4544144;81.36909;-0.24352443;[ 2.6551056  82.06332    -0.25031963]
3.4212117;72.095;-0.24556604;[ 2.6216822  71.950806   -0.25045192]
2.5083957;81.58099;-0.24629903;[ 2.6564262  82.47183    -0.25031367]
2.8769152;86.45861;-0.2303592;[ 2.6723545  87.28605    -0.25024912]
2.2402017;81.274445;-0.24509446;[ 2.6575403  82.802185   -0.25030974]
2.9681487;79.71349;-0.2300266;[ 2.6496356  80.404526   -0.25033984]
3.0985575;72.87853;-0.24169406;[ 2.6275575  73.72124    -0.25042638]
2.5475206;77.543655;-0.24776815;[ 2.6416066  78.00223    -0.25037396]
3.6824098;81.94001;-0.2416898;[ 2.6573148 82.75052   -0.2503099]
3.2712312;74.84618;-0.23898967;[ 2.6317396 75.01575   -0.2504126]
3.6672754;77.77395;-0.26055118;[ 2.6432295  78.49109    -0.25036594]
3.5976899;74.72285;-0.25250354;[ 2.6327052  75.30571    -0.25040716]
3.4432418;70.83623;-0.26574326;[ 2.6185277  71.019714   -0.25046363]
4.2402716;75.14206;-0.25247714;[ 2.634933   75.97801    -0.25039682]
2.518734;74.48228;-0.23991819;[ 2.6355493  76.159805   -0.25039813]
3.3464925;75.08036;-0.24233514;[ 2.6369617 76.58685   -0.2503909]
2.7584891;77.61933;-0.24276568;[ 2.6436203 78.60164   -0.250367 ]
3.3838148;68.07091;-0.23985617;[ 2.6088698  68.089096   -0.25050366]
3.8209968;64.12339;-0.2661218;[ 2.596155  64.240875  -0.2505539]
2.5708826;83.51762;-0.24817172;[ 2.6630185 84.46445   -0.2502775]
4.008044;78.36161;-0.27322912;[ 2.646993   79.62335    -0.25034398]
2.5950913;76.7725;-0.2476317;[ 2.6402998  77.582954   -0.25036818]
3.378828;74.050514;-0.239156;[ 2.6304195  74.59216    -0.25040665]
2.9578278;70.27233;-0.26530656;[ 2.6180723 70.854324  -0.2504556]
3.5334377;79.815926;-0.23984471;[ 2.6505787  80.70806    -0.25033084]
3.308584;76.10972;-0.24157655;[ 2.638918   77.179565   -0.25037745]
3.589634;73.150635;-0.25164458;[ 2.6280305  73.88362    -0.25041875]
3.6182177;69.47189;-0.27190793;[ 2.6172028  70.60945    -0.25046116]
3.5764751;73.3447;-0.24350332;[ 2.6325552  75.23926    -0.25040302]
3.744692;73.43501;-0.24177788;[ 2.6302147 74.5302    -0.2504123]
3.319217;69.334435;-0.24213281;[ 2.6160617  70.256836   -0.25046846]
3.6080668;70.35159;-0.23167355;[ 2.6182067  70.90375    -0.25045925]
2.9190085;67.51271;-0.2543649;[ 2.6106153  68.61573    -0.25048408]
2.4225538;81.39576;-0.24621111;[ 2.658619   83.13318    -0.25030544]
2.455677;88.23593;-0.2451782;[ 2.6791523  89.35194    -0.25022358]
2.642697;81.472664;-0.24512297;[ 2.656815 82.58343  -0.250312]
2.5401504;81.608986;-0.24736398;[ 2.65738    82.765724   -0.25031087]
2.994068;81.46393;-0.26212883;[ 2.6573694 82.76033   -0.2503089]
3.0699944;78.978935;-0.2459161;[ 2.6466954 79.529106  -0.25035  ]
3.0153222;74.65159;-0.25940368;[ 2.6348593  75.94356    -0.25039726]
2.3574448;74.7494;-0.2482046;[ 2.6371465  76.63872    -0.25039136]
2.3817506;74.60218;-0.26286927;[ 2.636726   76.51026    -0.25039113]
3.763956;72.0135;-0.23924352;[ 2.6231315  72.39422    -0.25044596]
2.5748067;74.86387;-0.2468368;[ 2.6346505  75.88106    -0.25040162]
3.3107285;72.157555;-0.23848109;[ 2.6248784  72.92355    -0.25043955]
2.6083922;74.66075;-0.24380396;[ 2.634708 75.88808  -0.250399]
4.031885;82.32183;-0.24358611;[ 2.6604557  83.692795   -0.25028268]
0.8861548;88.21931;-0.24957049;[ 2.6782892 89.08507   -0.2502067]
3.9770188;83.539055;-0.2748444;[ 2.660587   83.735214   -0.25028068]
4.603298;76.18064;-0.2819533;[ 2.6341724  75.74718    -0.25038868]
4.3876505;71.80654;-0.2962942;[ 2.6222856  72.14818    -0.25043452]
1.5892224;80.90869;-0.2469919;[ 2.655576   82.204216   -0.25029773]
1.8588613;74.64919;-0.24903451;[ 2.637206  76.63789   -0.2503688]
3.6189086;79.22022;-0.2559179;[ 2.649029   80.22097    -0.25033996]
1.9292845;80.20921;-0.24562317;[ 2.650065   80.533966   -0.25033468]
3.9114797;88.31261;-0.27261993;[ 2.6799016  89.569916   -0.25021735]
3.6050415;85.95605;-0.25641745;[ 2.67142    87.00383    -0.25025028]
1.3825045;86.919136;-0.24192454;[ 2.67197   87.16049   -0.2502443]
1.4678057;86.274376;-0.24226809;[ 2.6760232  88.37983    -0.25022894]
3.7828012;81.21554;-0.2679986;[ 2.659307   83.33076    -0.25029787]
1.7514443;80.13024;-0.24186239;[ 2.6496835 80.419235  -0.2503341]
2.6265793;88.575676;-0.2518275;[ 2.6807134  89.81914    -0.25021672]
2.5362852;81.6919;-0.24603614;[ 2.6602783  83.6256     -0.25029647]
2.6001651;81.731636;-0.24648705;[ 2.6584928  83.08829    -0.25030392]
2.4708047;75.25938;-0.24714287;[ 2.6327295  75.302635   -0.25040543]
1.8759743;84.06991;-0.25121638;[ 2.66448    84.895645   -0.25028652]
1.5451827;90.608604;-0.25307152;[ 2.688658   92.215515   -0.25019124]
0.38092387;97.3633;-0.25392357;[ 2.7110543 99.00011   -0.2501015]
1.590439;90.82459;-0.2521089;[ 2.6868758  91.680084   -0.25019678]
1.2034521;90.53283;-0.24170937;[ 2.68811    92.06059    -0.25019297]
1.5378925;90.942894;-0.24810027;[ 2.6872888  91.81802    -0.25019544]
1.8399415;84.561104;-0.24715984;[ 2.6640663  84.78043    -0.25028837]
1.284871;90.58892;-0.2399689;[ 2.6880083 92.0249    -0.2501914]
1.369012;90.449974;-0.24408105;[ 2.6904356 92.75189   -0.2501817]
1.7235796;83.9732;-0.24548863;[ 2.6643152 84.84641   -0.2502852]
1.5166818;83.66928;-0.23827833;[ 2.6650882  85.089294   -0.25028297]
0.55228245;97.15739;-0.24699111;[ 2.706386   97.57432    -0.25010753]
1.3272047;90.3247;-0.24299395;[ 2.682876  90.45775   -0.2501997]
2.537521;81.73008;-0.24431619;[ 2.6576126  82.82805    -0.25030994]
2.4519625;88.476326;-0.24481362;[ 2.6798747  89.57271    -0.25022048]
5.2141404;79.16116;-0.23571078;[ 2.6454482 79.165985  -0.2503588]
3.499699;86.4546;-0.23276447;[ 2.6725516  87.35385    -0.25024843]
5.326301;78.921974;-0.23200405;[ 2.6466537  79.524956   -0.25035352]
2.7771075;78.79043;-0.23882511;[ 2.6469362  79.608086   -0.25035074]
11.8903055;79.09834;-0.22866684;[ 2.6468632 79.56875   -0.2503498]
5.366212;76.1088;-0.22253588;[ 2.635623   76.196785   -0.25039798]
5.0741677;72.216156;-0.23535328;[ 2.6247988  72.90669    -0.25043944]
2.7784667;72.3587;-0.23992093;[ 2.623393   72.48722    -0.25044644]
1.8823628;84.01637;-0.2488291;[ 2.6612716 83.93688   -0.2502991]
0.40129185;97.51754;-0.25389323;[ 2.709376  98.496506  -0.2501084]
1.5727489;90.94942;-0.25071922;[ 2.685564   91.28772    -0.25020254]
1.5969005;90.76275;-0.2497211;[ 2.683637   90.71301    -0.25020936]
1.7280569;83.85152;-0.24394976;[ 2.6644835  84.90135    -0.25028405]
1.2594874;90.671486;-0.247342;[ 2.6867146  91.63385    -0.25019726]
1.7076142;84.10338;-0.24410307;[ 2.6628633  84.41312    -0.25029156]
1.7043386;83.90777;-0.24342616;[ 2.6613555  83.96386    -0.25029692]
1.4929472;87.49316;-0.2530374;[ 2.6761584  88.445885   -0.25024343]
1.7632811;80.339226;-0.2461495;[ 2.6526303  81.33018    -0.25033545]
1.7483804;80.68315;-0.24235341;[ 2.6554155  82.16354    -0.25032416]
1.8881204;73.57839;-0.2437747;[ 2.6319408  75.062744   -0.25041592]
0.38072348;94.23939;-0.25388646;[ 2.6984205 95.19055   -0.250154 ]
1.5901117;87.412415;-0.24960858;[ 2.674154  87.85469   -0.2502494]
1.7548488;80.361885;-0.24703287;[ 2.6503174  80.644264   -0.25034305]
1.4745679;87.27824;-0.24179082;[ 2.6768475 88.6588    -0.2502379]
1.6173753;80.18515;-0.24030474;[ 2.654006   81.74416    -0.25032768]
2.1483161;77.41469;-0.23130344;[ 2.6440032  78.715866   -0.25036684]
1.864198;73.46951;-0.24349083;[ 2.6310334  74.792274   -0.25041804]
1.609062;80.23942;-0.24163523;[ 2.65223    81.211876   -0.25033492]
1.8609171;73.506874;-0.2417844;[ 2.6280777  73.90805    -0.25043052]
1.8723928;80.6661;-0.24871658;[ 2.6518044 81.08343   -0.2503391]
1.7998158;80.18722;-0.2435271;[ 2.6531222 81.45025   -0.2503217]
1.6233871;86.703835;-0.2508562;[ 2.672799   87.41339    -0.25024524]
3.9928107;85.92736;-0.24350363;[ 2.6720948  87.21039    -0.25024825]
3.985862;81.22488;-0.26819655;[ 2.657499 82.795    -0.250306]
1.7832631;80.08945;-0.24382177;[ 2.652226   81.1826     -0.25032333]
4.0454006;81.29879;-0.268458;[ 2.6557817  82.2769     -0.25031346]
3.870893;74.47762;-0.26750776;[ 2.632177   75.13645    -0.25040704]
3.9580834;79.09783;-0.24404599;[ 2.650267  80.59827   -0.2503342]
2.611077;75.39268;-0.24681547;[ 2.6378453  76.84046    -0.25038686]
2.7298703;81.91563;-0.25332558;[ 2.657531   82.80797    -0.25031048]
3.4284189;85.96365;-0.24162313;[ 2.6701064  86.61957    -0.25025913]
2.7162404;82.14558;-0.2518732;[ 2.6551683  82.104805   -0.25031736]
2.6239681;81.98766;-0.24638927;[ 2.6592774 83.335724  -0.2503006]
2.6814513;81.76636;-0.2464113;[ 2.6592653  83.32745    -0.25030094]
3.331192;79.04557;-0.2415751;[ 2.6498127  80.46285    -0.25033808]
3.7532365;75.50466;-0.26441318;[ 2.6383083  76.983864   -0.25038174]
3.7735627;75.54658;-0.26223415;[ 2.6356876  76.20055    -0.25039414]
2.6000636;79.78881;-0.22520442;[ 2.6523788 81.236725  -0.250328 ]
1.6920035;84.23687;-0.24390067;[ 2.6624925  84.31196    -0.25029293]
1.7144792;84.168;-0.24434963;[ 2.6655042  85.21501    -0.25028038]
0.38911748;97.72872;-0.2538742;[ 2.7086353 98.28249   -0.2501118]
1.3176874;90.99249;-0.24669875;[ 2.6859093  91.40077    -0.25020024]
1.5848806;91.12298;-0.25050196;[ 2.684474   90.970825   -0.25020635]
1.8566036;84.46363;-0.2494248;[ 2.6624002  84.280914   -0.25029525]
1.544131;84.00431;-0.23918553;[ 2.6675084  85.818985   -0.25027245]
1.5537608;83.95029;-0.24137273;[ 2.670154   86.6098     -0.25025985]
2.6429563;84.10257;-0.25449586;[ 2.6639385 84.74388   -0.250271 ]
2.5768683;76.82415;-0.25329995;[ 2.64201    78.10338    -0.25035638]
3.7685447;71.91834;-0.277245;[ 2.6246412  72.85713    -0.25042912]
3.7513711;72.46046;-0.27417132;[ 2.6253457  73.067505   -0.25042704]
3.676005;72.54381;-0.27882773;[ 2.6251166  72.99701    -0.25042975]
3.6439478;65.3258;-0.27789816;[ 2.603199   66.35902    -0.25051543]
2.793494;76.37092;-0.24188939;[ 2.6392481  77.27719    -0.25037572]
2.6009312;72.474335;-0.25198755;[ 2.6286042  74.051834   -0.25041747]
2.6860387;72.608635;-0.2502002;[ 2.6270301  73.57527    -0.25042367]
2.6007216;72.699425;-0.25425792;[ 2.6268573 73.52211   -0.2504262]
4.9629784;70.72125;-0.25488296;[ 2.6239142 72.624664  -0.2504345]
2.5518148;65.596565;-0.25833735;[ 2.6039293  66.57818    -0.25051653]
3.8790336;81.83285;-0.26806977;[ 2.657453  82.773636  -0.2503059]
0.6165142;93.4876;-0.24919634;[ 2.6957405 94.35855   -0.2501514]
1.4408214;86.58213;-0.2437644;[ 2.6723497  87.279076   -0.25024238]
4.1104493;78.95694;-0.24993567;[ 2.6453612 79.12194   -0.250353 ]
3.766098;78.79612;-0.24703631;[ 2.6469007  79.59367    -0.25034824]
3.6966243;78.782875;-0.24868117;[ 2.6486213  80.10619    -0.25034156]
1.597129;79.92724;-0.24519947;[ 2.6524022  81.23733    -0.25032297]
3.7089949;74.77833;-0.26969278;[ 2.6360226  76.28931    -0.25039113]
3.7643428;79.04534;-0.24703328;[ 2.64713   79.65481   -0.2503469]
1.763312;80.09123;-0.24538513;[ 2.6509452  80.79645    -0.25032964]
3.6558518;75.05741;-0.26816222;[ 2.6343937  75.79547    -0.25039834]
4.1617446;76.32133;-0.24044192;[ 2.6364563  76.42003    -0.25039014]
4.131936;72.3644;-0.25036094;[ 2.6239188  72.6238     -0.25043932]
1.9249644;80.35913;-0.24814926;[ 2.651154   80.85585    -0.25033048]
2.6851563;81.94687;-0.25196904;[ 2.658662   83.14056    -0.25030535]
2.6712894;82.09168;-0.25195488;[ 2.6579747  82.938385   -0.25030735]
2.6216118;81.92921;-0.2520277;[ 2.6571236  82.68788    -0.25031102]
2.634869;75.20341;-0.2506508;[ 2.6346195 75.86806   -0.2503996]
3.7433171;79.610245;-0.23777644;[ 2.650741   80.74159    -0.25033575]
3.6914737;79.54521;-0.23912233;[ 2.651083   80.84763    -0.25033277]
2.5904777;75.08465;-0.24768387;[ 2.6344013  75.8074     -0.25039992]
2.6220994;68.60832;-0.25130084;[ 2.6131883  69.37299    -0.25048584]
1.5157578;84.20109;-0.23992154;[ 2.6657546 85.29826   -0.2502803]
1.6970695;84.34245;-0.245922;[ 2.6670296 85.666756  -0.2502759]
1.5614994;91.18849;-0.252545;[ 2.68917    92.37345    -0.25018883]
1.8673813;84.461754;-0.25090137;[ 2.6652043  85.12167    -0.25028378]
1.3388921;90.93638;-0.24173082;[ 2.6885579  92.1969     -0.25018921]
1.7200171;84.290474;-0.24328974;[ 2.668569   86.133804   -0.25026914]
1.9942477;77.59371;-0.2423806;[ 2.644941  78.98009   -0.2503637]
1.976202;77.718956;-0.24381888;[ 2.6427476 78.32367   -0.2503736]
0.38127303;94.10459;-0.25240692;[ 2.6986678  95.252106   -0.25015137]
1.5962822;86.98936;-0.24665761;[ 2.6764307 88.5291    -0.2502396]
1.4389962;87.45403;-0.23841678;[ 2.6760652  88.412186   -0.25023934]
1.7559999;80.519936;-0.23909885;[ 2.6528618  81.396      -0.25033125]
1.6719451;80.53034;-0.2398979;[ 2.6527867  81.37427    -0.25033316]
2.107557;73.531586;-0.24153537;[ 2.629416   74.30971    -0.25042734]
1.7355427;80.64383;-0.23987822;[ 2.65554    82.20065    -0.25032297]
1.7610196;80.52364;-0.2395499;[ 2.653392  81.55392   -0.2503318]
0.3731227;93.96823;-0.25373226;[ 2.6993084  95.458694   -0.25014985]
1.4988773;87.12574;-0.24279049;[ 2.6772304  88.777664   -0.25023624]
1.6352963;80.26249;-0.2388008;[ 2.6570866  82.67226    -0.25031456]
1.8039172;73.8596;-0.24291457;[ 2.6333084 75.486404  -0.2504097]
1.6552851;80.35467;-0.24126582;[ 2.6537793  81.686615   -0.25033027]
1.8048099;73.83408;-0.24075533;[ 2.6310866  74.816635   -0.25041822]
1.4917816;87.9117;-0.25157005;[ 2.6775284 88.84985   -0.2502368]
1.7511742;80.98828;-0.2395131;[ 2.654062   81.757      -0.25032783]
1.4350026;87.3511;-0.24301657;[ 2.6793857  89.4133     -0.25022846]
1.792007;84.103004;-0.23108098;[ 2.6690724  86.29394    -0.25026795]
1.5695127;80.6439;-0.2395313;[ 2.6569176  82.62016    -0.25031635]
1.7440877;80.45835;-0.24144384;[ 2.6582818  83.02475    -0.25031084]
2.032593;77.54065;-0.22977273;[ 2.6461096  79.34445    -0.25035858]
1.8640685;80.7659;-0.24930279;[ 2.6561646  82.38405    -0.25032115]
1.5475111;83.66091;-0.24698898;[ 2.6592734  83.33723    -0.25029445]
1.8369427;79.811516;-0.23637132;[ 2.6522171  81.18854    -0.25032216]
3.581917;74.82022;-0.25726694;[ 2.6362746  76.37295    -0.25038862]
1.6654184;76.51237;-0.246123;[ 2.638301   76.98501    -0.25037783]
4.0035934;78.72472;-0.2654973;[ 2.646225   79.38306    -0.25034901]
3.7747796;75.30083;-0.2554669;[ 2.6353571 76.09796   -0.2503914]
1.6538185;76.84992;-0.24314454;[ 2.6371198  76.626434   -0.25038144]
2.0207088;80.233086;-0.23569128;[ 2.652193   81.18094    -0.25032255]
3.8417373;75.37734;-0.25762945;[ 2.6350777  76.00963    -0.25039384]
2.685313;78.75117;-0.24637398;[ 2.6456041  79.1987     -0.25035384]
2.6236792;75.29628;-0.23954473;[ 2.6369865  76.58709    -0.25038886]
2.5417795;71.75323;-0.2481307;[ 2.6222057 72.12163   -0.2504479]
2.784068;78.728836;-0.24756508;[ 2.6475277 79.77041   -0.2503491]
2.5660596;71.83262;-0.25141093;[ 2.6219995 72.059296  -0.2504505]
1.6575081;80.25831;-0.2249327;[ 2.6574392  82.772675   -0.25031462]
1.6565095;80.49101;-0.22412977;[ 2.655929 82.31624  -0.25032 ]
1.4756162;83.861885;-0.25142035;[ 2.6650202  85.060715   -0.25028473]
1.9122318;74.03723;-0.22989193;[ 2.6334956  75.52286    -0.25040892]
1.5338025;83.83071;-0.23892067;[ 2.6646028  84.95274    -0.25028598]
1.6299889;77.116234;-0.2415739;[ 2.6404622  77.652504   -0.25037965]
1.6537313;77.0594;-0.23750636;[ 2.6420307 78.122025  -0.2503747]
1.2250009;84.42467;-0.24239244;[ 2.6659188 85.33885   -0.2502801]
1.6272241;77.462494;-0.23533562;[ 2.6416905  78.01453    -0.25037426]
1.4780276;84.52073;-0.24785225;[ 2.665623   85.24576    -0.25028268]
1.8050592;77.5391;-0.23725118;[ 2.6414862  77.952965   -0.25037688]
1.9137442;70.51756;-0.24215312;[ 2.6192229  71.2154     -0.25046486]
1.5471586;86.79631;-0.23336375;[ 2.676405   88.50391    -0.25023174]
2.5793192;82.099205;-0.24413383;[ 2.6575725  82.8258     -0.25030836]
1.4606698;86.45169;-0.22954516;[ 2.6783977  89.102745   -0.25022432]
1.2649655;86.38706;-0.22708325;[ 2.6761014  88.40959    -0.25023308]
1.6739464;79.91125;-0.23198886;[ 2.6539521 81.705795  -0.2503205]
2.6642716;75.28913;-0.24281487;[ 2.6354952  76.139435   -0.25039533]
1.8308389;80.0512;-0.23290451;[ 2.6536875  81.62232    -0.25032246]
1.8008873;80.60874;-0.24047984;[ 2.654163   81.77406    -0.25032714]
1.7825688;84.46024;-0.22413456;[ 2.664384   84.87416    -0.25028798]
1.9121016;80.660255;-0.24605608;[ 2.6528096  81.37596    -0.25033498]
0.39734185;94.28806;-0.25282118;[ 2.6977415 94.97261   -0.2501551]
1.7542166;80.5702;-0.24123035;[ 2.6529925  81.432335   -0.25033242]
1.5856562;84.76949;-0.22064285;[ 2.6662958  85.44917    -0.25027835]
2.2521465;66.4749;-0.24363266;[ 2.6061585  67.264305   -0.25051862]
1.5353386;83.385086;-0.2401008;[ 2.6631415  84.50833    -0.25029126]
1.6681671;80.41459;-0.22415265;[ 2.655051   82.054596   -0.25032455]
1.204569;83.67593;-0.24578123;[ 2.6633756  84.57302    -0.25029168]
1.8136345;80.7479;-0.22399548;[ 2.6536515  81.63028    -0.25033152]
1.8122616;76.79;-0.24056873;[ 2.641707   78.01228    -0.25037748]
1.552873;83.63514;-0.23957545;[ 2.6624017  84.29405    -0.25029537]
1.6686416;76.438545;-0.24011779;[ 2.6399767  77.50726    -0.25038284]
1.6906064;76.66611;-0.23577265;[ 2.6417468  78.037285   -0.25037646]
1.4696378;83.88285;-0.24915464;[ 2.663566  84.63164   -0.2502935]
1.8202145;76.91721;-0.23927917;[ 2.6421485  78.14745    -0.25037667]
2.6481361;82.378944;-0.25198373;[ 2.657061   82.68027    -0.25030795]
3.0094733;84.004616;-0.24441563;[ 2.665452   85.21338    -0.25027877]
2.4467506;81.16787;-0.22949947;[ 2.6561131 82.38539   -0.2503156]
2.6667645;77.09316;-0.24347083;[ 2.643155   78.46549    -0.25036532]
3.875541;70.86305;-0.2632762;[ 2.6190693  71.17904    -0.25046244]
2.4383433;74.45623;-0.22913873;[ 2.6339815  75.67963    -0.25040475]
2.6539588;70.49806;-0.24382736;[ 2.6217234 71.97034   -0.2504516]
1.7638525;80.05638;-0.2424595;[ 2.652868  81.398766  -0.2503339]
1.5025896;87.15652;-0.2406616;[ 2.6739085  87.78071    -0.25024983]
1.5593376;87.19605;-0.25054166;[ 2.6745605 87.97082   -0.2502484]
1.7660389;80.057236;-0.23987235;[ 2.6495473  80.40523    -0.25034463]
1.5991763;84.77645;-0.22102323;[ 2.6693137 86.37327   -0.2502662]
1.8782051;78.18136;-0.221339;[ 2.6478817  79.878006   -0.25035244]
2.0429122;73.46215;-0.24034125;[ 2.6281154  73.909966   -0.25043088]
1.8009527;80.16665;-0.24056448;[ 2.6551118  82.06229    -0.25032306]
1.5679674;87.472336;-0.24541545;[ 2.6753244  88.197334   -0.25024435]
1.5058044;91.10259;-0.224292;[ 2.689043  92.340576  -0.2501882]
1.7367847;79.93433;-0.2395259;[ 2.652011   81.14079    -0.25033396]
1.4597397;86.85806;-0.24360797;[ 2.6777737  88.924774   -0.25023356]
1.6115317;80.38763;-0.24145916;[ 2.6542008  81.79708    -0.25032458]
1.60983;80.487625;-0.23886624;[ 2.6518595  81.09204    -0.25033352]
1.6034122;84.306755;-0.22469969;[ 2.6671655 85.71231   -0.2502744]
0.61465883;89.47057;-0.2480709;[ 2.682431  90.33899   -0.2502033]
1.8079351;86.339905;-0.23642626;[ 2.6714327 87.0135    -0.2502465]
1.5690361;82.44732;-0.24138764;[ 2.6598969 83.51851   -0.2502915]
1.5329053;82.50382;-0.24033949;[ 2.6618104  84.09206    -0.25028425]
1.3626207;82.63636;-0.24217968;[ 2.6603322  83.64458    -0.25029024]
1.9119619;79.502884;-0.23392555;[ 2.6491313 80.25728   -0.250334 ]
3.9543948;74.89441;-0.25149122;[ 2.633275   75.46787    -0.25040036]
1.584929;82.72433;-0.24718124;[ 2.660169   83.5943     -0.25029275]
2.0897324;79.593666;-0.23603828;[ 2.6491706  80.2688     -0.25033593]
4.0859394;74.83843;-0.2586714;[ 2.6323676  75.193214   -0.25040624]
3.995417;74.99094;-0.25053582;[ 2.63299   75.38013   -0.2504034]
2.8227715;84.96279;-0.25082946;[ 2.6673508  85.782875   -0.25027052]
3.762343;82.03965;-0.24513693;[ 2.6598537  83.51308    -0.25029808]
3.0026011;81.68384;-0.24193557;[ 2.655995   82.34907    -0.25031564]
2.6665235;77.91693;-0.24418809;[ 2.6449692 79.009415  -0.2503576]
3.7066846;75.04656;-0.24535824;[ 2.6390216  77.20149    -0.25038022]
2.8049984;78.12791;-0.24598877;[ 2.6452487  79.08754    -0.25035745]
3.739584;75.20266;-0.2430476;[ 2.637682   76.795975   -0.25038514]
2.7101853;71.085236;-0.25238293;[ 2.6200023  71.45674    -0.25045866]
2.6535616;71.321846;-0.24461333;[ 2.6235342  72.51326    -0.25044382]
1.783673;80.67317;-0.24156642;[ 2.6551242  82.06797    -0.25032386]
1.5993717;84.5758;-0.22574908;[ 2.6666539 85.56312   -0.250277 ]
0.36402488;94.325005;-0.2537671;[ 2.6988335  95.305374   -0.25015116]
1.4922887;91.44841;-0.22423725;[ 2.6888645  92.28833    -0.25019032]
2.0788403;84.430534;-0.23254132;[ 2.6648543  85.02403    -0.25028604]
1.4924726;87.1723;-0.24443102;[ 2.6739602 87.79179   -0.2502481]
1.7921698;80.60893;-0.2399132;[ 2.6535673 81.60393   -0.2503292]
1.8976429;84.11358;-0.2313893;[ 2.6671154 85.70298   -0.2502751]
1.7503647;80.71244;-0.24230091;[ 2.653802   81.67667    -0.25033087]
1.8590305;77.94875;-0.22646989;[ 2.6436653  78.60416    -0.25036892]
1.8484951;80.84809;-0.25129843;[ 2.6535056 81.58055   -0.2503326]
2.0366545;78.04618;-0.22564586;[ 2.6433823  78.517075   -0.25037196]
1.5106374;83.45125;-0.24026747;[ 2.6630597  84.48369    -0.25029197]
1.649317;75.92283;-0.24184398;[ 2.639186  77.26975   -0.2503854]
1.6521256;80.28008;-0.22879699;[ 2.6532564  81.51943    -0.25033045]
1.6742542;76.58932;-0.237966;[ 2.641156  77.85762   -0.2503781]
1.6581337;76.50826;-0.23926383;[ 2.6398005  77.45077    -0.25038385]
1.6664248;76.72056;-0.23600915;[ 2.63877    77.14049    -0.25038728]
1.7870128;76.85616;-0.24074763;[ 2.6416247 77.98753   -0.2503782]
1.9331524;69.327736;-0.24238737;[ 2.6177542  70.774605   -0.25047165]
2.10275;74.745415;-0.24039967;[ 2.6341026  75.71417    -0.25039878]
2.1771502;74.79862;-0.23898095;[ 2.635125   76.02077    -0.25039622]
2.3883204;74.92867;-0.23940203;[ 2.6327312  75.302795   -0.25040814]
1.7296926;78.29366;-0.2328578;[ 2.6490965 80.23939   -0.2503388]
2.758983;84.3324;-0.2429598;[ 2.6659305  85.361115   -0.25027743]
3.7311516;77.656906;-0.26390034;[ 2.6421978  78.18632    -0.25037026]
2.4941897;79.39588;-0.23958112;[ 2.6478348  79.883766   -0.25034514]
3.6740117;74.667625;-0.24793296;[ 2.6321516  75.14325    -0.25041008]
3.4452472;74.65033;-0.24285343;[ 2.6322575  75.16943    -0.25040916]
3.4920735;70.63879;-0.26524624;[ 2.6185584  71.02813    -0.25046325]
3.47515;74.59904;-0.23913544;[ 2.634736  75.91581   -0.2503996]
3.5080428;74.73983;-0.23777652;[ 2.633265  75.47016   -0.2504055]
2.5000029;74.36196;-0.23510382;[ 2.632916   75.361755   -0.25040737]
2.4802532;75.789;-0.25416845;[ 2.6361346  76.338684   -0.25039232]
2.5306654;74.452736;-0.23717156;[ 2.6327958  75.32498    -0.25040978]
3.6638718;75.21725;-0.2387911;[ 2.634616   75.8755     -0.25040078]
1.7803149;80.62267;-0.24128146;[ 2.6536098 81.62689   -0.2503321]
1.7196817;80.569115;-0.24322508;[ 2.6521804 81.197754  -0.250336 ]
0.4308064;92.0227;-0.23613057;[ 2.6924179 93.36241   -0.2501682]
1.7393105;81.598946;-0.24137112;[ 2.6552272  82.115105   -0.25031784]
1.5551351;85.45794;-0.23683241;[ 2.6691403 86.32124   -0.2502598]
1.4909583;85.06696;-0.23367003;[ 2.669545   86.43812    -0.25025803]
1.6386987;78.51801;-0.23715362;[ 2.6493092  80.31174    -0.25033647]
1.6779795;78.51913;-0.23618275;[ 2.64873   80.135475  -0.2503401]
1.6678421;78.614265;-0.23423047;[ 2.6464317  79.4439     -0.25034863]
1.769091;78.47188;-0.23407225;[ 2.6481109  79.94229    -0.25034425]
1.9201722;71.92292;-0.23754099;[ 2.6278746 73.815735  -0.2504227]
1.5776726;80.135826;-0.24598569;[ 2.6535888  81.63198    -0.25032762]
1.4318639;87.278725;-0.24476492;[ 2.6782944  89.10299    -0.25023362]
1.693288;73.55689;-0.2446774;[ 2.6340492  75.70082    -0.25040078]
1.2164088;87.46075;-0.24739285;[ 2.6765847  88.58534    -0.25024024]
1.617003;80.65193;-0.23974818;[ 2.654584   81.92006    -0.25032556]
1.6890016;73.281815;-0.24174799;[ 2.6309845  74.786896   -0.25041625]
1.684974;73.59817;-0.24162355;[ 2.6314192  74.912636   -0.25041345]
1.7450714;80.66807;-0.24243541;[ 2.6537452  81.67259    -0.25033084]
3.5737066;81.68256;-0.24762028;[ 2.6604218 83.68943   -0.2502849]
2.7537928;82.45823;-0.23337474;[ 2.6610327  83.86455    -0.25028786]
2.828302;75.72062;-0.23298594;[ 2.6384134 77.01248   -0.2503782]
2.670275;75.46879;-0.23752788;[ 2.635826   76.22394    -0.25039047]
1.7194812;81.64938;-0.23750076;[ 2.656556   82.51166    -0.25031218]
2.0665796;80.92733;-0.24355158;[ 2.6546857  81.93056    -0.25030753]
3.1704884;80.50288;-0.24180046;[ 2.656266   82.41941    -0.25030574]
2.0592024;85.54833;-0.23636307;[ 2.6700692  86.5916     -0.25025833]
2.1223128;78.75472;-0.23687996;[ 2.6480937  79.93306    -0.25034446]
4.656531;91.64447;-0.27718353;[ 2.6882448  92.13284    -0.25015977]
4.3607926;85.00563;-0.27424783;[ 2.666411   85.52287    -0.25024536]
4.5546703;84.61476;-0.27130178;[ 2.6681678  86.04806    -0.25023907]
4.634937;84.83674;-0.2708977;[ 2.6657803  85.32863    -0.25024807]
1.6929221;93.14539;-0.2505053;[ 2.6908185  92.90031    -0.25014442]
3.7061954;83.193634;-0.25683498;[ 2.6606636  83.757935   -0.25027636]
3.7748556;83.02294;-0.25383425;[ 2.66002   83.55986   -0.2502791]
1.3548355;89.80674;-0.24228989;[ 2.6833987 90.61362   -0.2501975]
1.6751988;90.56711;-0.24928753;[ 2.6846669  91.00778    -0.25019422]
1.3269356;89.977425;-0.24472675;[ 2.6840756  90.822105   -0.25019458]
1.3295103;89.584755;-0.24259338;[ 2.6857843 91.33251   -0.2501885]
1.794171;83.75938;-0.24307537;[ 2.6622033  84.203926   -0.25028247]
2.0952911;77.35774;-0.24651004;[ 2.6408107  77.72492    -0.25036874]
3.2139683;86.00279;-0.25566757;[ 2.6685457 86.151886  -0.2502517]
2.587812;81.91649;-0.25828078;[ 2.6575832 82.82915   -0.2502922]
2.180705;79.828735;-0.2716329;[ 2.6447978  78.96473    -0.25034484]
3.202305;78.89707;-0.25150913;[ 2.6483455  80.0285     -0.25033152]
7.093523;74.930466;-0.23624922;[ 2.6288283  74.116745   -0.25041288]
4.292852;70.463646;-0.2827663;[ 2.6174061  70.671646   -0.25045428]
2.3340173;73.04088;-0.26998013;[ 2.6227117  72.275955   -0.25043145]
4.292758;66.87701;-0.29080278;[ 2.6032152  66.384514   -0.25051355]
5.224007;72.45043;-0.24027133;[ 2.6237059  72.57237    -0.25043184]
3.847157;74.954155;-0.2483457;[ 2.6336434  75.57669    -0.25039333]
3.5986326;76.76768;-0.24521428;[ 2.637242  76.66989   -0.2503766]
2.7591;75.30392;-0.25725242;[ 2.6355407  76.148926   -0.25038108]
4.349077;70.60035;-0.2822079;[ 2.6170704  70.56674    -0.25045815]
4.2626534;69.85098;-0.2554952;[ 2.616662   70.45397    -0.25046337]
3.9530492;66.44817;-0.28105095;[ 2.6058493  67.17223    -0.25050628]
2.2391677;79.1587;-0.25715137;[ 2.6483142  80.03046    -0.25034004]
2.376392;72.5635;-0.2740767;[ 2.624761   72.90202    -0.25043228]
2.2916756;72.32334;-0.25146714;[ 2.6257787  73.20564    -0.25042844]
3.5263062;75.71381;-0.23553428;[ 2.6342573  75.755264   -0.25039405]
2.7835996;70.18807;-0.26084962;[ 2.6183856  70.96135    -0.25045344]
2.5461187;65.9269;-0.27308983;[ 2.6027062  66.21817    -0.25052118]
2.9883084;85.8339;-0.23290782;[ 2.6692705  86.369415   -0.25026274]
3.399629;79.47577;-0.23804033;[ 2.6476674  79.83206    -0.25034833]
2.6328192;79.28086;-0.25359017;[ 2.6496465 80.41656   -0.2503379]
3.2065487;81.82192;-0.26205102;[ 2.6561663  82.39814    -0.25031313]
2.987145;78.98722;-0.24313048;[ 2.645156  79.06994   -0.2503573]
2.5279305;81.707344;-0.24608375;[ 2.6582606  83.02762    -0.25030637]
1.9847884;75.097824;-0.26031035;[ 2.6354473  76.13023    -0.25039583]
2.2516582;79.14216;-0.24887818;[ 2.6513205  80.91737    -0.25033107]
2.9882123;79.09773;-0.23256686;[ 2.647154   79.668076   -0.25035185]
2.9192772;72.28353;-0.24434492;[ 2.6241453  72.70837    -0.25043944]
2.314487;76.52096;-0.23719272;[ 2.6395507  77.36375    -0.25037986]
2.2349968;72.656395;-0.25355917;[ 2.6278589  73.812416   -0.25042614]
2.598592;72.33478;-0.24587493;[ 2.625004   72.96387    -0.25043857]
2.5497174;75.3223;-0.24375474;[ 2.6352043  76.05464    -0.25039724]
2.3398595;75.01611;-0.25378233;[ 2.6344857  75.837204   -0.25039878]
2.624349;72.53341;-0.25280106;[ 2.6279447  73.842926   -0.25042284]
2.6296227;73.23014;-0.25950196;[ 2.6326222  75.25578    -0.25040036]
2.4371457;68.85386;-0.24852198;[ 2.6145968 69.80978   -0.2504813]
1.5653081;90.634315;-0.25311187;[ 2.6857557  91.34349    -0.25020224]
1.8380935;84.23494;-0.24847218;[ 2.6633084 84.550095  -0.2502921]
1.5533428;90.97111;-0.24935731;[ 2.685457   91.261185   -0.25020286]
1.4243989;90.66999;-0.2435782;[ 2.687162   91.76662    -0.25019377]
1.5714493;83.946205;-0.24037915;[ 2.665792   85.29428    -0.25027788]
1.8019111;80.59529;-0.24399449;[ 2.6528473 81.366     -0.2503221]
3.9246993;75.17004;-0.26977313;[ 2.635291   76.06407    -0.25039494]
3.9679766;79.002464;-0.2514626;[ 2.646789   79.55134    -0.25035053]
3.8762267;75.02349;-0.2694098;[ 2.6336024  75.55757    -0.25040248]
3.686009;85.982475;-0.2576293;[ 2.6679623 85.9704    -0.2502658]
3.7293737;81.61733;-0.2747984;[ 2.655423   82.18028    -0.25031617]
3.9501789;85.72959;-0.25195798;[ 2.6689208  86.257126   -0.25026137]
3.885685;81.63955;-0.27043816;[ 2.6556444  82.237656   -0.25031364]
1.4807191;87.17034;-0.2434766;[ 2.6749957  88.077484   -0.25023258]
1.7877396;80.66985;-0.24639423;[ 2.65205    81.13785    -0.25032464]
3.736307;74.84606;-0.27085233;[ 2.6348238 75.93293   -0.2503948]
1.421516;86.669334;-0.24213956;[ 2.675817  88.319534  -0.2502299]
1.7816513;80.20413;-0.2425688;[ 2.652175  81.17418   -0.2503249]
1.6246245;80.144936;-0.24400371;[ 2.650415   80.63977    -0.25033015]
3.773198;76.11396;-0.24261506;[ 2.6361227  76.331604   -0.25039336]
1.9335763;80.61019;-0.24883081;[ 2.6504831  80.66644    -0.25033444]
2.0682526;74.0948;-0.24710694;[ 2.6299016  74.42635    -0.25041416]
2.5010688;75.56388;-0.24731062;[ 2.6362145 76.343445  -0.2503933]
2.4991984;75.28083;-0.24931444;[ 2.635188   76.04003    -0.25039878]
2.5086396;81.89688;-0.2503428;[ 2.6572301 82.720116  -0.2503099]
2.437233;75.60717;-0.25043002;[ 2.6349287  75.96968    -0.25039756]
3.7707553;79.84043;-0.23666973;[ 2.6513097  80.91872    -0.25033394]
2.4526148;75.41793;-0.24854723;[ 2.633049   75.410095   -0.25040588]
2.471019;75.52822;-0.25377432;[ 2.6332633  75.47159    -0.25040725]
2.4247172;69.03212;-0.25107;[ 2.6127803 69.258194  -0.2504871]
1.8486755;84.37736;-0.25173202;[ 2.6634336  84.58832    -0.25029245]
1.2228085;90.9425;-0.24731164;[ 2.6860514  91.44424    -0.25019997]
1.5494196;84.32056;-0.24200402;[ 2.666665   85.56377    -0.25027496]
1.9967343;78.019844;-0.24441466;[ 2.6433463  78.49864    -0.25036922]
0.38219786;97.7889;-0.2538786;[ 2.7084184 98.21804   -0.2501121]
1.4018832;91.0924;-0.24407169;[ 2.68753    91.883934   -0.25019267]
1.7321779;84.42636;-0.24287859;[ 2.6651416  85.09848    -0.25028256]
1.5365276;84.537056;-0.2423915;[ 2.6675515  85.83122    -0.25027046]
1.7219684;84.59767;-0.24379547;[ 2.6655142  85.216095   -0.25027964]
1.9925411;78.14533;-0.24364385;[ 2.6431386  78.431854   -0.25036955]
1.5342766;84.06559;-0.23921043;[ 2.6679766 85.96053   -0.2502712]
1.7012022;84.071335;-0.24249776;[ 2.6653643  85.17279    -0.25028166]
1.6822758;84.5014;-0.24370962;[ 2.6659522 85.352066  -0.2502817]
1.6905746;84.26712;-0.24598439;[ 2.6632192  84.526825   -0.25029108]
1.9707787;77.97173;-0.24357146;[ 2.6402907 77.58101   -0.2503821]
1.7578146;80.57928;-0.23875873;[ 2.6538181  81.68129    -0.25033033]
1.7624843;80.87117;-0.24376506;[ 2.6535645  81.61433    -0.25033134]
1.7235636;80.49671;-0.24390368;[ 2.6559017 82.30653   -0.2503217]
1.6104803;80.89283;-0.24307454;[ 2.6547112 81.959816  -0.2503234]
1.7071261;80.47791;-0.24152634;[ 2.6543365  81.85222    -0.25032634]
1.2630012;86.82244;-0.24493971;[ 2.6788957  89.26643    -0.25022957]
1.6106781;80.44599;-0.2394323;[ 2.6554537  82.17903    -0.25032157]
1.190738;87.131676;-0.24713534;[ 2.6764212 88.527504  -0.2502392]
1.4986348;87.51061;-0.25303066;[ 2.6753898  88.2131     -0.25024596]
1.7918026;80.32404;-0.24042988;[ 2.6528997  81.40364    -0.25033376]
1.783978;84.770805;-0.2249995;[ 2.6651034  85.10069    -0.25028607]
1.765334;80.66968;-0.24418892;[ 2.6519885 81.13985   -0.2503376]
1.7790939;80.624596;-0.24076982;[ 2.653185   81.498375   -0.25033072]
1.6172602;84.35967;-0.2250028;[ 2.667426   85.79733    -0.25027406]
1.7261518;80.600716;-0.24320331;[ 2.651898   81.11183    -0.25033656]
1.5903893;84.93746;-0.22073583;[ 2.6677203  85.89023    -0.25027326]
1.8862865;80.710945;-0.24861024;[ 2.6521127  81.17346    -0.25033793]
2.05615;74.049545;-0.24132168;[ 2.6310365 74.786896  -0.2504202]
1.4777421;87.636375;-0.24399567;[ 2.6763024  88.5045     -0.25024062]
1.2542946;87.14435;-0.2453548;[ 2.6787026  89.218765   -0.25023127]
1.1979529;87.46278;-0.24738401;[ 2.676361   88.520035   -0.25024086]
1.6013111;80.78997;-0.23963013;[ 2.6539354  81.730644   -0.25032854]
1.4990727;87.57302;-0.25310305;[ 2.6765757  88.58168    -0.25024223]
1.7644604;80.5487;-0.24195713;[ 2.6519675  81.13934    -0.25033802]
2.0422082;85.72461;-0.23526815;[ 2.6697383 86.48935   -0.2502586]
2.0537639;79.23261;-0.23419404;[ 2.6476042  79.79197    -0.25034735]
1.622916;90.580986;-0.24793407;[ 2.6834486 90.63098   -0.2502011]
1.7746202;83.98989;-0.24312225;[ 2.6626606  84.33021    -0.25028226]
1.7572546;83.997505;-0.24429944;[ 2.6614192 83.96251   -0.2502872]
0.5338292;97.31716;-0.24881908;[ 2.7055979  97.34233    -0.25011188]
1.3920411;90.61356;-0.2453892;[ 2.6834607  90.64245    -0.25019833]
1.3430896;90.48005;-0.24283437;[ 2.6834185 90.62489   -0.2501992]
2.5587544;82.027336;-0.24595866;[ 2.6577349  82.87512    -0.25030923]
2.2035873;75.57426;-0.25990725;[ 2.634449  75.829895  -0.2504002]
2.9461389;85.92442;-0.23906809;[ 2.6695905 86.476776  -0.2502611]
5.493247;79.198845;-0.228582;[ 2.6483424  80.04775    -0.25034735]
2.9314218;79.12544;-0.2367565;[ 2.6487236  80.14988    -0.25034213]
5.772603;79.21313;-0.22413406;[ 2.6478932 79.91194   -0.2503491]
2.9222293;78.732216;-0.23476763;[ 2.6492012  80.29436    -0.25034022]
3.054617;76.46513;-0.22871375;[ 2.6379678  76.89943    -0.25038576]
2.215164;79.280785;-0.24645144;[ 2.649436  80.35589   -0.2503383]
2.1287813;75.43809;-0.2550701;[ 2.6348464  75.9516     -0.25039694]
3.0776296;76.57801;-0.23043731;[ 2.6379943  76.90455    -0.25038773]
1.7433813;84.482834;-0.24327251;[ 2.665316  85.151535  -0.2502819]
1.7309062;84.39475;-0.24245149;[ 2.6664248  85.488464   -0.25027746]
1.2871606;91.13099;-0.2430384;[ 2.688597   92.20677    -0.25018817]
1.463332;91.098885;-0.24408516;[ 2.6873732 91.8362    -0.250193 ]
1.7208273;84.49676;-0.24402536;[ 2.6653142  85.15312    -0.25028107]
1.5496922;84.24361;-0.23921935;[ 2.6668084  85.60579    -0.25027427]
1.5625749;84.34804;-0.24354082;[ 2.6655884 85.23761   -0.2502788]
0.3751037;94.31176;-0.2539493;[ 2.6984336  95.204956   -0.25015402]
1.4598799;87.48377;-0.24771315;[ 2.674335   87.91769    -0.25024804]
1.4779699;91.88511;-0.22346431;[ 2.688615   92.232635   -0.25019243]
1.610029;80.76156;-0.24504243;[ 2.653214   81.510544   -0.25032902]
1.6190592;80.62269;-0.24088973;[ 2.653295   81.538216   -0.25032908]
1.2309523;87.10935;-0.24534598;[ 2.6782076  89.07201    -0.25023267]
1.6127093;80.28132;-0.24068598;[ 2.6541088 81.78471   -0.2503267]
1.5885856;80.637794;-0.24213666;[ 2.6521387  81.195114   -0.25033543]
1.9550185;77.79547;-0.2319606;[ 2.6445632  78.88995    -0.25036454]
1.4953756;87.5756;-0.2531032;[ 2.6762643 88.48755   -0.2502433]
1.746188;80.747604;-0.24683122;[ 2.6521654  81.200264   -0.25033733]
1.7645471;85.148926;-0.2231236;[ 2.666442   85.51407    -0.25028172]
1.6714667;80.87859;-0.24546662;[ 2.6555343  82.19805    -0.25032344]
1.9009535;74.04263;-0.24144359;[ 2.6311152 74.81723   -0.2504187]
1.907774;78.45859;-0.2232551;[ 2.6458933 79.28024   -0.2503609]
2.4635034;79.63593;-0.23372164;[ 2.6498175 80.45737   -0.2503379]
4.1328616;85.477684;-0.2540142;[ 2.6690779 86.31569   -0.2502616]
1.4521189;87.481705;-0.24761906;[ 2.6733246  87.58788    -0.25024042]
1.4967153;87.32096;-0.24504565;[ 2.6745124  87.938446   -0.25023547]
3.9901676;81.6467;-0.2699017;[ 2.6567843  82.5858     -0.25030908]
1.6318955;80.219765;-0.24468243;[ 2.6542256  81.794334   -0.25031465]
1.362436;87.28571;-0.24552125;[ 2.6736565  87.68216    -0.25023994]
4.0363007;78.76514;-0.24711673;[ 2.6473289 79.73094   -0.2503474]
1.6303339;80.567375;-0.24422665;[ 2.6527278  81.33992    -0.25032127]
1.805259;80.70492;-0.24398613;[ 2.6524532  81.253105   -0.25032437]
3.980609;75.030655;-0.26887333;[ 2.634725   75.90047    -0.25039798]
2.6463985;89.33256;-0.25433493;[ 2.6806397  89.81604    -0.25021744]
3.8013275;82.88691;-0.2679069;[ 2.6581879  83.02173    -0.25030535]
2.612207;82.45171;-0.2465871;[ 2.6595807  83.43044    -0.25029802]
3.320547;79.15644;-0.23678015;[ 2.650869  80.79294   -0.2503339]
3.7765985;75.658394;-0.26037318;[ 2.6385527  77.06559    -0.25038216]
2.6266103;82.48654;-0.24825943;[ 2.6584396  83.092316   -0.25030482]
3.3357334;79.51552;-0.23730697;[ 2.6487074  80.145775   -0.25034323]
2.5462444;75.7018;-0.24774344;[ 2.6370814  76.62459    -0.25038898]
2.5719361;75.852905;-0.25173438;[ 2.6366715  76.49926    -0.25039226]
2.5662332;75.850235;-0.24728297;[ 2.6366737  76.49194    -0.25039116]
3.74794;69.38326;-0.26452947;[ 2.616023   70.239586   -0.25047106]
0.3843062;98.36262;-0.25385183;[ 2.7090678 98.42085   -0.250109 ]
1.729675;84.75435;-0.24370402;[ 2.6660297  85.37346    -0.25027874]
1.5488992;84.605156;-0.24396218;[ 2.6662865  85.454834   -0.25027567]
1.5450804;84.31439;-0.24039635;[ 2.6667557 85.59825   -0.2502747]
1.5534501;83.91702;-0.23956035;[ 2.669332   86.36916    -0.25026408]
1.8272512;78.00469;-0.24088776;[ 2.6443422  78.804184   -0.25036436]
1.824244;77.98911;-0.2432358;[ 2.6442275 78.7695    -0.2503646]
1.652898;77.83547;-0.24350289;[ 2.6444843  78.85089    -0.25036153]
1.8371483;84.89027;-0.25214452;[ 2.6647213 84.983696  -0.2502876]
2.0044863;78.138306;-0.24296749;[ 2.6439705  78.68813    -0.25036767]
2.1275403;85.39094;-0.25665992;[ 2.664911  85.09549   -0.2502225]
2.773369;85.757835;-0.25839132;[ 2.6617782  84.15386    -0.25023562]
2.0300453;82.412605;-0.2767374;[ 2.6509027 80.87604   -0.2502781]
2.8564477;82.49369;-0.2714366;[ 2.6494381  80.42904    -0.25028452]
3.0636208;78.18;-0.29033583;[ 2.633401   75.58666    -0.25035036]
2.5498738;79.351585;-0.22618894;[ 2.6435323  78.59024    -0.25033566]
2.6147509;81.28514;-0.23788121;[ 2.6487324  80.15805    -0.25029954]
5.696102;74.75672;-0.24783672;[ 2.62913  74.24225  -0.250381]
2.2881248;72.75983;-0.27689257;[ 2.6179883 70.877396  -0.2504254]
2.9862192;78.931465;-0.2262999;[ 2.6428406  78.377846   -0.25033945]
3.0847902;74.22086;-0.25042576;[ 2.6275823  73.77299    -0.25040174]
4.6040487;74.70689;-0.25115424;[ 2.6293683  74.31548    -0.25037983]
4.419899;66.5352;-0.30007413;[ 2.5990508 65.15388   -0.2505049]
3.8219204;71.24917;-0.2765969;[ 2.6156263  70.167435   -0.25043488]
4.4044023;66.551094;-0.29383558;[ 2.596386   64.35106    -0.25051522]
4.70504;70.40458;-0.24810526;[ 2.61746    70.69133    -0.25044438]
2.5204697;70.08985;-0.2521502;[ 2.619743   71.38623    -0.25043476]
4.6983204;70.396835;-0.24717411;[ 2.6177397  70.77614    -0.25044328]
2.845246;72.97753;-0.26764292;[ 2.6274657  73.71354    -0.25040084]
2.755497;72.71571;-0.26518404;[ 2.6281018 73.90344   -0.2503985]
2.4447713;75.483055;-0.24312;[ 2.6372619  76.66989    -0.25036865]
2.5785992;74.56028;-0.24493906;[ 2.6350634 76.00746   -0.2503782]
2.6366248;75.26876;-0.24439678;[ 2.635941   76.27197    -0.25037482]
3.4318824;67.1448;-0.27642456;[ 2.6061969  67.293785   -0.25049484]
4.825314;74.64892;-0.24492644;[ 2.634091  75.71563   -0.2503813]
2.4157147;74.932365;-0.2505399;[ 2.6354444  76.13093    -0.25037512]
2.2016652;74.181404;-0.25034294;[ 2.6352074  76.052345   -0.25037718]
3.231752;70.197815;-0.26832068;[ 2.6190183 71.17396   -0.2504418]
2.5884113;76.636375;-0.20614083;[ 2.6405032  77.64526    -0.25035462]
3.374049;73.31115;-0.22352174;[ 2.628921   74.15056    -0.25040007]
2.7402189;68.24104;-0.25540626;[ 2.6101952  68.499306   -0.25047624]
3.43926;67.06931;-0.2567861;[ 2.6082397  67.901215   -0.25048584]
2.7607794;73.63897;-0.23974578;[ 2.6287024  74.08319    -0.25040105]
3.8778677;69.17657;-0.2541343;[ 2.6132138  69.40659    -0.25046423]
2.1297686;69.07034;-0.2546109;[ 2.6162686 70.32433   -0.2504496]
2.4926343;72.1439;-0.22669508;[ 2.6264744  73.40906    -0.25040916]
3.0326207;64.73347;-0.26804182;[ 2.599428  65.243484  -0.2505177]
2.413867;72.72294;-0.23009746;[ 2.6284397 73.99826   -0.2504015]
2.6073806;68.685715;-0.2562934;[ 2.6129942  69.337135   -0.25046393]
2.301624;66.79575;-0.25345707;[ 2.6119087  69.007866   -0.25046855]
3.1007133;60.53759;-0.2874139;[ 2.5841346  60.626465   -0.25057995]
2.5033536;79.51476;-0.2220462;[ 2.652609   81.32098    -0.25031865]
2.4159992;75.886406;-0.24315406;[ 2.639879   77.47705    -0.25036946]
3.644254;71.68584;-0.25752708;[ 2.6233497  72.489136   -0.25043643]
2.485728;76.00256;-0.243863;[ 2.639398  77.334564  -0.2503711]
2.0588357;71.88496;-0.26296866;[ 2.6247072 72.90153   -0.2504309]
2.3977845;80.03571;-0.22359584;[ 2.653747   81.66476    -0.25031403]
2.9019196;75.682304;-0.2445005;[ 2.6386454  77.105576   -0.25037533]
3.413998;71.8679;-0.26239064;[ 2.624525  72.84412   -0.2504319]
2.5854201;79.31923;-0.22899577;[ 2.6532922  81.527725   -0.25031474]
2.459671;75.2615;-0.25064883;[ 2.6381602  76.96835    -0.25037557]
2.8052843;72.97834;-0.23384795;[ 2.6295242  74.34512    -0.25040996]
4.8466387;72.2398;-0.23153065;[ 2.6266994  73.49261    -0.25042254]
3.9211097;68.77777;-0.2458801;[ 2.612995  69.3572    -0.2504769]
2.664429;76.38903;-0.21372825;[ 2.6404817 77.653946  -0.2503666]
4.7406273;72.37356;-0.23258537;[ 2.6260715  73.30303    -0.25042558]
3.8253105;68.939575;-0.24623238;[ 2.6131382  69.40152    -0.25047633]
2.5697358;68.978485;-0.24847348;[ 2.6143534 69.76988   -0.2504714]
2.7356524;77.11758;-0.2156297;[ 2.6433504  78.52025    -0.25035468]
2.3033953;69.02592;-0.24738699;[ 2.615522   70.123055   -0.25046661]
3.6847706;68.9533;-0.2482891;[ 2.6141343  69.701485   -0.25047252]
5.134016;72.08117;-0.23841068;[ 2.626429   73.41406    -0.25042224]
4.8259463;67.68994;-0.25255087;[ 2.6102407  68.53661    -0.25048688]
2.5171077;69.0716;-0.24346393;[ 2.6163175 70.351265  -0.2504614]
4.429466;68.45131;-0.24174538;[ 2.6127844 69.28478   -0.2504772]
2.6440485;68.151;-0.24465463;[ 2.6140838 69.67811   -0.250471 ]
2.3871958;67.587715;-0.24328059;[ 2.6134226 69.47764   -0.2504739]
2.5082924;72.5808;-0.23060693;[ 2.6296506 74.377914  -0.2504069]
4.846263;68.23958;-0.24652009;[ 2.6131637 69.40262   -0.2504739]
5.268586;68.43578;-0.24840423;[ 2.6133575  69.46899    -0.25047195]
4.5210075;63.848354;-0.2643267;[ 2.5969863 64.5285    -0.2505385]
3.379392;63.784973;-0.271515;[ 2.5980182  64.83846    -0.25053453]
4.059439;59.241013;-0.27913016;[ 2.5846462  60.802765   -0.25058842]
2.3613467;76.5783;-0.2030786;[ 2.6413918  77.927704   -0.25036266]
4.3604174;72.571266;-0.22321795;[ 2.62699    73.57889    -0.25042173]
2.559063;72.27764;-0.22421992;[ 2.6283622 73.994064  -0.2504153]
2.4072046;71.72684;-0.22212417;[ 2.6276658 73.78293   -0.2504183]
3.4544759;64.85332;-0.24864647;[ 2.599517   65.28684    -0.25053194]
3.9525661;74.98952;-0.23320408;[ 2.6328578  75.33332    -0.25037685]
3.4793327;69.80395;-0.2544021;[ 2.612035   69.04691    -0.25046247]
2.9865503;79.33719;-0.21668105;[ 2.6516824  81.01808    -0.25029927]
2.952153;74.18568;-0.23616688;[ 2.637771  76.82466   -0.2503557]
3.5367746;74.83982;-0.2313531;[ 2.6332178  75.4422     -0.25037518]
3.3151512;69.73193;-0.2491386;[ 2.6191914  71.213394   -0.25043207]
3.4484353;69.803;-0.25218332;[ 2.6181552  70.9017     -0.25043616]
3.2838707;69.23313;-0.25068155;[ 2.6175191  70.712      -0.25043935]
2.3121872;74.65027;-0.23510703;[ 2.63739    76.70897    -0.25035748]
2.0652406;69.70489;-0.26155064;[ 2.621992 72.06727  -0.25042 ]
3.0810916;74.201836;-0.23949192;[ 2.6297739  74.40289    -0.25038984]
3.278813;69.74232;-0.25189716;[ 2.6124506 69.17247   -0.2504608]
2.362607;59.83113;-0.29899555;[ 2.578745  59.00865   -0.2505979]
2.4897218;73.53918;-0.23150386;[ 2.6275241  73.72772    -0.25040412]
2.4252992;75.52282;-0.2138561;[ 2.6361737  76.34903    -0.25038165]
3.780442;68.546684;-0.24213257;[ 2.6113646  68.84633    -0.25047848]
5.108384;71.39587;-0.23965335;[ 2.6203833  71.581955   -0.25044617]
3.2622051;71.09064;-0.2436815;[ 2.6223645  72.18492    -0.25043783]
2.5323975;72.29026;-0.23574603;[ 2.623195  72.431595  -0.2504332]
2.4498117;72.056786;-0.23543799;[ 2.623634 72.55928  -0.250432]
3.7217023;65.75735;-0.25158373;[ 2.602209   66.09294    -0.25051636]
2.4257355;75.24859;-0.2145158;[ 2.6355329  76.151855   -0.25038508]
4.5793867;71.35027;-0.23365389;[ 2.6204562  71.59916    -0.25044677]
2.6154819;71.77408;-0.23589014;[ 2.6226404  72.25824    -0.25043684]
2.8056273;75.739784;-0.21644829;[ 2.635741   76.21475    -0.25038433]
3.0054557;69.91829;-0.23937547;[ 2.6179304  70.84021    -0.25045228]
3.1427007;70.902855;-0.24388692;[ 2.6223876 72.18884   -0.250438 ]
2.7345648;73.69048;-0.20845523;[ 2.6319087  75.060265   -0.25039643]
2.8141785;70.937744;-0.23589672;[ 2.621521  71.91948   -0.2504422]
2.7951815;68.80443;-0.24015063;[ 2.616855  70.51193   -0.2504583]
2.408002;72.13932;-0.23653887;[ 2.6227314 72.28808   -0.2504358]
4.259903;68.072716;-0.2511977;[ 2.606809   67.48009    -0.25050116]
3.7283733;65.93662;-0.2545154;[ 2.6020257 66.03678   -0.2505175]
2.3922842;71.551;-0.24155022;[ 2.616673   70.458664   -0.25045896]
4.222923;65.78357;-0.2384612;[ 2.603464   66.45511    -0.25050908]
2.373752;70.20109;-0.22537756;[ 2.6191292  71.203705   -0.25044727]
2.9686508;69.09969;-0.2394864;[ 2.6173046 70.648     -0.2504565]
2.8000088;70.20395;-0.23759934;[ 2.6190176  71.169495   -0.25044766]
2.6468248;73.48887;-0.23095758;[ 2.6341505 75.73642   -0.2503865]
2.510871;71.97657;-0.2030399;[ 2.6262314 73.33952   -0.2504205]
2.260421;68.69909;-0.22448055;[ 2.6138718  69.60688    -0.25046992]
3.3384595;65.14;-0.23649642;[ 2.6006427 65.60074   -0.2505209]
4.260219;68.06074;-0.2231711;[ 2.610458   68.57532    -0.25048542]
2.4590664;68.749245;-0.22606958;[ 2.6126044 69.225876  -0.250475 ]
3.8335307;64.73341;-0.24016911;[ 2.596961   64.50197    -0.25053918]
2.7629445;72.248344;-0.20683801;[ 2.6250012  72.96994    -0.25042567]
3.021617;67.83658;-0.22997388;[ 2.6101882  68.49446    -0.25048643]
2.5174267;69.00484;-0.22993405;[ 2.6120336 69.05578   -0.2504772]
4.0919533;64.90035;-0.24362956;[ 2.5959568  64.20049    -0.25054324]
3.8640277;64.36435;-0.24662134;[ 2.5951397  63.95182    -0.25054768]
3.8196237;64.97808;-0.24041364;[ 2.5993428 65.20927   -0.2505266]
4.930632;68.11171;-0.23931514;[ 2.6097808 68.372986  -0.250488 ]
2.6966336;72.50009;-0.21444264;[ 2.6252656 73.04748   -0.2504254]
2.6519032;68.85778;-0.23518477;[ 2.6115828 68.91757   -0.2504799]
4.786177;69.22122;-0.2277538;[ 2.6118274 68.99033   -0.25048  ]
3.217648;72.966484;-0.22282803;[ 2.6289399  74.15921    -0.25040942]
4.999139;68.56489;-0.2368259;[ 2.610757   68.66897    -0.25048393]
2.9254012;70.00917;-0.23082204;[ 2.6143327  69.74972    -0.25046793]
2.5486379;72.00816;-0.23143303;[ 2.620574   71.63144    -0.25044426]
2.3713386;68.35963;-0.23863809;[ 2.605918   67.20474    -0.25050125]
4.3484473;64.47077;-0.24135447;[ 2.595867   64.16798    -0.25054306]
2.2885818;65.152756;-0.24330786;[ 2.5986822  65.021706   -0.25052956]
2.390923;64.65292;-0.24405509;[ 2.5980346  64.82328    -0.25053397]
4.443385;64.226974;-0.24166767;[ 2.5954895  64.05436    -0.25054526]
3.5056336;60.565105;-0.2575173;[ 2.5816202 59.868065  -0.2506009]
2.4388857;68.51883;-0.22220333;[ 2.611683   68.944786   -0.25047866]
2.3706782;64.908455;-0.24388722;[ 2.597984  64.81045   -0.2505332]
2.5493948;63.99523;-0.25188026;[ 2.5980403 64.83027   -0.2505338]
2.462705;64.83881;-0.24296606;[ 2.5979204  64.79119    -0.25053367]
3.8018425;60.85446;-0.2605748;[ 2.5821073  60.01584    -0.25059843]
3.8486688;64.381744;-0.24693887;[ 2.597383   64.62748    -0.25053713]
3.6422367;61.057026;-0.25609857;[ 2.5837357  60.50811    -0.25059152]
2.9561436;69.06513;-0.22217944;[ 2.6132762  69.43019    -0.25047168]
2.4066176;65.33614;-0.24310634;[ 2.6000557 65.44065   -0.2505242]
2.7071867;65.42816;-0.24251696;[ 2.6003504  65.52695    -0.25052306]
3.8638668;61.323288;-0.2586921;[ 2.5845792  60.76423    -0.25058764]
2.3865354;67.69185;-0.24059606;[ 2.6064763 67.368065  -0.2505008]
2.2681499;64.01507;-0.2483161;[ 2.5921922  63.051918   -0.25055557]
4.5273113;72.34785;-0.23054841;[ 2.6277153 73.78897   -0.2504098]
2.6606941;72.14503;-0.23962754;[ 2.629757   74.41176    -0.25040013]
2.5890021;73.051186;-0.23392148;[ 2.6292195  74.24441    -0.25040224]
3.924951;69.05728;-0.24793652;[ 2.6136186  69.53356    -0.25046608]
2.4743924;79.8448;-0.22177961;[ 2.6522634  81.22069    -0.25031936]
2.144265;76.395966;-0.24262007;[ 2.6400528 77.53674   -0.2503675]
3.6306107;72.21537;-0.25633064;[ 2.6237419  72.612495   -0.25043413]
2.6024084;75.23243;-0.24425164;[ 2.6372113  76.677284   -0.25038043]
3.2254071;76.07091;-0.24367847;[ 2.637987  76.91107   -0.2503774]
3.8020868;70.63349;-0.26184282;[ 2.6218388  72.032104   -0.25044364]
2.4207726;76.81992;-0.24271822;[ 2.640339  77.62274   -0.2503667]
3.8734686;68.00315;-0.27495548;[ 2.6084418 67.99261   -0.2504967]
2.6906366;79.44744;-0.22952913;[ 2.6521645  81.18982    -0.25031918]
4.624028;70.716156;-0.26049992;[ 2.6188521  71.143265   -0.25045374]
2.2313507;69.31458;-0.24304909;[ 2.6154823  70.111755   -0.25046656]
2.42067;72.80893;-0.22244301;[ 2.627164   73.62631    -0.25041723]
2.2311182;65.185135;-0.26196668;[ 2.599796   65.3664     -0.25052816]
2.901691;68.98761;-0.24491976;[ 2.6135993  69.53021    -0.25047255]
2.4896514;67.89308;-0.24436258;[ 2.6120565 69.06346   -0.2504789]
3.1264746;65.29224;-0.26095405;[ 2.6003637  65.53549    -0.25052541]
3.4246964;60.931427;-0.27720553;[ 2.584171   60.64682    -0.25059152]
4.9317636;71.44336;-0.24109209;[ 2.6211338  71.80755    -0.25044227]
2.7193856;76.32253;-0.22831738;[ 2.640316  77.59915   -0.2503638]
3.104899;71.56282;-0.24726798;[ 2.6243746  72.79013    -0.25042874]
4.2753706;69.27505;-0.27332097;[ 2.6098335  68.40121    -0.25048566]
4.2148485;69.71285;-0.2217895;[ 2.6158514 70.23061   -0.2504609]
2.1914506;64.78407;-0.26300165;[ 2.6091454  68.176      -0.25048834]
2.5987675;77.162224;-0.21216714;[ 2.6433709  78.52618    -0.25035414]
2.617416;77.4658;-0.20047186;[ 2.6432757  78.49887    -0.25035483]
2.6440754;77.92718;-0.21284851;[ 2.6446626  78.91669    -0.25034878]
4.0364256;67.83425;-0.24879888;[ 2.6111012  68.78243    -0.25048578]
2.390903;69.39739;-0.25067946;[ 2.6163824  70.37874    -0.25046068]
3.1172352;65.13756;-0.26646337;[ 2.5998666 65.395164  -0.2505275]
2.6159508;72.4661;-0.2252086;[ 2.6266696  73.487274   -0.25041977]
3.2499552;65.06335;-0.26400048;[ 2.5996165 65.31989   -0.2505285]
2.7901394;65.28433;-0.2708311;[ 2.6011617  65.78905    -0.25052226]
3.6654997;69.0104;-0.25149328;[ 2.6131124  69.39303    -0.25047502]
2.6549976;67.13155;-0.24981332;[ 2.612093   69.08334    -0.25047928]
2.1509387;76.549706;-0.23285852;[ 2.6374152 76.720505  -0.2503681]
2.5181904;72.5217;-0.2200538;[ 2.626741  73.49838   -0.2504217]
4.5973682;68.68681;-0.24031755;[ 2.6117382  68.967125   -0.25048313]
2.4528017;69.3273;-0.24270414;[ 2.6143656  69.76183    -0.25047106]
3.8021953;65.26677;-0.2554435;[ 2.598075  64.84364   -0.2505375]
2.3690023;79.54765;-0.2108656;[ 2.6503258 80.618225  -0.2503167]
4.381801;75.661835;-0.23023981;[ 2.6346083  75.872986   -0.25038102]
3.2131677;71.594475;-0.24501216;[ 2.620161   71.50972    -0.25043958]
2.8783529;80.04789;-0.21211772;[ 2.649969   80.51123    -0.25031865]
2.9810653;74.694824;-0.2421164;[ 2.6381533 76.95215   -0.2503652]
2.40296;73.007996;-0.22097543;[ 2.6273599  73.68473    -0.25041923]
2.4623039;68.20238;-0.24077359;[ 2.61308    69.371025   -0.25047743]
2.5835063;69.39612;-0.24262396;[ 2.6134987  69.501076   -0.25047436]
2.4775484;75.24921;-0.20416573;[ 2.6367702  76.533356   -0.25037834]
2.2691693;71.15446;-0.23508799;[ 2.6192162 71.227646  -0.2504486]
2.7032104;76.04554;-0.23829684;[ 2.6365774  76.48388    -0.25038302]
2.6015215;74.940346;-0.23676078;[ 2.6353183  76.10171    -0.25038922]
2.6692927;76.113106;-0.23936078;[ 2.6355438 76.17256   -0.250387 ]
2.3265097;70.27586;-0.2507003;[ 2.6179166 70.84858   -0.2504546]
3.0048804;72.22389;-0.25851804;[ 2.62675   73.50744   -0.2504118]
3.5944476;67.3374;-0.26977128;[ 2.6052845 67.02153   -0.2505003]
3.3539672;71.733185;-0.25670147;[ 2.6233032  72.46313    -0.25042683]
2.544382;73.27632;-0.2286776;[ 2.6301944  74.54102    -0.25040656]
4.723501;68.887924;-0.24449885;[ 2.6124141  69.173134   -0.25047928]
4.257779;69.57528;-0.23579358;[ 2.6127493  69.27123    -0.25047493]
4.7443113;73.42653;-0.2238813;[ 2.6263263  73.381775   -0.25042439]
3.421445;74.2293;-0.21045595;[ 2.6291418  74.233925   -0.25041136]
4.481814;71.13469;-0.2155246;[ 2.6174943 70.707794  -0.250459 ]
2.9183486;77.529274;-0.21250106;[ 2.6438162 78.66467   -0.250352 ]
4.955795;73.15936;-0.22725098;[ 2.6258461  73.239204   -0.25042555]
2.6947987;70.85337;-0.2148727;[ 2.618149  70.90471   -0.2504561]
3.0621228;74.150406;-0.22616021;[ 2.6283913 74.00812   -0.2504143]
2.490927;72.56249;-0.2277352;[ 2.6248026 72.91369   -0.2504279]
3.652028;68.633446;-0.24678394;[ 2.6099305  68.42244    -0.25048888]
3.417259;65.87747;-0.25794497;[ 2.597247   64.59612    -0.25053865]
4.66403;69.07857;-0.24031065;[ 2.6104739  68.586      -0.25048637]
3.5620513;65.359856;-0.25468907;[ 2.596754   64.44633    -0.25054094]
3.52781;68.12466;-0.22385423;[ 2.6063435  67.3331     -0.25049964]
3.0767078;66.55969;-0.226658;[ 2.6037946  66.56215    -0.25051078]
4.4173193;62.63586;-0.23937851;[ 2.5877945  61.73011    -0.25057593]
2.2883427;65.712006;-0.23405775;[ 2.6019256 65.99464   -0.2505162]
3.6722367;69.03213;-0.24716753;[ 2.61092   68.72473   -0.2504836]
2.693039;71.2386;-0.21175893;[ 2.61776   70.7795    -0.2504547]
2.7477388;67.5886;-0.23287052;[ 2.6050887  66.95614    -0.25050485]
2.6996248;68.336914;-0.24400067;[ 2.6114697 68.8856    -0.2504822]
2.7874904;66.37497;-0.23405714;[ 2.603254   66.3951     -0.25051412]
3.5530648;67.71109;-0.2202228;[ 2.6050298  66.9369     -0.25050518]
3.0109403;58.71704;-0.26869485;[ 2.5746136  57.748474   -0.25062615]
3.0911117;63.77002;-0.24483451;[ 2.5983841 64.91484   -0.2505226]
3.873034;63.778793;-0.24085496;[ 2.5964587 64.346054  -0.2505342]
2.7377725;71.60233;-0.19817567;[ 2.625641  73.15744   -0.2504158]
2.4980953;66.69615;-0.22566071;[ 2.6106148 68.617744  -0.2504774]
2.3658788;63.94149;-0.24996765;[ 2.598338  64.91042   -0.2505245]
2.9131148;59.86635;-0.26629096;[ 2.5820332  59.98861    -0.25059092]
1.9421204;63.325966;-0.24525894;[ 2.5980327  64.82003    -0.25052592]
2.468896;67.263115;-0.22496271;[ 2.611364   68.845856   -0.25047246]
2.5648196;63.653687;-0.24578176;[ 2.5975645 64.67865   -0.2505275]
2.942594;59.555542;-0.26569304;[ 2.5820496  59.993477   -0.25059104]
2.8223376;72.77502;-0.22781327;[ 2.6302307  74.54874    -0.25040305]
4.614883;68.40909;-0.24233714;[ 2.612501   69.19575    -0.25047562]
3.9176927;68.054726;-0.23328649;[ 2.6111197 68.76754   -0.2504695]
2.9014733;73.682175;-0.21638548;[ 2.627685  73.776085  -0.2504058]
3.071969;73.50911;-0.20757867;[ 2.6284876 74.01869   -0.2504031]
5.3716054;72.19534;-0.22610816;[ 2.625839   73.223015   -0.25041395]
3.0738301;77.7705;-0.19111213;[ 2.641969  78.091705  -0.2503488]
2.4724774;77.71516;-0.20177194;[ 2.641377   77.9103     -0.25035122]
3.0379882;72.82723;-0.21854472;[ 2.626886   73.53571    -0.25041056]
4.5076213;64.68688;-0.23999466;[ 2.5978212 64.76606   -0.250528 ]
4.350745;72.3655;-0.20976083;[ 2.6267781  73.50697    -0.25041154]
4.4556627;64.964584;-0.25074366;[ 2.5980577  64.83219    -0.25053397]
3.8161383;62.228016;-0.28090724;[ 2.5853968  61.008675   -0.25058225]
2.8419087;66.85196;-0.26777655;[ 2.6068969  67.50251    -0.25049397]
4.584676;64.17984;-0.2548782;[ 2.600126   65.44524    -0.25051254]
2.2304764;70.52171;-0.24327168;[ 2.6162925  70.3351     -0.25045046]
3.9956179;69.47439;-0.23648225;[ 2.6137497  69.56712    -0.25046232]
3.0954893;73.10082;-0.23610942;[ 2.6323862  75.197914   -0.25038528]
3.2931647;68.53513;-0.25037447;[ 2.6151962  70.011536   -0.25045547]
2.6112318;73.733925;-0.22108768;[ 2.6288157 74.115005  -0.250401 ]
2.5202923;68.247986;-0.21135831;[ 2.6123128 69.1369    -0.2504749]
2.355116;67.948204;-0.23429303;[ 2.6154203  70.07364    -0.25045517]
2.0581741;65.08544;-0.24113989;[ 2.6035285 66.48472   -0.2505022]
2.0253124;64.92709;-0.24160656;[ 2.6028678  66.28678    -0.25050503]
2.488151;72.975426;-0.22236113;[ 2.6293054  74.27319    -0.25040907]
2.4333694;72.90452;-0.22096215;[ 2.62858   74.05438   -0.2504123]
2.3405075;69.56022;-0.24280947;[ 2.6170661  70.5801     -0.25045767]
2.35353;65.52736;-0.2604245;[ 2.6015482 65.89732   -0.2505211]
2.568027;73.65888;-0.2231376;[ 2.6301692 74.53431   -0.2504057]
3.0472267;69.31354;-0.24368952;[ 2.614968   69.94528    -0.25046748]
2.3818343;69.98622;-0.24278076;[ 2.6173222  70.65741    -0.25045675]
3.653871;61.20558;-0.27578688;[ 2.5854585  61.03762    -0.25058645]
4.2378283;64.035545;-0.26796618;[ 2.5959797 64.22034   -0.2505426]
2.3538485;68.00552;-0.2566285;[ 2.6130846 69.3751    -0.2504744]
3.9056394;59.418266;-0.28240263;[ 2.5833898  60.420235   -0.25059357]
4.2821484;61.83715;-0.24574417;[ 2.5894694 62.228302  -0.2505686]
3.0902178;58.112343;-0.26447055;[ 2.575887   58.129852   -0.25062254]
2.445074;62.730537;-0.2521395;[ 2.592704   63.20871    -0.25055382]
2.3795953;65.97789;-0.22824192;[ 2.6046135  66.80167    -0.25050697]
2.2333732;62.294014;-0.2475176;[ 2.5910845  62.72193    -0.25056037]
2.9988592;58.273323;-0.26719588;[ 2.5758753 58.126984  -0.2506226]
2.4527647;86.57876;-0.22831751;[ 2.6689103  86.25395    -0.25023323]
4.7706966;82.56154;-0.24071659;[ 2.6544871  81.90283    -0.25029197]
3.3158364;79.69523;-0.2552992;[ 2.6406932  77.7392     -0.25034678]
2.6952598;84.86135;-0.21063113;[ 2.6622558 84.25023   -0.2502579]
4.498446;79.96018;-0.22901258;[ 2.6446047  78.91652    -0.25033155]
2.062367;81.01131;-0.23463246;[ 2.6484659 80.07727   -0.2503155]
2.2435439;88.21906;-0.23318629;[ 2.6717808 87.11929   -0.2502202]
2.6641917;81.2927;-0.26980534;[ 2.6484466  80.078476   -0.25030833]
2.5803216;81.07986;-0.27138045;[ 2.647025   79.64981    -0.25031424]
2.4904735;87.92547;-0.22135751;[ 2.6728508  87.45145    -0.25021565]
1.9825785;85.42045;-0.21031103;[ 2.6632245  84.5425     -0.25025412]
2.0280173;81.22674;-0.21724151;[ 2.6477854  79.873505   -0.25031587]
1.8957243;78.906815;-0.26273394;[ 2.6428113 78.372665  -0.2503395]
1.8847433;79.59628;-0.23507215;[ 2.6447835  78.96159    -0.25033155]
2.1624417;76.12414;-0.24439946;[ 2.6327014  75.305084   -0.25037923]
2.8226821;80.97088;-0.2724813;[ 2.6491477  80.28927    -0.25030556]
3.340804;76.31495;-0.29099458;[ 2.6290913 74.23398   -0.2503879]
2.953302;83.65577;-0.24771301;[ 2.6555772  82.235596   -0.25028613]
3.2007356;85.203384;-0.21301286;[ 2.6628861  84.43313    -0.25025657]
2.8934202;80.0962;-0.23594142;[ 2.643957   78.71695    -0.25033498]
2.9260812;86.98587;-0.22399792;[ 2.669224   86.35218    -0.25023192]
2.7205048;84.588036;-0.20624816;[ 2.6601348  83.605865   -0.25026825]
2.3850312;82.237946;-0.24332924;[ 2.655434   82.18605    -0.25028825]
1.7032878;80.201775;-0.26500878;[ 2.6435726 78.608215  -0.2503349]
2.8499188;81.77432;-0.22446033;[ 2.648127   79.98035    -0.25031576]
2.5451667;81.92113;-0.22310242;[ 2.658105   82.96425    -0.25028217]
2.3838363;81.65865;-0.22284114;[ 2.6562946  82.417755   -0.25028962]
2.5398397;78.35876;-0.2450387;[ 2.644811   78.95288    -0.25033486]
2.554017;77.450935;-0.24620345;[ 2.643327   78.50406    -0.25034207]
2.4710274;78.15495;-0.24559604;[ 2.6441503  78.752426   -0.25033885]
3.427601;70.01573;-0.27845955;[ 2.6145635 69.821075  -0.2504583]
2.5352416;81.70348;-0.23479527;[ 2.6582005  82.99432    -0.25028166]
4.70556;77.36229;-0.25043225;[ 2.6415455  77.96802    -0.25034937]
2.2673147;77.645744;-0.2584517;[ 2.6431265  78.45282    -0.25034225]
3.655534;72.64129;-0.21717748;[ 2.627497   73.72073    -0.25040975]
3.3427634;67.4745;-0.24650009;[ 2.6084874 67.98526   -0.2504878]
2.9754503;76.50876;-0.21156973;[ 2.6403346  77.59356    -0.25035888]
3.044726;70.94655;-0.22954246;[ 2.6239803 72.65497   -0.2504257]
4.447837;68.56455;-0.24551627;[ 2.6118398  68.99211    -0.25047374]
4.769155;63.720963;-0.25929797;[ 2.593447   63.442146   -0.25054866]
2.62438;70.65768;-0.24241364;[ 2.624378   72.77936    -0.25042084]
3.3037298;64.36229;-0.26489523;[ 2.5998738  65.36922    -0.25051716]
4.195251;66.860016;-0.2522346;[ 2.609464   68.27681    -0.25048196]
2.3243089;67.40287;-0.2559231;[ 2.612114   69.08218    -0.25046912]
3.1958444;67.22746;-0.26053116;[ 2.6101632  68.48944    -0.25047845]
3.447237;61.723045;-0.28029245;[ 2.594375   63.719185   -0.25054318]
2.7680712;67.64348;-0.25543454;[ 2.612744   69.26864    -0.25046703]
3.1197405;62.93451;-0.27648425;[ 2.5975099  64.66999    -0.25052887]
3.180493;75.09565;-0.22503732;[ 2.6360388  76.30357    -0.25037676]
4.376216;69.04983;-0.2250268;[ 2.6141856  69.704796   -0.25046465]
4.4562054;64.85723;-0.2449591;[ 2.5976808  64.720245   -0.25053203]
2.5376081;64.81136;-0.24373928;[ 2.6004488  65.54717    -0.25051597]
3.3781757;60.56388;-0.25519836;[ 2.5829     60.249535   -0.25059083]
3.1207297;76.42396;-0.2255958;[ 2.6406832  77.7054     -0.25035727]
3.2825427;72.057915;-0.24572748;[ 2.624436   72.79953    -0.25042313]
3.0227544;69.51174;-0.22121468;[ 2.61509   69.96852   -0.2504596]
2.9200158;69.79609;-0.27483574;[ 2.6138108  69.59438    -0.25045955]
3.4831157;65.235245;-0.28680557;[ 2.5939622  63.597      -0.25054118]
3.9982486;75.87641;-0.22479738;[ 2.637549  76.76036   -0.2503706]
2.8914125;64.953514;-0.25130537;[ 2.5983922 64.93666   -0.250529 ]
3.531596;64.74103;-0.23818032;[ 2.5981276 64.84736   -0.2505294]
3.4603677;64.196465;-0.23727849;[ 2.5976043  64.691444   -0.25053164]
3.5992537;68.27487;-0.26439726;[ 2.6071496 67.58229   -0.2504935]
3.3611436;61.5475;-0.2580479;[ 2.5837812  60.51969    -0.25058636]
2.6340528;70.02413;-0.24555407;[ 2.6213095  71.85455    -0.25043562]
2.6750925;69.12051;-0.24763529;[ 2.6192555  71.23607    -0.25044456]
2.0802565;66.08844;-0.26387826;[ 2.6073337  67.64061    -0.25049213]
2.8229;66.00659;-0.26378986;[ 2.6059403  67.216835   -0.25049803]
4.155305;69.10453;-0.24799676;[ 2.6167395 70.48066   -0.2504543]
3.2183266;60.112274;-0.28017068;[ 2.5882688  61.895416   -0.25056872]
2.1413872;71.54198;-0.25926635;[ 2.6279807  73.87848    -0.25040802]
3.748732;66.08753;-0.24573582;[ 2.6036687  66.538376   -0.25050247]
2.4934123;68.94209;-0.24739365;[ 2.6149788  69.95014    -0.25046107]
4.1456423;68.96745;-0.23023455;[ 2.614467   69.791306   -0.25045985]
2.4934895;64.07042;-0.25981325;[ 2.5918531  62.964317   -0.25055596]
4.1376195;71.90409;-0.2510389;[ 2.624004   72.67149    -0.25042513]
4.5446863;69.27675;-0.23957345;[ 2.614243   69.722725   -0.25046426]
3.5093338;64.49469;-0.25659642;[ 2.598688   65.02367    -0.25052547]
3.888111;64.361;-0.25906613;[ 2.597973  64.80858   -0.2505279]
3.0189352;72.38744;-0.22632597;[ 2.6275606  73.73901    -0.25040865]
3.1718566;67.25085;-0.24620044;[ 2.610125   68.476326   -0.25047973]
2.3390212;64.480576;-0.26930583;[ 2.6002476 65.49041   -0.2505171]
2.5810714;60.238422;-0.28585383;[ 2.5837312  60.506485   -0.25058386]
2.366058;60.246033;-0.28917557;[ 2.5849833  60.88787    -0.25057882]
2.0893133;60.27938;-0.28773355;[ 2.5845745  60.76294    -0.25058082]
2.5324793;55.89431;-0.300502;[ 2.5681078  55.790634   -0.25064746]
2.3143916;75.26128;-0.2458633;[ 2.6358242 76.23332   -0.250372 ]
4.2837105;74.55461;-0.24326982;[ 2.6326063 75.26404   -0.2503862]
2.1731184;75.668755;-0.24544503;[ 2.6362164 76.35623   -0.2503697]
1.738362;71.31331;-0.2655321;[ 2.6215026  71.91638    -0.25042963]
3.1492877;71.17402;-0.2644253;[ 2.6207106 71.67446   -0.2504329]
2.525468;78.556366;-0.23426819;[ 2.6484613  80.0493     -0.25032067]
4.271699;69.57807;-0.26913086;[ 2.6164172  70.37193    -0.25045332]
4.123653;73.690605;-0.2446463;[ 2.6310918 74.804     -0.2503934]
2.9378824;66.43401;-0.29294807;[ 2.604519   66.78378    -0.25050083]
3.9979467;74.5637;-0.24685356;[ 2.6329103  75.35243    -0.25038612]
3.7987678;70.23476;-0.27268565;[ 2.6176853 70.75628   -0.250448 ]
3.365017;70.86811;-0.26988277;[ 2.6199734  71.44862    -0.25043753]
3.0802336;66.498055;-0.291597;[ 2.605264   67.01005    -0.25049743]
3.2370615;62.114258;-0.30625612;[ 2.588254  61.87185   -0.2505668]
3.5998335;73.67304;-0.2544692;[ 2.6323617 75.185295  -0.2503875]
2.8754308;69.60697;-0.28413525;[ 2.617015  70.56105   -0.2504493]
3.8027737;64.93433;-0.29692352;[ 2.5990133  65.12833    -0.25052208]
3.2470872;64.86612;-0.30011055;[ 2.5993655  65.234764   -0.25052077]
4.315052;78.452126;-0.2421307;[ 2.6489453  80.20552    -0.25033113]
2.1381295;79.45373;-0.2423572;[ 2.6525834  81.308365   -0.25031504]
3.163904;79.30457;-0.24364337;[ 2.6501935  80.582924   -0.25032598]
2.3660016;79.8768;-0.24221006;[ 2.6523387 81.23311   -0.2503162]
1.6216661;75.58926;-0.26064253;[ 2.6375659  76.7749     -0.25037622]
2.6977065;82.99034;-0.2280922;[ 2.6657493  85.28038    -0.25026157]
4.698764;78.58654;-0.24291398;[ 2.64851    80.07753    -0.25033164]
2.625617;78.26669;-0.24884076;[ 2.6493287 80.32591   -0.2503289]
2.42233;73.27082;-0.24439007;[ 2.6290133  74.174065   -0.25040862]
2.4940672;76.57795;-0.22181107;[ 2.641036  77.80783   -0.2503611]
4.44079;72.50836;-0.24174692;[ 2.6257493  73.19035    -0.25042355]
2.3711834;73.21475;-0.24385524;[ 2.6294389  74.30788    -0.25040668]
2.1922588;69.326706;-0.26326507;[ 2.614646  69.84273   -0.2504668]
3.2375903;69.09235;-0.26109928;[ 2.613775   69.57735    -0.25047052]
4.303823;79.21496;-0.23569268;[ 2.64739    79.73715    -0.25033987]
3.7284675;75.685646;-0.2504944;[ 2.6334157  75.51767    -0.25039542]
2.85972;77.43638;-0.22043881;[ 2.6411269  77.847885   -0.25036332]
2.4831717;76.16802;-0.20938095;[ 2.6371744  76.645355   -0.25037915]
3.4819114;72.65953;-0.23105837;[ 2.6229472 72.34675   -0.2504374]
3.2127192;68.87524;-0.2465654;[ 2.6091464  68.18106    -0.25049216]
2.434348;84.135155;-0.21794125;[ 2.666766  85.587585  -0.2502603]
1.7544961;77.22155;-0.21354812;[ 2.6411052  77.83086    -0.25036302]
2.2739134;73.315346;-0.23524891;[ 2.626857   73.52726    -0.25041994]
2.2959383;84.12119;-0.22104028;[ 2.6649241  85.03128    -0.25026715]
2.707727;77.53618;-0.26282102;[ 2.6410851  77.83625    -0.25035775]
1.735347;81.32321;-0.20524167;[ 2.654316   81.82782    -0.25031105]
1.7594912;76.85985;-0.21214062;[ 2.6386065 77.077896  -0.2503737]
2.4469442;79.326164;-0.23760962;[ 2.6513357  80.925446   -0.25032362]
2.3298392;72.76667;-0.23678598;[ 2.628202   73.93095    -0.25041568]
2.2854474;69.39611;-0.2515439;[ 2.6121402  69.084595   -0.25047988]
2.7227833;79.907326;-0.24077232;[ 2.6492853  80.31458    -0.25033084]
2.651316;83.58261;-0.2184541;[ 2.662512  84.30448   -0.2502782]
2.5025308;76.76855;-0.21108422;[ 2.6380723 76.91723   -0.2503754]
2.0891564;71.94859;-0.23029536;[ 2.623543   72.52746    -0.25043476]
3.391882;77.71145;-0.21606171;[ 2.6405215  77.66588    -0.25036585]
3.7908807;73.65406;-0.2407315;[ 2.6249824  72.972046   -0.25042942]
2.5356405;83.17011;-0.22200364;[ 2.6633544  84.56155    -0.25027347]
2.4239712;79.54369;-0.24304865;[ 2.6507702  80.76251    -0.25032386]
4.540093;78.812965;-0.24154942;[ 2.6478374 79.876495  -0.2503367]
3.6713762;75.343124;-0.25730854;[ 2.6342406 75.77459   -0.2503908]
2.3223693;82.96985;-0.22175394;[ 2.661587  84.02791   -0.2502808]
4.5505705;78.946754;-0.24190807;[ 2.6472137  79.688126   -0.25033975]
2.4937973;79.66816;-0.2437557;[ 2.6501   80.561905 -0.250326]
2.04624;75.54371;-0.2627475;[ 2.6356091  76.1902     -0.25038528]
2.8996592;79.33575;-0.2443653;[ 2.6493616  80.337265   -0.25033027]
3.4815173;73.87542;-0.26353067;[ 2.6332324 75.464355  -0.2503964]
1.6107466;75.5923;-0.26189467;[ 2.6366844  76.514435   -0.25038075]
3.4293003;75.52658;-0.26216906;[ 2.635277  76.08679   -0.2503867]
2.3663926;78.98695;-0.2505001;[ 2.648717   80.15451    -0.25033113]
5.4002657;78.89842;-0.24571207;[ 2.6475635  79.80699    -0.25033534]
2.7965941;83.95503;-0.22380723;[ 2.6645355  84.916885   -0.25026894]
3.0208979;81.83161;-0.20391053;[ 2.6565735 82.5133    -0.2503006]
2.25412;79.621445;-0.24230118;[ 2.6512957  80.92439    -0.25032237]
2.5690336;72.848625;-0.24194433;[ 2.6258771  73.2392     -0.25042403]
2.8284073;81.22686;-0.21316642;[ 2.6570787  82.66176    -0.25029826]
2.1874568;79.30103;-0.24391934;[ 2.6508038  80.77261    -0.25032443]
3.5981164;71.51747;-0.23047644;[ 2.624705  72.88455   -0.2504273]
4.8478374;79.43464;-0.23823394;[ 2.6486673  80.12399    -0.25033337]
3.3329804;72.18151;-0.2410497;[ 2.6249528 72.96271   -0.2504261]
3.7967389;69.13287;-0.24930671;[ 2.6133082 69.45385   -0.250472 ]
2.7669182;65.65965;-0.26773673;[ 2.605254   66.99223    -0.25050282]
2.5955203;81.16059;-0.21019804;[ 2.6551301  82.06969    -0.25030568]
2.5957227;81.46957;-0.19865069;[ 2.65509    82.059235   -0.25030604]
4.6973724;77.36625;-0.22938034;[ 2.6397595  77.42908    -0.25036874]
3.3544586;78.127846;-0.21606404;[ 2.6435065 78.5641    -0.2503515]
2.6317244;76.01076;-0.23274237;[ 2.6374383 76.73085   -0.2503776]
3.016048;72.904045;-0.24522527;[ 2.6250699  73.00073    -0.25042674]
3.296914;76.75791;-0.23178229;[ 2.63904  77.21352  -0.250371]
2.9448905;78.46177;-0.23114404;[ 2.6432924  78.49829    -0.25035247]
4.513181;69.170715;-0.25706768;[ 2.6098943  68.41691    -0.25048855]
2.4041624;76.18693;-0.23619428;[ 2.640978   77.792786   -0.25036132]
3.0257545;68.92624;-0.26839137;[ 2.6136432 69.54285   -0.2504708]
2.5500374;76.232414;-0.22611685;[ 2.6400466  77.514435   -0.25036484]
4.3123074;72.36431;-0.24700005;[ 2.6259272 73.24844   -0.2504228]
3.2012591;68.84292;-0.2659231;[ 2.6130674  69.36963    -0.25047317]
2.45876;69.071556;-0.27280062;[ 2.6150405 69.967285  -0.2504652]
3.38704;72.809395;-0.25342098;[ 2.6268282  73.52197    -0.25041857]
2.5519037;70.90686;-0.25180945;[ 2.62566   73.16791   -0.2504234]
2.3258278;73.14777;-0.2486242;[ 2.6292093  74.240746   -0.25040793]
2.5629404;70.50458;-0.2479979;[ 2.620868   71.71539    -0.25043714]
2.8592215;66.24385;-0.26323557;[ 2.6042635  66.70436    -0.25050446]
2.8439217;73.95783;-0.22871028;[ 2.6329103  75.35308    -0.25038922]
2.4206896;70.61755;-0.2481282;[ 2.621389  71.87663   -0.2504346]
2.9457076;74.7064;-0.23095335;[ 2.6345153  75.83687    -0.25038263]
2.931182;70.330444;-0.24958971;[ 2.6193347  71.25386    -0.25044426]
2.6556048;69.10676;-0.24872223;[ 2.6179473  70.83454    -0.25044993]
3.9140353;69.39357;-0.25113916;[ 2.6164699  70.38939    -0.25045508]
2.0851176;69.68049;-0.2571791;[ 2.6180716  70.87989    -0.25044796]
3.3225896;65.01033;-0.26945168;[ 2.6002026  65.48753    -0.25052017]
2.5261;76.62707;-0.2220182;[ 2.6417391 78.011185  -0.2503589]
4.478936;72.2976;-0.2415688;[ 2.6261237  73.29619    -0.25042254]
3.4928725;68.85476;-0.25620416;[ 2.6124854  69.17949    -0.25047657]
2.5017939;76.542145;-0.22109404;[ 2.6409492  77.775      -0.25036255]
2.4008853;73.20482;-0.24308795;[ 2.62943    74.29906    -0.25040781]
2.3719087;69.15049;-0.26138467;[ 2.613953   69.62551    -0.25047055]
2.6830702;77.283485;-0.22335066;[ 2.6426237  78.27832    -0.25035542]
2.4477482;73.62208;-0.24313495;[ 2.6296823 74.373856  -0.2504069]
3.6902716;64.834206;-0.27593273;[ 2.597941   64.79011    -0.25053594]
4.0786877;72.935585;-0.2329131;[ 2.6273615  73.69075    -0.25041077]
2.7128005;70.930084;-0.22976735;[ 2.6155052  70.10458    -0.25046715]
2.8934665;66.61181;-0.23714149;[ 2.601969   66.00942    -0.25052077]
3.2409148;70.306335;-0.21751228;[ 2.6146824 69.85306   -0.2504688]
3.6339104;69.05557;-0.25317565;[ 2.6124249  69.16741    -0.25047818]
2.58611;76.44219;-0.21768415;[ 2.6422672  78.17941    -0.25035828]
4.7526784;72.50807;-0.2373162;[ 2.626801  73.50726   -0.2504214]
2.5221782;73.46458;-0.23994355;[ 2.629745   74.39865    -0.25040781]
2.65764;74.13869;-0.19977152;[ 2.63207    75.09791    -0.25039902]
3.2679877;70.931465;-0.21760406;[ 2.6197696  71.38382    -0.25044778]
3.5924044;70.18671;-0.2244351;[ 2.6172035  70.60683    -0.25045973]
3.7563188;66.74879;-0.24016663;[ 2.603559   66.48817    -0.25051382]
2.4078429;69.700615;-0.21330015;[ 2.6166706  70.44168    -0.25046113]
1.9442595;75.11295;-0.20774677;[ 2.6356878  76.18851    -0.25038344]
2.0948162;71.59807;-0.22881627;[ 2.6216934  71.96422    -0.25043926]
4.6437726;73.41609;-0.23783502;[ 2.627063  73.58804   -0.2504191]
4.1957903;73.05514;-0.23933187;[ 2.626527 73.42559  -0.250421]
1.939176;74.52043;-0.20702204;[ 2.633007   75.37958    -0.25039577]
1.9841039;70.160324;-0.21392393;[ 2.617291   70.62759    -0.25045842]
2.3965716;73.26161;-0.24080394;[ 2.6284142 73.99748   -0.2504134]
2.5461748;70.90192;-0.2273194;[ 2.619734   71.37458    -0.25044826]
2.2501714;66.54353;-0.23627087;[ 2.6042583 66.69462   -0.2505099]
1.9097909;69.662476;-0.2287823;[ 2.6191196  71.184074   -0.25045133]
2.874147;70.77139;-0.26425588;[ 2.6215432  71.91919    -0.25043464]
2.3649101;72.77623;-0.24312459;[ 2.627813   73.81671    -0.25041556]
2.516947;77.777374;-0.22106081;[ 2.6441233  78.739914   -0.25034922]
2.5974927;70.498474;-0.21600263;[ 2.6196918 71.354095  -0.2504479]
2.4619298;72.03614;-0.23855859;[ 2.6278143  73.81192    -0.25041714]
2.8373916;73.15107;-0.2407461;[ 2.628074   73.89514    -0.25041455]
3.3206878;70.89841;-0.2178194;[ 2.619265   71.23355    -0.25045004]
2.5495245;76.537285;-0.22141862;[ 2.6410322  77.80152    -0.25036302]
2.573671;72.91207;-0.24277516;[ 2.6284661  74.00583    -0.25041315]
4.610848;72.18014;-0.24101305;[ 2.625515   73.11639    -0.25042626]
2.3541534;68.919044;-0.26186195;[ 2.6133065  69.43392    -0.25047457]
2.5324073;77.05653;-0.22331403;[ 2.642148   78.13845    -0.25035852]
2.2257316;68.97287;-0.2610405;[ 2.6143703  69.756325   -0.25047022]
4.896561;72.128746;-0.24527954;[ 2.6252205  73.03189    -0.25042623]
3.424617;67.68409;-0.26909158;[ 2.6100326 68.45722   -0.2504871]
2.8054895;79.24195;-0.22683464;[ 2.652827  81.37506   -0.2503147]
4.871839;74.8115;-0.2417729;[ 2.634599   75.87118    -0.25038934]
4.3909106;75.08299;-0.24111968;[ 2.6370642  76.621      -0.25037983]
4.639152;75.38884;-0.23888762;[ 2.6366704 76.50232   -0.2503817]
3.7331347;71.89803;-0.2537489;[ 2.6237328  72.59927    -0.25043255]
2.6882184;74.967285;-0.24268712;[ 2.6373281  76.70174    -0.25037846]
2.8187544;80.17546;-0.22141303;[ 2.6531646  81.48239    -0.25031412]
3.4961374;71.99525;-0.25620258;[ 2.6248817  72.94528    -0.25042802]
4.611307;70.45614;-0.2571027;[ 2.6186624  71.07573    -0.25045303]
2.6328506;74.55428;-0.24804553;[ 2.6355278  76.158516   -0.25038537]
4.1439013;65.907234;-0.27094513;[ 2.6056924  67.1605     -0.25050548]
2.547123;72.98024;-0.23709252;[ 2.630755   74.707405   -0.25040275]
4.5232754;71.9179;-0.23553018;[ 2.6277177 73.7914    -0.2504158]
2.620698;76.30482;-0.21554366;[ 2.642774  78.33957   -0.2503542]
4.6273823;72.22617;-0.2343234;[ 2.6272655  73.65519    -0.25041792]
2.5240924;72.94151;-0.2365916;[ 2.631147   74.83078    -0.25040007]
3.5125873;68.73537;-0.24797097;[ 2.6143215 69.750175  -0.2504688]
3.2843847;72.67489;-0.23809426;[ 2.628676   74.081604   -0.25041166]
2.2474878;68.98162;-0.251953;[ 2.616095  70.28746   -0.2504617]
2.231851;69.64374;-0.24655388;[ 2.6164732  70.39366    -0.25045976]
4.3061705;68.567894;-0.24604735;[ 2.6134067  69.468735   -0.25047293]
2.316791;69.56275;-0.24629842;[ 2.616985   70.552826   -0.25045666]
3.1292598;65.39603;-0.26000598;[ 2.6002774 65.507996  -0.2505249]
2.228094;65.64802;-0.2652439;[ 2.601348   65.83227    -0.25052097]
2.1802642;65.68925;-0.26621982;[ 2.6020827  66.05506    -0.25051773]
3.0869708;65.478096;-0.2637017;[ 2.601367   65.83614    -0.25052068]
3.4378679;61.292763;-0.28076887;[ 2.5851462  60.938988   -0.25058678]
4.621233;68.51841;-0.2473979;[ 2.6102538 68.513794  -0.2504863]
3.906086;67.79193;-0.2549005;[ 2.6015034  65.883316   -0.25050816]
2.3130023;78.58785;-0.24076366;[ 2.644612 78.89734  -0.250341]
5.412057;77.38145;-0.2333847;[ 2.640305  77.60083   -0.2503569]
3.0140538;72.12032;-0.2523818;[ 2.6220403  72.0716     -0.25043508]
2.9744382;82.05343;-0.21920002;[ 2.6567507  82.5748     -0.25028533]
3.0472164;79.102875;-0.2385916;[ 2.6424387  78.25621    -0.25034237]
5.3262553;72.684074;-0.25562936;[ 2.6234305  72.51158    -0.25042206]
4.6330357;74.28142;-0.22344059;[ 2.6343205  75.784996   -0.25038457]
4.5990033;67.33658;-0.25916815;[ 2.6058264  67.1822     -0.25049934]
4.5486946;73.02872;-0.24267092;[ 2.6248298  72.91962    -0.25042143]
2.4209008;77.08131;-0.21428612;[ 2.6448076 78.94693   -0.2503488]
2.3211837;76.62744;-0.23701401;[ 2.63967    77.413055   -0.25036937]
3.799611;71.00675;-0.2544048;[ 2.6187105  71.06872    -0.25044346]
3.4741025;70.270966;-0.26115522;[ 2.6191177 71.18837   -0.2504427]
3.719839;66.28012;-0.27928722;[ 2.603019   66.32957    -0.25050828]
3.9073048;73.32609;-0.2403031;[ 2.6309314 74.75525   -0.2503961]
3.8193634;65.8484;-0.28109887;[ 2.602702   66.23249    -0.25051007]
3.081974;66.67879;-0.2571811;[ 2.604969   66.9198     -0.25050277]
4.1498613;69.875175;-0.2413343;[ 2.6185696  71.02368    -0.25044894]
4.8321447;72.5649;-0.23626456;[ 2.6267138  73.47499    -0.25042233]
4.48265;72.52703;-0.235835;[ 2.6263933  73.378204   -0.25042337]
2.7819273;71.54507;-0.22241245;[ 2.62153  71.9178   -0.250442]
1.9562094;70.29034;-0.20901886;[ 2.620078   71.470436   -0.25044802]
1.9148966;74.734955;-0.20174976;[ 2.6353571  76.09131    -0.25038663]
1.9956509;70.30871;-0.20857944;[ 2.6192296  71.21443    -0.25045097]
2.4459324;71.50958;-0.22265728;[ 2.6213908  71.87584    -0.25044233]
3.152625;71.08019;-0.24119031;[ 2.6182852  70.94515    -0.25044715]
2.7334087;79.25373;-0.19718353;[ 2.646554 79.48567  -0.250331]
3.1142335;69.45901;-0.24061431;[ 2.613083   69.3641     -0.25047022]
4.1073723;69.08204;-0.22295897;[ 2.6128662  69.305885   -0.25046983]
4.341329;67.79256;-0.22796093;[ 2.6096897  68.34422    -0.25048473]
4.8992176;69.01258;-0.22723055;[ 2.6127186  69.25972    -0.25047097]
5.2438707;65.111206;-0.23842078;[ 2.5968113  64.45877    -0.25053546]
5.555843;70.74785;-0.22319898;[ 2.6157463  70.17626    -0.25045767]
4.9858747;73.22814;-0.21921001;[ 2.632494  75.23352   -0.2503898]
4.826788;72.87438;-0.22652267;[ 2.631642   74.97535    -0.25039333]
5.606415;68.790985;-0.23595768;[ 2.6142647  69.72586    -0.25046492]
2.5573912;69.616135;-0.25374463;[ 2.6106763 68.63752   -0.2504771]
6.7122784;73.04734;-0.22626792;[ 2.628044   73.900154   -0.25040388]
3.6447341;79.39399;-0.19419159;[ 2.6466286  79.50774    -0.25033048]
7.3924217;67.9317;-0.22731079;[ 2.61031    68.531906   -0.25048202]
5.4778423;70.24318;-0.22641538;[ 2.614986   69.946106   -0.25046122]
2.969476;71.11745;-0.2180651;[ 2.6198573  71.41322    -0.25044876]
4.7314854;68.52422;-0.22624895;[ 2.611978   69.03781    -0.25047386]
5.085422;67.355804;-0.2335355;[ 2.6071897  67.58802    -0.25049347]
3.3296762;71.82017;-0.21319896;[ 2.6272933  73.655205   -0.25041047]
3.2674048;71.29272;-0.22392075;[ 2.6254568  73.09906    -0.25041857]
3.834205;67.69515;-0.23587981;[ 2.6122975  69.124985   -0.25047103]
2.5245814;72.439476;-0.22062942;[ 2.6262414 73.344864  -0.2504229]
4.0856404;73.54261;-0.21180683;[ 2.6307487  74.70271    -0.25039783]
4.0971613;68.49283;-0.23437306;[ 2.6107018  68.652565   -0.25047934]
2.9513283;67.95365;-0.25880668;[ 2.6120973  69.07411    -0.25046912]
3.9757512;63.560295;-0.2717854;[ 2.5963902 64.31856   -0.2505358]
4.2851715;64.386116;-0.23913574;[ 2.5970595 64.523834  -0.2505331]
2.4827347;74.22186;-0.1910075;[ 2.6314988  74.927315   -0.25040275]
3.6039362;72.884384;-0.22430736;[ 2.6251998 73.03089   -0.2504212]
2.2561452;62.90396;-0.2687872;[ 2.5889888  62.084793   -0.25056595]
6.278742;71.19815;-0.20196572;[ 2.620626  71.64885   -0.2504463]
2.2190714;68.989;-0.25055015;[ 2.6156793  70.1609     -0.25045243]
2.8578894;65.27009;-0.27280435;[ 2.5992124  65.18728    -0.25051978]
3.181301;72.60618;-0.22073197;[ 2.6270823  73.59613    -0.25041398]
2.9232657;73.949715;-0.23344107;[ 2.633369  75.50195   -0.2503927]
3.6177576;64.97933;-0.24057199;[ 2.5994315  65.2389     -0.25052378]
3.4598813;65.01818;-0.25600147;[ 2.5976322  64.70668    -0.25053853]
2.978159;72.76682;-0.22565703;[ 2.6278024  73.815094   -0.25041646]
2.967072;79.57714;-0.20871863;[ 2.6505275 80.67876   -0.2503158]
3.6383271;78.763466;-0.21799698;[ 2.6519299 81.107506  -0.250309 ]
2.8047442;79.7606;-0.21897264;[ 2.6513934  80.953995   -0.25032333]
4.845766;75.55439;-0.2333419;[ 2.6343772  75.81619    -0.25039288]
2.1363153;73.537926;-0.22694634;[ 2.6267965  73.51341    -0.25042096]
3.1092267;74.49613;-0.2239559;[ 2.6285524 74.052055  -0.2504136]
2.7132955;73.0304;-0.22000879;[ 2.6275532 73.74165   -0.2504177]
2.9092531;69.846;-0.23921663;[ 2.613176  69.40243   -0.2504748]
2.5940156;68.51603;-0.21663421;[ 2.6140232  69.655075   -0.25046074]
2.7956727;61.08802;-0.2679136;[ 2.5809515  59.670013   -0.25059474]
4.9382777;69.4593;-0.2187151;[ 2.6123185  69.14212    -0.25046733]
4.9609423;73.281166;-0.22624396;[ 2.6256366  73.17091    -0.25042686]
2.9543424;68.62788;-0.21888092;[ 2.6147218  69.86672    -0.25045803]
2.8167348;73.54759;-0.23516037;[ 2.628068 73.89814  -0.250415]
3.5870512;69.314316;-0.24592881;[ 2.6111405  68.78659    -0.25048414]
2.1247966;62.43566;-0.24439271;[ 2.5901196  62.42655    -0.25056437]
2.8703437;60.95529;-0.26224613;[ 2.581086  59.71202   -0.2505941]
3.282859;76.09347;-0.20064552;[ 2.6349354  75.967896   -0.25037616]
2.6817846;75.73337;-0.21136102;[ 2.6342359  75.75688    -0.25037968]
3.8742795;73.47283;-0.24091049;[ 2.6294727 74.31328   -0.2504029]
2.9314022;77.599434;-0.21136859;[ 2.6447678  78.94348    -0.25034776]
2.9170132;74.464386;-0.2219706;[ 2.6292727  74.26117    -0.25040352]
2.610633;74.043884;-0.23072556;[ 2.6307855  74.72425    -0.25040334]
4.8538837;73.33763;-0.21176516;[ 2.6295106  74.328094   -0.25040308]
5.2848463;71.64994;-0.24615139;[ 2.6229799  72.357666   -0.25042957]
2.5400462;71.408165;-0.24398206;[ 2.6229746  72.3559     -0.25042912]
2.6158736;73.24262;-0.24297717;[ 2.6267624  73.50244    -0.25041288]
5.031304;69.78326;-0.23391949;[ 2.6143122 69.740555  -0.2504638]
3.3604274;69.39886;-0.24372646;[ 2.615984   70.2408     -0.25045493]
3.755503;69.120605;-0.23298797;[ 2.6197777  71.38711    -0.25043976]
2.2600515;68.14928;-0.24917598;[ 2.606761   67.45394    -0.25049338]
3.4701009;72.96464;-0.23270412;[ 2.631529  74.94152   -0.2503894]
2.1533074;76.66541;-0.23077548;[ 2.6399164  77.47513    -0.25035772]
2.8049002;77.130745;-0.18659829;[ 2.6428478 78.35547   -0.2503437]
3.2856185;73.63696;-0.20393275;[ 2.6301894 74.53366   -0.2503944]
4.4258175;72.26201;-0.20269263;[ 2.6281073  73.902916   -0.25040358]
5.125818;73.05979;-0.21210594;[ 2.6271996  73.63011    -0.25040773]
2.017462;69.07552;-0.22394581;[ 2.615724  70.16702   -0.2504529]
2.9763355;65.15168;-0.24050017;[ 2.5994818  65.26199    -0.25051928]
4.5678935;76.06307;-0.23070525;[ 2.6365473  76.45952    -0.25037274]
2.0793529;76.70171;-0.23159924;[ 2.6389518 77.18423   -0.2503616]
3.0507684;75.569336;-0.23851486;[ 2.6392853  77.29326    -0.25036088]
2.766989;76.7757;-0.23187388;[ 2.6388211  77.145515   -0.25036204]
2.1368382;76.116875;-0.23016058;[ 2.637154   76.64221    -0.25036973]
3.257452;79.657364;-0.22019951;[ 2.6557562  82.26427    -0.25029367]
2.9292078;79.4769;-0.20983763;[ 2.6491272  80.25751    -0.25032267]
4.1649733;75.771614;-0.23041083;[ 2.633979   75.68435    -0.25038388]
3.9557838;68.711266;-0.23263788;[ 2.6154687  70.084755   -0.25045785]
2.609846;79.162025;-0.23040932;[ 2.6487882  80.15245    -0.25032157]
4.1065445;70.4299;-0.24583015;[ 2.6190464  71.171295   -0.25044584]
3.5256963;73.19086;-0.2317095;[ 2.6308005 74.72346   -0.250396 ]
4.3531175;70.29537;-0.19262868;[ 2.6216314  71.95398    -0.25042945]
3.6970737;66.88577;-0.20386685;[ 2.607417   67.663795   -0.25048602]
5.099234;75.60662;-0.23481804;[ 2.6373215  76.69321    -0.25036952]
5.1157813;62.083473;-0.22873811;[ 2.5887096  62.010414   -0.25056183]
3.3944366;68.55879;-0.2304283;[ 2.6139207  69.63565    -0.25045922]
4.2461834;68.846954;-0.24445462;[ 2.61335   69.453514  -0.2504679]
4.9888535;75.627235;-0.23956071;[ 2.6363297 76.40419   -0.2503841]
4.96095;72.81851;-0.23991422;[ 2.6272151  73.62761    -0.25041878]
3.0679293;72.413;-0.20918548;[ 2.6254747  73.106735   -0.25041443]
4.9541388;71.72236;-0.21220037;[ 2.6232665 72.44104   -0.2504246]
4.395071;72.5551;-0.19902326;[ 2.6273077  73.67195    -0.25040486]
3.4594343;74.65059;-0.20073238;[ 2.6349154 75.97569   -0.2503732]
2.9850187;79.46848;-0.19475257;[ 2.6480124  79.925186   -0.25032476]
2.8208103;80.015785;-0.2178916;[ 2.651153  80.88014   -0.2503244]
2.6011167;72.894035;-0.22177717;[ 2.626759   73.501144   -0.25042078]
4.0442247;73.79427;-0.24135469;[ 2.6317456 75.00165   -0.2503928]
3.1137815;64.38128;-0.24075647;[ 2.5969992  64.51185    -0.25052994]
3.456884;66.837845;-0.20253745;[ 2.608873   68.10308    -0.25048044]
4.700351;62.13807;-0.22936596;[ 2.5912414  62.774323   -0.25055248]
2.53475;74.96729;-0.23740946;[ 2.633085   75.40344    -0.25038692]
3.7677546;64.39441;-0.23961236;[ 2.596402   64.32823    -0.25053543]
3.6146023;70.1467;-0.26235092;[ 2.6176088  70.73375    -0.25044903]
3.662951;72.241844;-0.2291208;[ 2.6244211  72.79407    -0.25042272]
3.7045596;68.496346;-0.24347372;[ 2.6136172  69.52742    -0.25046512]
3.8050442;64.61832;-0.2631212;[ 2.5987613 65.03818   -0.2505243]
3.322967;76.01414;-0.21468121;[ 2.6346579  75.89235    -0.25037923]
5.003457;68.08745;-0.22599474;[ 2.612138   69.08261    -0.25047454]
2.598516;74.76688;-0.2383526;[ 2.6364899 76.43399   -0.2503718]
1.6543493;71.60343;-0.25751007;[ 2.6224096  72.18742    -0.25042778]
2.2262418;67.01215;-0.26134026;[ 2.6084726 67.97787   -0.2504883]
2.9915173;72.80388;-0.23621799;[ 2.6305442  74.629135   -0.25040627]
2.2160084;69.688896;-0.2538866;[ 2.6163428  70.34602    -0.25046265]
2.4032524;75.32069;-0.21692514;[ 2.6343868 75.81343   -0.2503805]
2.935987;67.76645;-0.23448;[ 2.611217  68.80624   -0.2504782]
3.0572472;69.80214;-0.24280581;[ 2.6146336 69.84766   -0.2504608]
3.1392698;64.54253;-0.26295778;[ 2.5983636 64.921295  -0.2505274]
3.1455;64.673164;-0.2577065;[ 2.6043332  66.72441    -0.25050294]
2.2784104;71.261375;-0.22476669;[ 2.6205478  71.62726    -0.25043532]
5.1414495;63.883743;-0.26616105;[ 2.6000972 65.437065  -0.2505202]
3.7501402;60.669556;-0.28709033;[ 2.5859666  61.173874   -0.25057656]
3.4958377;72.43466;-0.20087992;[ 2.627068  73.59235   -0.2504085]
3.4782143;59.326515;-0.2659608;[ 2.586781   61.40587    -0.25056502]
1.8479433;65.28282;-0.24149415;[ 2.6011024 65.75656   -0.2505119]
2.1173432;65.214035;-0.23800169;[ 2.6012058  65.790054   -0.25051114]
2.77461;61.258377;-0.26043558;[ 2.5854917 61.042236  -0.2505758]
2.448765;76.87759;-0.26036394;[ 2.6376565 76.81091   -0.2503545]
3.0627959;69.14005;-0.27999774;[ 2.6191905  71.21652    -0.25044304]
2.1550398;69.90959;-0.25188512;[ 2.6208856 71.72859   -0.2504383]
2.3467646;72.67757;-0.24532613;[ 2.6293743 74.28331   -0.2504097]
3.0906942;73.22939;-0.23245384;[ 2.6327631 75.317764  -0.2503876]
2.2869678;68.50072;-0.25025126;[ 2.617307  70.65424   -0.2504508]
2.1914933;74.81153;-0.250298;[ 2.635692   76.204346   -0.25037438]
3.7606997;74.0334;-0.2516878;[ 2.634697   75.895874   -0.25037968]
3.2806482;69.53188;-0.2778148;[ 2.619898   71.43298    -0.25043967]
2.748385;65.88673;-0.26680392;[ 2.603782   66.56115    -0.25050864]
3.082601;68.6223;-0.25756258;[ 2.6123652 69.14835   -0.2504801]
3.3616877;71.336655;-0.25790724;[ 2.620488   71.62077    -0.25044894]
2.5243444;75.9479;-0.22709864;[ 2.6402183  77.56709    -0.25036284]
3.2674592;79.237465;-0.21878003;[ 2.6548688  81.99719    -0.25029624]
4.0431604;70.531166;-0.19464107;[ 2.6239069  72.63736    -0.25042024]
2.4199471;68.82811;-0.24450567;[ 2.6152644 70.032295  -0.2504672]
2.699265;79.54037;-0.21682534;[ 2.6511254  80.87099    -0.25032422]
2.703642;72.77142;-0.20889862;[ 2.6269655  73.567604   -0.25042054]
2.6073687;80.2778;-0.21947926;[ 2.6542625  81.82265    -0.25031087]
6.3481984;59.448563;-0.24056877;[ 2.5860238  61.196632   -0.25057304]
2.7899973;58.895035;-0.28530246;[ 2.57754    58.649246   -0.25060824]
4.1296954;72.58632;-0.22438668;[ 2.6277707 73.81124   -0.2504052]
5.1329145;66.74017;-0.22514032;[ 2.607555   67.7057     -0.25048667]
3.376464;69.31933;-0.24875864;[ 2.614253   69.73261    -0.25046012]
2.6071415;63.86554;-0.2669679;[ 2.5959835 64.216064  -0.2505332]
3.041458;59.53629;-0.28824377;[ 2.5793045 59.17849   -0.2506014]
2.424312;80.51482;-0.21729094;[ 2.6554894 82.188065  -0.2503063]
2.9950156;80.2893;-0.19629788;[ 2.651014   80.83186    -0.25031254]
3.2124329;71.3928;-0.23341745;[ 2.6220186  72.07356    -0.25042775]
2.4304094;73.4335;-0.23707217;[ 2.6309297  74.763725   -0.25040376]
4.6167607;64.74151;-0.24553785;[ 2.6043284  66.72127    -0.25050288]
3.4476435;66.289276;-0.22797132;[ 2.60744    67.66782    -0.25048766]
2.3653498;82.11064;-0.22343357;[ 2.6576486  82.84489    -0.25028145]
3.7737396;73.19113;-0.22471905;[ 2.629013  74.190765  -0.2503996]
2.4636796;83.73783;-0.21663539;[ 2.6598582  83.51807    -0.25027102]
4.1741285;73.59948;-0.20527276;[ 2.630807  74.72056   -0.2503975]
2.454164;74.67753;-0.23958093;[ 2.6366358  76.477516   -0.25037152]
2.997579;74.86058;-0.22494353;[ 2.6380167  76.89505    -0.25036916]
2.526657;77.530846;-0.21746126;[ 2.6458874  79.26391    -0.25034335]
2.5807114;72.747765;-0.23743553;[ 2.6306512 74.66113   -0.2504058]
3.5149264;78.7927;-0.19678122;[ 2.649167   80.250114   -0.25032422]
2.5483677;74.796455;-0.19519615;[ 2.6354852  76.12956    -0.25038615]
3.6874208;80.41837;-0.19394013;[ 2.650436  80.657104  -0.2503145]
3.2500958;72.40099;-0.22547658;[ 2.6301582  74.517166   -0.25039878]
2.475486;77.290565;-0.20181376;[ 2.6423507  78.216705   -0.25035906]
2.552669;77.59246;-0.19115487;[ 2.642638   78.30417    -0.25035745]
2.2777393;68.69829;-0.21784773;[ 2.614219  69.71231   -0.2504603]
2.610997;73.12474;-0.21499075;[ 2.6274147 73.70067   -0.2504184]
2.842913;68.24878;-0.22414927;[ 2.612077   69.066124   -0.25046906]
3.3648024;79.57877;-0.18894936;[ 2.6488535 80.18158   -0.2503212]
2.1419191;80.08504;-0.21565454;[ 2.6525798  81.31037    -0.25031835]
2.496428;76.938705;-0.20904113;[ 2.6422071  78.17093    -0.25035858]
2.5367823;78.11477;-0.20479408;[ 2.6488268  80.17311    -0.25033006]
2.531579;75.96683;-0.19690788;[ 2.6385372  77.05376    -0.25036666]
2.4351742;78.19707;-0.21851054;[ 2.6422513  78.19179    -0.25034857]
2.3753715;68.157364;-0.24045575;[ 2.6132631 69.42374   -0.2504759]
2.4258099;72.06966;-0.23511255;[ 2.6281543 73.90845   -0.2504165]
2.5527635;73.32504;-0.23600817;[ 2.6337154  75.60724    -0.25039214]
3.3735473;72.34533;-0.22886929;[ 2.6300986  74.51436    -0.25039938]
2.840636;73.5993;-0.22010453;[ 2.6286607  74.0725     -0.25040704]
3.2866015;64.813446;-0.26614237;[ 2.6007957  65.65574    -0.25051677]
2.921404;60.84362;-0.28411648;[ 2.5860736  61.209183   -0.25057438]
2.374474;75.67771;-0.24910168;[ 2.6365807 76.47151   -0.2503745]
2.0740192;71.1547;-0.2615218;[ 2.6271498 73.61566   -0.2504086]
2.5360382;73.36058;-0.24116005;[ 2.6334352  75.508835   -0.25038183]
2.0878797;64.548096;-0.25959277;[ 2.6022415 66.08513   -0.2505076]
2.2284422;68.90121;-0.25137523;[ 2.6151202  69.97847    -0.25045535]
2.926083;66.75709;-0.23306917;[ 2.602963   66.31787    -0.25050625]
5.2938085;67.992676;-0.22563805;[ 2.61022    68.50731    -0.25047576]
5.797348;59.273518;-0.23741828;[ 2.584901   60.849037   -0.25058207]
5.492467;67.24493;-0.2600921;[ 2.60846    67.97723    -0.25048867]
2.6439881;77.83314;-0.24351588;[ 2.6414058 77.94017   -0.250348 ]
4.650997;71.57745;-0.26238328;[ 2.6224885  72.22252    -0.25042748]
3.6286345;74.53573;-0.25988904;[ 2.6256483  73.18429    -0.25041166]
2.6530395;73.89585;-0.23549369;[ 2.6300535  74.49266    -0.25040787]
3.8118315;71.78994;-0.24448304;[ 2.623412   72.488045   -0.25042823]
4.4991274;69.25546;-0.22696665;[ 2.6129644  69.33478    -0.25046948]
3.8747368;64.939545;-0.24631192;[ 2.5972962 64.60649   -0.2505336]
3.551566;72.04508;-0.22283952;[ 2.6249318  72.944855   -0.25042087]
3.19877;67.62716;-0.24235284;[ 2.6088076  68.07979    -0.25048673]
2.6361792;65.03785;-0.27361003;[ 2.603211   66.39521    -0.25050348]
3.601811;65.19039;-0.26941946;[ 2.6018944 65.98278   -0.2505115]
3.8355842;60.640816;-0.28655976;[ 2.5875359 61.64937   -0.25057  ]
2.106045;76.400276;-0.23068401;[ 2.63537    76.10087    -0.25037634]
2.9126287;73.0991;-0.20834118;[ 2.6260154  73.26945    -0.25041202]
1.9239886;70.1405;-0.22410153;[ 2.614156   69.690575   -0.25045907]
2.5512285;69.99962;-0.24342027;[ 2.6131475  69.39378    -0.25047508]
3.2121181;74.314384;-0.20873418;[ 2.6277254  73.80235    -0.25041717]
1.8980577;64.32649;-0.24925786;[ 2.5962226 64.27952   -0.250533 ]
4.1387095;63.504505;-0.24103704;[ 2.5927382  63.23091    -0.25054595]
3.914131;62.731567;-0.2363835;[ 2.5920377  63.022583   -0.25054878]
2.5236201;73.28223;-0.23084398;[ 2.6279874 73.87896   -0.2504151]
3.3233798;64.56373;-0.26446667;[ 2.5987184 65.02751   -0.2505243]
3.1685903;65.28727;-0.258881;[ 2.598161   64.8674     -0.25053617]
3.5033288;66.189354;-0.28561854;[ 2.6023872 66.13735   -0.2505113]
3.4480078;69.24183;-0.25501382;[ 2.6122081  69.09685    -0.25048012]
4.3869476;68.315254;-0.24284878;[ 2.6088653  68.09533    -0.25048646]
2.7982101;79.52293;-0.22819649;[ 2.650719   80.73909    -0.25032347]
4.933214;75.128;-0.24279234;[ 2.6328044 75.33035   -0.2503968]
2.6097026;74.92562;-0.20399356;[ 2.6356773  76.19362    -0.25038025]
2.4088945;73.7352;-0.22874144;[ 2.6279974  73.87489    -0.25040895]
2.6927502;79.925514;-0.22045445;[ 2.6511161  80.85266    -0.25031146]
2.703085;79.992676;-0.21449766;[ 2.6481588  79.959694   -0.25032428]
4.5890036;75.38549;-0.23997319;[ 2.6357777 76.23244   -0.2503852]
3.6536694;71.89492;-0.25488096;[ 2.6228185  72.32286    -0.25043604]
2.6307182;74.8928;-0.24335197;[ 2.6362352  76.37137    -0.25038245]
2.7719328;80.17747;-0.22219735;[ 2.652195   81.18938    -0.25031784]
3.3000154;75.73559;-0.2427734;[ 2.6370277  76.61043    -0.25037938]
1.8402908;72.035965;-0.2589693;[ 2.6244862  72.82834    -0.25042942]
2.490148;75.025444;-0.24938636;[ 2.6355295  76.16603    -0.25038475]
2.6195898;74.31733;-0.2499869;[ 2.6346588  75.895706   -0.25038886]
3.646615;70.27979;-0.26711312;[ 2.6183593  70.98388    -0.25045404]
2.6470172;75.3794;-0.2377059;[ 2.634982   75.99393    -0.25038898]
4.0608287;71.273735;-0.2500077;[ 2.618589  71.04573   -0.2504557]
2.749063;77.0093;-0.19726643;[ 2.6397948  77.44362    -0.25036803]
3.4092376;73.82636;-0.21538128;[ 2.6273713  73.69206    -0.25041756]
4.5857463;69.62805;-0.24236795;[ 2.6108692  68.70913    -0.25048518]
3.4881077;72.91607;-0.2245968;[ 2.6257653  73.20535    -0.25042477]
4.4848833;69.33815;-0.23947905;[ 2.6122868 69.124626  -0.2504758]
2.5145752;72.06946;-0.23057063;[ 2.624269   72.75007    -0.25043035]
3.6296892;68.15945;-0.2498294;[ 2.6094134  68.263626   -0.25049132]
2.9391456;72.45607;-0.21507663;[ 2.625301   73.06142    -0.25042632]
2.694426;72.33288;-0.22152418;[ 2.6247451 72.89527   -0.2504282]
2.4473796;68.90918;-0.24498127;[ 2.612411   69.171684   -0.25047743]
4.7490253;68.638885;-0.24198358;[ 2.6100407  68.45253    -0.25048846]
3.6367304;64.94168;-0.25935304;[ 2.596355  64.3224    -0.2505429]
2.7168932;75.496956;-0.23875637;[ 2.6339698  75.689285   -0.25039294]
2.252671;74.253075;-0.23186396;[ 2.628168   73.91806    -0.25040618]
3.8131285;67.77419;-0.23198168;[ 2.6127634  69.274124   -0.25047636]
2.7560234;77.444435;-0.199081;[ 2.6401124  77.538826   -0.25036687]
2.3423405;72.07943;-0.25334355;[ 2.620567   71.62735    -0.25043792]
3.7293305;65.09873;-0.2632353;[ 2.5964053  64.33815    -0.25054273]
4.554554;75.23658;-0.23504041;[ 2.6335285  75.55556    -0.25039604]
2.698841;79.646545;-0.22466172;[ 2.6513138 80.92676   -0.2503225]
2.7057655;75.987015;-0.23821463;[ 2.6356983  76.212814   -0.25038576]
2.734834;74.82908;-0.2372904;[ 2.6346076  75.87977    -0.25039154]
4.0500937;71.963196;-0.25293127;[ 2.6200366  71.4837     -0.25044984]
2.9122245;75.07902;-0.2433569;[ 2.6361406  76.35       -0.25038418]
4.9433002;75.40101;-0.23927295;[ 2.634175   75.75229    -0.25039253]
2.955819;72.90587;-0.24145147;[ 2.630593  74.66191   -0.2504036]
2.2792876;74.15689;-0.23031506;[ 2.6348774 75.96089   -0.2503844]
3.1953812;69.875916;-0.25274503;[ 2.6184213 70.99207   -0.2504515]
2.852837;78.08561;-0.2208481;[ 2.6473846 79.732895  -0.2503349]
3.7483904;68.06102;-0.2568096;[ 2.6128535 69.30463   -0.2504763]
3.667264;65.42626;-0.26780286;[ 2.5997417  65.35147    -0.25052786]
3.5700264;67.79364;-0.23089343;[ 2.6132495  69.42018    -0.25047427]
2.7157114;75.483345;-0.24239257;[ 2.6380715  76.928345   -0.25037584]
3.0303435;79.477776;-0.22291009;[ 2.650568  80.69757   -0.2503256]
3.2111096;77.390724;-0.20252983;[ 2.641818   78.05577    -0.25036043]
4.848754;75.276146;-0.23755844;[ 2.6332855 75.478874  -0.2503963]
5.070461;72.720825;-0.23348165;[ 2.624226   72.74233    -0.25043103]
3.2674904;73.166985;-0.22288403;[ 2.6275158 73.734314  -0.2504174]
4.4129457;69.63164;-0.2387743;[ 2.6131358  69.38236    -0.25047237]
2.980165;77.61217;-0.19871387;[ 2.6409218  77.782845   -0.25036344]
3.5881467;73.9521;-0.21481726;[ 2.6278424  73.83588    -0.25041544]
3.1152854;72.29797;-0.23960942;[ 2.624086   72.704575   -0.25043204]
2.3185043;69.261284;-0.24372895;[ 2.6122873  69.1353     -0.25047714]
2.8462782;68.07629;-0.24661815;[ 2.6110044  68.740746   -0.25048408]
2.6223485;76.34911;-0.21496327;[ 2.6399903  77.49891    -0.25036603]
2.5758603;73.014565;-0.23582548;[ 2.6284688  74.0224     -0.25041142]
2.862702;77.058174;-0.217379;[ 2.6415248 77.96159   -0.2503599]
2.7239285;71.458534;-0.23645666;[ 2.6249728  72.96405    -0.25042713]
4.584268;72.00458;-0.22211769;[ 2.62291    72.340775   -0.25043818]
3.4554467;68.33354;-0.23495543;[ 2.6086907  68.04895    -0.25049487]
2.8161178;71.518425;-0.22170606;[ 2.6237807 72.60231   -0.2504345]
2.2237673;69.03922;-0.24651209;[ 2.6144912  69.794785   -0.25046825]
4.399423;68.39363;-0.2450752;[ 2.6115484  68.90657    -0.25048077]
4.2420607;68.483536;-0.24350381;[ 2.6115348 68.90285   -0.2504812]
3.0881572;65.064285;-0.26067767;[ 2.5985625 64.98903   -0.2505321]
2.28155;69.56216;-0.24543947;[ 2.615231   70.02167    -0.25046426]
3.3391356;60.774246;-0.28099704;[ 2.583554   60.457443   -0.25059363]
2.270271;64.935585;-0.23837984;[ 2.6011639 65.76084   -0.2505203]
4.2765265;68.62516;-0.24211359;[ 2.610753   68.663086   -0.25048602]
2.2914755;69.31335;-0.24426883;[ 2.6134107  69.469635   -0.25047335]
2.5623143;86.69878;-0.225897;[ 2.672385  87.31282   -0.2502156]
2.8578222;86.98474;-0.22781727;[ 2.6715906  87.06787    -0.25021982]
3.041976;77.29563;-0.2747999;[ 2.6394253  77.35249    -0.25035217]
2.8811765;79.197044;-0.26798305;[ 2.642213  78.19863   -0.2503389]
3.1263645;74.88317;-0.28659183;[ 2.6261754  73.35614    -0.25040475]
3.0413597;75.37547;-0.229745;[ 2.6368055 76.53294   -0.250373 ]
3.618065;67.71587;-0.2675327;[ 2.6076343 67.730865  -0.2504908]
3.5938215;67.99715;-0.27114838;[ 2.608097   67.86783    -0.25048915]
3.172183;70.94423;-0.26873302;[ 2.6238165 72.61885   -0.2504251]
3.3812268;65.75172;-0.28402242;[ 2.599338   65.230774   -0.25052464]
2.4344437;79.764305;-0.24269758;[ 2.6520758 81.15348   -0.2503186]
4.4134574;78.994415;-0.24175522;[ 2.6491542 80.2717    -0.2503313]
3.0972395;79.59376;-0.24419016;[ 2.65046    80.666985   -0.25032583]
3.28327;75.816185;-0.26051137;[ 2.6372163  76.67003    -0.25037867]
3.84719;71.500725;-0.27575207;[ 2.620997  71.77349   -0.2504447]
2.638641;83.16529;-0.22923824;[ 2.6643949  84.87596    -0.25026837]
4.860407;78.81367;-0.24448028;[ 2.6476188 79.813126  -0.2503366]
5.2808523;79.0692;-0.24621281;[ 2.6477726  79.86667    -0.25033465]
4.5891843;74.43102;-0.26000974;[ 2.6313233  74.90277    -0.25040182]
2.2919223;73.16996;-0.24515045;[ 2.6288958  74.14322    -0.25041085]
4.1983814;72.417984;-0.24304985;[ 2.6257684  73.20062    -0.25042477]
4.4228926;72.53524;-0.24271294;[ 2.6256447 73.16399   -0.2504258]
2.239077;69.18943;-0.26414;[ 2.61375    69.57541    -0.25047213]
2.889784;72.93398;-0.24608923;[ 2.6271713 73.62514   -0.2504188]
2.3566191;73.606026;-0.24469401;[ 2.629347   74.28463    -0.25040886]
2.9141023;77.84142;-0.22089973;[ 2.6425557  78.27971    -0.25035864]
2.6317315;73.342;-0.22963355;[ 2.6265523 73.43898   -0.2504225]
4.1647067;79.9796;-0.23149131;[ 2.6493657  80.33763    -0.25033194]
1.6831234;81.340675;-0.2006217;[ 2.6574259 82.76931   -0.2502994]
2.6826253;80.53576;-0.23380339;[ 2.6515837  81.00813    -0.25032252]
3.9950244;73.25445;-0.2662583;[ 2.625501  73.13823   -0.2504118]
3.428512;69.33985;-0.25246096;[ 2.612909   69.31507    -0.25047725]
1.7861882;74.48217;-0.19111288;[ 2.63173    75.001      -0.25040212]
1.6917647;78.75584;-0.19081487;[ 2.6477673 79.85167   -0.2503381]
2.8625913;77.74268;-0.21650043;[ 2.6417596  78.04113    -0.25036216]
2.0153198;70.9076;-0.21218249;[ 2.6176689 70.75839   -0.2504583]
6.2815943;71.20378;-0.25856417;[ 2.620023  71.479965  -0.2504373]
3.4230304;74.5736;-0.25584817;[ 2.6255267  73.147736   -0.25041112]
2.6715117;81.31527;-0.191522;[ 2.654981   82.0291     -0.25030833]
4.3254557;73.934944;-0.23314928;[ 2.6259627  73.26551    -0.25042543]
4.3727655;77.04818;-0.22175047;[ 2.6388068  77.14304    -0.25037464]
4.034894;75.26522;-0.24857798;[ 2.6357493  76.22812    -0.25037274]
3.9290118;77.77804;-0.24861087;[ 2.638535   77.072235   -0.25035957]
4.5631056;71.7512;-0.24558645;[ 2.6216104  71.94588    -0.25043586]
3.3417282;72.43093;-0.24714705;[ 2.6256616  73.16709    -0.25042647]
2.5196624;77.28524;-0.20748678;[ 2.6414163 77.9293    -0.2503621]
2.3167994;77.89744;-0.21080199;[ 2.6414232  77.93046    -0.25036266]
1.6878614;70.10483;-0.20333835;[ 2.615906   70.21835    -0.25046587]
4.0979366;72.850426;-0.24067265;[ 2.626236   73.33976    -0.25042397]
3.3267312;69.10739;-0.25486508;[ 2.6123633 69.15171   -0.2504789]
4.415612;71.36594;-0.2696385;[ 2.622369   72.18674    -0.25042766]
3.5680861;71.54316;-0.2491688;[ 2.623468  72.50561   -0.2504277]
3.081998;73.538124;-0.26204827;[ 2.6242054 72.74513   -0.2504181]
4.4319715;67.30326;-0.2866578;[ 2.6052945  67.0296     -0.25049746]
2.7467828;79.640816;-0.22128844;[ 2.6502411  80.602684   -0.25032768]
4.940921;75.34203;-0.23639615;[ 2.6326897  75.30255    -0.25039956]
2.467313;78.70298;-0.24338998;[ 2.6445177 78.86742   -0.250339 ]
5.6832137;78.00092;-0.23904613;[ 2.6415706 77.9834    -0.2503508]
2.918534;82.886696;-0.22319716;[ 2.6577628  82.87952    -0.25028047]
5.405881;74.784256;-0.22759461;[ 2.635245 76.06457  -0.25038 ]
4.023019;71.49471;-0.24704777;[ 2.622771   72.29648    -0.25042975]
4.088148;70.41683;-0.25454694;[ 2.6200287 71.467834  -0.2504425]
4.323726;67.440445;-0.2662031;[ 2.607674   67.74061    -0.25049105]
2.0804648;84.71433;-0.2160261;[ 2.668558   86.13309    -0.25025284]
2.472506;84.305466;-0.2182527;[ 2.6674058  85.78436    -0.25025854]
2.4914255;74.25195;-0.24012181;[ 2.6310556 74.79425   -0.2504029]
2.7586477;78.723564;-0.2236748;[ 2.6436512  78.60611    -0.25035286]
3.995912;75.429794;-0.2418413;[ 2.6410284  77.80972    -0.25035533]
2.5669124;82.12689;-0.21939126;[ 2.6560018  82.33903    -0.25029278]
1.9885144;84.60027;-0.21513288;[ 2.665492   85.20773    -0.25026616]
4.180914;75.32965;-0.24183832;[ 2.6390946  77.2274     -0.25036332]
2.5376854;72.15617;-0.2637639;[ 2.6194189  71.286316   -0.25044277]
2.822752;82.13299;-0.22412267;[ 2.65457    81.91764    -0.25029412]
2.3531153;77.084076;-0.21925995;[ 2.6424334  78.230865   -0.25035834]
1.8826947;76.959305;-0.22367746;[ 2.641368   77.90968    -0.25036252]
2.5001338;78.60815;-0.24362376;[ 2.6411858 77.87871   -0.2503475]
2.461748;77.873985;-0.24565569;[ 2.6446664  78.903595   -0.25033963]
3.1251597;67.54618;-0.26848352;[ 2.604971   66.92042    -0.25050297]
2.6744463;79.34836;-0.23762137;[ 2.6521802 81.18425   -0.2503211]
1.6274536;76.314865;-0.25293738;[ 2.637705   76.81723    -0.25037852]
2.575747;76.46821;-0.2226575;[ 2.640823   77.75014    -0.25036615]
2.5297189;72.543724;-0.24609771;[ 2.629146 74.21716  -0.250412]
1.7835379;69.40091;-0.26226658;[ 2.6147058  69.859535   -0.25046954]
2.326119;70.92676;-0.27015263;[ 2.6239552  72.65085    -0.25042257]
2.36651;80.27095;-0.2362043;[ 2.6535501  81.60358    -0.25031415]
2.133419;77.46856;-0.22701465;[ 2.641782  78.04941   -0.2503621]
2.2082944;78.12142;-0.21112531;[ 2.6442099  78.77323    -0.25035053]
2.1783953;84.518974;-0.21545069;[ 2.6651354  85.09996    -0.25026757]
3.9236846;75.42314;-0.24240857;[ 2.640363   77.61131    -0.25035787]
2.2216623;70.385376;-0.266492;[ 2.6182077  70.92267    -0.25044888]
4.3697586;76.5136;-0.2515949;[ 2.639344   77.3112     -0.25035757]
2.6403644;83.21454;-0.22122176;[ 2.6603103  83.63936    -0.25027478]
2.9992213;72.308495;-0.22387539;[ 2.627838  73.82443   -0.2504174]
2.4719;83.60789;-0.21264875;[ 2.666329   85.45931    -0.25026378]
2.4920683;81.30111;-0.19498251;[ 2.6569667 82.630615  -0.2503012]
2.4673848;77.0841;-0.20551474;[ 2.6418474  78.05757    -0.25036117]
3.749648;76.79003;-0.22908933;[ 2.641284   77.88535    -0.25035474]
2.4673696;78.71609;-0.18598086;[ 2.647177  79.67261   -0.2503405]
2.2232046;70.00383;-0.20178515;[ 2.615677  70.14878   -0.2504664]
2.5273972;82.98342;-0.22248635;[ 2.6574764  82.7988     -0.25028083]
4.630494;76.522865;-0.24438357;[ 2.638402  77.0343    -0.2503608]
2.3892107;81.75303;-0.1926167;[ 2.6553168  82.12979    -0.25030717]
2.286062;76.83196;-0.21983595;[ 2.640259   77.580376   -0.25036868]
4.9048758;67.67831;-0.28729114;[ 2.6085916  68.02653    -0.25048354]
4.001329;66.98283;-0.26461795;[ 2.6094851  68.28649    -0.25048375]
4.2031593;69.16522;-0.2346873;[ 2.6162348  70.324814   -0.25046232]
2.2079163;69.98248;-0.25560394;[ 2.6165528  70.41686    -0.25046217]
3.072661;77.8812;-0.21707079;[ 2.642578   78.28395    -0.25035748]
2.1246295;72.6464;-0.26718286;[ 2.634593   75.83867    -0.25037473]
3.9946923;73.01971;-0.26885244;[ 2.6245742  72.859955   -0.25041598]
3.8256476;71.6935;-0.24814758;[ 2.621162   71.81333    -0.25043643]
2.3934119;69.92987;-0.25959888;[ 2.6223178 72.15648   -0.2504289]
4.096796;67.46562;-0.26619273;[ 2.6070437 67.55317   -0.2504938]
3.4149137;76.01929;-0.25441384;[ 2.6344004 75.82062   -0.2503925]
3.4021018;69.52768;-0.2567069;[ 2.6129453  69.32809    -0.25047734]
3.1201906;71.410255;-0.26693764;[ 2.6162364  70.31198    -0.25044975]
4.4144564;63.141933;-0.2810044;[ 2.5903506  62.51066    -0.25056207]
4.992098;75.05471;-0.24332695;[ 2.6334171  75.51779    -0.25039464]
2.762721;79.62794;-0.22761543;[ 2.6521473  81.172615   -0.25031826]
2.9032288;74.93517;-0.24864423;[ 2.6361833 76.357544  -0.2503833]
3.9505036;75.821754;-0.25099623;[ 2.6347866  75.93821    -0.25039008]
2.5101397;83.17116;-0.21658537;[ 2.6639633 84.7464    -0.2502724]
2.6763077;80.15503;-0.23860356;[ 2.651361   80.94125    -0.25032237]
3.8215709;76.91569;-0.22346273;[ 2.6398015  77.44859    -0.25037056]
3.686149;72.766304;-0.2312668;[ 2.6242368 72.741516  -0.2504322]
2.457098;76.37937;-0.21219826;[ 2.6382792 76.983055  -0.2503756]
2.3969018;80.66808;-0.23924764;[ 2.6530013  81.43705    -0.25031576]
1.7678251;77.3562;-0.21323335;[ 2.642452   78.24212    -0.25035778]
2.354094;84.13643;-0.220313;[ 2.6658745  85.32291    -0.25026372]
2.3211632;84.449265;-0.21980096;[ 2.6653676  85.170784   -0.25026575]
2.4806857;79.98411;-0.23968248;[ 2.6499853 80.526474  -0.2503281]
2.3028994;73.20278;-0.23490523;[ 2.6260054  73.278046   -0.25042367]
2.5913172;73.77345;-0.24351998;[ 2.6271114 73.619576  -0.2504209]
2.3255067;72.93102;-0.23661104;[ 2.6297567  74.40564    -0.25040957]
3.6474218;72.83994;-0.2796111;[ 2.624281   72.76534    -0.25042677]
2.7998004;79.965324;-0.24083245;[ 2.6508198  80.7834     -0.25032488]
3.583786;68.56701;-0.24383818;[ 2.6145647  69.82182    -0.25046968]
2.5955005;84.35093;-0.21845314;[ 2.6681833  86.020035   -0.25025466]
2.878985;79.5837;-0.23613799;[ 2.6527772  81.366165   -0.25031772]
2.7465303;76.67675;-0.227026;[ 2.6408901  77.77698    -0.25036582]
2.540164;77.25695;-0.21459587;[ 2.6424346  78.23869    -0.25035813]
2.418032;83.56122;-0.21810895;[ 2.6638172  84.70258    -0.25027308]
2.0422251;76.46975;-0.22250569;[ 2.6407974 77.74745   -0.2503664]
2.0746713;72.00219;-0.22952947;[ 2.6248517  72.92723    -0.25042954]
1.4920243;76.43563;-0.2538536;[ 2.6386285  77.099365   -0.25037405]
2.9864573;77.85088;-0.22119285;[ 2.642844   78.36989    -0.25035638]
3.4725356;77.70505;-0.2166309;[ 2.6412425 77.8876    -0.2503632]
2.5399654;83.58987;-0.22213778;[ 2.6647408  84.985886   -0.25026858]
2.428611;79.99831;-0.24322778;[ 2.6521626  81.18852    -0.25031897]
2.3386145;83.38253;-0.2219258;[ 2.6629658 84.449936  -0.250276 ]
4.560119;79.370834;-0.24208896;[ 2.6485844  80.10774    -0.25033498]
2.510985;80.08079;-0.24394466;[ 2.6514812  80.98458    -0.25032118]
2.619929;79.07737;-0.24512687;[ 2.649874   80.49822    -0.25032878]
1.9469646;75.999725;-0.26315758;[ 2.6369681  76.60608    -0.25038055]
3.74325;71.65995;-0.27660403;[ 2.6210423  71.79521    -0.25044534]
5.3757954;79.34761;-0.24477737;[ 2.648993   80.2431     -0.25033042]
2.2535279;78.684425;-0.24940383;[ 2.6498365 80.48866   -0.2503283]
3.3573146;74.70084;-0.26696494;[ 2.63366    75.61412    -0.25039285]
2.7541935;76.82462;-0.21628563;[ 2.641051  77.82578   -0.2503623]
3.4236958;71.72103;-0.23264425;[ 2.626259   73.361626   -0.25042146]
2.4626803;77.147064;-0.21924582;[ 2.642713   78.32315    -0.25035605]
5.0705156;76.91506;-0.2284577;[ 2.6399403  77.493484   -0.25036892]
4.1996517;72.76153;-0.23472044;[ 2.6250453  72.99029    -0.25042814]
4.0999084;73.5718;-0.21954669;[ 2.6280966 73.92897   -0.2504119]
2.2475708;69.35269;-0.26232138;[ 2.6232157  72.41629    -0.25043058]
2.582256;81.51455;-0.19894522;[ 2.6561413  82.38343    -0.25030237]
4.5866427;77.395996;-0.22936094;[ 2.6408248  77.75742    -0.25036505]
2.602347;76.136955;-0.23280308;[ 2.6384864  77.05408    -0.25037396]
3.8768306;71.872795;-0.24652249;[ 2.624004   72.677795   -0.25043342]
4.012802;74.03506;-0.24461259;[ 2.6288426  74.14214    -0.25041208]
4.3288994;69.2224;-0.25747302;[ 2.6109364  68.73832    -0.25048497]
2.0729918;73.48072;-0.25174886;[ 2.6303139  74.57684    -0.25040352]
2.5419004;76.52822;-0.22525376;[ 2.6401386  77.54593    -0.25036463]
2.1139152;69.39386;-0.2722106;[ 2.6152058  70.02094    -0.25046465]
3.710496;67.621994;-0.27282444;[ 2.6112697  68.8253     -0.25048238]
2.1912575;73.42154;-0.24825425;[ 2.6293068 74.27394   -0.2504077]
2.967857;68.692535;-0.26792398;[ 2.6140742 69.67595   -0.2504696]
2.596898;82.21236;-0.20052513;[ 2.6631606  84.50159    -0.25027177]
3.268767;74.76322;-0.24349442;[ 2.6356618  76.19896    -0.25038245]
2.2488468;70.99592;-0.20796281;[ 2.619447   71.28849    -0.25044823]
5.280802;69.22198;-0.2369319;[ 2.617188   70.61466    -0.25045857]
5.1986938;66.42162;-0.2274043;[ 2.6056597 67.133896  -0.2505052]
4.657211;80.144966;-0.23167624;[ 2.6554904 82.18884   -0.2503063]
3.421452;74.51496;-0.21681955;[ 2.631716   75.00843    -0.25040266]
3.2768676;66.7837;-0.22890882;[ 2.6056633  67.12514    -0.25050545]
4.1002827;77.01388;-0.2324193;[ 2.6388853  77.16434    -0.25036427]
4.8798623;79.90999;-0.23798828;[ 2.6493087  80.3237     -0.25033197]
4.716833;73.50056;-0.23971498;[ 2.62769    73.7814     -0.25041735]
2.802793;82.4629;-0.19522716;[ 2.6573846 82.75763   -0.2502976]
4.7278976;77.94717;-0.22407761;[ 2.6402333 77.577484  -0.2503678]
2.5661712;77.38868;-0.21005467;[ 2.641492   77.95455    -0.25036192]
2.614446;77.28891;-0.22583014;[ 2.64299    78.40374    -0.25035468]
4.2347097;72.97857;-0.24181435;[ 2.6269407  73.55653    -0.25042012]
6.0869637;76.951805;-0.24462627;[ 2.6383255  77.009      -0.25036126]
2.438836;77.41088;-0.22681817;[ 2.644101  78.73697   -0.2503502]
3.1571054;73.01885;-0.22808325;[ 2.6272752  73.664635   -0.25041762]
2.4967291;79.92336;-0.23996836;[ 2.6496098  80.41458    -0.25033206]
2.587027;77.59194;-0.22729589;[ 2.641015   77.81847    -0.25036648]
1.5647317;73.44279;-0.23515545;[ 2.6302125 74.54884   -0.2504076]
3.6071053;72.32899;-0.22324155;[ 2.6291065  74.20795    -0.25041118]
1.7730812;70.945656;-0.22295532;[ 2.6167479  70.48082    -0.25046346]
2.1708915;82.15344;-0.20556593;[ 2.6606574 83.746376  -0.2502844]
1.9393386;79.52663;-0.19611895;[ 2.6511083  80.86187    -0.25032255]
3.2289004;71.16903;-0.2152511;[ 2.6192195  71.23384    -0.25044972]
1.7655814;66.353004;-0.2313067;[ 2.6010447  65.73265    -0.25052598]
1.9934065;75.03456;-0.20444658;[ 2.6354344  76.12161    -0.25038534]
1.9817479;73.22587;-0.23698638;[ 2.6298487 74.43736   -0.250409 ]
1.6991949;66.58681;-0.234692;[ 2.6050072  66.92764    -0.25050852]
2.8040447;67.54746;-0.22348937;[ 2.6068704  67.49632    -0.25049865]
4.534786;66.23972;-0.2673003;[ 2.604474   66.776924   -0.25050557]
2.934814;81.44732;-0.20741615;[ 2.657257   82.71881    -0.25029916]
2.36834;73.33695;-0.24472354;[ 2.6284065  73.999435   -0.25041512]
2.9966884;79.358986;-0.18872252;[ 2.6485693  80.094795   -0.25033382]
2.5482244;75.435616;-0.1945296;[ 2.6329732  75.37871    -0.25039634]
2.662645;76.99894;-0.2097071;[ 2.6422193  78.17177    -0.25035894]
4.3112803;76.77492;-0.25340623;[ 2.6389444 77.192505  -0.2503587]
3.78006;76.48443;-0.23234425;[ 2.6403193  77.59404    -0.25035837]
2.259344;77.3096;-0.23458463;[ 2.6441507  78.749664   -0.25034997]
3.291708;75.50302;-0.23916426;[ 2.6368582  76.55676    -0.25037217]
2.3785028;76.16959;-0.23389347;[ 2.6410224  77.81532    -0.25035423]
4.876027;79.70645;-0.23262744;[ 2.6498365 80.4793    -0.2503303]
3.803563;68.08955;-0.26949742;[ 2.6064541 67.37499   -0.2504978]
3.1885774;75.28147;-0.25552517;[ 2.633637   75.59276    -0.25039652]
4.080972;73.03782;-0.2288847;[ 2.6254041  73.092354   -0.25042784]
4.5421877;72.16096;-0.24786398;[ 2.6222682  72.14441    -0.25043225]
4.7048683;79.48135;-0.23799844;[ 2.648795 80.1656   -0.250334]
2.7189026;73.26538;-0.23376685;[ 2.6272707  73.66641    -0.25041786]
3.8949776;68.60522;-0.2355165;[ 2.6112938  68.8423     -0.25048286]
2.657665;78.60325;-0.226855;[ 2.6433609  78.50825    -0.25034368]
3.3239014;71.473625;-0.23673618;[ 2.617317   70.63536    -0.25045204]
2.2643769;73.21248;-0.2440864;[ 2.6291268 74.21269   -0.2504017]
3.61854;65.77529;-0.25872463;[ 2.5935676 63.473106  -0.2505482]
3.8014379;74.28725;-0.2114129;[ 2.6299524  74.47064    -0.25040615]
2.6695514;81.29693;-0.21393213;[ 2.6499188  80.49382    -0.25031796]
2.6735854;75.91729;-0.22923438;[ 2.630594   74.66486    -0.25039652]
4.178425;76.397194;-0.23075327;[ 2.6344428 75.82269   -0.250381 ]
2.309981;73.279976;-0.21804313;[ 2.6246974  72.88447    -0.25042814]
1.7683535;72.01577;-0.26581806;[ 2.6340451  75.67115    -0.25037688]
2.2996228;63.020153;-0.2553894;[ 2.6000066  65.39521    -0.25052318]
2.9780939;76.502144;-0.23150958;[ 2.6367376  76.50281    -0.25037345]
2.7259219;71.68277;-0.24437149;[ 2.6215978 71.93206   -0.2504334]
2.874566;70.094154;-0.25336537;[ 2.6093519 68.241554  -0.2504844]
3.7319221;68.97486;-0.23622252;[ 2.6106124  68.63443    -0.25048527]
4.284689;74.32275;-0.23528503;[ 2.6274192  73.70564    -0.25041822]
2.4948163;78.75884;-0.18593423;[ 2.645904  79.28403   -0.2503439]
4.07215;70.937546;-0.22011824;[ 2.6169329  70.536026   -0.25046077]
2.8160815;78.9162;-0.18360606;[ 2.646652   79.51045    -0.25034055]
4.4630423;74.9367;-0.2120402;[ 2.631423   74.910034   -0.25040302]
3.1773639;75.70643;-0.19614878;[ 2.633947   75.67543    -0.25039107]
2.936429;75.59369;-0.20787992;[ 2.6346664  75.890884   -0.25038785]
2.6590705;82.87049;-0.19455492;[ 2.6578786  82.90318    -0.25029445]
3.789068;75.94259;-0.2453296;[ 2.6351547  76.04128    -0.25037998]
4.0606046;77.44575;-0.2241115;[ 2.6401346  77.543724   -0.25036675]
2.9103165;75.904274;-0.1974299;[ 2.6339297  75.67072    -0.25039116]
3.059067;70.82452;-0.23002878;[ 2.6160278  70.26685    -0.25046426]
3.6530771;75.206955;-0.24405047;[ 2.6333869  75.50509    -0.25038782]
4.0488343;70.49209;-0.25834522;[ 2.613384   69.46624    -0.25046965]
2.4118783;82.70736;-0.20752496;[ 2.657913   82.91281    -0.25029406]
3.5128994;73.21737;-0.24083069;[ 2.6230204 72.37627   -0.2504378]
3.8388288;65.70981;-0.23103362;[ 2.6034725  66.46744    -0.25051287]
2.9270153;76.74769;-0.22323067;[ 2.6421275  78.1427     -0.25035954]
2.3248537;79.683586;-0.1948053;[ 2.6493425  80.320404   -0.25032908]
2.0726447;73.83686;-0.21544404;[ 2.630233   74.55147    -0.25040758]
2.0617034;70.2224;-0.22273697;[ 2.6180725  70.87074    -0.25045565]
2.0965438;81.72332;-0.20426805;[ 2.65531    82.125595   -0.25030613]
1.9356248;79.465996;-0.18684919;[ 2.6464536  79.450005   -0.25034168]
1.8850436;70.136154;-0.21567538;[ 2.6165016  70.39636    -0.25046223]
4.8570585;62.16194;-0.24353927;[ 2.5910544  62.72       -0.25056216]
2.3158772;74.116356;-0.23944345;[ 2.6278503 73.83636   -0.2504165]
3.9715812;74.21594;-0.23836619;[ 2.6271737 73.63138   -0.2504195]
3.030334;72.238075;-0.24768667;[ 2.6264365 73.39997   -0.2504224]
4.7131205;72.712456;-0.24094802;[ 2.6275315  73.73036    -0.25041765]
3.336185;69.23018;-0.25562856;[ 2.6136904  69.55441    -0.25047216]
3.5609894;71.34683;-0.22570273;[ 2.621114   71.79452    -0.25044185]
3.5061994;67.16987;-0.24539751;[ 2.6051698 66.979965  -0.2505067]
2.644733;73.94886;-0.20963308;[ 2.6322892  75.16658    -0.25039774]
2.5115356;70.39747;-0.22444569;[ 2.6196623 71.356064  -0.2504479]
2.3440187;69.32414;-0.21545385;[ 2.6162825 70.32975   -0.2504616]
2.1048355;73.857445;-0.2466542;[ 2.6321564 75.1293    -0.2503971]
2.2653491;77.402596;-0.23309648;[ 2.644257  78.78006   -0.2503488]
3.023469;70.93905;-0.27076954;[ 2.6222496  72.13767    -0.25043142]
2.6456745;72.97532;-0.24534258;[ 2.6271484  73.61529    -0.25041848]
2.0102594;69.4133;-0.26227546;[ 2.617909   70.828705   -0.25045526]
3.1673133;70.70071;-0.2699012;[ 2.6218617 72.01813   -0.2504333]
2.2359254;73.03063;-0.24805342;[ 2.6279602  73.86426    -0.25041512]
3.4558084;66.04647;-0.288502;[ 2.6018028 65.96215   -0.2505153]
2.7079394;77.50009;-0.22457781;[ 2.6442413  78.77733    -0.25034857]
3.0878108;73.09901;-0.24677165;[ 2.628129   73.91557    -0.25041437]
2.918818;68.600006;-0.2615063;[ 2.6117182  68.9567     -0.25048202]
3.1816702;72.58538;-0.24500655;[ 2.6303327  74.57509    -0.25040612]
2.6455736;69.675644;-0.23544782;[ 2.618393  70.97017   -0.2504544]
2.011886;74.58452;-0.20618612;[ 2.6330752  75.403366   -0.25039482]
2.4473329;71.918465;-0.24368238;[ 2.628499   74.021324   -0.25041386]
2.6068282;63.126793;-0.2911687;[ 2.5967128 64.42022   -0.2505362]
2.895805;70.58421;-0.22477537;[ 2.6210508  71.77358    -0.25044206]
3.0669048;69.13664;-0.26007155;[ 2.613266  69.42602   -0.2504744]
2.2505748;73.14816;-0.24548861;[ 2.63195    75.06622    -0.25039932]
4.2970457;72.51903;-0.24302769;[ 2.6282325  73.943695   -0.25041592]
2.5618415;73.245766;-0.2455671;[ 2.6313264 74.88098   -0.2504013]
3.1984003;69.09828;-0.25995097;[ 2.6152997  70.04225    -0.25046664]
2.3718674;71.66334;-0.24504928;[ 2.6289804  74.16937    -0.25041226]
2.2490165;82.18337;-0.20363009;[ 2.6627507  84.37544    -0.25027338]
2.5418706;82.48835;-0.19181311;[ 2.6642723  84.83603    -0.25026646]
2.192241;80.01602;-0.18555468;[ 2.6537504  81.656456   -0.25030944]
2.3768747;75.67225;-0.1882398;[ 2.639216   77.26167    -0.25036705]
2.3856459;83.13837;-0.2054219;[ 2.6665325  85.51653    -0.25025737]
2.5657845;79.487114;-0.2215183;[ 2.6503835  80.641945   -0.25032288]
1.7886996;80.69734;-0.19408858;[ 2.656644   82.52883    -0.25029695]
1.8123478;76.224754;-0.20101392;[ 2.6409588 77.786224  -0.2503597]
2.5076954;83.80983;-0.19506526;[ 2.6651745  85.10776    -0.25026208]
3.318982;77.000015;-0.24258919;[ 2.6427171 78.32797   -0.2503465]
4.0309978;72.11353;-0.2505961;[ 2.6212523 71.84236   -0.250435 ]
2.158465;76.06902;-0.1887255;[ 2.640069   77.518555   -0.25036335]
2.266468;79.227715;-0.21071231;[ 2.6508672  80.78973    -0.25032002]
2.2877004;76.88371;-0.19770613;[ 2.641984   78.106      -0.25035554]
1.9995128;72.4252;-0.20602995;[ 2.6271086 73.60768   -0.2504148]
2.331493;78.20222;-0.22289373;[ 2.6469097 79.5923    -0.2503389]
1.7400169;75.10566;-0.21396698;[ 2.6358633 76.25602   -0.2503832]
2.7735908;72.307686;-0.22799549;[ 2.6216183  71.95963    -0.25044012]
2.1308808;71.64272;-0.22218116;[ 2.6237755  72.59766    -0.25043094]
2.3299134;78.23048;-0.22708035;[ 2.6451373 79.063034  -0.250345 ]
2.9225483;78.870636;-0.22684374;[ 2.6459749  79.3169     -0.25034112]
2.0892882;75.61621;-0.21455504;[ 2.6359954  76.29596    -0.25038245]
2.1921163;72.001015;-0.22192161;[ 2.6238296  72.61371    -0.25043052]
1.989542;75.40502;-0.23701853;[ 2.6338713  75.65976    -0.25038984]
2.6465483;72.32717;-0.22801065;[ 2.6224816  72.221695   -0.25043598]
3.6515682;76.93216;-0.20292135;[ 2.6412375  77.88057    -0.25035873]
4.6298833;77.205315;-0.21396688;[ 2.6456788 79.210495  -0.2503433]
2.3852491;78.387856;-0.21557531;[ 2.648467  80.05496   -0.2503307]
3.500104;73.8899;-0.22779107;[ 2.6331406 75.42795   -0.2503931]
3.5727894;68.99766;-0.2417678;[ 2.6150203  69.954445   -0.25045913]
2.759222;71.93534;-0.23304005;[ 2.6300323  74.48695    -0.25039896]
3.6135364;69.352875;-0.24631308;[ 2.6178455  70.81022    -0.25044692]
3.3874426;72.96467;-0.22955935;[ 2.6339417  75.663605   -0.25038078]
3.2621803;69.509254;-0.24256484;[ 2.6202753 71.535645  -0.250436 ]
3.5753837;65.536415;-0.25911394;[ 2.6059887  67.22825    -0.25049338]
3.5314555;73.78365;-0.22883254;[ 2.6351204 76.02019   -0.2503761]
3.2735336;68.223076;-0.24578217;[ 2.6189144  71.12682    -0.25044253]
3.4561105;70.12031;-0.24529588;[ 2.622442  72.19504   -0.2504262]
3.3845656;65.640816;-0.26128137;[ 2.6067348  67.45216    -0.25049046]
3.38319;61.215885;-0.27570587;[ 2.58738   61.609444  -0.2505693]
3.1815639;65.860664;-0.22667739;[ 2.6064913  67.37899    -0.25049108]
3.6747644;64.19556;-0.23748887;[ 2.595487  64.051414  -0.2505394]
3.5862272;61.402298;-0.24672915;[ 2.5855603  61.060287   -0.25057667]
3.3238056;70.01751;-0.23283862;[ 2.6132755  69.42924    -0.25046176]
2.6594396;69.0131;-0.2600219;[ 2.6069732 67.520744  -0.2504868]
4.1948366;68.46954;-0.24334614;[ 2.607676  67.746956  -0.2504806]
4.0752926;62.780373;-0.23637219;[ 2.5949492  63.88385    -0.25054646]
2.2075245;77.728325;-0.21581778;[ 2.6348314  75.952835   -0.25037012]
4.4108677;75.31253;-0.22789551;[ 2.630888   74.764885   -0.25038955]
5.1263943;77.022224;-0.23001087;[ 2.6378412 76.85135   -0.2503683]
5.709277;76.776985;-0.23710579;[ 2.6370287  76.61682    -0.25036684]
4.906424;77.120026;-0.22693267;[ 2.6384604 77.035225  -0.2503661]
2.2454767;77.9821;-0.21687543;[ 2.643695   78.61229    -0.25035232]
3.8843803;76.968414;-0.22812793;[ 2.637401   76.71449    -0.25037026]
2.4189167;73.8239;-0.22291902;[ 2.6292758 74.26298   -0.2504091]
4.574295;77.28867;-0.22685161;[ 2.6387107  77.109665   -0.25036496]
2.3466566;79.554855;-0.22171777;[ 2.648996   80.21286    -0.25032005]
5.014826;70.38094;-0.25843388;[ 2.617101   70.58055    -0.25045165]
2.9560478;75.03739;-0.22758672;[ 2.6352618  76.064575   -0.25037992]
2.2273815;71.50689;-0.21237916;[ 2.619742   71.37076    -0.25044817]
3.0777676;79.180664;-0.18814011;[ 2.6453795  79.12596    -0.25033665]
5.3401775;69.35286;-0.22159137;[ 2.6104996 68.58945   -0.2504804]
2.2274861;75.78132;-0.19802493;[ 2.6350598 76.00432   -0.2503869]
4.817515;76.5151;-0.2352042;[ 2.6369984  76.60738    -0.25038114]
4.7233276;72.466934;-0.22766887;[ 2.6225932  72.239914   -0.25043094]
2.3325548;74.82165;-0.19331445;[ 2.6305494 74.64485   -0.2504058]
5.072259;64.462585;-0.25920132;[ 2.597516   64.660416   -0.25053015]
2.3422346;80.75912;-0.21243262;[ 2.6493943  80.3358     -0.25031936]
2.7666898;74.04313;-0.22073126;[ 2.6268573  73.53398    -0.25041953]
4.429447;65.36114;-0.24623209;[ 2.5945766  63.784225   -0.25053963]
4.514122;73.61254;-0.20286244;[ 2.626195   73.33223    -0.25041112]
2.4317694;78.6961;-0.19414064;[ 2.642013   78.117386   -0.25035894]
2.6349595;73.91231;-0.21984352;[ 2.6267793  73.5125     -0.25041986]
2.574998;66.758194;-0.2263582;[ 2.604383   66.734566   -0.25050673]
2.4305942;73.843056;-0.2228362;[ 2.6296153  74.36456    -0.25040781]
2.7667816;78.956276;-0.21854122;[ 2.6495252 80.38386   -0.2503258]
4.7108316;75.91953;-0.22667637;[ 2.6362088 76.35459   -0.2503758]
4.6761785;73.62791;-0.21445553;[ 2.6276128  73.75737    -0.25041014]
3.9410331;74.75437;-0.24260622;[ 2.633879   75.64595    -0.25038296]
2.4858015;76.840706;-0.21122727;[ 2.6395805  77.369736   -0.25036108]
2.9229267;73.62078;-0.20245685;[ 2.6305275 74.6351    -0.2503917]
4.4795;73.13721;-0.20894727;[ 2.6284645  74.01163    -0.25040132]
2.8070188;76.68717;-0.19103362;[ 2.6409335  77.77336    -0.25035092]
4.296885;69.78567;-0.24394815;[ 2.6127942  69.28552    -0.25046492]
3.1345093;73.13528;-0.23313327;[ 2.6274981  73.734634   -0.25041774]
4.146165;73.28498;-0.23083453;[ 2.6267588  73.51128    -0.25041193]
4.4993715;64.41381;-0.2666381;[ 2.5978796  64.77371    -0.25052863]
4.1839123;68.50308;-0.22878046;[ 2.6117988  68.981865   -0.25046974]
5.12598;68.00102;-0.2262798;[ 2.6107416 68.66246   -0.2504744]
4.6729417;72.90033;-0.20277339;[ 2.6285431  74.04199    -0.25040102]
4.4711103;69.31809;-0.22008114;[ 2.6152143 70.01941   -0.2504538]
4.6062827;65.3243;-0.2430142;[ 2.5992107  65.185524   -0.25051945]
3.949916;65.59162;-0.22764514;[ 2.6012104  65.792984   -0.25051153]
2.9607112;78.626884;-0.23629723;[ 2.644842   78.957146   -0.25033438]
5.0302773;66.07347;-0.2262073;[ 2.6050324  66.94262    -0.25049666]
2.504873;77.0068;-0.20579268;[ 2.643636   78.595245   -0.25035098]
4.422002;72.67707;-0.22510086;[ 2.6280212  73.88038    -0.25041464]
2.3900762;76.82481;-0.20528576;[ 2.642991  78.40138   -0.2503534]
4.5683327;72.28703;-0.21161312;[ 2.6263947 73.38951   -0.2504238]
2.6532845;71.82585;-0.20973207;[ 2.627746   73.79595    -0.25041804]
4.146467;68.95197;-0.2280871;[ 2.6124732 69.188065  -0.2504793]
4.8561325;73.93351;-0.22807986;[ 2.6318474  75.0443     -0.25039893]
2.3634446;77.71134;-0.21068014;[ 2.646369   79.42793    -0.25033975]
4.3462067;70.14086;-0.2347397;[ 2.614595   69.82128    -0.25046653]
3.1383357;74.6354;-0.23080204;[ 2.6338224  75.64244    -0.25038946]
2.4111917;74.67825;-0.21832864;[ 2.6341407  75.73947    -0.25038803]
2.767918;73.3984;-0.23793444;[ 2.6295314 74.350006  -0.2504078]
2.1381252;81.76518;-0.2006551;[ 2.6576633  82.84225    -0.25029746]
3.990457;72.864334;-0.24828058;[ 2.6225483  72.22994    -0.25043234]
2.2092006;82.02202;-0.19202226;[ 2.658259  83.02243   -0.2502949]
3.8653016;77.26075;-0.22683926;[ 2.6423416  78.205246   -0.25034943]
2.741049;81.85618;-0.21645993;[ 2.65818    82.990555   -0.25028405]
5.378224;70.738976;-0.23193581;[ 2.6157227  70.1736     -0.25045118]
4.7328134;77.459625;-0.2265279;[ 2.6416037  77.98399    -0.25035244]
3.577775;66.18505;-0.24433452;[ 2.6016934  65.926956   -0.25051394]
2.118239;70.729805;-0.22155432;[ 2.6184132  70.979416   -0.25045526]
2.4299176;73.83863;-0.23772383;[ 2.6320333  75.09215    -0.25039923]
2.8327649;65.95774;-0.22469762;[ 2.6068127 67.46101   -0.2505004]
2.7252305;68.06261;-0.2243501;[ 2.608377  67.94257   -0.2504921]
1.9605365;76.45771;-0.23064137;[ 2.6307979  74.73748    -0.25039056]
3.879239;70.04879;-0.24795243;[ 2.6116128  68.93891    -0.25047117]
1.7402678;75.537384;-0.19436385;[ 2.6339185 75.664536  -0.2503925]
1.9583029;71.3453;-0.22759241;[ 2.6188843  71.1175     -0.25045425]
1.7412537;79.65262;-0.18117912;[ 2.6493335 80.325806  -0.2503305]
3.959605;74.87214;-0.21557146;[ 2.6332397  75.45592    -0.25038567]
4.0105567;74.12145;-0.22332747;[ 2.6302378  74.547676   -0.25039896]
1.9726268;76.329216;-0.23409553;[ 2.632484  75.24597   -0.2503823]
3.6421113;69.91657;-0.2376287;[ 2.6157048 70.16288   -0.2504577]
1.9720719;72.357155;-0.24214587;[ 2.6189961 71.16894   -0.2504358]
4.8753276;66.01538;-0.2596444;[ 2.5997667 65.35688   -0.2505166]
3.9079762;65.463356;-0.23166367;[ 2.599872   65.368095   -0.25052196]
1.7451769;72.411095;-0.23907465;[ 2.6161397  70.30339    -0.25044918]
1.9792948;77.67671;-0.20628831;[ 2.642748   78.33049    -0.25035688]
1.8998287;67.08517;-0.23599629;[ 2.6038218 66.561646  -0.2505143]
1.7731502;72.966255;-0.17942083;[ 2.6242595  72.744736   -0.25043088]
1.7289636;69.092834;-0.18528381;[ 2.6087322  68.04825    -0.25049344]
2.0695877;70.76732;-0.19902511;[ 2.6180978  70.877625   -0.25045562]
4.10797;70.592995;-0.24408032;[ 2.6159973  70.25402    -0.25044987]
3.7982283;70.409035;-0.2235407;[ 2.6176674  70.74574    -0.25044802]
2.311353;71.65317;-0.20335785;[ 2.620952   71.74572    -0.25044182]
3.9656913;65.7974;-0.2609995;[ 2.5999424  65.40645    -0.25051567]
2.366951;70.195564;-0.22565016;[ 2.6187994  71.092636   -0.25044268]
4.507421;61.055202;-0.27025834;[ 2.5874383  61.629242   -0.25056678]
2.5516224;69.62215;-0.2430911;[ 2.6109703  68.73588    -0.25048578]
2.6679497;72.71544;-0.22326474;[ 2.623266   72.45406    -0.25043774]
2.04304;65.1014;-0.24761109;[ 2.5977917 64.75521   -0.2505275]
2.5807476;74.72453;-0.2117027;[ 2.6299143  74.45571    -0.25040072]
2.9655728;75.0732;-0.20019962;[ 2.6326003 75.258865  -0.2503871]
3.9456105;77.15795;-0.2342634;[ 2.641713   78.023155   -0.25035167]
3.1826382;72.532585;-0.25006956;[ 2.6216438  71.95821    -0.25043568]
2.3764892;73.68938;-0.22637734;[ 2.6253831  73.08516    -0.25042146]
2.1917205;69.28513;-0.24498661;[ 2.6131897 69.40419   -0.2504762]
5.019057;75.87401;-0.22592835;[ 2.6380396  76.90678    -0.25036806]
4.914944;71.31348;-0.24447033;[ 2.6232004 72.427734  -0.2504287]
4.2818613;64.63541;-0.24281827;[ 2.598672   65.012085   -0.25052708]
2.4876614;84.08996;-0.21996379;[ 2.6596951  83.46884    -0.25027058]
4.3941336;77.66529;-0.23973136;[ 2.640509  77.67002   -0.2503511]
3.7517328;76.693726;-0.22697197;[ 2.639439   77.32727    -0.25036204]
2.5147514;77.729515;-0.21651658;[ 2.6443577  78.81073    -0.25034967]
2.8592331;76.40745;-0.2346311;[ 2.637594  76.77868   -0.2503694]
4.6088095;74.548195;-0.21678844;[ 2.6298342  74.42799    -0.25040022]
2.183393;75.12583;-0.24463984;[ 2.6335642  75.55349    -0.25038424]
2.580822;70.56929;-0.24824429;[ 2.6197233  71.37333    -0.25044435]
2.3267689;73.24177;-0.24276406;[ 2.627579  73.73758   -0.2504186]
2.3049052;80.72835;-0.20757976;[ 2.6478467  79.88376    -0.25031963]
3.4930048;74.30619;-0.22673696;[ 2.6288042  74.12863    -0.25039947]
3.5764546;69.09781;-0.2329134;[ 2.6128805 69.31024   -0.2504702]
2.9302738;73.54774;-0.2320541;[ 2.6294434 74.318794  -0.2504017]
2.5048916;68.966354;-0.22957043;[ 2.6114445  68.87433    -0.25047043]
3.344437;73.30869;-0.20674677;[ 2.6263382 73.37235   -0.2504104]
2.201477;69.0694;-0.22695671;[ 2.614694   69.85858    -0.25045675]
3.050324;64.67306;-0.25311127;[ 2.5952058  63.972305   -0.25053683]
2.8058758;77.25709;-0.19640481;[ 2.6403031  77.58002    -0.25035417]
3.5784354;68.27479;-0.23544481;[ 2.6077673  67.7618     -0.25048757]
2.1319325;69.46848;-0.22113176;[ 2.6136878  69.5543     -0.25046125]
2.3691092;79.300575;-0.2224055;[ 2.6496255  80.400955   -0.25031766]
2.5084147;73.17483;-0.24182674;[ 2.629905  74.45069   -0.2503956]
3.6782575;68.78171;-0.2517971;[ 2.6141987  69.695305   -0.25046223]
3.3045514;74.31403;-0.22088261;[ 2.636167   76.35039    -0.25036755]
3.2313023;64.88627;-0.2700296;[ 2.59565    64.11116    -0.25053474]
2.3097446;76.36806;-0.22754312;[ 2.6404703 77.648384  -0.2503567]
2.7839637;68.72081;-0.23088498;[ 2.6121902 69.102     -0.2504731]
2.5055652;68.96836;-0.2425943;[ 2.6130295 69.35866   -0.2504682]
2.4077168;70.080444;-0.24725026;[ 2.6202922  71.54841    -0.25044072]
2.3502386;68.712715;-0.25655285;[ 2.6132464  69.426      -0.25046328]
3.1625829;69.014534;-0.24741618;[ 2.6182463  70.92911    -0.25044468]
3.4220982;70.39773;-0.23529352;[ 2.6135418  69.5129     -0.25046754]
5.586294;77.336555;-0.22965376;[ 2.6400762  77.526306   -0.25035846]
3.8659568;65.73446;-0.24576859;[ 2.5969493 64.49658   -0.2505333]
3.4915051;71.89861;-0.2533417;[ 2.6208105 71.71822   -0.2504483]
3.1640444;69.70679;-0.25206748;[ 2.6129894 69.34983   -0.2504767]
3.7334533;64.8521;-0.24559939;[ 2.5952363  63.979683   -0.25054356]
6.551564;71.52863;-0.23781204;[ 2.6215472  71.925476   -0.25043553]
5.2834973;64.81229;-0.23326646;[ 2.5971742 64.55706   -0.2505333]
5.84297;66.961464;-0.2589926;[ 2.6055698  67.102776   -0.25050095]
5.096619;60.29366;-0.25630298;[ 2.5811656  59.724213   -0.25059885]
4.818164;78.76392;-0.23579648;[ 2.6402063 77.58084   -0.2503518]
6.019273;72.375305;-0.2527926;[ 2.6209157  71.74974    -0.25043285]
3.9801543;72.486885;-0.26224476;[ 2.6204987  71.62106    -0.25043446]
4.0752506;73.523415;-0.23258694;[ 2.6278415  73.823975   -0.25041708]
5.7921963;72.68615;-0.24057618;[ 2.6226842  72.2718     -0.25043055]
2.7647765;70.74094;-0.25702837;[ 2.6174672  70.692726   -0.25044984]
3.9189358;65.6804;-0.28342593;[ 2.6016235  65.90605    -0.25051576]
4.6451993;71.009186;-0.22391579;[ 2.6181283  70.889046   -0.25045615]
3.2966652;67.10435;-0.22910216;[ 2.603199   66.37284    -0.25051624]
3.7019305;70.00661;-0.24913129;[ 2.6112323  68.82106    -0.25047153]
3.0858676;74.65899;-0.22313835;[ 2.630447   74.61572    -0.25039688]
2.9418023;69.41831;-0.23810354;[ 2.609522   68.29915    -0.25048363]
3.387448;64.50191;-0.24851513;[ 2.5940998  63.637886   -0.25054744]
3.5889306;63.643543;-0.26246503;[ 2.593563   63.46987    -0.25054866]
3.954154;66.05471;-0.25877243;[ 2.596425   64.34162    -0.25053063]
2.7535963;65.275375;-0.2457402;[ 2.596487  64.35572   -0.2505351]
2.526455;64.317474;-0.27203944;[ 2.5971553  64.56372    -0.25052965]
4.1619983;73.29389;-0.20625481;[ 2.6245077  72.813736   -0.25041804]
3.5422518;64.78892;-0.2491028;[ 2.5944772  63.75125    -0.25054008]
4.6491737;75.9004;-0.23103745;[ 2.6338701  75.662476   -0.25039467]
4.339649;69.32261;-0.23799251;[ 2.6114237  68.867905   -0.25048363]
4.2248383;69.04228;-0.22658469;[ 2.6090198  68.140724   -0.25048164]
3.4235692;60.515045;-0.27243963;[ 2.5781288  58.81488    -0.25060707]
3.9739351;67.83696;-0.23350824;[ 2.6062355 67.29926   -0.2504941]
3.1420774;64.93628;-0.2513339;[ 2.5941906 63.665718  -0.2505414]
4.8820477;60.894028;-0.23259471;[ 2.5792716 59.146057  -0.2506017]
4.1922874;68.710625;-0.23369865;[ 2.6075225  67.691414   -0.25048804]
3.3261724;69.20661;-0.22322382;[ 2.6113594  68.8488     -0.25047067]
3.5443242;76.68194;-0.22985975;[ 2.6379821  76.8923     -0.25036746]
3.9256139;74.53187;-0.21619874;[ 2.6289802  74.174446   -0.25040326]
3.7577865;69.412224;-0.23675644;[ 2.6107116  68.65463    -0.25047797]
4.3468447;76.13174;-0.23644458;[ 2.6364012 76.42589   -0.2503836]
4.4236765;72.9843;-0.22914018;[ 2.62593    73.2567     -0.25042427]
4.3637066;71.58988;-0.22709721;[ 2.6218045  72.001236   -0.25043386]
3.7840872;64.35424;-0.2667331;[ 2.597086   64.52926    -0.25053194]
2.9943314;64.843666;-0.25339654;[ 2.5990527  65.13099    -0.25052375]
5.1699886;56.481766;-0.2703097;[ 2.569008  56.06887   -0.2506425]
3.051546;65.308685;-0.25351197;[ 2.6001377  65.460335   -0.25051758]
3.315271;64.56918;-0.23669448;[ 2.6010892  65.74805    -0.25051516]
3.7795792;70.6603;-0.25639084;[ 2.613942  69.63035   -0.2504603]
2.6957974;69.28617;-0.23853953;[ 2.617464  70.6989    -0.2504499]
2.699562;74.02505;-0.22552474;[ 2.6302207  74.5493     -0.25039893]
3.4312599;68.60309;-0.22714318;[ 2.6078167  67.76879    -0.25049028]
2.6507947;80.702965;-0.19630969;[ 2.6502676 80.59793   -0.2503185]
3.659337;78.66564;-0.22411744;[ 2.6425712  78.2686     -0.25034317]
2.3018386;81.44239;-0.19671461;[ 2.6533484 81.53342   -0.2503046]
2.002238;79.05205;-0.18689151;[ 2.6436682  78.60803    -0.25034332]
2.5352147;75.31422;-0.22179872;[ 2.6352346  76.06076    -0.25037938]
3.1088555;75.98516;-0.22708142;[ 2.6345587  75.858795   -0.25038248]
2.953166;76.957016;-0.22004847;[ 2.636611   76.479065   -0.25037286]
2.5202365;74.68241;-0.19265413;[ 2.6283612  73.981735   -0.25040397]
2.5607202;78.536736;-0.18234307;[ 2.6415799  77.9814     -0.25035203]
2.4515502;77.22434;-0.211206;[ 2.635218   76.06368    -0.25037837]
2.2047563;70.786575;-0.23911257;[ 2.616611   70.42563    -0.25045413]
2.174607;66.57647;-0.24745996;[ 2.6068637  67.47747    -0.25049046]
3.0313392;76.12927;-0.2317636;[ 2.6365747  76.450806   -0.25037497]
2.8760242;76.5147;-0.21145491;[ 2.637192   76.647354   -0.25036836]
2.7563298;74.93308;-0.23723115;[ 2.629177 74.21022  -0.250399]
2.0744963;69.66887;-0.22563063;[ 2.6122482  69.121284   -0.25047222]
3.073941;67.14129;-0.24472193;[ 2.6058228 67.17404   -0.2504981]
3.3356593;72.55227;-0.22685853;[ 2.6214817 71.9038    -0.2504329]
2.6315176;70.217766;-0.24882424;[ 2.6104493 68.55496   -0.2504753]
3.093554;67.976105;-0.23991263;[ 2.6041293  66.66215    -0.25050473]
2.7211814;70.09971;-0.24999349;[ 2.6131742  69.37926    -0.25045884]
2.483164;70.00346;-0.23606412;[ 2.6095858 68.311005  -0.2504808]
2.47536;67.62991;-0.2524432;[ 2.6004853 65.55552   -0.250516 ]
4.469656;67.39165;-0.23693404;[ 2.6018164 65.975876  -0.2505074]
2.8969936;67.479385;-0.20955539;[ 2.6090183 68.133446  -0.2504854]
3.6518252;61.609642;-0.23022307;[ 2.5926824  63.19896    -0.25055188]
3.494844;71.81533;-0.24072194;[ 2.6209168  71.72618    -0.25043598]
5.5942836;66.26103;-0.22120495;[ 2.6013086  65.81773    -0.25051308]
2.2954;69.55976;-0.20465967;[ 2.6178145 70.78308   -0.250457 ]
2.6236286;74.62156;-0.21054445;[ 2.6292012  74.23926    -0.25040275]
2.6598828;74.95354;-0.21044537;[ 2.628552  74.04443   -0.2503996]
2.611988;75.3539;-0.20396565;[ 2.6293175  74.26494    -0.25040093]
1.9321649;69.9106;-0.19482161;[ 2.6160707 70.261604  -0.2504645]
3.87315;65.86979;-0.21021068;[ 2.6063268  67.3202     -0.25049707]
2.5816164;73.81588;-0.21029201;[ 2.624575   72.84465    -0.25042167]
2.6331513;78.87968;-0.19036478;[ 2.6416142  77.98761    -0.25035226]
2.4319162;69.96321;-0.2154161;[ 2.6120396  69.0523     -0.25047153]
2.308928;76.75067;-0.2262023;[ 2.6367476 76.50725   -0.2503709]
2.4022725;69.785286;-0.24129324;[ 2.6092217  68.20005    -0.25047728]
4.553548;74.05442;-0.21082482;[ 2.625806  73.215866  -0.2504168]
4.289208;60.909225;-0.26714775;[ 2.5880551  61.791      -0.25056553]
4.0742245;57.977592;-0.2742207;[ 2.5709243  56.619347   -0.25063476]
2.1747067;73.79105;-0.21102352;[ 2.6270802  73.597694   -0.25041988]
2.1338785;70.680115;-0.20166394;[ 2.6156902  70.159706   -0.25046605]
2.166123;67.079155;-0.20988417;[ 2.603325   66.417465   -0.25051507]
2.425564;75.160515;-0.24250676;[ 2.640781   77.716606   -0.25035033]
3.3828773;70.752846;-0.1990502;[ 2.6159797  70.24826    -0.25046447]
2.2313018;70.01626;-0.2343387;[ 2.6150029 69.93138   -0.2504577]
3.2499547;66.77691;-0.20667997;[ 2.6030648 66.34179   -0.2505155]
2.1697469;68.14605;-0.27684808;[ 2.6198788  71.39937    -0.25042185]
2.8484995;61.498283;-0.2695424;[ 2.596902   64.460106   -0.25052756]
3.0072932;75.09352;-0.23836778;[ 2.6302361  74.54066    -0.25040123]
2.431536;70.56846;-0.24325849;[ 2.6167474  70.46625    -0.25045696]
4.2797413;64.821915;-0.23568952;[ 2.6003509  65.52719    -0.25051826]
3.5953982;57.964687;-0.2783819;[ 2.5818286  59.9086     -0.25058898]
2.2464004;72.84632;-0.24945599;[ 2.62211    72.07712    -0.25042886]
2.500443;66.089615;-0.23681282;[ 2.6004493 65.53834   -0.2505168]
4.030905;60.255913;-0.2552328;[ 2.5830808 60.306587  -0.2505894]
3.575162;72.97055;-0.21573856;[ 2.6304998  74.6279     -0.25039557]
4.1451178;68.75694;-0.24300987;[ 2.6138117  69.58888    -0.25046366]
3.0411944;67.81533;-0.24528553;[ 2.6117773  68.97857    -0.25047213]
3.3795485;66.694;-0.24683107;[ 2.6097817  68.36821    -0.25048175]
2.9687922;73.31629;-0.23099029;[ 2.6303294  74.57533    -0.25039637]
2.699882;68.418526;-0.24539216;[ 2.6133099 69.440956  -0.2504659]
4.03474;68.85389;-0.24425082;[ 2.614884   69.91179    -0.25045937]
2.5514278;67.91541;-0.23974618;[ 2.613683   69.54184    -0.25046209]
3.2317905;63.98327;-0.25722453;[ 2.5997033  65.321396   -0.25051907]
3.3546493;71.83524;-0.22201945;[ 2.6271286  73.59542    -0.25040925]
3.7243967;67.7596;-0.2427533;[ 2.6116693  68.92996    -0.25047177]
3.554834;59.615337;-0.26699415;[ 2.582823   60.223022   -0.25058773]
3.5255766;69.157326;-0.23193169;[ 2.6105583  68.604454   -0.25048023]
5.657866;72.86176;-0.21066913;[ 2.624219   72.73521    -0.25042528]
2.9413342;74.29223;-0.22416942;[ 2.6275043  73.724655   -0.25041017]
3.6134877;69.88725;-0.23630512;[ 2.6117635  68.971504   -0.25047466]
2.8638785;72.91796;-0.21969269;[ 2.6270823 73.59375   -0.2504116]
3.0802798;68.520424;-0.23773356;[ 2.6132822  69.425354   -0.25046763]
3.462636;65.26111;-0.24975236;[ 2.5978448  64.77149    -0.25052965]
3.8634157;73.49647;-0.22021961;[ 2.6272438 73.64409   -0.2504113]
3.1741216;67.99257;-0.2364298;[ 2.611064   68.75932    -0.25047764]
2.7302852;65.556015;-0.25083452;[ 2.599685  65.32927   -0.2505221]
3.4224477;65.5405;-0.25229877;[ 2.598342   64.919014   -0.25052783]
3.3283238;61.333656;-0.26331314;[ 2.5824654  60.126442   -0.25059286]
3.634746;72.62599;-0.23056349;[ 2.6298928 74.443924  -0.2503994]
2.944664;67.13568;-0.24857563;[ 2.6072648  67.61374    -0.25049207]
3.2971077;58.469185;-0.2701348;[ 2.5748775  57.83957    -0.25062343]
3.3903472;76.646255;-0.22521375;[ 2.639631   77.39465    -0.25036964]
2.2709227;72.93995;-0.2386294;[ 2.627117   73.620834   -0.25041944]
2.4935753;81.316376;-0.19702779;[ 2.6569576 82.624405  -0.2503008]
1.8017304;74.999825;-0.18400452;[ 2.632823  75.32756   -0.2503968]
3.2718356;78.67907;-0.2040992;[ 2.6428602 78.36893   -0.2503565]
2.8967896;76.334526;-0.19154099;[ 2.63397    75.68308    -0.25039208]
2.8906832;71.8483;-0.1995133;[ 2.618613   71.03804    -0.25045338]
4.480792;73.75663;-0.2265299;[ 2.627974   73.87906    -0.25040185]
2.6878684;77.04314;-0.22149038;[ 2.6347609  75.93552    -0.25037077]
4.3454866;70.03738;-0.2260052;[ 2.6147745 69.87769   -0.2504608]
2.7114666;74.8315;-0.19247945;[ 2.6333694  75.48896    -0.25039378]
3.0931294;71.763565;-0.21022223;[ 2.6213074  71.846695   -0.25044164]
3.91036;67.59455;-0.23522885;[ 2.6046755  66.82437    -0.25050962]
4.426958;75.65172;-0.20814653;[ 2.6309652 74.77417   -0.2504052]
6.165265;68.88001;-0.23948516;[ 2.6102629  68.52662    -0.25047582]
2.8706217;69.482796;-0.23724313;[ 2.6156116  70.13088    -0.25044936]
3.6189902;75.55665;-0.18996896;[ 2.6328108  75.329315   -0.25039628]
3.6460085;75.675385;-0.23100439;[ 2.6295743 74.360596  -0.2503947]
4.9712086;69.1922;-0.24949998;[ 2.6106014  68.62693    -0.25047415]
3.1786273;70.50383;-0.23019302;[ 2.6172838  70.631485   -0.25045964]
2.4416995;76.18961;-0.18564647;[ 2.6328564 75.33876   -0.250396 ]
1.7078295;68.17627;-0.18074718;[ 2.6069784  67.51546    -0.25050083]
2.5562067;74.35876;-0.20463364;[ 2.6313436  74.87842    -0.25040194]
2.789699;70.47748;-0.2201432;[ 2.618722   71.068344   -0.25045213]
3.9136539;66.46204;-0.23161058;[ 2.602739   66.241615   -0.25051716]
4.5966578;69.73824;-0.22149515;[ 2.6146817  69.848114   -0.25046188]
2.866458;66.64034;-0.23753788;[ 2.6051476  66.96912    -0.25049886]
3.8377616;72.54702;-0.23881829;[ 2.6249263 72.94629   -0.2504176]
3.0044317;80.506424;-0.2088981;[ 2.6480598  79.94391    -0.25031874]
2.9702535;76.9207;-0.22100334;[ 2.6334882  75.54679    -0.25037724]
6.3604617;70.60898;-0.23665108;[ 2.614495   69.80683    -0.25045687]
5.615325;72.44709;-0.213262;[ 2.6255546  73.13228    -0.25041834]
4.969776;68.7446;-0.2261341;[ 2.6128159  69.28693    -0.25046924]
7.28185;68.55325;-0.2273918;[ 2.6111479  68.78008    -0.25047734]
1.88442;79.81368;-0.18835737;[ 2.648117   79.94826    -0.25033462]
3.0114336;75.96651;-0.20278226;[ 2.633696   75.59655    -0.25039232]
4.1149745;73.03462;-0.2262225;[ 2.6315398  74.93974    -0.25039262]
2.1007588;82.83733;-0.18939401;[ 2.6570332  82.64932    -0.25029907]
5.163845;68.59792;-0.23808579;[ 2.6125143 69.19347   -0.2504711]
2.9398265;80.08219;-0.19939737;[ 2.6458201  79.269775   -0.25032824]
5.826848;73.657845;-0.21961878;[ 2.6267123  73.49471    -0.25040844]
1.9830289;75.0891;-0.19893509;[ 2.6329541  75.36403    -0.25039554]
3.416164;79.82119;-0.18633103;[ 2.646606   79.49974    -0.25032908]
5.3514166;75.31327;-0.21497262;[ 2.6315398  74.951706   -0.25039044]
6.421961;68.68736;-0.22028527;[ 2.6095335  68.29378    -0.25048438]
5.736591;70.15641;-0.22989668;[ 2.6132894 69.444145  -0.2504619]
3.2809534;76.16956;-0.1936008;[ 2.6330483  75.40201    -0.25039527]
2.4124763;78.20142;-0.22160634;[ 2.643413   78.532684   -0.25033998]
4.304854;69.220345;-0.22092761;[ 2.61252    69.2006     -0.25047025]
3.123578;74.37168;-0.23476738;[ 2.627532   73.73767    -0.25040525]
2.4452596;71.44846;-0.24371092;[ 2.6187189 71.07753   -0.2504421]
5.370749;65.953156;-0.26198587;[ 2.5974452  64.66124    -0.25052685]
4.576022;63.410934;-0.24763785;[ 2.5925636  63.169403   -0.25055358]
2.0793028;77.63733;-0.22169095;[ 2.6417232 78.02789   -0.2503618]
3.3184686;73.47637;-0.2287325;[ 2.6259608  73.26454    -0.25041828]
2.9045029;69.1232;-0.23598778;[ 2.61066    68.63668    -0.25047955]
3.504581;68.22916;-0.24560158;[ 2.6127918  69.28216    -0.25046983]
2.402236;75.34402;-0.21625762;[ 2.6327562  75.32037    -0.25038567]
3.0967007;67.76928;-0.23161474;[ 2.6102533  68.514885   -0.25048068]
3.2805672;71.435036;-0.20985109;[ 2.6177342  70.78022    -0.25045538]
2.0607479;80.21262;-0.19111867;[ 2.6500208  80.52933    -0.25032625]
1.7843895;75.07137;-0.21412507;[ 2.6301777  74.54026    -0.25040847]
2.2250152;78.29139;-0.22329873;[ 2.6408138  77.750114   -0.25036678]
1.6437016;75.95206;-0.21079099;[ 2.6315255  74.94316    -0.25040415]
4.2210364;73.480965;-0.22739784;[ 2.6313279 74.87802   -0.2503932]
3.4242601;68.28035;-0.24563283;[ 2.6128833  69.311386   -0.25046915]
2.9000902;78.06422;-0.20749392;[ 2.6433053  78.50512    -0.25035378]
4.645549;74.30077;-0.23296483;[ 2.6297374  74.40471    -0.25039536]
4.149177;68.470024;-0.2288471;[ 2.6102333  68.50395    -0.25048107]
1.8255885;81.609634;-0.19717348;[ 2.656874   82.59837    -0.25030106]
3.6902173;69.004036;-0.23235142;[ 2.6121597 69.08423   -0.2504731]
1.8666081;74.81631;-0.19291925;[ 2.6311276 74.81771   -0.2504044]
4.8978844;74.12986;-0.21374013;[ 2.6280313 73.87931   -0.2504081]
2.0350976;75.08054;-0.20360354;[ 2.632884   75.34068    -0.25039634]
2.151216;75.092186;-0.20529872;[ 2.6324694  75.2193     -0.25039726]
5.583996;73.2755;-0.21305144;[ 2.6256003  73.145226   -0.25041842]
2.8863044;75.991844;-0.20895208;[ 2.6301076 74.52048   -0.2503962]
2.2401206;76.50968;-0.23136736;[ 2.6340888 75.72513   -0.2503756]
5.3420644;70.28435;-0.24873546;[ 2.6151583  70.00373    -0.25045508]
2.6571703;70.984;-0.24452779;[ 2.619003   71.16531    -0.25044113]
4.002545;71.6274;-0.20701864;[ 2.6181922 70.92015   -0.250453 ]
3.375915;76.230156;-0.19574253;[ 2.6337008  75.6015     -0.25039336]
3.8046927;65.026726;-0.24742669;[ 2.5979257  64.78988    -0.25053042]
2.5590858;67.10832;-0.24349147;[ 2.6049147 66.90166   -0.2505081]
2.3641317;71.44471;-0.22696756;[ 2.6196854  71.36188    -0.25044784]
3.2967181;75.34728;-0.21057646;[ 2.6317215 74.99995   -0.2503906]
3.5307887;72.6318;-0.24048859;[ 2.6160946  70.29376    -0.25044867]
5.03586;66.67786;-0.24610275;[ 2.598988   65.1118     -0.25052562]
4.4196024;71.19687;-0.22285941;[ 2.6155915  70.13009    -0.25046736]
3.6597648;67.570076;-0.2377315;[ 2.6044054  66.74327    -0.25051093]
3.5344296;67.43831;-0.23973121;[ 2.6041167  66.6583     -0.25051156]
4.5807447;65.2437;-0.2450832;[ 2.597343  64.61658   -0.2505323]
3.469165;69.70897;-0.24631977;[ 2.6099348 68.42223   -0.2504781]
4.913868;61.241516;-0.25523567;[ 2.5817544  59.909027   -0.25059593]
3.014112;71.987144;-0.23325264;[ 2.6257825 73.21506   -0.2504251]
3.1018386;73.271095;-0.2284539;[ 2.6299417  74.462814   -0.25039896]
5.299534;70.70787;-0.21930182;[ 2.6198153 71.40411   -0.2504417]
4.766515;70.2601;-0.21653463;[ 2.6145444  69.81969    -0.25047135]
3.1986077;73.304344;-0.1903689;[ 2.6278746  73.836975   -0.25041637]
2.9056916;66.44663;-0.23027974;[ 2.6029148 66.30138   -0.2505172]
3.5990486;74.491035;-0.23704517;[ 2.6336896  75.599915   -0.25038728]
4.1152916;69.78312;-0.25022146;[ 2.6136625  69.55358    -0.25046927]
3.4297457;76.553505;-0.21576366;[ 2.6421785 78.1603    -0.2503602]
3.1743486;73.64656;-0.2080478;[ 2.6302927 74.57149   -0.2504083]
2.880437;73.80121;-0.19145888;[ 2.6288054  74.117905   -0.25041258]
2.4765701;67.02936;-0.25055656;[ 2.607853   67.7953     -0.25049347]
2.8633766;70.32508;-0.2247687;[ 2.6166306  70.45274    -0.25046262]
6.721273;71.240295;-0.20056878;[ 2.6224093  72.18819    -0.25043756]
3.5205555;67.92905;-0.26113603;[ 2.6107335  68.66082    -0.25047734]
3.4799473;63.132645;-0.27907863;[ 2.5919774  62.991882   -0.25055453]
3.409368;60.467472;-0.2851927;[ 2.5853498 60.988564  -0.2505791]
4.409017;69.79551;-0.23921415;[ 2.6147497 69.863205  -0.2504601]
3.9078836;64.418564;-0.28179753;[ 2.6004617  65.558174   -0.25051692]
3.943018;59.656433;-0.29512322;[ 2.581663  59.876472  -0.2505941]
3.458311;54.399742;-0.30463195;[ 2.5635781  54.420532   -0.25066698]
4.490338;72.38235;-0.24423958;[ 2.6264186  73.39415    -0.25042233]
2.4083233;76.572464;-0.22322403;[ 2.6414037  77.9202     -0.25036126]
2.3627396;73.28259;-0.24557664;[ 2.6298397  74.430435   -0.25040677]
1.966508;69.06088;-0.26394087;[ 2.6143584 69.75892   -0.2504702]
2.4701118;71.66282;-0.24553639;[ 2.626319   73.364456   -0.25042257]
3.0852785;69.08695;-0.26293865;[ 2.614546  69.81223   -0.2504695]
2.3727548;76.77285;-0.22319458;[ 2.6435373 78.565125  -0.2503538]
1.7321751;74.426056;-0.21216808;[ 2.6340747  75.7057     -0.25039175]
2.1263962;77.81617;-0.22824106;[ 2.643377  78.51558   -0.2503536]
1.7236226;74.954544;-0.2030663;[ 2.6349409  75.966705   -0.25038815]
2.0882638;71.56286;-0.22356471;[ 2.6204922  71.60672    -0.25044543]
3.6770728;66.37425;-0.25906473;[ 2.6030831  66.34146    -0.25050652]
4.018847;66.40162;-0.24154764;[ 2.6047812 66.84713   -0.2505087]
2.2089994;66.78792;-0.24369042;[ 2.6072807  67.60435    -0.25049722]
1.7099764;72.14853;-0.19416776;[ 2.6247327  72.88229    -0.25042924]
3.0940452;64.88453;-0.21595447;[ 2.5958605  64.159096   -0.25054404]
2.1743035;75.71738;-0.20699301;[ 2.6347096  75.89798    -0.25038815]
1.6547818;72.39231;-0.19324577;[ 2.6250947  72.99135    -0.25042775]
1.6785738;68.75088;-0.20623446;[ 2.6104693  68.578285   -0.25048608]
3.0076814;71.028145;-0.2520486;[ 2.6169257  70.53834    -0.25044483]
2.1579394;65.25184;-0.26498553;[ 2.6039937  66.614746   -0.25049454]
3.2679484;71.38152;-0.25238833;[ 2.6166286  70.44468    -0.25044596]
3.2738996;66.86926;-0.2307178;[ 2.6025016  66.164154   -0.25051838]
1.7200848;63.363728;-0.20572346;[ 2.5926604  63.18699    -0.25055733]
1.9445746;66.84552;-0.24958073;[ 2.60671    67.4357     -0.25049883]
2.9130473;62.875816;-0.2638851;[ 2.5907936 62.629547  -0.2505634]
4.3797398;64.84618;-0.2761213;[ 2.600234  65.49121   -0.2505149]
3.679156;64.856995;-0.25360236;[ 2.601268   65.79113    -0.25051513]
2.7849355;67.091286;-0.267379;[ 2.6023946  66.1464     -0.25050408]
4.4542165;60.864826;-0.29248706;[ 2.583484   60.43096    -0.25058347]
2.7229502;72.94959;-0.22472772;[ 2.6279633  73.86484    -0.25041553]
4.3152637;70.968666;-0.25044307;[ 2.6192968 71.246544  -0.2504386]
2.330012;62.721825;-0.2650632;[ 2.5917919  62.927925   -0.25055104]
1.9212434;73.05726;-0.2514214;[ 2.6221945  72.13016    -0.25042132]
4.8674846;66.74554;-0.2746531;[ 2.6032014  66.390205   -0.25050095]
2.3498452;70.83613;-0.2327021;[ 2.6228745  72.31195    -0.25043455]
1.9347513;75.9278;-0.2164597;[ 2.637296   76.67943    -0.25037676]
3.0274937;70.408714;-0.24732223;[ 2.6224842 72.19734   -0.2504281]
2.0765066;75.69279;-0.20607601;[ 2.6347518  75.91359    -0.25038773]
3.8666453;68.50732;-0.24543226;[ 2.616632 70.433136 -0.250452]
2.6457763;64.82881;-0.25901192;[ 2.6002295 65.479546  -0.2505202]
3.4154222;64.5864;-0.2720354;[ 2.599919 65.382324 -0.250521]
2.5973308;65.67466;-0.26711386;[ 2.6016815  65.92064    -0.25051185]
3.904676;65.98138;-0.25268066;[ 2.6018662  65.977516   -0.25051162]
2.62105;68.781746;-0.26473647;[ 2.610308  68.527245  -0.2504759]
3.8150086;71.01648;-0.24216592;[ 2.6181536 70.902916  -0.2504436]
4.2775674;66.02529;-0.2653966;[ 2.5996225 65.306244  -0.2505194]
2.2404995;66.14049;-0.2737614;[ 2.604142  66.66729   -0.2505013]
2.374088;62.349236;-0.28279918;[ 2.586205   61.250977   -0.25057438]
4.920805;62.06721;-0.29665667;[ 2.587698  61.710243  -0.2505645]
4.1430955;60.391068;-0.27564013;[ 2.5867958  61.425125   -0.25057337]
1.740335;62.60443;-0.27223253;[ 2.5933893  63.4131     -0.25055328]
2.785914;71.62435;-0.26306102;[ 2.6241782  72.721      -0.25042468]
2.4449954;64.84738;-0.2589836;[ 2.5993667  65.21919    -0.25052392]
1.794801;70.73156;-0.23223464;[ 2.6187432  71.07981    -0.25045338]
2.4412212;75.868904;-0.20107487;[ 2.6344728  75.8288     -0.25038898]
1.6529396;66.80374;-0.23815821;[ 2.603249   66.39017    -0.25051597]
3.5066307;68.30859;-0.2444622;[ 2.6139443  69.615486   -0.25046426]
2.9716935;63.499023;-0.25886223;[ 2.5992906 65.193245  -0.2505241]
1.9935117;74.65762;-0.20102508;[ 2.6346354  75.873924   -0.25038943]
2.047326;70.50159;-0.22515164;[ 2.6197612  71.37094    -0.25044814]
4.0411644;71.08311;-0.24186642;[ 2.6192734  71.24385    -0.25043875]
4.3414073;64.428154;-0.27784792;[ 2.5989587 65.10594   -0.2505203]
2.790368;71.439415;-0.23309891;[ 2.6175983 70.73721   -0.2504455]
4.493903;64.96014;-0.2554051;[ 2.6013377  65.81085    -0.25051418]
3.838254;65.14991;-0.25413236;[ 2.6023905  66.1288     -0.25051013]
2.320508;66.58491;-0.24297485;[ 2.6044538  66.75852    -0.25051075]
2.0911992;67.21837;-0.24402307;[ 2.6089025  68.092636   -0.25049046]
2.181398;63.06853;-0.26494843;[ 2.593552   63.45878    -0.25055316]
3.1728997;68.7222;-0.2032115;[ 2.6101036  68.467384   -0.25048754]
4.2652435;66.49838;-0.274246;[ 2.6026535 66.22835   -0.2505024]
2.575314;66.901855;-0.24441366;[ 2.606394  67.33769   -0.2505008]
3.0774374;70.64022;-0.23140779;[ 2.6185322  71.01078    -0.25044274]
3.933501;64.89015;-0.25158852;[ 2.5990846  65.134926   -0.25052333]
3.6217403;66.457924;-0.24113701;[ 2.602151  66.06509   -0.2505202]
2.9200115;62.871815;-0.26200193;[ 2.591056   62.706123   -0.25056338]
2.8221266;62.337997;-0.2645201;[ 2.5903964 62.50924   -0.2505653]
2.7755904;68.95816;-0.25556475;[ 2.611463  68.87576   -0.2504713]
4.1440945;56.271492;-0.28688216;[ 2.5685203 55.9067    -0.2506478]
2.7837625;73.08935;-0.22764152;[ 2.6285028 74.01366   -0.2504035]
3.0688324;73.36457;-0.21573816;[ 2.6282187 73.93094   -0.250405 ]
4.7546964;69.18899;-0.24670222;[ 2.6127818  69.26783    -0.25046816]
2.7896152;65.00625;-0.27310786;[ 2.597426  64.63689   -0.2505291]
3.1859565;73.82923;-0.2276477;[ 2.6294472  74.299385   -0.25039968]
3.0152612;68.29781;-0.2480135;[ 2.6131053  69.36493    -0.25046653]
4.0206795;61.263885;-0.28686193;[ 2.582492   60.125824   -0.25058973]
2.581011;76.42365;-0.219577;[ 2.6416306  77.9898     -0.25036183]
2.6509802;73.51698;-0.24108937;[ 2.6300247  74.48587    -0.25040743]
3.4346519;69.40245;-0.25300437;[ 2.6135218 69.50374   -0.2504748]
2.7347012;73.927315;-0.20858166;[ 2.6328483  75.335686   -0.25039688]
4.6579857;70.05413;-0.22751732;[ 2.6176717 70.75213   -0.2504591]
3.6415257;66.15733;-0.23401876;[ 2.6027765 66.24639   -0.2505183]
2.2431529;74.008;-0.24221888;[ 2.631515   74.93672    -0.25040153]
1.8684256;66.755615;-0.23906554;[ 2.6067677  67.45516    -0.25050056]
4.48335;73.53505;-0.23875119;[ 2.6276197  73.759735   -0.25041813]
3.0549045;71.19201;-0.26659155;[ 2.6221805  72.11804    -0.25043312]
2.242889;76.95486;-0.21918221;[ 2.643099   78.43217    -0.25035587]
1.811882;70.2408;-0.21507335;[ 2.6175044  70.69499    -0.25045833]
2.522964;73.33286;-0.24202083;[ 2.6286108 74.059456  -0.2504134]
2.7204268;70.97317;-0.22846197;[ 2.6202457  71.5323     -0.25044692]
2.7494793;70.856606;-0.26458356;[ 2.622696   72.27116    -0.25043124]
2.0923715;77.90602;-0.22208615;[ 2.6445315 78.866264  -0.2503488]
2.5138748;69.99381;-0.22902441;[ 2.6193743  71.26596    -0.25045195]
2.4348533;70.61235;-0.21639337;[ 2.6209455  71.735855   -0.25044405]
2.2935996;74.625496;-0.20253986;[ 2.6335483  75.54773    -0.25039428]
2.366471;70.168785;-0.21320407;[ 2.6179268  70.82411    -0.25045618]
2.0479848;65.39157;-0.23300895;[ 2.60339   66.432144  -0.2505156]
2.3385992;63.36946;-0.2801183;[ 2.597083   64.53496    -0.25053653]
2.3799953;74.20533;-0.24050933;[ 2.6316962  74.99162    -0.25040045]
2.7643292;73.28292;-0.24143109;[ 2.6284657  74.01661    -0.25041404]
2.5277553;76.77165;-0.2211636;[ 2.6426144  78.28644    -0.25035587]
2.5939507;73.24442;-0.24312265;[ 2.6293302 74.277664  -0.2504086]
3.5529118;69.119934;-0.25700825;[ 2.6135242  69.50643    -0.25047293]
2.2006042;69.18861;-0.26099974;[ 2.6148746  69.914825   -0.25046754]
2.353525;71.899536;-0.2504998;[ 2.6276145  73.76219    -0.25041598]
3.9893272;63.37207;-0.27594694;[ 2.598072   64.85432    -0.25053442]
3.3474011;72.9669;-0.29964963;[ 2.6228855  72.39132    -0.25039798]
4.4987264;77.315605;-0.27453482;[ 2.6372864 76.74542   -0.2503394]
3.354847;78.469284;-0.2781764;[ 2.6431544  78.52292    -0.25031218]
4.5640907;82.052246;-0.25381377;[ 2.654147   81.83598    -0.25026986]
3.7853217;77.52722;-0.28786838;[ 2.6371086  76.69135    -0.25034004]
3.1864753;74.26302;-0.29949683;[ 2.6247685  72.96653    -0.25038895]
3.1873517;69.94941;-0.32019094;[ 2.6087313  68.12415    -0.25045478]
4.514333;67.83525;-0.28379;[ 2.60954    68.31909    -0.25046283]
4.5409913;64.20563;-0.3068962;[ 2.596304 64.32269  -0.250517]
5.075221;68.595215;-0.2830647;[ 2.6107616  68.68287    -0.25045875]
4.799086;64.891846;-0.30138057;[ 2.595974  64.21944   -0.2505193]
5.0139217;64.743744;-0.3012727;[ 2.5961633 64.28399   -0.2505167]
3.364407;65.45772;-0.2826544;[ 2.6026518  66.22177    -0.25050616]
2.7556694;67.73938;-0.29464167;[ 2.6100893 68.463844  -0.2504733]
2.9121413;62.947273;-0.31041506;[ 2.5922186 63.066772  -0.2505465]
4.0778112;73.550415;-0.24181281;[ 2.6318107  75.02234    -0.25039306]
4.8372793;69.54178;-0.26096976;[ 2.6173956  70.67       -0.25045207]
3.661106;69.95121;-0.26636127;[ 2.619577   71.32921    -0.25044248]
3.253844;70.61581;-0.26463616;[ 2.6207645 71.68909   -0.2504367]
3.1385603;66.12207;-0.28598893;[ 2.6054657  67.070656   -0.25049898]
3.9207687;64.86386;-0.28708407;[ 2.6015823 65.90852   -0.2505134]
2.8698049;68.78672;-0.27574775;[ 2.618889   71.12335    -0.25044465]
4.0402336;65.58695;-0.23917525;[ 2.60533    67.025734   -0.25049704]
3.108901;62.884388;-0.2834711;[ 2.593907  63.57943   -0.2505436]
3.8004663;71.76054;-0.23972024;[ 2.6255193  73.11762    -0.25041622]
3.589586;63.819916;-0.28124553;[ 2.5969257  64.48671    -0.25053158]
3.3486798;59.056908;-0.29804516;[ 2.5789192 59.05268   -0.2506047]
3.6099467;66.69619;-0.26019576;[ 2.611021   68.73737    -0.25047317]
2.7917018;63.479507;-0.27672726;[ 2.5988684 65.07392   -0.250521 ]
2.4954948;59.57375;-0.30347738;[ 2.5849023  60.857895   -0.25057787]
3.3403022;57.811047;-0.3041003;[ 2.5810523  59.687737   -0.25059533]
2.755474;59.5483;-0.30231512;[ 2.5844471 60.71907   -0.2505801]
2.693876;80.824974;-0.21238115;[ 2.649446   80.33906    -0.25030947]
3.1366298;75.68896;-0.22580372;[ 2.6356902  76.191345   -0.25036532]
5.294283;71.6659;-0.21807219;[ 2.6203573  71.56888    -0.25042567]
2.4243014;75.83741;-0.22032563;[ 2.6362453 76.35936   -0.2503629]
2.3939886;75.82945;-0.22011632;[ 2.6362398  76.35765    -0.25036293]
3.8017395;75.00534;-0.22018796;[ 2.6303606  74.57872    -0.25038788]
3.5458243;70.73973;-0.23340456;[ 2.621251  71.83721   -0.2504241]
5.5961947;67.35755;-0.23018038;[ 2.604699  66.8468    -0.2504899]
2.486919;75.825554;-0.22755592;[ 2.6350913 76.00639   -0.2503681]
2.8168676;70.719376;-0.24467124;[ 2.6211767  71.81006    -0.25042468]
2.4535837;65.76874;-0.26357126;[ 2.606131  67.273186  -0.2504859]
3.0843482;65.79311;-0.26363444;[ 2.6070247  67.54059    -0.25048235]
2.3758123;80.33294;-0.2123058;[ 2.649089   80.231026   -0.25031063]
2.6894383;75.169426;-0.21898864;[ 2.6347632 75.911255  -0.2503689]
2.1203115;70.302055;-0.24025337;[ 2.6187832  71.09022    -0.25043434]
4.0590625;68.15057;-0.23082058;[ 2.6034093  66.4592     -0.25049508]
3.9388108;76.866936;-0.20450455;[ 2.6369984  76.59288    -0.25035805]
4.426799;72.10987;-0.21463038;[ 2.6208594  71.727844   -0.25042352]
4.6983166;67.64368;-0.23681614;[ 2.6052003  66.99978    -0.25048772]
2.9152622;71.264656;-0.23924284;[ 2.6207213  71.67284    -0.25042608]
4.347136;68.10342;-0.23442465;[ 2.604178  66.6891    -0.2504915]
2.5406718;78.05492;-0.2332496;[ 2.6383646  77.00475    -0.25035265]
3.4891472;70.42861;-0.2217419;[ 2.6167433  70.470764   -0.25044292]
3.310922;69.91503;-0.26468235;[ 2.6158261  70.20526    -0.25044113]
3.477213;72.69706;-0.25212246;[ 2.6225777 72.23128   -0.2504183]
2.5064108;67.662346;-0.25344786;[ 2.615058   69.96631    -0.25045002]
2.7925425;71.098656;-0.24766769;[ 2.6205778  71.63321    -0.25042683]
3.2785475;81.20902;-0.22105612;[ 2.6487665  80.1617     -0.25030446]
3.0053957;78.08183;-0.23438816;[ 2.6429276  78.387405   -0.25033373]
3.7111616;76.31711;-0.2427554;[ 2.6309667 74.78652   -0.250378 ]
5.261298;72.45228;-0.23394765;[ 2.6209447  71.74077    -0.25043005]
3.4709795;77.43752;-0.2398855;[ 2.6428187  78.36101    -0.25033405]
2.7836628;76.39241;-0.23327805;[ 2.6301754  74.55528    -0.25037998]
2.4854627;74.97306;-0.24739595;[ 2.633841   75.644775   -0.25036725]
2.1124873;66.691216;-0.26242065;[ 2.6069052 67.495636  -0.2504832]
2.29756;66.7812;-0.26698247;[ 2.6072292  67.60373    -0.25047603]
3.465401;62.085587;-0.2914716;[ 2.5886567 61.991615  -0.2505534]
2.2908812;61.89187;-0.26958013;[ 2.5910468  62.70482    -0.25054708]
3.0561142;69.786705;-0.26134816;[ 2.6113977 68.8691    -0.2504618]
2.8845794;68.45639;-0.22292121;[ 2.609907 68.41475  -0.250477]
3.9640229;67.4618;-0.23480305;[ 2.6061647 67.28283   -0.250494 ]
2.0305367;63.04383;-0.2715416;[ 2.5948997  63.885315   -0.25053766]
3.9312427;67.322395;-0.24229622;[ 2.6064148  67.35898    -0.25049236]
3.3202558;62.848557;-0.28271535;[ 2.5913277  62.799957   -0.25054786]
4.0499506;75.88445;-0.2426694;[ 2.632017   75.11334    -0.25037232]
2.2846484;66.01024;-0.268771;[ 2.6093757 68.251785  -0.2504673]
3.8978093;61.26963;-0.29365176;[ 2.5909166  62.67375    -0.25054428]
4.2769094;66.479774;-0.24690792;[ 2.6024423  66.15172    -0.25050429]
3.6545186;71.841576;-0.2650435;[ 2.615019   69.9783     -0.25044188]
3.0230474;63.31053;-0.26610023;[ 2.5900495 62.410378  -0.250549 ]
3.516342;58.025154;-0.3000101;[ 2.5678403  55.70482    -0.25063848]
2.284608;57.831326;-0.2787822;[ 2.5702667  56.42939    -0.25063184]
3.2103572;60.978523;-0.29246235;[ 2.5840425  60.588203   -0.25057882]
3.0767145;72.04411;-0.22936928;[ 2.6181598  70.90248    -0.25044298]
2.9591565;68.215866;-0.24432708;[ 2.6107278  68.66075    -0.25047314]
2.4561012;81.82293;-0.2266365;[ 2.6509497  80.82066    -0.25029546]
3.6841254;75.529785;-0.2459361;[ 2.6319613  75.08225    -0.25037506]
3.472265;70.02325;-0.26451087;[ 2.6102948  68.54088    -0.25046456]
3.383628;75.7828;-0.2315952;[ 2.633369   75.49397    -0.25037462]
3.6966724;61.537872;-0.24147536;[ 2.5890603  62.103218   -0.25056213]
2.3896384;81.27087;-0.22463569;[ 2.6505606  80.70845    -0.25029567]
3.6209707;74.89924;-0.24464646;[ 2.6315567  74.9655     -0.25037527]
2.8250968;83.026245;-0.22517288;[ 2.6582205  83.00203    -0.25027138]
2.5218344;75.778404;-0.2422264;[ 2.62763    73.783356   -0.25039104]
3.3926663;69.839806;-0.2447721;[ 2.6102479 68.51771   -0.2504694]
3.9541404;72.50901;-0.2410608;[ 2.6252582  73.04019    -0.25040978]
3.0413795;68.338295;-0.2510792;[ 2.6128614  69.311806   -0.25046188]
4.0121603;69.224915;-0.2582388;[ 2.6129932  69.361465   -0.25045237]
2.8108735;78.37743;-0.23995925;[ 2.6431863 78.46689   -0.2503325]
3.126688;68.67654;-0.25416458;[ 2.6127987 69.28443   -0.2504595]
3.4621806;72.73724;-0.25320375;[ 2.6238663  72.632385   -0.25041285]
4.1290855;67.64483;-0.2577612;[ 2.609359   68.24518    -0.25047475]
3.4330556;63.66539;-0.26876462;[ 2.5932295  63.37677    -0.25054023]
3.154389;70.457886;-0.24724667;[ 2.614602   69.82951    -0.25045112]
3.5513792;65.34816;-0.27070126;[ 2.5947247  63.82811    -0.25053295]
3.426395;70.108116;-0.26308656;[ 2.613911   69.63776    -0.25044778]
2.961408;69.83391;-0.24652547;[ 2.6128    69.28412   -0.2504585]
2.9621046;77.78639;-0.23734239;[ 2.6377401  76.81894    -0.25035655]
3.51831;67.784195;-0.25084713;[ 2.6078634 67.79009   -0.2504814]
2.8758743;64.25083;-0.25435317;[ 2.597748  64.73814   -0.2505265]
3.2126129;72.53689;-0.25301334;[ 2.632097   75.11363    -0.25037494]
2.3174858;68.60517;-0.2751456;[ 2.612737  69.26966   -0.2504505]
2.836282;63.518936;-0.27800262;[ 2.5966988 64.41265   -0.2505211]
2.3475533;65.30707;-0.28117475;[ 2.602423   66.14487    -0.25050437]
3.419913;69.00721;-0.28316477;[ 2.6169207 70.53441   -0.2504362]
3.2980347;72.67617;-0.25787267;[ 2.6282613 73.95791   -0.2503939]
3.5131044;64.080345;-0.2962797;[ 2.5973024  64.6086     -0.25051826]
4.100883;69.72175;-0.23314315;[ 2.6159265  70.25115    -0.25046107]
3.704455;62.579376;-0.30559617;[ 2.5958307  64.16101    -0.25052327]
2.66521;62.243935;-0.2835204;[ 2.5963645  64.31224    -0.25052527]
2.896038;72.76887;-0.25411457;[ 2.6252034  73.031204   -0.25040704]
3.1721694;64.134224;-0.27907398;[ 2.5952659  63.994186   -0.25052622]
4.0722456;57.864292;-0.22299272;[ 2.5767133  58.375267   -0.25060773]
3.2890236;68.74622;-0.27258262;[ 2.6092832  68.22685    -0.25047216]
3.8458643;69.7968;-0.24964957;[ 2.6153119  70.04218    -0.25045338]
3.8803747;69.34832;-0.24938494;[ 2.614716   69.86041    -0.25045636]
5.0533233;66.38342;-0.23065485;[ 2.6003609 65.53236   -0.2505178]
3.132772;61.68477;-0.26663068;[ 2.5903995  62.5131     -0.25055647]
2.6927896;61.706337;-0.29460058;[ 2.5863287  61.291924   -0.25056696]
2.381172;61.775528;-0.2992963;[ 2.587243   61.570724   -0.25056297]
2.4864593;58.81854;-0.29821265;[ 2.5824103  60.104187   -0.25058293]
4.748386;68.16097;-0.24917802;[ 2.614153   69.69512    -0.25046048]
3.1852562;69.01943;-0.25161844;[ 2.6165867  70.433586   -0.25044894]
3.136879;67.44616;-0.25151372;[ 2.6142368  69.72068    -0.25045997]
2.6085415;64.94702;-0.27197117;[ 2.6030183  66.339005   -0.25050434]
6.89229;67.24035;-0.19983883;[ 2.6046107 66.81573   -0.2505017]
2.1780064;70.29453;-0.21242188;[ 2.6154633  70.087036   -0.25046167]
2.569697;63.215645;-0.25741148;[ 2.5966406  64.39996    -0.25053322]
3.5099778;64.96078;-0.22905594;[ 2.6036093  66.50965    -0.25050637]
2.9390333;65.52979;-0.23109546;[ 2.6048026  66.85022    -0.25049987]
3.0645077;64.75739;-0.24073136;[ 2.59978    65.352165   -0.25052232]
3.09445;66.93161;-0.22282663;[ 2.60433    66.728874   -0.25050288]
3.219463;71.14079;-0.20735231;[ 2.6205995  71.637634   -0.25043744]
3.5549126;66.86071;-0.22780204;[ 2.6052265  66.99645    -0.25049973]
3.7805662;62.410282;-0.2735973;[ 2.58377    60.518326   -0.25058177]
2.6197536;65.81371;-0.22917622;[ 2.6022115  66.08471    -0.25051335]
3.1273768;62.26828;-0.27551666;[ 2.5858128  61.13913    -0.25057322]
4.063128;71.159;-0.21054198;[ 2.6196907  71.3649     -0.25044152]
2.9533727;61.37151;-0.23081441;[ 2.5874374  61.62014    -0.25057214]
3.9512174;67.046295;-0.22017907;[ 2.6037302  66.54966    -0.25050554]
3.6917558;62.981945;-0.2516479;[ 2.5945036  63.761772   -0.25054362]
3.528462;63.150932;-0.25176007;[ 2.5947871  63.848816   -0.25054243]
3.1338687;66.28215;-0.24119563;[ 2.609026   68.145706   -0.25048542]
3.2265577;71.34168;-0.22312441;[ 2.6250036  72.968994   -0.25042072]
2.5245733;63.250084;-0.25383;[ 2.5971005 64.548965  -0.250533 ]
2.6922686;65.80023;-0.24659277;[ 2.6076336  67.72929    -0.25049084]
2.8611171;66.23903;-0.2286979;[ 2.6056519  67.13127    -0.25049514]
2.2680583;60.998043;-0.24725384;[ 2.5852349 60.958206  -0.2505804]
3.031096;70.65974;-0.22286782;[ 2.622665   72.26661    -0.25042826]
2.2988172;61.93345;-0.24952678;[ 2.591344   62.80381    -0.25055504]
2.4608393;60.99562;-0.25205877;[ 2.5812368 59.756767  -0.2505987]
4.4862814;66.21925;-0.2326027;[ 2.60359    66.50499    -0.25050703]
3.046016;68.804985;-0.22054285;[ 2.6163857 70.3613    -0.2504536]
2.9313054;64.48869;-0.2405179;[ 2.600127   65.45464    -0.25051972]
3.427413;59.537865;-0.25669053;[ 2.5839577  60.569687   -0.25058612]
3.0778213;66.156685;-0.2399007;[ 2.6045265  66.78352    -0.25050044]
2.7387652;61.263138;-0.25489315;[ 2.5874124  61.620583   -0.25057042]
2.930323;57.276783;-0.27562097;[ 2.5731893 57.319977  -0.2506259]
2.306766;61.191254;-0.25616112;[ 2.5884554 61.93183   -0.2505637]
2.9033585;57.28517;-0.27896926;[ 2.5744417  57.701416   -0.25062087]
2.9127367;61.48858;-0.25571516;[ 2.5890412  62.10489    -0.25056186]
2.9335933;52.931545;-0.29028067;[ 2.5575616  52.60282    -0.25068954]
3.1695302;72.31634;-0.23969483;[ 2.6232758  72.443756   -0.25042194]
2.8511558;71.019424;-0.23942627;[ 2.6219006  72.02803    -0.25042745]
4.0648384;70.97406;-0.23837885;[ 2.6201339  71.49313    -0.25043637]
4.9325747;67.06132;-0.25668186;[ 2.6053708 67.03473   -0.2504972]
3.2760925;67.635254;-0.25970498;[ 2.6086118  68.01646    -0.25048175]
3.0952373;63.784836;-0.2804437;[ 2.5934706  63.445038   -0.25054437]
4.0330095;71.90094;-0.24078687;[ 2.6219327  72.03531    -0.25042924]
3.4559999;68.17545;-0.25898296;[ 2.608991   68.1303     -0.25048065]
4.307892;66.09915;-0.24285568;[ 2.6014242 65.834816  -0.2505213]
2.4756684;66.44749;-0.24584834;[ 2.6037889  66.55298    -0.25051174]
4.88367;72.92748;-0.23177274;[ 2.6285799  74.0539     -0.25041306]
2.891565;70.68214;-0.21327718;[ 2.6193376  71.26494    -0.25044984]
2.6616278;66.7407;-0.2241717;[ 2.6053476  67.03574    -0.25050583]
2.5228798;71.92219;-0.20881352;[ 2.6257224 73.19671   -0.2504221]
4.292974;67.994026;-0.2150602;[ 2.606437   67.36454    -0.25049484]
4.4439545;66.88446;-0.209075;[ 2.6054573 67.05841   -0.2504985]
2.739699;75.65261;-0.20840548;[ 2.638012   76.89466    -0.25036514]
4.6784487;71.85577;-0.22756493;[ 2.6230083  72.36333    -0.25042668]
3.4110029;72.901634;-0.21830498;[ 2.6261666  73.31837    -0.25041273]
4.0094705;68.71116;-0.24108973;[ 2.6100483  68.450905   -0.25047842]
4.4168816;67.47704;-0.24149166;[ 2.6092682  68.21311    -0.25048256]
5.9068813;66.94169;-0.24510403;[ 2.6071634 67.57634   -0.2504926]
4.2767;71.136734;-0.22218871;[ 2.6224823  72.20364    -0.25043002]
5.2833495;67.18172;-0.24385172;[ 2.6077483  67.752754   -0.25049028]
5.2870874;63.552807;-0.26089463;[ 2.5940394  63.61467    -0.25054502]
3.3829556;67.954544;-0.227222;[ 2.6114273  68.8665     -0.25047633]
4.4676447;63.88979;-0.2386753;[ 2.5950527 63.92383   -0.250543 ]
3.8203874;70.16843;-0.22336228;[ 2.6175132  70.69471    -0.25045913]
3.4366615;70.93794;-0.21598697;[ 2.6198952  71.415695   -0.25044778]
1.9484782;67.70453;-0.19905555;[ 2.610489  68.5736    -0.2504864]
2.2049952;64.35332;-0.21373801;[ 2.5960584 64.21772   -0.2505441]
2.001173;67.9984;-0.19207032;[ 2.6101398  68.46738    -0.25048745]
2.7237625;64.76411;-0.20815541;[ 2.5962374  64.26987    -0.25054294]
3.5813031;77.03365;-0.17930648;[ 2.6373951  76.71878    -0.25036722]
6.0637765;70.590256;-0.21429501;[ 2.6185431  71.028824   -0.25044182]
3.3281567;73.93586;-0.2034951;[ 2.6231022  72.414      -0.25042003]
2.75345;57.28469;-0.23779196;[ 2.5817153  59.87355    -0.25059155]
5.079642;66.790825;-0.21310052;[ 2.6039953  66.62566    -0.25050572]
2.378465;72.15696;-0.18759385;[ 2.6256452  73.156525   -0.25042567]
2.8974967;68.82705;-0.19956978;[ 2.6107998  68.676445   -0.25048512]
4.3614116;71.19713;-0.22434047;[ 2.6229272  72.34938    -0.25043514]
3.6267638;69.78784;-0.20001058;[ 2.615556  70.114426  -0.2504582]
4.8459234;69.02969;-0.21553954;[ 2.613129   69.3784     -0.25046983]
4.4645824;65.0661;-0.2229433;[ 2.5984423 64.944756  -0.2505287]
3.7473502;66.04136;-0.21665347;[ 2.604752  66.84777   -0.2505006]
3.3285732;69.13276;-0.20653193;[ 2.6168303  70.49309    -0.25045317]
2.5451794;77.331474;-0.19811891;[ 2.6421537  78.16193    -0.25036052]
2.6279137;70.24657;-0.20249593;[ 2.6175148  70.708435   -0.25045797]
2.5832891;69.699295;-0.21688695;[ 2.6179323  70.836006   -0.25044468]
3.8534799;65.30593;-0.2270121;[ 2.6022253  66.08046    -0.25051132]
2.7798364;65.65152;-0.24277158;[ 2.603505   66.477554   -0.25050375]
2.4996536;72.82847;-0.19052066;[ 2.623355   72.47244    -0.25042358]
4.1369534;61.556618;-0.22097574;[ 2.587595   61.666885   -0.25057095]
5.2051754;62.214104;-0.22115058;[ 2.5885117  61.94268    -0.25056723]
5.258574;67.10191;-0.20746294;[ 2.6054907  67.06715    -0.25049913]
4.243205;66.02432;-0.22132142;[ 2.6073327 67.62698   -0.2504902]
3.926731;66.43862;-0.21522297;[ 2.6005428  65.57462    -0.25051975]
3.5894487;68.52663;-0.21291414;[ 2.6073723  67.64531    -0.25048873]
4.2769527;58.61328;-0.2333913;[ 2.572732  57.178146  -0.2506315]
4.8248434;66.494286;-0.21875495;[ 2.602739   66.25082    -0.25050533]
2.9636495;72.84124;-0.18506679;[ 2.6219985 72.06348   -0.2504283]
3.4517035;70.81888;-0.22285588;[ 2.6189024  71.12607    -0.25043938]
4.7235885;61.48726;-0.23873466;[ 2.58609    61.18995    -0.25057718]
2.6855106;66.172554;-0.23105235;[ 2.605713   67.149574   -0.25049287]
4.050501;66.02147;-0.23558213;[ 2.6036084 66.509155  -0.2505031]
3.387924;73.92399;-0.21495456;[ 2.6294184  74.31674    -0.25041166]
2.8815045;68.71802;-0.21628103;[ 2.6080105  67.84529    -0.25048125]
3.4926496;67.62528;-0.23205991;[ 2.6081727 67.89222   -0.2504948]
2.4538653;72.8935;-0.183993;[ 2.6256464  73.168274   -0.25042248]
2.3271961;71.64791;-0.22324796;[ 2.6206408  71.65694    -0.25043997]
2.63876;76.98902;-0.19929014;[ 2.640867 77.76033  -0.250354]
3.2485309;73.814186;-0.2139843;[ 2.6260414  73.28447    -0.25041384]
4.905548;72.11826;-0.22251987;[ 2.6248646  72.932236   -0.25041935]
2.2042348;71.034164;-0.21885797;[ 2.6262593 73.34958   -0.2504191]
2.842156;70.46255;-0.20973118;[ 2.617908   70.828125   -0.25045636]
3.090821;70.25472;-0.20090766;[ 2.6158874  70.22473    -0.25046566]
2.7480109;67.069405;-0.2215963;[ 2.604547   66.79193    -0.25051028]
4.3622956;69.35766;-0.19624367;[ 2.6147647 69.87429   -0.2504582]
2.7590866;62.4604;-0.22163633;[ 2.5904698 62.545242  -0.250555 ]
3.1394708;71.44892;-0.21310179;[ 2.619394  71.27867   -0.2504496]
2.6001363;59.62367;-0.22640748;[ 2.5801096 59.401955  -0.250605 ]
4.1409273;58.142746;-0.24202332;[ 2.5710278  56.673424   -0.25063476]
2.968529;74.49933;-0.22303832;[ 2.6313696  74.898605   -0.25038978]
4.1241736;69.55044;-0.22366446;[ 2.6159992  70.244446   -0.25045282]
2.7910886;71.03672;-0.21172146;[ 2.6207957  71.697586   -0.25044385]
3.2063513;74.20919;-0.21992198;[ 2.6308587  74.75197    -0.25040475]
3.0460627;71.0699;-0.21374273;[ 2.620477   71.60977    -0.25044504]
4.8600445;70.698875;-0.20208816;[ 2.6195424  71.31618    -0.25044307]
4.2948637;66.96474;-0.2153983;[ 2.6043386 66.72843   -0.250504 ]
4.1978674;65.835144;-0.20877437;[ 2.6027253  66.23148    -0.25051072]
2.6515417;76.85638;-0.21071611;[ 2.6419168  78.07274    -0.25034872]
4.1944427;71.94547;-0.22988378;[ 2.626071  73.28538   -0.2504146]
3.1549628;72.29779;-0.2168095;[ 2.6280844  73.89464    -0.25040886]
2.716588;74.972824;-0.20888942;[ 2.6359217 76.2531    -0.2503834]
3.5824425;66.42488;-0.22737898;[ 2.6056542  67.1199     -0.25049672]
3.826675;66.49458;-0.22467059;[ 2.6100147  68.43755    -0.25047883]
2.625803;73.538445;-0.1931313;[ 2.6259646 73.2604    -0.2504125]
3.4613874;70.325874;-0.2231719;[ 2.6215847 71.937     -0.2504293]
5.208733;65.92582;-0.2310184;[ 2.6058774  67.18133    -0.25049594]
3.3319888;70.88347;-0.19980174;[ 2.619377  71.26512   -0.2504377]
4.3091435;67.22242;-0.23008122;[ 2.6062968 67.307365  -0.2504881]
2.3607066;66.10554;-0.21069446;[ 2.6055303  67.08831    -0.25049397]
2.329587;67.358246;-0.21122353;[ 2.6058233  67.175575   -0.25049216]
2.761569;76.29347;-0.21969105;[ 2.6413975  77.91892    -0.25035098]
2.8705168;74.56536;-0.21398224;[ 2.6356616  76.176056   -0.25038356]
4.5432396;70.749855;-0.20783114;[ 2.621977  72.05806   -0.2504317]
2.9787002;75.27625;-0.20455882;[ 2.6353583 76.088524  -0.2503848]
4.3541718;70.79899;-0.22851294;[ 2.6184764  70.98981    -0.25045365]
3.243918;77.99491;-0.20517993;[ 2.64436   78.829865  -0.2503506]
4.2415466;63.883636;-0.19147365;[ 2.597625   64.70602    -0.25052553]
4.4600015;64.02386;-0.1979422;[ 2.5963576  64.32214    -0.25053075]
3.1780064;68.223495;-0.18632627;[ 2.611912   69.0218     -0.25046816]
2.790604;69.45293;-0.24437189;[ 2.6160786  70.27157    -0.25045684]
3.2550278;74.37716;-0.25140902;[ 2.6278563 73.850784  -0.2503936]
6.2612114;68.05459;-0.26952958;[ 2.6084437 67.98304   -0.2504752]
3.1567664;68.50153;-0.18787646;[ 2.6134386  69.48082    -0.25046185]
3.833137;65.35466;-0.21656081;[ 2.600325   65.52361    -0.25051326]
4.976713;72.99085;-0.22876084;[ 2.6267169  73.50008    -0.25042278]
5.7474055;66.6481;-0.25309917;[ 2.607348  67.63476   -0.2504911]
5.103935;67.41764;-0.23388737;[ 2.609066   68.153854   -0.25048628]
5.1107492;70.18706;-0.22900714;[ 2.617582   70.71735    -0.25045753]
2.7272086;73.47074;-0.17982319;[ 2.6297545  74.39915    -0.25039703]
3.2740436;70.23149;-0.1896294;[ 2.6175241  70.708      -0.25044608]
4.1025877;68.02713;-0.18738782;[ 2.6126966  69.252975   -0.25046542]
6.1844034;63.775764;-0.208489;[ 2.5999389  65.39991    -0.25051546]
2.9365864;72.92306;-0.18566167;[ 2.623865  72.62671   -0.2504209]
2.303524;76.43955;-0.2023193;[ 2.6388109  77.13687    -0.25036213]
3.2827687;71.917564;-0.20831288;[ 2.6249845  72.96048    -0.25042227]
2.0637968;73.56103;-0.19059646;[ 2.6281416  73.9131     -0.25040865]
4.6114464;66.01384;-0.2248164;[ 2.603122   66.350716   -0.25050786]
2.43818;67.19616;-0.20724587;[ 2.6048288 66.87531   -0.2504964]
3.9195082;64.138;-0.1957071;[ 2.5990899 65.14753   -0.2505196]
3.1904778;72.02048;-0.19067505;[ 2.6218948 72.03606   -0.2504311]
3.6203892;66.730576;-0.20992497;[ 2.6031306 66.36558   -0.2505089]
3.353118;72.81143;-0.21856955;[ 2.6249619  72.95666    -0.25041717]
4.980899;62.448467;-0.23852819;[ 2.5899444  62.374176   -0.25055984]
3.0833268;66.46276;-0.22565077;[ 2.601663  65.92213   -0.2505165]
2.9671168;69.83653;-0.22035113;[ 2.617524   70.71518    -0.25045878]
3.0714738;69.697395;-0.2418349;[ 2.6143887 69.78241   -0.2504723]
2.277128;62.67609;-0.2460832;[ 2.5899868  62.400276   -0.25056878]
4.114769;63.463764;-0.26616192;[ 2.595176   63.962532   -0.25053984]
3.0146408;67.25541;-0.23370919;[ 2.6108062  68.6774     -0.25047982]
2.9232416;63.93302;-0.2475563;[ 2.597085   64.5404     -0.25053442]
2.7846227;69.89693;-0.22709224;[ 2.6186578  71.04022    -0.25045434]
3.1290588;61.856415;-0.24514334;[ 2.5922616 63.077904  -0.2505519]
2.8316772;61.389305;-0.22987583;[ 2.5885153  61.941833   -0.25056848]
3.5383139;58.274544;-0.24118261;[ 2.575317   57.958946   -0.25062087]
4.4416146;57.59262;-0.26887175;[ 2.5745883  57.739357   -0.25062266]
3.8473234;70.85765;-0.21214008;[ 2.61855    71.010506   -0.25044727]
3.626514;68.54169;-0.22966856;[ 2.6140938  69.67844    -0.25046295]
5.1432123;65.54925;-0.24042839;[ 2.6015203  65.87249    -0.25051048]
3.745146;64.14987;-0.23637952;[ 2.6002328 65.48153   -0.2505156]
